{
"type": "FeatureCollection",
"name": "HouseEnter",
"crs": { "type": "name", "properties": { "name": "urn:ogc:def:crs:OGC:1.3:CRS84" } },
"xy_coordinate_resolution": 1e-15,
"features": [
{ "type": "Feature", "properties": { "IsPrimary": 0, "HouseId": "9570784863363476", "Name": "в Корзина, мини-маркет", "Number": null, "IsPorch": 0, "Intercom": 0, "HasRamp": 0, "Apartments": null, "HouseEntId": "9571192885216172" }, "geometry": { "type": "MultiPoint", "coordinates": [ [ 71.456553414998623, 51.119494795825119 ] ] } },
{ "type": "Feature", "properties": { "IsPrimary": 0, "HouseId": "9570784863379507", "Name": "в офисные помещения", "Number": null, "IsPorch": 0, "Intercom": 0, "HasRamp": 0, "Apartments": null, "HouseEntId": "9571192885216180" }, "geometry": { "type": "MultiPoint", "coordinates": [ [ 71.46527228348323, 51.119061289835948 ] ] } },
{ "type": "Feature", "properties": { "IsPrimary": 0, "HouseId": "9570784863334862", "Name": "вход в SMOKED BEEF", "Number": null, "IsPorch": 0, "Intercom": 0, "HasRamp": 0, "Apartments": null, "HouseEntId": "9571192885216570" }, "geometry": { "type": "MultiPoint", "coordinates": [ [ 71.459417064461334, 51.131266469273633 ], [ 71.459755190334278, 51.131154005555608 ] ] } },
{ "type": "Feature", "properties": { "IsPrimary": 0, "HouseId": "9570784863334836", "Name": "вход в Bath & Tile", "Number": null, "IsPorch": 0, "Intercom": 0, "HasRamp": 0, "Apartments": null, "HouseEntId": "9571192885217179" }, "geometry": { "type": "MultiPoint", "coordinates": [ [ 71.461205250865916, 51.134325771947672 ], [ 71.461576255078242, 51.1343850157158 ] ] } },
{ "type": "Feature", "properties": { "IsPrimary": 0, "HouseId": "9570784863335027", "Name": "В pharmacom", "Number": null, "IsPorch": 0, "Intercom": 0, "HasRamp": 0, "Apartments": null, "HouseEntId": "9571192885218796" }, "geometry": { "type": "MultiPoint", "coordinates": [ [ 71.459802172223647, 51.132451183209845 ] ] } },
{ "type": "Feature", "properties": { "IsPrimary": 0, "HouseId": "9570784863343029", "Name": "вход в Ромашка,сеть аптек", "Number": null, "IsPorch": 0, "Intercom": 0, "HasRamp": 0, "Apartments": null, "HouseEntId": "9571192885218860" }, "geometry": { "type": "MultiPoint", "coordinates": [ [ 71.466676440103825, 51.127559870409641 ] ] } },
{ "type": "Feature", "properties": { "IsPrimary": 0, "HouseId": "9570784863334874", "Name": "вход в Lotos, еврохимчистка", "Number": null, "IsPorch": 0, "Intercom": 0, "HasRamp": 0, "Apartments": null, "HouseEntId": "9571192885220403" }, "geometry": { "type": "MultiPoint", "coordinates": [ [ 71.459236682752277, 51.13081514705312 ] ] } },
{ "type": "Feature", "properties": { "IsPrimary": 0, "HouseId": "9570784863334862", "Name": "в Бекарыс", "Number": null, "IsPorch": 0, "Intercom": 0, "HasRamp": 0, "Apartments": null, "HouseEntId": "9571192885220631" }, "geometry": { "type": "MultiPoint", "coordinates": [ [ 71.459387150562364, 51.131191662610512 ], [ 71.459910059889253, 51.131158120774181 ] ] } },
{ "type": "Feature", "properties": { "IsPrimary": 0, "HouseId": "9570784863369205", "Name": "в Байтерек Сарайы", "Number": null, "IsPorch": 0, "Intercom": 0, "HasRamp": 0, "Apartments": null, "HouseEntId": "9571192885220647" }, "geometry": { "type": "MultiPoint", "coordinates": [ [ 71.463427233721177, 51.135467962619494 ] ] } },
{ "type": "Feature", "properties": { "IsPrimary": 0, "HouseId": "9570784863342809", "Name": "вход в лео", "Number": null, "IsPorch": 0, "Intercom": 0, "HasRamp": 0, "Apartments": null, "HouseEntId": "9571192885220808" }, "geometry": { "type": "MultiPoint", "coordinates": [ [ 71.463207056645032, 51.126541629729068 ] ] } },
{ "type": "Feature", "properties": { "IsPrimary": 0, "HouseId": "9570784863323811", "Name": "4 подъезд, в мин фин", "Number": "4A", "IsPorch": 0, "Intercom": 0, "HasRamp": 0, "Apartments": null, "HouseEntId": "9571192885221390" }, "geometry": { "type": "MultiPoint", "coordinates": [ [ 71.441165992833859, 51.129755373728948 ] ] } },
{ "type": "Feature", "properties": { "IsPrimary": 0, "HouseId": "9570784863323811", "Name": "7 подъезд мнэ", "Number": "7A", "IsPorch": 0, "Intercom": 0, "HasRamp": 0, "Apartments": null, "HouseEntId": "9571192885221392" }, "geometry": { "type": "MultiPoint", "coordinates": [ [ 71.439417601796393, 51.127908844249667 ] ] } },
{ "type": "Feature", "properties": { "IsPrimary": 0, "HouseId": "9570784863323811", "Name": "5 подъезд минздрав", "Number": "5A", "IsPorch": 0, "Intercom": 0, "HasRamp": 0, "Apartments": null, "HouseEntId": "9571192885221393" }, "geometry": { "type": "MultiPoint", "coordinates": [ [ 71.440148111785447, 51.1288389396762 ] ] } },
{ "type": "Feature", "properties": { "IsPrimary": 0, "HouseId": "9570784863323811", "Name": "3 подъезд", "Number": "3A", "IsPorch": 0, "Intercom": 0, "HasRamp": 0, "Apartments": null, "HouseEntId": "9571192885221394" }, "geometry": { "type": "MultiPoint", "coordinates": [ [ 71.442005558298405, 51.130326951926079 ] ] } },
{ "type": "Feature", "properties": { "IsPrimary": 1, "HouseId": "9570784863325420", "Name": "в Главный вход", "Number": null, "IsPorch": 0, "Intercom": 0, "HasRamp": 0, "Apartments": null, "HouseEntId": "9571192885221418" }, "geometry": { "type": "MultiPoint", "coordinates": [ [ 71.44148848802088, 51.12334361832287 ] ] } },
{ "type": "Feature", "properties": { "IsPrimary": 0, "HouseId": "9570784863343252", "Name": "Вход лапша", "Number": null, "IsPorch": 0, "Intercom": 0, "HasRamp": 0, "Apartments": null, "HouseEntId": "9571192915799251" }, "geometry": { "type": "MultiPoint", "coordinates": [ [ 71.468798530299509, 51.126141002442942 ] ] } },
{ "type": "Feature", "properties": { "IsPrimary": 0, "HouseId": "9570784863323811", "Name": "В 6 подъезд, мин труда и соц защиты", "Number": "6A", "IsPorch": 0, "Intercom": 0, "HasRamp": 0, "Apartments": null, "HouseEntId": "9571192915804651" }, "geometry": { "type": "MultiPoint", "coordinates": [ [ 71.439725364612727, 51.128342323591653 ] ] } },
{ "type": "Feature", "properties": { "IsPrimary": 0, "HouseId": "9570784863323811", "Name": "1 подьезд, в комитет по фин мониторингу", "Number": "1A", "IsPorch": 0, "Intercom": 0, "HasRamp": 0, "Apartments": null, "HouseEntId": "9571192915805146" }, "geometry": { "type": "MultiPoint", "coordinates": [ [ 71.443031075026752, 51.130883358663418 ] ] } },
{ "type": "Feature", "properties": { "IsPrimary": 0, "HouseId": "9570784863323811", "Name": "2 подьезд, в мин оборонной и и аэрокосм.промышленности", "Number": null, "IsPorch": 0, "Intercom": 0, "HasRamp": 0, "Apartments": null, "HouseEntId": "9571192915805156" }, "geometry": { "type": "MultiPoint", "coordinates": [ [ 71.44248840276363, 51.130604817891538 ] ] } },
{ "type": "Feature", "properties": { "IsPrimary": 0, "HouseId": "9570784863334401", "Name": "Zumba live", "Number": null, "IsPorch": 0, "Intercom": 0, "HasRamp": 0, "Apartments": null, "HouseEntId": "9571192916073835" }, "geometry": { "type": "MultiPoint", "coordinates": [ [ 71.464744163927691, 51.13529643571421 ] ] } },
{ "type": "Feature", "properties": { "IsPrimary": 0, "HouseId": "9570784863343252", "Name": "Астана Дент, стоматологическая студия", "Number": null, "IsPorch": 0, "Intercom": 0, "HasRamp": 0, "Apartments": null, "HouseEntId": "9571192919399076" }, "geometry": { "type": "MultiPoint", "coordinates": [ [ 71.469064521455138, 51.126099394737814 ] ] } },
{ "type": "Feature", "properties": { "IsPrimary": 0, "HouseId": "9570784863343029", "Name": "Ferrum Cafe", "Number": null, "IsPorch": 0, "Intercom": 0, "HasRamp": 0, "Apartments": null, "HouseEntId": "9571192924152873" }, "geometry": { "type": "MultiPoint", "coordinates": [ [ 71.465827981317986, 51.127692695012399 ] ] } },
{ "type": "Feature", "properties": { "IsPrimary": 0, "HouseId": "9570784863343969", "Name": "В Peshnan", "Number": null, "IsPorch": 0, "Intercom": 0, "HasRamp": 0, "Apartments": null, "HouseEntId": "9571192924179970" }, "geometry": { "type": "MultiPoint", "coordinates": [ [ 71.459816545268183, 51.12743273954289 ] ] } },
{ "type": "Feature", "properties": { "IsPrimary": 0, "HouseId": "9570784863343969", "Name": "В аптеку", "Number": null, "IsPorch": 0, "Intercom": 0, "HasRamp": 0, "Apartments": null, "HouseEntId": "9571192924179989" }, "geometry": { "type": "MultiPoint", "coordinates": [ [ 71.459926948216605, 51.127403874303994 ] ] } },
{ "type": "Feature", "properties": { "IsPrimary": 0, "HouseId": "9570784863343969", "Name": "В Terra Education", "Number": null, "IsPorch": 0, "Intercom": 0, "HasRamp": 0, "Apartments": null, "HouseEntId": "9571192924180037" }, "geometry": { "type": "MultiPoint", "coordinates": [ [ 71.460519836304115, 51.127805336290443 ] ] } },
{ "type": "Feature", "properties": { "IsPrimary": 0, "HouseId": "9570784863343969", "Name": "В English Language Focus", "Number": null, "IsPorch": 0, "Intercom": 0, "HasRamp": 0, "Apartments": null, "HouseEntId": "9571192924180065" }, "geometry": { "type": "MultiPoint", "coordinates": [ [ 71.460438089613262, 51.127826646771602 ] ] } },
{ "type": "Feature", "properties": { "IsPrimary": 0, "HouseId": "9570784863343890", "Name": "В нотариус", "Number": null, "IsPorch": 0, "Intercom": 0, "HasRamp": 0, "Apartments": null, "HouseEntId": "9571192924180087" }, "geometry": { "type": "MultiPoint", "coordinates": [ [ 71.463214422830362, 51.128271345785713 ] ] } },
{ "type": "Feature", "properties": { "IsPrimary": 0, "HouseId": "9570784863343890", "Name": "В Lotus Thai", "Number": null, "IsPorch": 0, "Intercom": 0, "HasRamp": 0, "Apartments": null, "HouseEntId": "9571192924180111" }, "geometry": { "type": "MultiPoint", "coordinates": [ [ 71.462851503455582, 51.128327214742974 ] ] } },
{ "type": "Feature", "properties": { "IsPrimary": 0, "HouseId": "9570784863343890", "Name": "В Malena bar", "Number": null, "IsPorch": 0, "Intercom": 0, "HasRamp": 0, "Apartments": null, "HouseEntId": "9571192924180514" }, "geometry": { "type": "MultiPoint", "coordinates": [ [ 71.461260946413518, 51.128573240305627 ] ] } },
{ "type": "Feature", "properties": { "IsPrimary": 0, "HouseId": "9570784863343890", "Name": "В Fashion house, торговый дом", "Number": null, "IsPorch": 0, "Intercom": 0, "HasRamp": 0, "Apartments": null, "HouseEntId": "9571192924180532" }, "geometry": { "type": "MultiPoint", "coordinates": [ [ 71.460937193585124, 51.1279911543349 ] ] } },
{ "type": "Feature", "properties": { "IsPrimary": 0, "HouseId": "9570784863336322", "Name": "В школу", "Number": null, "IsPorch": 0, "Intercom": 0, "HasRamp": 0, "Apartments": null, "HouseEntId": "9571192924180567" }, "geometry": { "type": "MultiPoint", "coordinates": [ [ 71.464125763686098, 51.133568786606375 ] ] } },
{ "type": "Feature", "properties": { "IsPrimary": 0, "HouseId": "9570784863334434", "Name": "В Super Liga", "Number": null, "IsPorch": 0, "Intercom": 0, "HasRamp": 0, "Apartments": null, "HouseEntId": "9571192924180618" }, "geometry": { "type": "MultiPoint", "coordinates": [ [ 71.462101679687933, 51.134341949844327 ] ] } },
{ "type": "Feature", "properties": { "IsPrimary": 0, "HouseId": "9570784863334434", "Name": "В Коркем дизайн", "Number": null, "IsPorch": 0, "Intercom": 0, "HasRamp": 0, "Apartments": null, "HouseEntId": "9571192924180666" }, "geometry": { "type": "MultiPoint", "coordinates": [ [ 71.4623839303502, 51.134624639353511 ] ] } },
{ "type": "Feature", "properties": { "IsPrimary": 0, "HouseId": "9570784863334434", "Name": "В салон красоты", "Number": null, "IsPorch": 0, "Intercom": 0, "HasRamp": 0, "Apartments": null, "HouseEntId": "9571192924180693" }, "geometry": { "type": "MultiPoint", "coordinates": [ [ 71.462018765187196, 51.13452069549588 ] ] } },
{ "type": "Feature", "properties": { "IsPrimary": 0, "HouseId": "9570784863349089", "Name": "В Ikigai", "Number": null, "IsPorch": 0, "Intercom": 0, "HasRamp": 0, "Apartments": null, "HouseEntId": "9571192924180727" }, "geometry": { "type": "MultiPoint", "coordinates": [ [ 71.463661694010312, 51.134988271908014 ] ] } },
{ "type": "Feature", "properties": { "IsPrimary": 0, "HouseId": "9570784863349089", "Name": "в Позитив НС", "Number": null, "IsPorch": 0, "Intercom": 0, "HasRamp": 0, "Apartments": null, "HouseEntId": "9571192924180749" }, "geometry": { "type": "MultiPoint", "coordinates": [ [ 71.463835518017802, 51.135037763142641 ] ] } },
{ "type": "Feature", "properties": { "IsPrimary": 0, "HouseId": "9570784863349079", "Name": "В минимаркет Риза", "Number": null, "IsPorch": 0, "Intercom": 0, "HasRamp": 0, "Apartments": null, "HouseEntId": "9571192924180806" }, "geometry": { "type": "MultiPoint", "coordinates": [ [ 71.463214153335784, 51.134475600474033 ], [ 71.463476910556381, 51.13454639963863 ] ] } },
{ "type": "Feature", "properties": { "IsPrimary": 0, "HouseId": "9570784863349079", "Name": "В салон красоты", "Number": null, "IsPorch": 0, "Intercom": 0, "HasRamp": 0, "Apartments": null, "HouseEntId": "9571192924180849" }, "geometry": { "type": "MultiPoint", "coordinates": [ [ 71.463436037210954, 51.134603219271845 ] ] } },
{ "type": "Feature", "properties": { "IsPrimary": 0, "HouseId": "9570784863349076", "Name": "В магазин Жасмин", "Number": null, "IsPorch": 0, "Intercom": 0, "HasRamp": 0, "Apartments": null, "HouseEntId": "9571192924181136" }, "geometry": { "type": "MultiPoint", "coordinates": [ [ 71.464621454059895, 51.134873506152964 ], [ 71.464881875660751, 51.134947461328387 ] ] } },
{ "type": "Feature", "properties": { "IsPrimary": 0, "HouseId": "9570784863334401", "Name": "В FastRacKids", "Number": null, "IsPorch": 0, "Intercom": 0, "HasRamp": 0, "Apartments": null, "HouseEntId": "9571192924181199" }, "geometry": { "type": "MultiPoint", "coordinates": [ [ 71.465664667599327, 51.135538872997543 ] ] } },
{ "type": "Feature", "properties": { "IsPrimary": 0, "HouseId": "9570784863342809", "Name": "В Dufry", "Number": null, "IsPorch": 0, "Intercom": 0, "HasRamp": 0, "Apartments": null, "HouseEntId": "9571192924181229" }, "geometry": { "type": "MultiPoint", "coordinates": [ [ 71.463700591062135, 51.12664429484493 ] ] } },
{ "type": "Feature", "properties": { "IsPrimary": 0, "HouseId": "9570784863342809", "Name": "В kakaodak", "Number": null, "IsPorch": 0, "Intercom": 0, "HasRamp": 0, "Apartments": null, "HouseEntId": "9571192924181397" }, "geometry": { "type": "MultiPoint", "coordinates": [ [ 71.463765090099528, 51.126716966499615 ] ] } },
{ "type": "Feature", "properties": { "IsPrimary": 0, "HouseId": "9570784863343969", "Name": "В zein, medical center", "Number": null, "IsPorch": 0, "Intercom": 0, "HasRamp": 0, "Apartments": null, "HouseEntId": "9571192924181465" }, "geometry": { "type": "MultiPoint", "coordinates": [ [ 71.45935005014114, 51.127636487024667 ] ] } },
{ "type": "Feature", "properties": { "IsPrimary": 0, "HouseId": "9570784863343969", "Name": "В мед", "Number": null, "IsPorch": 0, "Intercom": 0, "HasRamp": 0, "Apartments": null, "HouseEntId": "9571192924181503" }, "geometry": { "type": "MultiPoint", "coordinates": [ [ 71.459157900501879, 51.127854271454765 ] ] } },
{ "type": "Feature", "properties": { "IsPrimary": 0, "HouseId": "9570784863343252", "Name": "В mr.nice", "Number": null, "IsPorch": 0, "Intercom": 0, "HasRamp": 0, "Apartments": null, "HouseEntId": "9571192924202362" }, "geometry": { "type": "MultiPoint", "coordinates": [ [ 71.467556699250736, 51.126624336899589 ] ] } },
{ "type": "Feature", "properties": { "IsPrimary": 0, "HouseId": "9570784863343252", "Name": "в Marakesh", "Number": null, "IsPorch": 0, "Intercom": 0, "HasRamp": 0, "Apartments": null, "HouseEntId": "9571192924202368" }, "geometry": { "type": "MultiPoint", "coordinates": [ [ 71.468218398289011, 51.126231716130818 ] ] } },
{ "type": "Feature", "properties": { "IsPrimary": 0, "HouseId": "9570784863343252", "Name": "В Local Pub", "Number": null, "IsPorch": 0, "Intercom": 0, "HasRamp": 0, "Apartments": null, "HouseEntId": "9571192924202385" }, "geometry": { "type": "MultiPoint", "coordinates": [ [ 71.467644284990953, 51.126419006350936 ] ] } },
{ "type": "Feature", "properties": { "IsPrimary": 0, "HouseId": "9570784863342809", "Name": "В Community Center", "Number": null, "IsPorch": 0, "Intercom": 0, "HasRamp": 0, "Apartments": null, "HouseEntId": "9571192924202425" }, "geometry": { "type": "MultiPoint", "coordinates": [ [ 71.462957684322163, 51.127426538028253 ] ] } },
{ "type": "Feature", "properties": { "IsPrimary": 0, "HouseId": "9570784863342809", "Name": "В House of Raya", "Number": null, "IsPorch": 0, "Intercom": 0, "HasRamp": 0, "Apartments": null, "HouseEntId": "9571192924202536" }, "geometry": { "type": "MultiPoint", "coordinates": [ [ 71.460960909108607, 51.127334642759067 ] ] } },
{ "type": "Feature", "properties": { "IsPrimary": 0, "HouseId": "9570784863344615", "Name": "В пряник", "Number": null, "IsPorch": 0, "Intercom": 0, "HasRamp": 0, "Apartments": null, "HouseEntId": "9571192924202555" }, "geometry": { "type": "MultiPoint", "coordinates": [ [ 71.458549202065356, 51.128269936376235 ] ] } },
{ "type": "Feature", "properties": { "IsPrimary": 0, "HouseId": "9570784863344615", "Name": "В Pidzhak.kz", "Number": null, "IsPorch": 0, "Intercom": 0, "HasRamp": 0, "Apartments": null, "HouseEntId": "9571192924202586" }, "geometry": { "type": "MultiPoint", "coordinates": [ [ 71.458368730524754, 51.128486026535917 ] ] } },
{ "type": "Feature", "properties": { "IsPrimary": 0, "HouseId": "9570784863344615", "Name": "В Tulip Medicine, ТОО ЦЕНТР КОСМЕТОЛОГИИ", "Number": null, "IsPorch": 0, "Intercom": 0, "HasRamp": 0, "Apartments": null, "HouseEntId": "9571192924202596" }, "geometry": { "type": "MultiPoint", "coordinates": [ [ 71.45834034376179, 51.128771514307019 ] ] } },
{ "type": "Feature", "properties": { "IsPrimary": 0, "HouseId": "9570784863344615", "Name": "В төр", "Number": null, "IsPorch": 0, "Intercom": 0, "HasRamp": 0, "Apartments": null, "HouseEntId": "9571192924202724" }, "geometry": { "type": "MultiPoint", "coordinates": [ [ 71.459495038227999, 51.128822308845969 ] ] } },
{ "type": "Feature", "properties": { "IsPrimary": 0, "HouseId": "9570784863343890", "Name": "В Пафос", "Number": null, "IsPorch": 0, "Intercom": 0, "HasRamp": 0, "Apartments": null, "HouseEntId": "9571192924202798" }, "geometry": { "type": "MultiPoint", "coordinates": [ [ 71.462075808207743, 51.127772863157375 ] ] } },
{ "type": "Feature", "properties": { "IsPrimary": 0, "HouseId": "9570784863343890", "Name": "В Happy и safiya, торговый дом", "Number": null, "IsPorch": 0, "Intercom": 0, "HasRamp": 0, "Apartments": null, "HouseEntId": "9571192924202814" }, "geometry": { "type": "MultiPoint", "coordinates": [ [ 71.4631323168134, 51.127683054529882 ] ] } },
{ "type": "Feature", "properties": { "IsPrimary": 0, "HouseId": "9570784863343890", "Name": "В грузин", "Number": null, "IsPorch": 0, "Intercom": 0, "HasRamp": 0, "Apartments": null, "HouseEntId": "9571192924202842" }, "geometry": { "type": "MultiPoint", "coordinates": [ [ 71.463426874395054, 51.128141905439414 ] ] } },
{ "type": "Feature", "properties": { "IsPrimary": 0, "HouseId": "9570784863343029", "Name": "В malli", "Number": null, "IsPorch": 0, "Intercom": 0, "HasRamp": 0, "Apartments": null, "HouseEntId": "9571192924202934" }, "geometry": { "type": "MultiPoint", "coordinates": [ [ 71.465628734987973, 51.127660165423009 ], [ 71.465720812304582, 51.127562745649151 ] ] } },
{ "type": "Feature", "properties": { "IsPrimary": 0, "HouseId": "9570784863343252", "Name": "В cool space", "Number": null, "IsPorch": 0, "Intercom": 0, "HasRamp": 0, "Apartments": null, "HouseEntId": "9571192924203005" }, "geometry": { "type": "MultiPoint", "coordinates": [ [ 71.4688800973273, 51.126671976613615 ] ] } },
{ "type": "Feature", "properties": { "IsPrimary": 0, "HouseId": "9570784863343252", "Name": "В nonna", "Number": null, "IsPorch": 0, "Intercom": 0, "HasRamp": 0, "Apartments": null, "HouseEntId": "9571192924203016" }, "geometry": { "type": "MultiPoint", "coordinates": [ [ 71.467832032885312, 51.126292323374265 ] ] } },
{ "type": "Feature", "properties": { "IsPrimary": 0, "HouseId": "9570784863343252", "Name": "В Foodvill", "Number": null, "IsPorch": 0, "Intercom": 0, "HasRamp": 0, "Apartments": null, "HouseEntId": "9571192924203032" }, "geometry": { "type": "MultiPoint", "coordinates": [ [ 71.468404978373528, 51.126202568246796 ] ] } },
{ "type": "Feature", "properties": { "IsPrimary": 0, "HouseId": "9570784863334874", "Name": "В Независимое агентство аккредитации и рейтинга", "Number": null, "IsPorch": 0, "Intercom": 0, "HasRamp": 0, "Apartments": null, "HouseEntId": "9571192924239387" }, "geometry": { "type": "MultiPoint", "coordinates": [ [ 71.459179549900213, 51.130672127837343 ] ] } },
{ "type": "Feature", "properties": { "IsPrimary": 0, "HouseId": "9570784863334483", "Name": "В Альфа-Банк", "Number": null, "IsPorch": 0, "Intercom": 0, "HasRamp": 0, "Apartments": null, "HouseEntId": "9571192924239531" }, "geometry": { "type": "MultiPoint", "coordinates": [ [ 71.461865782094307, 51.134777116226715 ] ] } },
{ "type": "Feature", "properties": { "IsPrimary": 1, "HouseId": "9570784895670977", "Name": null, "Number": null, "IsPorch": 0, "Intercom": 0, "HasRamp": 0, "Apartments": null, "HouseEntId": "9571192924239542" }, "geometry": { "type": "MultiPoint", "coordinates": [ [ 71.462548771204823, 51.13520280869885 ] ] } },
{ "type": "Feature", "properties": { "IsPrimary": 0, "HouseId": "9570784863335027", "Name": "В минимаркет Береке", "Number": null, "IsPorch": 0, "Intercom": 0, "HasRamp": 0, "Apartments": null, "HouseEntId": "9571192924239553" }, "geometry": { "type": "MultiPoint", "coordinates": [ [ 71.460417608024784, 51.133067091665602 ] ] } },
{ "type": "Feature", "properties": { "IsPrimary": 0, "HouseId": "9570784863335027", "Name": "В минимаркет Ак Шанырак", "Number": null, "IsPorch": 0, "Intercom": 0, "HasRamp": 0, "Apartments": null, "HouseEntId": "9571192924239568" }, "geometry": { "type": "MultiPoint", "coordinates": [ [ 71.460651080167139, 51.133371096902366 ] ] } },
{ "type": "Feature", "properties": { "IsPrimary": 0, "HouseId": "9570784863335027", "Name": "В колледж Лингва", "Number": null, "IsPorch": 0, "Intercom": 0, "HasRamp": 0, "Apartments": null, "HouseEntId": "9571192924239588" }, "geometry": { "type": "MultiPoint", "coordinates": [ [ 71.459922007482547, 51.132320909006907 ] ] } },
{ "type": "Feature", "properties": { "IsPrimary": 0, "HouseId": "9570784863335027", "Name": "В мангал", "Number": null, "IsPorch": 0, "Intercom": 0, "HasRamp": 0, "Apartments": null, "HouseEntId": "9571192924239601" }, "geometry": { "type": "MultiPoint", "coordinates": [ [ 71.460180542621316, 51.133304467333254 ] ] } },
{ "type": "Feature", "properties": { "IsPrimary": 0, "HouseId": "9570784863335027", "Name": "В АльфаМед", "Number": null, "IsPorch": 0, "Intercom": 0, "HasRamp": 0, "Apartments": null, "HouseEntId": "9571192924239618" }, "geometry": { "type": "MultiPoint", "coordinates": [ [ 71.460112450322768, 51.133194657985847 ] ] } },
{ "type": "Feature", "properties": { "IsPrimary": 0, "HouseId": "9570784863335027", "Name": "В nail", "Number": null, "IsPorch": 0, "Intercom": 0, "HasRamp": 0, "Apartments": null, "HouseEntId": "9571192924239795" }, "geometry": { "type": "MultiPoint", "coordinates": [ [ 71.459971324991628, 51.132875431485274 ] ] } },
{ "type": "Feature", "properties": { "IsPrimary": 0, "HouseId": "9570784863335027", "Name": "В чистотеку", "Number": null, "IsPorch": 0, "Intercom": 0, "HasRamp": 0, "Apartments": null, "HouseEntId": "9571192924239855" }, "geometry": { "type": "MultiPoint", "coordinates": [ [ 71.459942309407978, 51.132802713149886 ] ] } },
{ "type": "Feature", "properties": { "IsPrimary": 0, "HouseId": "9570784863335027", "Name": "В tooman", "Number": null, "IsPorch": 0, "Intercom": 0, "HasRamp": 0, "Apartments": null, "HouseEntId": "9571192924239872" }, "geometry": { "type": "MultiPoint", "coordinates": [ [ 71.459909790394676, 51.132721257204096 ] ] } },
{ "type": "Feature", "properties": { "IsPrimary": 0, "HouseId": "9570784863335027", "Name": "В пулсар", "Number": null, "IsPorch": 0, "Intercom": 0, "HasRamp": 0, "Apartments": null, "HouseEntId": "9571192924239917" }, "geometry": { "type": "MultiPoint", "coordinates": [ [ 71.4598662221034, 51.132611953809558 ] ] } },
{ "type": "Feature", "properties": { "IsPrimary": 0, "HouseId": "9570784863335027", "Name": "В рыбку", "Number": null, "IsPorch": 0, "Intercom": 0, "HasRamp": 0, "Apartments": null, "HouseEntId": "9571192924239930" }, "geometry": { "type": "MultiPoint", "coordinates": [ [ 71.459828492861448, 51.132517250298235 ] ] } },
{ "type": "Feature", "properties": { "IsPrimary": 0, "HouseId": "9570784863335186", "Name": "В детсад", "Number": null, "IsPorch": 0, "Intercom": 0, "HasRamp": 0, "Apartments": null, "HouseEntId": "9571192924239943" }, "geometry": { "type": "MultiPoint", "coordinates": [ [ 71.463249097800329, 51.130695297318603 ] ] } },
{ "type": "Feature", "properties": { "IsPrimary": 0, "HouseId": "9570784863334039", "Name": "В Аружан", "Number": null, "IsPorch": 0, "Intercom": 0, "HasRamp": 0, "Apartments": null, "HouseEntId": "9571192924240118" }, "geometry": { "type": "MultiPoint", "coordinates": [ [ 71.467042503582107, 51.134056665616015 ] ] } },
{ "type": "Feature", "properties": { "IsPrimary": 0, "HouseId": "9570784863380745", "Name": "В минимаркет Улыбка", "Number": null, "IsPorch": 0, "Intercom": 0, "HasRamp": 0, "Apartments": null, "HouseEntId": "9571192924240217" }, "geometry": { "type": "MultiPoint", "coordinates": [ [ 71.467414316278209, 51.13480789338292 ] ] } },
{ "type": "Feature", "properties": { "IsPrimary": 0, "HouseId": "9570784863380745", "Name": "В Рахат минимаркет", "Number": null, "IsPorch": 0, "Intercom": 0, "HasRamp": 0, "Apartments": null, "HouseEntId": "9571192924240260" }, "geometry": { "type": "MultiPoint", "coordinates": [ [ 71.467691895700995, 51.134791546544257 ] ] } },
{ "type": "Feature", "properties": { "IsPrimary": 0, "HouseId": "9570784863334039", "Name": "В барбершоп", "Number": null, "IsPorch": 0, "Intercom": 0, "HasRamp": 0, "Apartments": null, "HouseEntId": "9571192924240375" }, "geometry": { "type": "MultiPoint", "coordinates": [ [ 71.466676799429948, 51.133840206934202 ] ] } },
{ "type": "Feature", "properties": { "IsPrimary": 0, "HouseId": "9570784863380745", "Name": "В Есіл, мини-маркет", "Number": null, "IsPorch": 0, "Intercom": 0, "HasRamp": 0, "Apartments": null, "HouseEntId": "9571192924240396" }, "geometry": { "type": "MultiPoint", "coordinates": [ [ 71.467276155387509, 51.134767195380768 ] ] } },
{ "type": "Feature", "properties": { "IsPrimary": 0, "HouseId": "9570784863333992", "Name": "В Магнат", "Number": null, "IsPorch": 0, "Intercom": 0, "HasRamp": 0, "Apartments": null, "HouseEntId": "9571192924240436" }, "geometry": { "type": "MultiPoint", "coordinates": [ [ 71.466389697865139, 51.135101740912901 ] ] } },
{ "type": "Feature", "properties": { "IsPrimary": 0, "HouseId": "9570784863333992", "Name": "В творческий погребок", "Number": null, "IsPorch": 0, "Intercom": 0, "HasRamp": 0, "Apartments": null, "HouseEntId": "9571192924240526" }, "geometry": { "type": "MultiPoint", "coordinates": [ [ 71.466612030897963, 51.134907270763755 ] ] } },
{ "type": "Feature", "properties": { "IsPrimary": 0, "HouseId": "9570784863333992", "Name": "В минимаркет Лашын", "Number": null, "IsPorch": 0, "Intercom": 0, "HasRamp": 0, "Apartments": null, "HouseEntId": "9571192924240550" }, "geometry": { "type": "MultiPoint", "coordinates": [ [ 71.46677516495356, 51.134500628216607 ] ] } },
{ "type": "Feature", "properties": { "IsPrimary": 0, "HouseId": "9570784863324595", "Name": "вход в пульсар", "Number": null, "IsPorch": 0, "Intercom": 1, "HasRamp": 0, "Apartments": null, "HouseEntId": "9571192927372273" }, "geometry": { "type": "MultiPoint", "coordinates": [ [ 71.469308144560188, 51.132558739479471 ] ] } },
{ "type": "Feature", "properties": { "IsPrimary": 0, "HouseId": "9570784863356097", "Name": "Анар", "Number": null, "IsPorch": 0, "Intercom": 0, "HasRamp": 0, "Apartments": null, "HouseEntId": "9571192928916046" }, "geometry": { "type": "MultiPoint", "coordinates": [ [ 71.466581667841353, 51.132382410201735 ] ] } },
{ "type": "Feature", "properties": { "IsPrimary": 0, "HouseId": "9570784863324597", "Name": "Бадана", "Number": null, "IsPorch": 0, "Intercom": 0, "HasRamp": 0, "Apartments": null, "HouseEntId": "9571192928916150" }, "geometry": { "type": "MultiPoint", "coordinates": [ [ 71.468975767905064, 51.133001870922939 ] ] } },
{ "type": "Feature", "properties": { "IsPrimary": 1, "HouseId": "9570784863367299", "Name": null, "Number": null, "IsPorch": 0, "Intercom": 0, "HasRamp": 0, "Apartments": null, "HouseEntId": "9571192928918896" }, "geometry": { "type": "MultiPoint", "coordinates": [ [ 71.463931278427097, 51.123109630797984 ] ] } },
{ "type": "Feature", "properties": { "IsPrimary": 0, "HouseId": "9570784863363476", "Name": "В TA beauty, салон красоты", "Number": null, "IsPorch": 0, "Intercom": 0, "HasRamp": 0, "Apartments": null, "HouseEntId": "9571192928652446" }, "geometry": { "type": "MultiPoint", "coordinates": [ [ 71.455127878474244, 51.119480191566254 ] ] } },
{ "type": "Feature", "properties": { "IsPrimary": 0, "HouseId": "9570784863349981", "Name": "в Happy Family is, детский центр", "Number": null, "IsPorch": 0, "Intercom": 0, "HasRamp": 0, "Apartments": null, "HouseEntId": "9571192928652942" }, "geometry": { "type": "MultiPoint", "coordinates": [ [ 71.462744783599831, 51.11832959828412 ] ] } },
{ "type": "Feature", "properties": { "IsPrimary": 0, "HouseId": "9570784863349981", "Name": "в Асель, мини-маркет", "Number": null, "IsPorch": 0, "Intercom": 0, "HasRamp": 0, "Apartments": null, "HouseEntId": "9571192928652973" }, "geometry": { "type": "MultiPoint", "coordinates": [ [ 71.463713796296815, 51.118580977591577 ] ] } },
{ "type": "Feature", "properties": { "IsPrimary": 0, "HouseId": "9570784863349981", "Name": "В Жибек жолы, мини-маркет", "Number": null, "IsPorch": 0, "Intercom": 0, "HasRamp": 0, "Apartments": null, "HouseEntId": "9571192928653099" }, "geometry": { "type": "MultiPoint", "coordinates": [ [ 71.464708051653275, 51.118663360687506 ] ] } },
{ "type": "Feature", "properties": { "IsPrimary": 0, "HouseId": "9570784863349981", "Name": "в Магнум", "Number": null, "IsPorch": 0, "Intercom": 0, "HasRamp": 0, "Apartments": null, "HouseEntId": "9571192928653149" }, "geometry": { "type": "MultiPoint", "coordinates": [ [ 71.464225027524989, 51.118733056333618 ] ] } },
{ "type": "Feature", "properties": { "IsPrimary": 0, "HouseId": "9570784863349981", "Name": "в Нурасем, студия проката национальных костюмов", "Number": null, "IsPorch": 0, "Intercom": 0, "HasRamp": 0, "Apartments": null, "HouseEntId": "9571192928653168" }, "geometry": { "type": "MultiPoint", "coordinates": [ [ 71.461559995571591, 51.118785384387166 ] ] } },
{ "type": "Feature", "properties": { "IsPrimary": 0, "HouseId": "9570784863349981", "Name": "в Palatin hill, магазин керамики", "Number": null, "IsPorch": 0, "Intercom": 0, "HasRamp": 0, "Apartments": null, "HouseEntId": "9571192928653266" }, "geometry": { "type": "MultiPoint", "coordinates": [ [ 71.463378185706645, 51.118297118489167 ] ] } },
{ "type": "Feature", "properties": { "IsPrimary": 0, "HouseId": "9570784863349981", "Name": "в Vodovoz", "Number": null, "IsPorch": 0, "Intercom": 0, "HasRamp": 0, "Apartments": null, "HouseEntId": "9571192928653392" }, "geometry": { "type": "MultiPoint", "coordinates": [ [ 71.462420132456145, 51.118380629860269 ] ] } },
{ "type": "Feature", "properties": { "IsPrimary": 0, "HouseId": "9570784863379507", "Name": "в Grand Astana, мини-маркет", "Number": null, "IsPorch": 0, "Intercom": 0, "HasRamp": 0, "Apartments": null, "HouseEntId": "9571192928653609" }, "geometry": { "type": "MultiPoint", "coordinates": [ [ 71.465328428188485, 51.119379822403594 ] ] } },
{ "type": "Feature", "properties": { "IsPrimary": 0, "HouseId": "9570784863379506", "Name": "в Куншыгыс, мини-маркет", "Number": null, "IsPorch": 0, "Intercom": 0, "HasRamp": 0, "Apartments": null, "HouseEntId": "9571192928653717" }, "geometry": { "type": "MultiPoint", "coordinates": [ [ 71.464032518559605, 51.119367699147269 ] ] } },
{ "type": "Feature", "properties": { "IsPrimary": 0, "HouseId": "9570784863349076", "Name": "в детский сад падишах", "Number": null, "IsPorch": 0, "Intercom": 0, "HasRamp": 0, "Apartments": null, "HouseEntId": "9571192933623887" }, "geometry": { "type": "MultiPoint", "coordinates": [ [ 71.464492186490489, 51.135053264372637 ] ] } },
{ "type": "Feature", "properties": { "IsPrimary": 0, "HouseId": "9570784863342921", "Name": "Кофе бум", "Number": null, "IsPorch": 0, "Intercom": 0, "HasRamp": 0, "Apartments": null, "HouseEntId": "70030076126080020" }, "geometry": { "type": "MultiPoint", "coordinates": [ [ 71.469496251780683, 51.127010865516269 ] ] } },
{ "type": "Feature", "properties": { "IsPrimary": 0, "HouseId": "9570784863343029", "Name": "Life store", "Number": null, "IsPorch": 0, "Intercom": 0, "HasRamp": 0, "Apartments": null, "HouseEntId": "70030076126460253" }, "geometry": { "type": "MultiPoint", "coordinates": [ [ 71.466256657371559, 51.127625662609937 ] ] } },
{ "type": "Feature", "properties": { "IsPrimary": 0, "HouseId": "9570784905525693", "Name": "Ski Club Astana", "Number": null, "IsPorch": 0, "Intercom": 0, "HasRamp": 0, "Apartments": null, "HouseEntId": "70030076127790216" }, "geometry": { "type": "MultiPoint", "coordinates": [ [ 71.457875824928365, 51.127835159685922 ] ] } },
{ "type": "Feature", "properties": { "IsPrimary": 0, "HouseId": "9570784863323811", "Name": "В подъезд 10", "Number": null, "IsPorch": 0, "Intercom": 0, "HasRamp": 0, "Apartments": null, "HouseEntId": "70030076128050187" }, "geometry": { "type": "MultiPoint", "coordinates": [ [ 71.440304688139449, 51.127935848739007 ] ] } },
{ "type": "Feature", "properties": { "IsPrimary": 0, "HouseId": "9570784863323811", "Name": "В09/В Мажилис", "Number": null, "IsPorch": 0, "Intercom": 0, "HasRamp": 0, "Apartments": null, "HouseEntId": "70030076128242726" }, "geometry": { "type": "MultiPoint", "coordinates": [ [ 71.44085993681658, 51.128606784019375 ] ] } },
{ "type": "Feature", "properties": { "IsPrimary": 1, "HouseId": "9570784863324592", "Name": "В детский сад", "Number": null, "IsPorch": 0, "Intercom": 1, "HasRamp": 0, "Apartments": null, "HouseEntId": "70030076130610641" }, "geometry": { "type": "MultiPoint", "coordinates": [ [ 71.469722447569225, 51.131996997604368 ] ] } },
{ "type": "Feature", "properties": { "IsPrimary": 1, "HouseId": "9570784907065104", "Name": null, "Number": null, "IsPorch": 0, "Intercom": 0, "HasRamp": 0, "Apartments": null, "HouseEntId": "70030076130610690" }, "geometry": { "type": "MultiPoint", "coordinates": [ [ 71.464477094793722, 51.132132966259576 ] ] } },
{ "type": "Feature", "properties": { "IsPrimary": 0, "HouseId": "9570784863323811", "Name": "В Высший судебный совет/ П 1В", "Number": "1B", "IsPorch": 0, "Intercom": 0, "HasRamp": 0, "Apartments": null, "HouseEntId": "70030076129510653" }, "geometry": { "type": "MultiPoint", "coordinates": [ [ 71.443290598312345, 51.130769597425839 ] ] } },
{ "type": "Feature", "properties": { "IsPrimary": 1, "HouseId": "9570784863324216", "Name": null, "Number": null, "IsPorch": 0, "Intercom": 0, "HasRamp": 0, "Apartments": null, "HouseEntId": "70030076129519177" }, "geometry": { "type": "MultiPoint", "coordinates": [ [ 71.4408656860344, 51.127332669545751 ] ] } },
{ "type": "Feature", "properties": { "IsPrimary": 1, "HouseId": "9570784863324471", "Name": null, "Number": null, "IsPorch": 0, "Intercom": 0, "HasRamp": 0, "Apartments": null, "HouseEntId": "70030076129519213" }, "geometry": { "type": "MultiPoint", "coordinates": [ [ 71.441635901558996, 51.127182141310719 ] ] } },
{ "type": "Feature", "properties": { "IsPrimary": 1, "HouseId": "9570784863324136", "Name": null, "Number": null, "IsPorch": 0, "Intercom": 0, "HasRamp": 0, "Apartments": null, "HouseEntId": "70030076129519238" }, "geometry": { "type": "MultiPoint", "coordinates": [ [ 71.440890838862344, 51.1260873296239 ] ] } },
{ "type": "Feature", "properties": { "IsPrimary": 1, "HouseId": "9570784863380638", "Name": null, "Number": null, "IsPorch": 0, "Intercom": 0, "HasRamp": 0, "Apartments": null, "HouseEntId": "70030076129519281" }, "geometry": { "type": "MultiPoint", "coordinates": [ [ 71.438876007511595, 51.12634221858012 ] ] } },
{ "type": "Feature", "properties": { "IsPrimary": 0, "HouseId": "9570784863334434", "Name": "В академию", "Number": null, "IsPorch": 0, "Intercom": 0, "HasRamp": 0, "Apartments": null, "HouseEntId": "70030076131580903" }, "geometry": { "type": "MultiPoint", "coordinates": [ [ 71.462870368076537, 51.134763136852271 ] ] } },
{ "type": "Feature", "properties": { "IsPrimary": 0, "HouseId": "9570784863356126", "Name": "В cuman", "Number": null, "IsPorch": 0, "Intercom": 0, "HasRamp": 0, "Apartments": null, "HouseEntId": "70030076131620409" }, "geometry": { "type": "MultiPoint", "coordinates": [ [ 71.467448811585115, 51.132597804666332 ] ] } },
{ "type": "Feature", "properties": { "IsPrimary": 0, "HouseId": "9570784863324593", "Name": "в Grand Bazaar", "Number": null, "IsPorch": 0, "Intercom": 0, "HasRamp": 0, "Apartments": null, "HouseEntId": "70030076131620990" }, "geometry": { "type": "MultiPoint", "coordinates": [ [ 71.469566949193535, 51.132207376796899 ] ] } },
{ "type": "Feature", "properties": { "IsPrimary": 0, "HouseId": "9570784863323811", "Name": "18В подъезд, республиканский центр развития здравоохранения", "Number": null, "IsPorch": 0, "Intercom": 0, "HasRamp": 0, "Apartments": null, "HouseEntId": "70030076129510790" }, "geometry": { "type": "MultiPoint", "coordinates": [ [ 71.442690613534083, 51.130047280314038 ] ] } },
{ "type": "Feature", "properties": { "IsPrimary": 0, "HouseId": "9570784863323811", "Name": "В АстанаБланкИздат", "Number": null, "IsPorch": 0, "Intercom": 0, "HasRamp": 0, "Apartments": null, "HouseEntId": "70030076129510834" }, "geometry": { "type": "MultiPoint", "coordinates": [ [ 71.442454985435049, 51.129905724454233 ] ] } },
{ "type": "Feature", "properties": { "IsPrimary": 0, "HouseId": "9570784863323811", "Name": "В Алан", "Number": null, "IsPorch": 0, "Intercom": 0, "HasRamp": 0, "Apartments": null, "HouseEntId": "70030076129510904" }, "geometry": { "type": "MultiPoint", "coordinates": [ [ 71.442251606854725, 51.129768959997584 ] ] } },
{ "type": "Feature", "properties": { "IsPrimary": 0, "HouseId": "9570784863323811", "Name": "В Арта софт", "Number": null, "IsPorch": 0, "Intercom": 0, "HasRamp": 0, "Apartments": null, "HouseEntId": "70030076129510946" }, "geometry": { "type": "MultiPoint", "coordinates": [ [ 71.442010409200947, 51.129600907157204 ] ] } },
{ "type": "Feature", "properties": { "IsPrimary": 0, "HouseId": "9570784863323811", "Name": "В Три А Тур", "Number": null, "IsPorch": 0, "Intercom": 0, "HasRamp": 0, "Apartments": null, "HouseEntId": "70030076129510985" }, "geometry": { "type": "MultiPoint", "coordinates": [ [ 71.441682883448351, 51.129355732694769 ] ] } },
{ "type": "Feature", "properties": { "IsPrimary": 1, "HouseId": "9570784863337313", "Name": null, "Number": null, "IsPorch": 0, "Intercom": 0, "HasRamp": 0, "Apartments": null, "HouseEntId": "70030076129511043" }, "geometry": { "type": "MultiPoint", "coordinates": [ [ 71.443681634955524, 51.12910238250371 ] ] } },
{ "type": "Feature", "properties": { "IsPrimary": 0, "HouseId": "9570784863363476", "Name": "Saukele, свадебный салон", "Number": null, "IsPorch": 0, "Intercom": 0, "HasRamp": 0, "Apartments": null, "HouseEntId": "70030076132714144" }, "geometry": { "type": "MultiPoint", "coordinates": [ [ 71.455168033167439, 51.120100614758329 ] ] } },
{ "type": "Feature", "properties": { "IsPrimary": 0, "HouseId": "9570784863380745", "Name": "Актив ломбард", "Number": null, "IsPorch": 0, "Intercom": 0, "HasRamp": 0, "Apartments": null, "HouseEntId": "70030076132561306" }, "geometry": { "type": "MultiPoint", "coordinates": [ [ 71.467052834207863, 51.134701469722614 ] ] } },
{ "type": "Feature", "properties": { "IsPrimary": 0, "HouseId": "9570784863333992", "Name": "В Auen Record", "Number": null, "IsPorch": 0, "Intercom": 0, "HasRamp": 0, "Apartments": null, "HouseEntId": "70030076134582678" }, "geometry": { "type": "MultiPoint", "coordinates": [ [ 71.466800677107614, 51.134653612816585 ] ] } },
{ "type": "Feature", "properties": { "IsPrimary": 0, "HouseId": "9570784863334359", "Name": "В блок 2", "Number": null, "IsPorch": 0, "Intercom": 0, "HasRamp": 0, "Apartments": null, "HouseEntId": "70030076134650406" }, "geometry": { "type": "MultiPoint", "coordinates": [ [ 71.46525036459029, 51.13590745865352 ] ] } },
{ "type": "Feature", "properties": { "IsPrimary": 0, "HouseId": "9570784863363476", "Name": "В Japan world, салон штор", "Number": null, "IsPorch": 0, "Intercom": 0, "HasRamp": 0, "Apartments": null, "HouseEntId": "70030076138550333" }, "geometry": { "type": "MultiPoint", "coordinates": [ [ 71.456322727633648, 51.11929321153513 ] ] } },
{ "type": "Feature", "properties": { "IsPrimary": 0, "HouseId": "9570784863343969", "Name": "Ассоциация Предпринимателей города Астана Сарыарка, ОЮЛ", "Number": null, "IsPorch": 0, "Intercom": 0, "HasRamp": 0, "Apartments": null, "HouseEntId": "70030076138755953" }, "geometry": { "type": "MultiPoint", "coordinates": [ [ 71.460538700925099, 51.127533034832318 ] ] } },
{ "type": "Feature", "properties": { "IsPrimary": 0, "HouseId": "9570784863334359", "Name": "B ТД Орда", "Number": null, "IsPorch": 0, "Intercom": 0, "HasRamp": 0, "Apartments": null, "HouseEntId": "70030076139067897" }, "geometry": { "type": "MultiPoint", "coordinates": [ [ 71.465500275902343, 51.135978481090554 ] ] } },
{ "type": "Feature", "properties": { "IsPrimary": 0, "HouseId": "9570784863380745", "Name": "В мясной", "Number": null, "IsPorch": 0, "Intercom": 0, "HasRamp": 0, "Apartments": null, "HouseEntId": "70030076139067900" }, "geometry": { "type": "MultiPoint", "coordinates": [ [ 71.467579426627424, 51.134856482917463 ] ] } },
{ "type": "Feature", "properties": { "IsPrimary": 0, "HouseId": "9570784863334401", "Name": "В Vtrende.kzz", "Number": null, "IsPorch": 0, "Intercom": 0, "HasRamp": 0, "Apartments": null, "HouseEntId": "70030076139067915" }, "geometry": { "type": "MultiPoint", "coordinates": [ [ 71.465179307851329, 51.135420275610869 ] ] } },
{ "type": "Feature", "properties": { "IsPrimary": 0, "HouseId": "9570784863349089", "Name": "В Izumi sushi", "Number": null, "IsPorch": 0, "Intercom": 0, "HasRamp": 0, "Apartments": null, "HouseEntId": "70030076139067923" }, "geometry": { "type": "MultiPoint", "coordinates": [ [ 71.464306864047387, 51.135171975437906 ] ] } },
{ "type": "Feature", "properties": { "IsPrimary": 0, "HouseId": "9570784863349089", "Name": "B мастерок", "Number": null, "IsPorch": 0, "Intercom": 0, "HasRamp": 0, "Apartments": null, "HouseEntId": "70030076139067936" }, "geometry": { "type": "MultiPoint", "coordinates": [ [ 71.46376356296355, 51.13501730151107 ] ] } },
{ "type": "Feature", "properties": { "IsPrimary": 0, "HouseId": "9570784863335027", "Name": "В golpas", "Number": null, "IsPorch": 0, "Intercom": 0, "HasRamp": 0, "Apartments": null, "HouseEntId": "70030076139067954" }, "geometry": { "type": "MultiPoint", "coordinates": [ [ 71.460273608084748, 51.133454806503963 ] ] } },
{ "type": "Feature", "properties": { "IsPrimary": 0, "HouseId": "9570784863344615", "Name": "B stafano ricci", "Number": null, "IsPorch": 0, "Intercom": 0, "HasRamp": 0, "Apartments": null, "HouseEntId": "70030076139067968" }, "geometry": { "type": "MultiPoint", "coordinates": [ [ 71.458777733473624, 51.128934439988903 ] ] } },
{ "type": "Feature", "properties": { "IsPrimary": 0, "HouseId": "9570784863343029", "Name": "B interfood", "Number": null, "IsPorch": 0, "Intercom": 0, "HasRamp": 0, "Apartments": null, "HouseEntId": "70030076139067974" }, "geometry": { "type": "MultiPoint", "coordinates": [ [ 71.467210039382593, 51.127476488386193 ], [ 71.467171411825376, 51.127371400888677 ], [ 71.466908924099357, 51.12698267654914 ] ] } },
{ "type": "Feature", "properties": { "IsPrimary": 0, "HouseId": "9570784863342921", "Name": "В chef", "Number": null, "IsPorch": 0, "Intercom": 0, "HasRamp": 0, "Apartments": null, "HouseEntId": "70030076139067981" }, "geometry": { "type": "MultiPoint", "coordinates": [ [ 71.468696032525585, 51.126922859503914 ] ] } },
{ "type": "Feature", "properties": { "IsPrimary": 0, "HouseId": "70030076139045565", "Name": "B soul kitchen", "Number": null, "IsPorch": 0, "Intercom": 0, "HasRamp": 0, "Apartments": null, "HouseEntId": "70030076139045756" }, "geometry": { "type": "MultiPoint", "coordinates": [ [ 71.466146164591606, 51.125775326938701 ] ] } },
{ "type": "Feature", "properties": { "IsPrimary": 0, "HouseId": "9570784863344615", "Name": "La Mariee, свадебный салон", "Number": null, "IsPorch": 0, "Intercom": 0, "HasRamp": 0, "Apartments": null, "HouseEntId": "70030076139828421" }, "geometry": { "type": "MultiPoint", "coordinates": [ [ 71.45974171560502, 51.128783747847024 ] ] } },
{ "type": "Feature", "properties": { "IsPrimary": 0, "HouseId": "9570784863334039", "Name": "В оазис", "Number": null, "IsPorch": 0, "Intercom": 0, "HasRamp": 0, "Apartments": null, "HouseEntId": "70030076149386036" }, "geometry": { "type": "MultiPoint", "coordinates": [ [ 71.46677058354561, 51.133866136933953 ] ] } },
{ "type": "Feature", "properties": { "IsPrimary": 0, "HouseId": "9570784863343029", "Name": "В Slivki", "Number": null, "IsPorch": 0, "Intercom": 0, "HasRamp": 0, "Apartments": null, "HouseEntId": "70030076150015607" }, "geometry": { "type": "MultiPoint", "coordinates": [ [ 71.465352053880451, 51.127462957820526 ] ] } },
{ "type": "Feature", "properties": { "IsPrimary": 1, "HouseId": "9570784863337398", "Name": null, "Number": null, "IsPorch": 0, "Intercom": 0, "HasRamp": 0, "Apartments": null, "HouseEntId": "70030076151688356" }, "geometry": { "type": "MultiPoint", "coordinates": [ [ 71.469702684632978, 51.128909296478255 ] ] } },
{ "type": "Feature", "properties": { "IsPrimary": 0, "HouseId": "9570784863324136", "Name": "В Администрацию президента РК", "Number": null, "IsPorch": 0, "Intercom": 0, "HasRamp": 0, "Apartments": null, "HouseEntId": "70030076153180557" }, "geometry": { "type": "MultiPoint", "coordinates": [ [ 71.441189977851977, 51.125532669255293 ] ] } },
{ "type": "Feature", "properties": { "IsPrimary": 0, "HouseId": "9570784863324531", "Name": "В баню", "Number": null, "IsPorch": 0, "Intercom": 0, "HasRamp": 0, "Apartments": null, "HouseEntId": "70030076155071016" }, "geometry": { "type": "MultiPoint", "coordinates": [ [ 71.464530724216189, 51.133042175887141 ] ] } },
{ "type": "Feature", "properties": { "IsPrimary": 0, "HouseId": "70030076139045583", "Name": "В f. market", "Number": null, "IsPorch": 0, "Intercom": 0, "HasRamp": 0, "Apartments": null, "HouseEntId": "70030076155215647" }, "geometry": { "type": "MultiPoint", "coordinates": [ [ 71.467204739322426, 51.125498841410078 ] ] } },
{ "type": "Feature", "properties": { "IsPrimary": 0, "HouseId": "9570784898926283", "Name": "В Adala Invest", "Number": null, "IsPorch": 0, "Intercom": 0, "HasRamp": 0, "Apartments": null, "HouseEntId": "70030076155270910" }, "geometry": { "type": "MultiPoint", "coordinates": [ [ 71.467425096061618, 51.134951745313572 ] ] } },
{ "type": "Feature", "properties": { "IsPrimary": 0, "HouseId": "9570784898926283", "Name": "В бц Silkway", "Number": null, "IsPorch": 0, "Intercom": 0, "HasRamp": 0, "Apartments": null, "HouseEntId": "70030076155270913" }, "geometry": { "type": "MultiPoint", "coordinates": [ [ 71.467413417962916, 51.135073444147906 ] ] } },
{ "type": "Feature", "properties": { "IsPrimary": 0, "HouseId": "9570784863324581", "Name": "В орг", "Number": null, "IsPorch": 0, "Intercom": 0, "HasRamp": 0, "Apartments": null, "HouseEntId": "70030076156390908" }, "geometry": { "type": "MultiPoint", "coordinates": [ [ 71.467470550814994, 51.130816218145299 ] ] } },
{ "type": "Feature", "properties": { "IsPrimary": 0, "HouseId": "9570784863324601", "Name": "В академию речи", "Number": null, "IsPorch": 0, "Intercom": 0, "HasRamp": 0, "Apartments": null, "HouseEntId": "70030076156390911" }, "geometry": { "type": "MultiPoint", "coordinates": [ [ 71.468392401959562, 51.132289115506531 ] ] } },
{ "type": "Feature", "properties": { "IsPrimary": 0, "HouseId": "9570784863324590", "Name": "В детский сад", "Number": null, "IsPorch": 0, "Intercom": 0, "HasRamp": 0, "Apartments": null, "HouseEntId": "70030076156390919" }, "geometry": { "type": "MultiPoint", "coordinates": [ [ 71.469149951238649, 51.131322560098333 ] ] } },
{ "type": "Feature", "properties": { "IsPrimary": 0, "HouseId": "9570784863355763", "Name": "В КузЯ", "Number": null, "IsPorch": 0, "Intercom": 0, "HasRamp": 0, "Apartments": null, "HouseEntId": "70030076156390975" }, "geometry": { "type": "MultiPoint", "coordinates": [ [ 71.467070081861337, 51.130650987789558 ] ] } },
{ "type": "Feature", "properties": { "IsPrimary": 1, "HouseId": "9570784863337287", "Name": "По умолчанию", "Number": null, "IsPorch": 0, "Intercom": 0, "HasRamp": 1, "Apartments": null, "HouseEntId": "70030076156391022" }, "geometry": { "type": "MultiPoint", "coordinates": [ [ 71.464942691605486, 51.128995889318276 ] ] } },
{ "type": "Feature", "properties": { "IsPrimary": 0, "HouseId": "9570784863355803", "Name": "В The Chief", "Number": null, "IsPorch": 0, "Intercom": 0, "HasRamp": 0, "Apartments": null, "HouseEntId": "70030076156391026" }, "geometry": { "type": "MultiPoint", "coordinates": [ [ 71.464897955504327, 51.130198024707205 ] ] } },
{ "type": "Feature", "properties": { "IsPrimary": 0, "HouseId": "9570784863324568", "Name": "В баню", "Number": null, "IsPorch": 0, "Intercom": 0, "HasRamp": 0, "Apartments": null, "HouseEntId": "70030076156391099" }, "geometry": { "type": "MultiPoint", "coordinates": [ [ 71.467128023197162, 51.13177105875468 ] ] } },
{ "type": "Feature", "properties": { "IsPrimary": 0, "HouseId": "9570784863335027", "Name": "в Sanat Hali Kilem Saray", "Number": null, "IsPorch": 0, "Intercom": 0, "HasRamp": 0, "Apartments": null, "HouseEntId": "70030076156910858" }, "geometry": { "type": "MultiPoint", "coordinates": [ [ 71.460334154534877, 51.133531300599785 ] ] } },
{ "type": "Feature", "properties": { "IsPrimary": 0, "HouseId": "9570784863363476", "Name": "в водомат", "Number": null, "IsPorch": 0, "Intercom": 0, "HasRamp": 0, "Apartments": null, "HouseEntId": "70030076157547795" }, "geometry": { "type": "MultiPoint", "coordinates": [ [ 71.455408961326654, 51.119621215510094 ] ] } },
{ "type": "Feature", "properties": { "IsPrimary": 0, "HouseId": "9570784863363476", "Name": "в Divino, винотека", "Number": null, "IsPorch": 0, "Intercom": 0, "HasRamp": 0, "Apartments": null, "HouseEntId": "70030076157547805" }, "geometry": { "type": "MultiPoint", "coordinates": [ [ 71.455626263793874, 51.119402264516189 ] ] } },
{ "type": "Feature", "properties": { "IsPrimary": 0, "HouseId": "9570784863349981", "Name": "в English Mom, языковая школа", "Number": null, "IsPorch": 0, "Intercom": 0, "HasRamp": 0, "Apartments": null, "HouseEntId": "70030076157547808" }, "geometry": { "type": "MultiPoint", "coordinates": [ [ 71.461465582635242, 51.118795365054439 ] ] } },
{ "type": "Feature", "properties": { "IsPrimary": 0, "HouseId": "9570784863379508", "Name": "в Татуласу орталыгы", "Number": null, "IsPorch": 0, "Intercom": 0, "HasRamp": 0, "Apartments": null, "HouseEntId": "70030076157547813" }, "geometry": { "type": "MultiPoint", "coordinates": [ [ 71.466057141546969, 51.119886176965693 ] ] } },
{ "type": "Feature", "properties": { "IsPrimary": 0, "HouseId": "9570784863379508", "Name": "в Chicken Mix", "Number": null, "IsPorch": 0, "Intercom": 0, "HasRamp": 0, "Apartments": null, "HouseEntId": "70030076157547815" }, "geometry": { "type": "MultiPoint", "coordinates": [ [ 71.466330588719444, 51.119783609602287 ] ] } },
{ "type": "Feature", "properties": { "IsPrimary": 0, "HouseId": "9570784863334874", "Name": "Вход", "Number": null, "IsPorch": 0, "Intercom": 0, "HasRamp": 0, "Apartments": null, "HouseEntId": "70030076157588333" }, "geometry": { "type": "MultiPoint", "coordinates": [ [ 71.459529174208797, 51.130588976926894 ] ] } },
{ "type": "Feature", "properties": { "IsPrimary": 0, "HouseId": "9570784863342921", "Name": "в Hani", "Number": null, "IsPorch": 0, "Intercom": 0, "HasRamp": 0, "Apartments": null, "HouseEntId": "70030076157302914" }, "geometry": { "type": "MultiPoint", "coordinates": [ [ 71.468872371815863, 51.127369033034583 ] ] } },
{ "type": "Feature", "properties": { "IsPrimary": 0, "HouseId": "70030076139045632", "Name": "В триумф", "Number": null, "IsPorch": 0, "Intercom": 0, "HasRamp": 0, "Apartments": null, "HouseEntId": "70030076157302926" }, "geometry": { "type": "MultiPoint", "coordinates": [ [ 71.468393300274855, 51.125188300633397 ] ] } },
{ "type": "Feature", "properties": { "IsPrimary": 0, "HouseId": "70030076139045583", "Name": "В маршмелло", "Number": null, "IsPorch": 0, "Intercom": 0, "HasRamp": 0, "Apartments": null, "HouseEntId": "70030076157302929" }, "geometry": { "type": "MultiPoint", "coordinates": [ [ 71.467402099190352, 51.125447253898436 ] ] } },
{ "type": "Feature", "properties": { "IsPrimary": 0, "HouseId": "9570784863343029", "Name": "в JANZETO", "Number": null, "IsPorch": 0, "Intercom": 0, "HasRamp": 0, "Apartments": null, "HouseEntId": "70030076157302933" }, "geometry": { "type": "MultiPoint", "coordinates": [ [ 71.466405059056513, 51.127602322457065 ] ] } },
{ "type": "Feature", "properties": { "IsPrimary": 0, "HouseId": "9570784863343890", "Name": "В автомойку", "Number": null, "IsPorch": 0, "Intercom": 0, "HasRamp": 0, "Apartments": null, "HouseEntId": "70030076157302944" }, "geometry": { "type": "MultiPoint", "coordinates": [ [ 71.463009786608637, 51.128302860170528 ] ] } },
{ "type": "Feature", "properties": { "IsPrimary": 0, "HouseId": "9570784863343969", "Name": "В мини маркет", "Number": null, "IsPorch": 0, "Intercom": 0, "HasRamp": 0, "Apartments": null, "HouseEntId": "70030076157302951" }, "geometry": { "type": "MultiPoint", "coordinates": [ [ 71.460555858747014, 51.127559024750937 ] ] } },
{ "type": "Feature", "properties": { "IsPrimary": 0, "HouseId": "9570784863335027", "Name": "В гостях у мамы", "Number": null, "IsPorch": 0, "Intercom": 0, "HasRamp": 0, "Apartments": null, "HouseEntId": "70030076157302986" }, "geometry": { "type": "MultiPoint", "coordinates": [ [ 71.460038159648775, 51.133043190557117 ] ] } },
{ "type": "Feature", "properties": { "IsPrimary": 0, "HouseId": "9570784863335027", "Name": "В ак шанырак", "Number": null, "IsPorch": 0, "Intercom": 0, "HasRamp": 0, "Apartments": null, "HouseEntId": "70030076157303009" }, "geometry": { "type": "MultiPoint", "coordinates": [ [ 71.460490371562798, 51.133723634494579 ] ] } },
{ "type": "Feature", "properties": { "IsPrimary": 0, "HouseId": "9570784863349079", "Name": "В 5плюс", "Number": null, "IsPorch": 0, "Intercom": 0, "HasRamp": 0, "Apartments": null, "HouseEntId": "70030076157375618" }, "geometry": { "type": "MultiPoint", "coordinates": [ [ 71.463234455261201, 51.134447359694171 ] ] } },
{ "type": "Feature", "properties": { "IsPrimary": 0, "HouseId": "9570784863349079", "Name": "В аптеку", "Number": null, "IsPorch": 0, "Intercom": 0, "HasRamp": 0, "Apartments": null, "HouseEntId": "70030076157375620" }, "geometry": { "type": "MultiPoint", "coordinates": [ [ 71.463495954840411, 51.134519906333367 ] ] } },
{ "type": "Feature", "properties": { "IsPrimary": 0, "HouseId": "9570784863349089", "Name": "В Vtrende.kz", "Number": null, "IsPorch": 0, "Intercom": 0, "HasRamp": 0, "Apartments": null, "HouseEntId": "70030076157375626" }, "geometry": { "type": "MultiPoint", "coordinates": [ [ 71.463439001651395, 51.134924857663101 ] ] } },
{ "type": "Feature", "properties": { "IsPrimary": 0, "HouseId": "9570784863349089", "Name": "В калипсо", "Number": null, "IsPorch": 0, "Intercom": 0, "HasRamp": 0, "Apartments": null, "HouseEntId": "70030076157375639" }, "geometry": { "type": "MultiPoint", "coordinates": [ [ 71.464149209715018, 51.135127106524145 ] ] } },
{ "type": "Feature", "properties": { "IsPrimary": 0, "HouseId": "9570784863349076", "Name": "В kazwood", "Number": null, "IsPorch": 0, "Intercom": 0, "HasRamp": 0, "Apartments": null, "HouseEntId": "70030076157375644" }, "geometry": { "type": "MultiPoint", "coordinates": [ [ 71.464573843349825, 51.134939682512147 ] ] } },
{ "type": "Feature", "properties": { "IsPrimary": 0, "HouseId": "9570784863333992", "Name": "в Beer berry", "Number": null, "IsPorch": 0, "Intercom": 0, "HasRamp": 0, "Apartments": null, "HouseEntId": "70030076157375658" }, "geometry": { "type": "MultiPoint", "coordinates": [ [ 71.466772020850044, 51.134692112545828 ] ] } },
{ "type": "Feature", "properties": { "IsPrimary": 0, "HouseId": "9570784863334359", "Name": "В блок 3", "Number": null, "IsPorch": 0, "Intercom": 0, "HasRamp": 0, "Apartments": null, "HouseEntId": "70030076157375688" }, "geometry": { "type": "MultiPoint", "coordinates": [ [ 71.46486328053436, 51.135797430027424 ] ] } },
{ "type": "Feature", "properties": { "IsPrimary": 0, "HouseId": "9570784863334359", "Name": "В Дуэт", "Number": null, "IsPorch": 0, "Intercom": 0, "HasRamp": 0, "Apartments": null, "HouseEntId": "70030076157375692" }, "geometry": { "type": "MultiPoint", "coordinates": [ [ 71.465324295938174, 51.135928483560953 ] ] } },
{ "type": "Feature", "properties": { "IsPrimary": 0, "HouseId": "9570784863349981", "Name": "в Cotton, сеть магазинов одежды", "Number": null, "IsPorch": 0, "Intercom": 0, "HasRamp": 0, "Apartments": null, "HouseEntId": "70030076160164384" }, "geometry": { "type": "MultiPoint", "coordinates": [ [ 71.461401981913127, 51.118575507935255 ] ] } },
{ "type": "Feature", "properties": { "IsPrimary": 0, "HouseId": "9570784863349981", "Name": "В ASG, центр кровли и фасада", "Number": null, "IsPorch": 0, "Intercom": 0, "HasRamp": 0, "Apartments": null, "HouseEntId": "70030076164123357" }, "geometry": { "type": "MultiPoint", "coordinates": [ [ 71.462179653454584, 51.118418353718461 ] ] } },
{ "type": "Feature", "properties": { "IsPrimary": 0, "HouseId": "9570784863333888", "Name": "в Океан", "Number": null, "IsPorch": 0, "Intercom": 0, "HasRamp": 0, "Apartments": null, "HouseEntId": "70030076164545476" }, "geometry": { "type": "MultiPoint", "coordinates": [ [ 71.467987980418656, 51.134201985484651 ] ] } },
{ "type": "Feature", "properties": { "IsPrimary": 0, "HouseId": "9570784863343969", "Name": "в ресторан", "Number": null, "IsPorch": 0, "Intercom": 0, "HasRamp": 0, "Apartments": null, "HouseEntId": "70030076167233082" }, "geometry": { "type": "MultiPoint", "coordinates": [ [ 71.460404492621635, 51.127329625159348 ] ] } },
{ "type": "Feature", "properties": { "IsPrimary": 0, "HouseId": "9570784863323811", "Name": "В Прием граждан Администрации президента", "Number": null, "IsPorch": 0, "Intercom": 0, "HasRamp": 0, "Apartments": null, "HouseEntId": "70030076167269600" }, "geometry": { "type": "MultiPoint", "coordinates": [ [ 71.439406822012984, 51.125358004548218 ] ] } },
{ "type": "Feature", "properties": { "IsPrimary": 0, "HouseId": "9570784863323811", "Name": "В Подъезд 10в", "Number": null, "IsPorch": 0, "Intercom": 0, "HasRamp": 0, "Apartments": null, "HouseEntId": "70030076167269605" }, "geometry": { "type": "MultiPoint", "coordinates": [ [ 71.439426764612293, 51.125681736998068 ] ] } },
{ "type": "Feature", "properties": { "IsPrimary": 0, "HouseId": "9570784863323811", "Name": "В Подъезд 10с", "Number": null, "IsPorch": 0, "Intercom": 0, "HasRamp": 0, "Apartments": null, "HouseEntId": "70030076167269607" }, "geometry": { "type": "MultiPoint", "coordinates": [ [ 71.439419039100855, 51.125584989607113 ] ] } },
{ "type": "Feature", "properties": { "IsPrimary": 0, "HouseId": "9570784863323811", "Name": "В Подъезд 12в", "Number": null, "IsPorch": 0, "Intercom": 0, "HasRamp": 0, "Apartments": null, "HouseEntId": "70030076167269609" }, "geometry": { "type": "MultiPoint", "coordinates": [ [ 71.439636161905028, 51.124068182776746 ] ] } },
{ "type": "Feature", "properties": { "IsPrimary": 0, "HouseId": "9570784863323811", "Name": "В Подъезд 14в", "Number": null, "IsPorch": 0, "Intercom": 0, "HasRamp": 0, "Apartments": null, "HouseEntId": "70030076167269614" }, "geometry": { "type": "MultiPoint", "coordinates": [ [ 71.439968718223199, 51.123251545782828 ] ] } },
{ "type": "Feature", "properties": { "IsPrimary": 0, "HouseId": "9570784863323811", "Name": "В бюро пропусков", "Number": null, "IsPorch": 0, "Intercom": 0, "HasRamp": 0, "Apartments": null, "HouseEntId": "70030076167269616" }, "geometry": { "type": "MultiPoint", "coordinates": [ [ 71.439045339942652, 51.123289998635698 ] ] } },
{ "type": "Feature", "properties": { "IsPrimary": 0, "HouseId": "9570784863323811", "Name": "В Бюро пропусков", "Number": null, "IsPorch": 0, "Intercom": 0, "HasRamp": 0, "Apartments": null, "HouseEntId": "70030076167269618" }, "geometry": { "type": "MultiPoint", "coordinates": [ [ 71.439920838018566, 51.128583726242304 ] ] } },
{ "type": "Feature", "properties": { "IsPrimary": 0, "HouseId": "9570784863379506", "Name": "в Волонтерскую сеть", "Number": null, "IsPorch": 0, "Intercom": 0, "HasRamp": 0, "Apartments": null, "HouseEntId": "70030076167431567" }, "geometry": { "type": "MultiPoint", "coordinates": [ [ 71.463888159293461, 51.119143051812685 ] ] } },
{ "type": "Feature", "properties": { "IsPrimary": 0, "HouseId": "9570784863363476", "Name": "в ginger", "Number": null, "IsPorch": 0, "Intercom": 0, "HasRamp": 0, "Apartments": null, "HouseEntId": "70030076167598017" }, "geometry": { "type": "MultiPoint", "coordinates": [ [ 71.454896382625535, 51.119906645301782 ] ] } },
{ "type": "Feature", "properties": { "IsPrimary": 0, "HouseId": "9570784863379505", "Name": "в Астау, продуктовый магазин", "Number": null, "IsPorch": 0, "Intercom": 0, "HasRamp": 0, "Apartments": null, "HouseEntId": "70030076167615637" }, "geometry": { "type": "MultiPoint", "coordinates": [ [ 71.463468107066603, 51.11988910906949 ] ] } },
{ "type": "Feature", "properties": { "IsPrimary": 0, "HouseId": "9570784863379507", "Name": "В Шарм", "Number": null, "IsPorch": 0, "Intercom": 0, "HasRamp": 0, "Apartments": null, "HouseEntId": "70030076167615639" }, "geometry": { "type": "MultiPoint", "coordinates": [ [ 71.465128014048588, 51.119232144008812 ] ] } },
{ "type": "Feature", "properties": { "IsPrimary": 0, "HouseId": "9570784863349981", "Name": "в Диалкон", "Number": null, "IsPorch": 0, "Intercom": 0, "HasRamp": 0, "Apartments": null, "HouseEntId": "70030076167615647" }, "geometry": { "type": "MultiPoint", "coordinates": [ [ 71.462001068376111, 51.118446435135496 ] ] } },
{ "type": "Feature", "properties": { "IsPrimary": 1, "HouseId": "70030076163862160", "Name": null, "Number": null, "IsPorch": 0, "Intercom": 0, "HasRamp": 0, "Apartments": null, "HouseEntId": "70030076167615651" }, "geometry": { "type": "MultiPoint", "coordinates": [ [ 71.460903327098919, 51.119697225038195 ] ] } },
{ "type": "Feature", "properties": { "IsPrimary": 0, "HouseId": "9570784863363476", "Name": "В КДЛ Олимп", "Number": null, "IsPorch": 0, "Intercom": 0, "HasRamp": 0, "Apartments": null, "HouseEntId": "70030076167615653" }, "geometry": { "type": "MultiPoint", "coordinates": [ [ 71.455789487681017, 51.11937666471853 ] ] } },
{ "type": "Feature", "properties": { "IsPrimary": 0, "HouseId": "9570784863364485", "Name": "в офисное помещение", "Number": null, "IsPorch": 0, "Intercom": 0, "HasRamp": 0, "Apartments": null, "HouseEntId": "70030076167615663" }, "geometry": { "type": "MultiPoint", "coordinates": [ [ 71.466115621871964, 51.119189909818267 ] ] } },
{ "type": "Feature", "properties": { "IsPrimary": 0, "HouseId": "9570784863364485", "Name": "в национальный авторынок", "Number": null, "IsPorch": 0, "Intercom": 0, "HasRamp": 0, "Apartments": null, "HouseEntId": "70030076167615665" }, "geometry": { "type": "MultiPoint", "coordinates": [ [ 71.46617365303932, 51.119445851804244 ] ] } },
{ "type": "Feature", "properties": { "IsPrimary": 0, "HouseId": "9570784863334862", "Name": "В овощи и фрукты", "Number": null, "IsPorch": 0, "Intercom": 0, "HasRamp": 0, "Apartments": null, "HouseEntId": "70030076168210160" }, "geometry": { "type": "MultiPoint", "coordinates": [ [ 71.460098616267388, 51.131313371354821 ] ] } },
{ "type": "Feature", "properties": { "IsPrimary": 0, "HouseId": "9570784863335027", "Name": "В Uti Puti", "Number": null, "IsPorch": 0, "Intercom": 0, "HasRamp": 0, "Apartments": null, "HouseEntId": "70030076168210183" }, "geometry": { "type": "MultiPoint", "coordinates": [ [ 71.460417608024784, 51.133634119287976 ] ] } },
{ "type": "Feature", "properties": { "IsPrimary": 0, "HouseId": "9570784863369205", "Name": "Celentino", "Number": null, "IsPorch": 0, "Intercom": 0, "HasRamp": 0, "Apartments": null, "HouseEntId": "70030076168210187" }, "geometry": { "type": "MultiPoint", "coordinates": [ [ 71.463533504419289, 51.135184827329795 ] ] } },
{ "type": "Feature", "properties": { "IsPrimary": 0, "HouseId": "9570784863333992", "Name": "нп-1", "Number": null, "IsPorch": 0, "Intercom": 0, "HasRamp": 0, "Apartments": null, "HouseEntId": "70030076168210210" }, "geometry": { "type": "MultiPoint", "coordinates": [ [ 71.466311454603897, 51.135078630010511 ] ] } },
{ "type": "Feature", "properties": { "IsPrimary": 0, "HouseId": "9570784863349079", "Name": "Вход", "Number": null, "IsPorch": 0, "Intercom": 0, "HasRamp": 0, "Apartments": null, "HouseEntId": "70030076168210238" }, "geometry": { "type": "MultiPoint", "coordinates": [ [ 71.463125848943349, 51.134598597042384 ] ] } },
{ "type": "Feature", "properties": { "IsPrimary": 0, "HouseId": "9570784863344615", "Name": "В Канали", "Number": null, "IsPorch": 0, "Intercom": 0, "HasRamp": 0, "Apartments": null, "HouseEntId": "70030076168210260" }, "geometry": { "type": "MultiPoint", "coordinates": [ [ 71.458948323546082, 51.128907999839463 ] ] } },
{ "type": "Feature", "properties": { "IsPrimary": 0, "HouseId": "9570784863335027", "Name": "в хоккей плюс", "Number": null, "IsPorch": 0, "Intercom": 0, "HasRamp": 0, "Apartments": null, "HouseEntId": "70030076169293376" }, "geometry": { "type": "MultiPoint", "coordinates": [ [ 71.460008245749819, 51.132968217660142 ] ] } },
{ "type": "Feature", "properties": { "IsPrimary": 0, "HouseId": "9570784863344615", "Name": "в Tulip Medicine", "Number": null, "IsPorch": 0, "Intercom": 0, "HasRamp": 0, "Apartments": null, "HouseEntId": "70030076170889364" }, "geometry": { "type": "MultiPoint", "coordinates": [ [ 71.459944465364643, 51.128549449623328 ] ] } },
{ "type": "Feature", "properties": { "IsPrimary": 0, "HouseId": "9570784863334434", "Name": "в паркинг", "Number": null, "IsPorch": 0, "Intercom": 0, "HasRamp": 0, "Apartments": null, "HouseEntId": "70030076172196422" }, "geometry": { "type": "MultiPoint", "coordinates": [ [ 71.462530715067629, 51.134133271453258 ] ] } },
{ "type": "Feature", "properties": { "IsPrimary": 0, "HouseId": "9570784863342809", "Name": "в момо", "Number": null, "IsPorch": 0, "Intercom": 0, "HasRamp": 0, "Apartments": null, "HouseEntId": "70030076172300640" }, "geometry": { "type": "MultiPoint", "coordinates": [ [ 71.462100511878049, 51.127480716687167 ] ] } },
{ "type": "Feature", "properties": { "IsPrimary": 0, "HouseId": "9570784863364485", "Name": "в магазин", "Number": null, "IsPorch": 0, "Intercom": 0, "HasRamp": 0, "Apartments": null, "HouseEntId": "70030076172314540" }, "geometry": { "type": "MultiPoint", "coordinates": [ [ 71.464867682279248, 51.119810336908579 ] ] } },
{ "type": "Feature", "properties": { "IsPrimary": 0, "HouseId": "9570784863355803", "Name": "в Zina", "Number": null, "IsPorch": 0, "Intercom": 0, "HasRamp": 0, "Apartments": null, "HouseEntId": "70030076172397367" }, "geometry": { "type": "MultiPoint", "coordinates": [ [ 71.46476015393975, 51.130391499961227 ] ] } },
{ "type": "Feature", "properties": { "IsPrimary": 0, "HouseId": "9570784863323811", "Name": "18В подъезд", "Number": null, "IsPorch": 0, "Intercom": 0, "HasRamp": 0, "Apartments": null, "HouseEntId": "70030076173372216" }, "geometry": { "type": "MultiPoint", "coordinates": [ [ 71.44263644512246, 51.130014752383062 ] ] } },
{ "type": "Feature", "properties": { "IsPrimary": 0, "HouseId": "9570784863323811", "Name": "П 2В", "Number": "18B", "IsPorch": 0, "Intercom": 0, "HasRamp": 0, "Apartments": null, "HouseEntId": "70030076173895872" }, "geometry": { "type": "MultiPoint", "coordinates": [ [ 71.442559639165651, 51.129968581848964 ] ] } },
{ "type": "Feature", "properties": { "IsPrimary": 0, "HouseId": "9570784863323811", "Name": "В 014", "Number": null, "IsPorch": 0, "Intercom": 0, "HasRamp": 0, "Apartments": null, "HouseEntId": "70030076173895874" }, "geometry": { "type": "MultiPoint", "coordinates": [ [ 71.44186119903226, 51.129493569498003 ] ] } },
{ "type": "Feature", "properties": { "IsPrimary": 0, "HouseId": "9570784863323811", "Name": "В08", "Number": null, "IsPorch": 0, "Intercom": 0, "HasRamp": 0, "Apartments": null, "HouseEntId": "70030076173895876" }, "geometry": { "type": "MultiPoint", "coordinates": [ [ 71.440778729114896, 51.12852159985168 ] ] } },
{ "type": "Feature", "properties": { "IsPrimary": 0, "HouseId": "9570784863323811", "Name": "В07", "Number": null, "IsPorch": 0, "Intercom": 0, "HasRamp": 0, "Apartments": null, "HouseEntId": "70030076173895879" }, "geometry": { "type": "MultiPoint", "coordinates": [ [ 71.440704438440889, 51.128438557821525 ] ] } },
{ "type": "Feature", "properties": { "IsPrimary": 0, "HouseId": "9570784863323811", "Name": "В06", "Number": null, "IsPorch": 0, "Intercom": 0, "HasRamp": 0, "Apartments": null, "HouseEntId": "70030076173895881" }, "geometry": { "type": "MultiPoint", "coordinates": [ [ 71.440631315576766, 51.128352584075628 ] ] } },
{ "type": "Feature", "properties": { "IsPrimary": 0, "HouseId": "9570784863323811", "Name": "В04", "Number": null, "IsPorch": 0, "Intercom": 0, "HasRamp": 0, "Apartments": null, "HouseEntId": "70030076173895883" }, "geometry": { "type": "MultiPoint", "coordinates": [ [ 71.440460366178201, 51.128142976593587 ] ] } },
{ "type": "Feature", "properties": { "IsPrimary": 0, "HouseId": "9570784863323811", "Name": "В 03", "Number": null, "IsPorch": 0, "Intercom": 0, "HasRamp": 0, "Apartments": null, "HouseEntId": "70030076173895885" }, "geometry": { "type": "MultiPoint", "coordinates": [ [ 71.440370893975896, 51.128025431368229 ] ] } },
{ "type": "Feature", "properties": { "IsPrimary": 0, "HouseId": "9570784863323811", "Name": "В02", "Number": null, "IsPorch": 0, "Intercom": 0, "HasRamp": 0, "Apartments": null, "HouseEntId": "70030076173895887" }, "geometry": { "type": "MultiPoint", "coordinates": [ [ 71.440242524721796, 51.12784384172938 ] ] } },
{ "type": "Feature", "properties": { "IsPrimary": 0, "HouseId": "9570784863323811", "Name": "В 01", "Number": null, "IsPorch": 0, "Intercom": 0, "HasRamp": 0, "Apartments": null, "HouseEntId": "70030076173895889" }, "geometry": { "type": "MultiPoint", "coordinates": [ [ 71.44021198200214, 51.127798514679306 ] ] } },
{ "type": "Feature", "properties": { "IsPrimary": 0, "HouseId": "9570784863323811", "Name": "B06", "Number": null, "IsPorch": 0, "Intercom": 0, "HasRamp": 0, "Apartments": null, "HouseEntId": "70030076173901974" }, "geometry": { "type": "MultiPoint", "coordinates": [ [ 71.439416523818053, 51.1255440015779 ] ] } },
{ "type": "Feature", "properties": { "IsPrimary": 0, "HouseId": "9570784863323811", "Name": "B04", "Number": null, "IsPorch": 0, "Intercom": 0, "HasRamp": 0, "Apartments": null, "HouseEntId": "70030076173901976" }, "geometry": { "type": "MultiPoint", "coordinates": [ [ 71.439407630496746, 51.125400007580389 ] ] } },
{ "type": "Feature", "properties": { "IsPrimary": 0, "HouseId": "9570784863323811", "Name": "B 01", "Number": null, "IsPorch": 0, "Intercom": 0, "HasRamp": 0, "Apartments": null, "HouseEntId": "70030076173901978" }, "geometry": { "type": "MultiPoint", "coordinates": [ [ 71.439425237476314, 51.124887060553924 ] ] } },
{ "type": "Feature", "properties": { "IsPrimary": 0, "HouseId": "9570784863323811", "Name": "B 050", "Number": null, "IsPorch": 0, "Intercom": 0, "HasRamp": 0, "Apartments": null, "HouseEntId": "70030076173901980" }, "geometry": { "type": "MultiPoint", "coordinates": [ [ 71.439920927850096, 51.123342095998218 ] ] } },
{ "type": "Feature", "properties": { "IsPrimary": 0, "HouseId": "9570784863323811", "Name": "B 051", "Number": null, "IsPorch": 0, "Intercom": 0, "HasRamp": 0, "Apartments": null, "HouseEntId": "70030076173901982" }, "geometry": { "type": "MultiPoint", "coordinates": [ [ 71.440026390064446, 51.123142501888097 ] ] } },
{ "type": "Feature", "properties": { "IsPrimary": 0, "HouseId": "9570784863323811", "Name": "Подъезд В 15", "Number": null, "IsPorch": 0, "Intercom": 0, "HasRamp": 0, "Apartments": null, "HouseEntId": "70030076173901984" }, "geometry": { "type": "MultiPoint", "coordinates": [ [ 71.440087385672243, 51.123033739649806 ] ] } },
{ "type": "Feature", "properties": { "IsPrimary": 0, "HouseId": "9570784863335027", "Name": "в city doner", "Number": null, "IsPorch": 0, "Intercom": 0, "HasRamp": 0, "Apartments": null, "HouseEntId": "70030076175518035" }, "geometry": { "type": "MultiPoint", "coordinates": [ [ 71.45998318275339, 51.132905195236056 ] ] } },
{ "type": "Feature", "properties": { "IsPrimary": 0, "HouseId": "9570784863334434", "Name": "в озон", "Number": null, "IsPorch": 0, "Intercom": 0, "HasRamp": 0, "Apartments": null, "HouseEntId": "70030076175647728" }, "geometry": { "type": "MultiPoint", "coordinates": [ [ 71.462252686487176, 51.134129945669002 ] ] } },
{ "type": "Feature", "properties": { "IsPrimary": 0, "HouseId": "9570784863323811", "Name": "Бц алтын орда", "Number": null, "IsPorch": 0, "Intercom": 0, "HasRamp": 0, "Apartments": null, "HouseEntId": "70030076174686418" }, "geometry": { "type": "MultiPoint", "coordinates": [ [ 71.440148021953917, 51.127703801296754 ] ] } },
{ "type": "Feature", "properties": { "IsPrimary": 0, "HouseId": "9570784863349981", "Name": "в Restyle", "Number": null, "IsPorch": 0, "Intercom": 0, "HasRamp": 0, "Apartments": null, "HouseEntId": "70030076178063814" }, "geometry": { "type": "MultiPoint", "coordinates": [ [ 71.461556402310464, 51.118546016890463 ] ] } },
{ "type": "Feature", "properties": { "IsPrimary": 0, "HouseId": "9570784863349981", "Name": "в Электросеть Пром, ТОО", "Number": null, "IsPorch": 0, "Intercom": 0, "HasRamp": 0, "Apartments": null, "HouseEntId": "70030076178063816" }, "geometry": { "type": "MultiPoint", "coordinates": [ [ 71.462599076860741, 51.118352492014758 ] ] } },
{ "type": "Feature", "properties": { "IsPrimary": 0, "HouseId": "9570784863334873", "Name": "в кинорум", "Number": null, "IsPorch": 0, "Intercom": 0, "HasRamp": 0, "Apartments": null, "HouseEntId": "70030076178497536" }, "geometry": { "type": "MultiPoint", "coordinates": [ [ 71.459622509166806, 51.131780416523391 ] ] } },
{ "type": "Feature", "properties": { "IsPrimary": 0, "HouseId": "9570784863335027", "Name": "в Кибер спорт", "Number": null, "IsPorch": 0, "Intercom": 0, "HasRamp": 0, "Apartments": null, "HouseEntId": "70030076178499449" }, "geometry": { "type": "MultiPoint", "coordinates": [ [ 71.459854184678591, 51.132581626158611 ] ] } },
{ "type": "Feature", "properties": { "IsPrimary": 0, "HouseId": "9570784863334874", "Name": "в M3 Studio", "Number": null, "IsPorch": 0, "Intercom": 0, "HasRamp": 0, "Apartments": null, "HouseEntId": "70030076178904346" }, "geometry": { "type": "MultiPoint", "coordinates": [ [ 71.459148737685965, 51.130595065269809 ] ] } },
{ "type": "Feature", "properties": { "IsPrimary": 0, "HouseId": "9570784863335027", "Name": "В first.sport", "Number": null, "IsPorch": 0, "Intercom": 0, "HasRamp": 0, "Apartments": null, "HouseEntId": "70030076179272072" }, "geometry": { "type": "MultiPoint", "coordinates": [ [ 71.45993251777135, 51.132778304566671 ] ] } },
{ "type": "Feature", "properties": { "IsPrimary": 0, "HouseId": "9570784863363476", "Name": "в MOVIE DISTRIBUTION", "Number": null, "IsPorch": 0, "Intercom": 0, "HasRamp": 0, "Apartments": null, "HouseEntId": "70030076179559289" }, "geometry": { "type": "MultiPoint", "coordinates": [ [ 71.454690758257001, 51.119600295951855 ] ] } },
{ "type": "Feature", "properties": { "IsPrimary": 0, "HouseId": "9570784863334039", "Name": "в Europompa", "Number": null, "IsPorch": 0, "Intercom": 0, "HasRamp": 0, "Apartments": null, "HouseEntId": "70030076182980064" }, "geometry": { "type": "MultiPoint", "coordinates": [ [ 71.466437488238242, 51.133994602957088 ] ] } },
{ "type": "Feature", "properties": { "IsPrimary": 0, "HouseId": "9570784863324531", "Name": "в детский сад", "Number": null, "IsPorch": 0, "Intercom": 0, "HasRamp": 0, "Apartments": null, "HouseEntId": "70030076187862066" }, "geometry": { "type": "MultiPoint", "coordinates": [ [ 71.464605553879338, 51.133063653063488 ] ] } },
{ "type": "Feature", "properties": { "IsPrimary": 0, "HouseId": "9570784863364485", "Name": "в Versailles, стоматологическая клиника", "Number": null, "IsPorch": 0, "Intercom": 0, "HasRamp": 0, "Apartments": null, "HouseEntId": "70030076188713602" }, "geometry": { "type": "MultiPoint", "coordinates": [ [ 71.464014013264759, 51.120022914300542 ] ] } },
{ "type": "Feature", "properties": { "IsPrimary": 0, "HouseId": "9570784863364485", "Name": "в Поликлиника здоровья", "Number": null, "IsPorch": 0, "Intercom": 0, "HasRamp": 0, "Apartments": null, "HouseEntId": "70030076189368380" }, "geometry": { "type": "MultiPoint", "coordinates": [ [ 71.465389064470145, 51.119941717746393 ] ] } },
{ "type": "Feature", "properties": { "IsPrimary": 0, "HouseId": "9570784863364485", "Name": "в Центр изучения религий", "Number": null, "IsPorch": 0, "Intercom": 0, "HasRamp": 0, "Apartments": null, "HouseEntId": "70030076190537504" }, "geometry": { "type": "MultiPoint", "coordinates": [ [ 71.464719011099731, 51.119965230929878 ] ] } },
{ "type": "Feature", "properties": { "IsPrimary": 0, "HouseId": "9570784863379508", "Name": "в парикмахерскую", "Number": null, "IsPorch": 0, "Intercom": 0, "HasRamp": 0, "Apartments": null, "HouseEntId": "70030076191379670" }, "geometry": { "type": "MultiPoint", "coordinates": [ [ 71.465828610138686, 51.119771824772435 ] ] } },
{ "type": "Feature", "properties": { "IsPrimary": 0, "HouseId": "9570784863337323", "Name": "в Tofu ресто-бар", "Number": null, "IsPorch": 0, "Intercom": 0, "HasRamp": 0, "Apartments": null, "HouseEntId": "70030076192081001" }, "geometry": { "type": "MultiPoint", "coordinates": [ [ 71.465347113146393, 51.128786172004325 ] ] } },
{ "type": "Feature", "properties": { "IsPrimary": 0, "HouseId": "9570784863344615", "Name": "в мята", "Number": null, "IsPorch": 0, "Intercom": 0, "HasRamp": 0, "Apartments": null, "HouseEntId": "70030076190856088" }, "geometry": { "type": "MultiPoint", "coordinates": [ [ 71.458909246831226, 51.128128656951446 ] ] } },
{ "type": "Feature", "properties": { "IsPrimary": 0, "HouseId": "9570784863334483", "Name": "Ресторан", "Number": null, "IsPorch": 0, "Intercom": 0, "HasRamp": 0, "Apartments": null, "HouseEntId": "70030076192213060" }, "geometry": { "type": "MultiPoint", "coordinates": [ [ 71.461924352250847, 51.134713307112207 ] ] } },
{ "type": "Feature", "properties": { "IsPrimary": 0, "HouseId": "70030076159504525", "Name": "в Arbat", "Number": null, "IsPorch": 0, "Intercom": 0, "HasRamp": 0, "Apartments": null, "HouseEntId": "70030076192213064" }, "geometry": { "type": "MultiPoint", "coordinates": [ [ 71.466152093472502, 51.136150230929196 ] ] } },
{ "type": "Feature", "properties": { "IsPrimary": 0, "HouseId": "9570784898926283", "Name": "в X Lounge", "Number": null, "IsPorch": 0, "Intercom": 0, "HasRamp": 0, "Apartments": null, "HouseEntId": "70030076192213070" }, "geometry": { "type": "MultiPoint", "coordinates": [ [ 71.467081670128493, 51.135124682699669 ] ] } },
{ "type": "Feature", "properties": { "IsPrimary": 0, "HouseId": "9570784863342921", "Name": "В Yula", "Number": null, "IsPorch": 0, "Intercom": 0, "HasRamp": 0, "Apartments": null, "HouseEntId": "70030076193802890" }, "geometry": { "type": "MultiPoint", "coordinates": [ [ 71.468954388001308, 51.126839701842947 ] ] } },
{ "type": "Feature", "properties": { "IsPrimary": 0, "HouseId": "9570784863323811", "Name": "1-ый внутр подъезд", "Number": null, "IsPorch": 0, "Intercom": 0, "HasRamp": 0, "Apartments": null, "HouseEntId": "70030076194754053" }, "geometry": { "type": "MultiPoint", "coordinates": [ [ 71.443358690610893, 51.130942268609409 ] ] } },
{ "type": "Feature", "properties": { "IsPrimary": 0, "HouseId": "70030076143969950", "Name": "в Белла чао", "Number": null, "IsPorch": 0, "Intercom": 0, "HasRamp": 0, "Apartments": null, "HouseEntId": "70030076196102623" }, "geometry": { "type": "MultiPoint", "coordinates": [ [ 71.459870983174397, 51.120241636808331 ] ] } },
{ "type": "Feature", "properties": { "IsPrimary": 0, "HouseId": "70030076143969950", "Name": "в Ranch", "Number": null, "IsPorch": 0, "Intercom": 0, "HasRamp": 0, "Apartments": null, "HouseEntId": "70030076196113165" }, "geometry": { "type": "MultiPoint", "coordinates": [ [ 71.459008600501633, 51.120292440728058 ] ] } },
{ "type": "Feature", "properties": { "IsPrimary": 0, "HouseId": "9570784863349076", "Name": "в Lemur", "Number": null, "IsPorch": 0, "Intercom": 0, "HasRamp": 0, "Apartments": null, "HouseEntId": "70030076197742700" }, "geometry": { "type": "MultiPoint", "coordinates": [ [ 71.46464840351841, 51.134835852100451 ] ] } },
{ "type": "Feature", "properties": { "IsPrimary": 0, "HouseId": "9570784863349089", "Name": "в Kinza", "Number": null, "IsPorch": 0, "Intercom": 0, "HasRamp": 0, "Apartments": null, "HouseEntId": "70030076199102508" }, "geometry": { "type": "MultiPoint", "coordinates": [ [ 71.463710831856375, 51.135002251214289 ] ] } },
{ "type": "Feature", "properties": { "IsPrimary": 0, "HouseId": "9570784863363476", "Name": "в Аким Фарм", "Number": null, "IsPorch": 0, "Intercom": 0, "HasRamp": 0, "Apartments": null, "HouseEntId": "70030076199340378" }, "geometry": { "type": "MultiPoint", "coordinates": [ [ 71.456079823180843, 51.119331216584641 ] ] } },
{ "type": "Feature", "properties": { "IsPrimary": 0, "HouseId": "70030076159504525", "Name": "в Наша пекарня", "Number": null, "IsPorch": 0, "Intercom": 0, "HasRamp": 0, "Apartments": null, "HouseEntId": "70030076200706836" }, "geometry": { "type": "MultiPoint", "coordinates": [ [ 71.466931920970637, 51.135674436652458 ] ] } },
{ "type": "Feature", "properties": { "IsPrimary": 0, "HouseId": "70030076159504525", "Name": "в аптеку", "Number": null, "IsPorch": 0, "Intercom": 0, "HasRamp": 0, "Apartments": null, "HouseEntId": "70030076202539874" }, "geometry": { "type": "MultiPoint", "coordinates": [ [ 71.466017525842915, 51.13582008963273 ] ] } },
{ "type": "Feature", "properties": { "IsPrimary": 0, "HouseId": "9570784863334874", "Name": "в ASK-AUDIT", "Number": null, "IsPorch": 0, "Intercom": 0, "HasRamp": 0, "Apartments": null, "HouseEntId": "70030076203878160" }, "geometry": { "type": "MultiPoint", "coordinates": [ [ 71.459250606639188, 51.130850042096093 ] ] } },
{ "type": "Feature", "properties": { "IsPrimary": 0, "HouseId": "9570784863323811", "Name": "в FELICITA", "Number": null, "IsPorch": 0, "Intercom": 0, "HasRamp": 0, "Apartments": null, "HouseEntId": "70030076209956140" }, "geometry": { "type": "MultiPoint", "coordinates": [ [ 71.442128537660807, 51.129685920210257 ] ] } },
{ "type": "Feature", "properties": { "IsPrimary": 0, "HouseId": "9570784863334359", "Name": "в PLAYBURG", "Number": null, "IsPorch": 0, "Intercom": 0, "HasRamp": 0, "Apartments": null, "HouseEntId": "70030076210666198" }, "geometry": { "type": "MultiPoint", "coordinates": [ [ 71.465595048164815, 51.135828206503554 ] ] } },
{ "type": "Feature", "properties": { "IsPrimary": 0, "HouseId": "70030076206477511", "Name": "в казаваиаспас", "Number": null, "IsPorch": 0, "Intercom": 0, "HasRamp": 0, "Apartments": null, "HouseEntId": "70030076210670651" }, "geometry": { "type": "MultiPoint", "coordinates": [ [ 71.464559110979167, 51.135662994080739 ] ] } },
{ "type": "Feature", "properties": { "IsPrimary": 0, "HouseId": "70030076159504525", "Name": "в Хани", "Number": null, "IsPorch": 0, "Intercom": 0, "HasRamp": 0, "Apartments": null, "HouseEntId": "70030076211917142" }, "geometry": { "type": "MultiPoint", "coordinates": [ [ 71.466250548827631, 51.136178357934114 ] ] } },
{ "type": "Feature", "properties": { "IsPrimary": 0, "HouseId": "70030076159504525", "Name": "в олимп", "Number": null, "IsPorch": 0, "Intercom": 0, "HasRamp": 0, "Apartments": null, "HouseEntId": "70030076211917963" }, "geometry": { "type": "MultiPoint", "coordinates": [ [ 71.466964889141565, 51.13586208315045 ] ] } },
{ "type": "Feature", "properties": { "IsPrimary": 0, "HouseId": "70030076157404717", "Name": "в Бц", "Number": null, "IsPorch": 0, "Intercom": 0, "HasRamp": 0, "Apartments": null, "HouseEntId": "70030076212052655" }, "geometry": { "type": "MultiPoint", "coordinates": [ [ 71.465076630414359, 51.129292874465925 ] ] } },
{ "type": "Feature", "properties": { "IsPrimary": 0, "HouseId": "70030076143969950", "Name": "в Бизнес Рост, консалтинговая компания", "Number": null, "IsPorch": 0, "Intercom": 0, "HasRamp": 0, "Apartments": null, "HouseEntId": "70030076213309725" }, "geometry": { "type": "MultiPoint", "coordinates": [ [ 71.45983460140539, 51.12024377948309 ] ] } },
{ "type": "Feature", "properties": { "IsPrimary": 0, "HouseId": "70030076143969950", "Name": "в gg pharm", "Number": null, "IsPorch": 0, "Intercom": 0, "HasRamp": 0, "Apartments": null, "HouseEntId": "70030076213309733" }, "geometry": { "type": "MultiPoint", "coordinates": [ [ 71.458489733593538, 51.120323227537909 ] ] } },
{ "type": "Feature", "properties": { "IsPrimary": 0, "HouseId": "70030076143969950", "Name": "в Еврочистка, химчистка", "Number": null, "IsPorch": 0, "Intercom": 0, "HasRamp": 0, "Apartments": null, "HouseEntId": "70030076213309735" }, "geometry": { "type": "MultiPoint", "coordinates": [ [ 71.458349955735329, 51.120331459904833 ] ] } },
{ "type": "Feature", "properties": { "IsPrimary": 0, "HouseId": "70030076143969950", "Name": "в Море-море, ресторан", "Number": null, "IsPorch": 0, "Intercom": 0, "HasRamp": 0, "Apartments": null, "HouseEntId": "70030076212251998" }, "geometry": { "type": "MultiPoint", "coordinates": [ [ 71.459246115062768, 51.120278456968826 ] ] } },
{ "type": "Feature", "properties": { "IsPrimary": 0, "HouseId": "70030076143969950", "Name": "в Le Dessert Astana, кондитерская", "Number": null, "IsPorch": 0, "Intercom": 0, "HasRamp": 0, "Apartments": null, "HouseEntId": "70030076216010360" }, "geometry": { "type": "MultiPoint", "coordinates": [ [ 71.458013716324487, 51.119766129710051 ] ] } },
{ "type": "Feature", "properties": { "IsPrimary": 0, "HouseId": "70030076139045565", "Name": "в Isskra", "Number": null, "IsPorch": 0, "Intercom": 0, "HasRamp": 0, "Apartments": null, "HouseEntId": "70030076216082506" }, "geometry": { "type": "MultiPoint", "coordinates": [ [ 71.466394099610042, 51.125710490554226 ] ] } },
{ "type": "Feature", "properties": { "IsPrimary": 0, "HouseId": "70030076143559667", "Name": "в раки", "Number": null, "IsPorch": 0, "Intercom": 0, "HasRamp": 0, "Apartments": null, "HouseEntId": "70030076222866129" }, "geometry": { "type": "MultiPoint", "coordinates": [ [ 71.466915661463986, 51.125652194109975 ] ] } },
{ "type": "Feature", "properties": { "IsPrimary": 0, "HouseId": "9570784863323811", "Name": "в iDeal", "Number": null, "IsPorch": 0, "Intercom": 0, "HasRamp": 0, "Apartments": null, "HouseEntId": "70030076224283094" }, "geometry": { "type": "MultiPoint", "coordinates": [ [ 71.442074728575278, 51.12964724718298 ] ] } },
{ "type": "Feature", "properties": { "IsPrimary": 0, "HouseId": "70030076159504525", "Name": "в вкус март", "Number": null, "IsPorch": 0, "Intercom": 0, "HasRamp": 0, "Apartments": null, "HouseEntId": "70030076227903559" }, "geometry": { "type": "MultiPoint", "coordinates": [ [ 71.466902635892382, 51.135945844603299 ] ] } },
{ "type": "Feature", "properties": { "IsPrimary": 0, "HouseId": "70030076182601998", "Name": "в Food Store, мини-маркет", "Number": null, "IsPorch": 0, "Intercom": 0, "HasRamp": 0, "Apartments": null, "HouseEntId": "70030076238442531" }, "geometry": { "type": "MultiPoint", "coordinates": [ [ 71.460370266809321, 51.120225735902991 ] ] } },
{ "type": "Feature", "properties": { "IsPrimary": 0, "HouseId": "9570784863343969", "Name": "в треугольник", "Number": null, "IsPorch": 0, "Intercom": 0, "HasRamp": 0, "Apartments": null, "HouseEntId": "70030076239044940" }, "geometry": { "type": "MultiPoint", "coordinates": [ [ 71.46045722372881, 51.127409512047379 ] ] } },
{ "type": "Feature", "properties": { "IsPrimary": 0, "HouseId": "9570784863342921", "Name": "в Bottega", "Number": null, "IsPorch": 0, "Intercom": 0, "HasRamp": 0, "Apartments": null, "HouseEntId": "70030076239089667" }, "geometry": { "type": "MultiPoint", "coordinates": [ [ 71.469457714054997, 51.126913387994826 ] ] } },
{ "type": "Feature", "properties": { "IsPrimary": 0, "HouseId": "70030076206661781", "Name": "в Baltic Control", "Number": null, "IsPorch": 0, "Intercom": 0, "HasRamp": 0, "Apartments": null, "HouseEntId": "70030076242525570" }, "geometry": { "type": "MultiPoint", "coordinates": [ [ 71.462279995271828, 51.13328637248442 ] ] } },
{ "type": "Feature", "properties": { "IsPrimary": 0, "HouseId": "70030076159504525", "Name": "в додо", "Number": null, "IsPorch": 0, "Intercom": 0, "HasRamp": 0, "Apartments": null, "HouseEntId": "70030076242550539" }, "geometry": { "type": "MultiPoint", "coordinates": [ [ 71.466444135771368, 51.136233710026005 ] ] } },
{ "type": "Feature", "properties": { "IsPrimary": 0, "HouseId": "70030076143969950", "Name": "в Happy cake", "Number": null, "IsPorch": 0, "Intercom": 0, "HasRamp": 0, "Apartments": null, "HouseEntId": "70030076245474295" }, "geometry": { "type": "MultiPoint", "coordinates": [ [ 71.458776026674585, 51.120306198938657 ] ] } },
{ "type": "Feature", "properties": { "IsPrimary": 0, "HouseId": "70030076206661781", "Name": "в INFATTI", "Number": null, "IsPorch": 0, "Intercom": 0, "HasRamp": 0, "Apartments": null, "HouseEntId": "70030076246986108" }, "geometry": { "type": "MultiPoint", "coordinates": [ [ 71.46221711320193, 51.133397309016146 ] ] } },
{ "type": "Feature", "properties": { "IsPrimary": 0, "HouseId": "9570784863323811", "Name": "в банкомат", "Number": null, "IsPorch": 0, "Intercom": 0, "HasRamp": 0, "Apartments": null, "HouseEntId": "70030076249815110" }, "geometry": { "type": "MultiPoint", "coordinates": [ [ 71.44111568717797, 51.129211750580446 ] ] } },
{ "type": "Feature", "properties": { "IsPrimary": 0, "HouseId": "9570784863334359", "Name": "В столовую", "Number": null, "IsPorch": 0, "Intercom": 0, "HasRamp": 0, "Apartments": null, "HouseEntId": "70030076249937115" }, "geometry": { "type": "MultiPoint", "coordinates": [ [ 71.46503539774281, 51.135846356723462 ] ] } },
{ "type": "Feature", "properties": { "IsPrimary": 0, "HouseId": "70030076182601998", "Name": "в kakao кафе", "Number": null, "IsPorch": 0, "Intercom": 0, "HasRamp": 0, "Apartments": null, "HouseEntId": "70030076250506523" }, "geometry": { "type": "MultiPoint", "coordinates": [ [ 71.460453181310029, 51.120165459017095 ] ] } },
{ "type": "Feature", "properties": { "IsPrimary": 0, "HouseId": "9570784863359591", "Name": "в К2", "Number": null, "IsPorch": 0, "Intercom": 0, "HasRamp": 0, "Apartments": null, "HouseEntId": "70030076256830071" }, "geometry": { "type": "MultiPoint", "coordinates": [ [ 71.461398298820455, 51.133481018570208 ] ] } },
{ "type": "Feature", "properties": { "IsPrimary": 0, "HouseId": "9570784907050665", "Name": "в A-Studium", "Number": null, "IsPorch": 0, "Intercom": 0, "HasRamp": 0, "Apartments": null, "HouseEntId": "70030076257070973" }, "geometry": { "type": "MultiPoint", "coordinates": [ [ 71.461416624452255, 51.13312216563498 ] ] } },
{ "type": "Feature", "properties": { "IsPrimary": 0, "HouseId": "9570784863334862", "Name": "в Харчо-Хинкали", "Number": null, "IsPorch": 0, "Intercom": 0, "HasRamp": 0, "Apartments": null, "HouseEntId": "70030076257618651" }, "geometry": { "type": "MultiPoint", "coordinates": [ [ 71.459507884136556, 51.131493538041028 ] ] } },
{ "type": "Feature", "properties": { "IsPrimary": 0, "HouseId": "9570784863343890", "Name": "в  Police", "Number": null, "IsPorch": 0, "Intercom": 0, "HasRamp": 0, "Apartments": null, "HouseEntId": "70030076258499922" }, "geometry": { "type": "MultiPoint", "coordinates": [ [ 71.46205820122816, 51.128449382045716 ] ] } },
{ "type": "Feature", "properties": { "IsPrimary": 0, "HouseId": "9570784863334874", "Name": "в da laser", "Number": null, "IsPorch": 0, "Intercom": 0, "HasRamp": 0, "Apartments": null, "HouseEntId": "70030076261827376" }, "geometry": { "type": "MultiPoint", "coordinates": [ [ 71.45921476385935, 51.1307602394523 ] ] } },
{ "type": "Feature", "properties": { "IsPrimary": 0, "HouseId": "9570784863334862", "Name": "в Dental Milling Center", "Number": null, "IsPorch": 0, "Intercom": 0, "HasRamp": 0, "Apartments": null, "HouseEntId": "70030076262721279" }, "geometry": { "type": "MultiPoint", "coordinates": [ [ 71.459461081910248, 51.131376565069161 ] ] } },
{ "type": "Feature", "properties": { "IsPrimary": 0, "HouseId": "9570784863349981", "Name": "в Академию красоты", "Number": null, "IsPorch": 0, "Intercom": 0, "HasRamp": 0, "Apartments": null, "HouseEntId": "70030076266120744" }, "geometry": { "type": "MultiPoint", "coordinates": [ [ 71.461655037328669, 51.118500737104355 ] ] } },
{ "type": "Feature", "properties": { "IsPrimary": 0, "HouseId": "9570784863379505", "Name": "в Bellissima, студия красоты", "Number": null, "IsPorch": 0, "Intercom": 0, "HasRamp": 0, "Apartments": null, "HouseEntId": "70030076266206461" }, "geometry": { "type": "MultiPoint", "coordinates": [ [ 71.463331113985774, 51.119734214792985 ] ] } },
{ "type": "Feature", "properties": { "IsPrimary": 0, "HouseId": "70030076182601998", "Name": "в Italio, ресторан", "Number": null, "IsPorch": 0, "Intercom": 0, "HasRamp": 0, "Apartments": null, "HouseEntId": "70030076269118871" }, "geometry": { "type": "MultiPoint", "coordinates": [ [ 71.460147664281905, 51.120261484739217 ] ] } },
{ "type": "Feature", "properties": { "IsPrimary": 0, "HouseId": "9570784863363476", "Name": "в Школа бокса", "Number": null, "IsPorch": 0, "Intercom": 0, "HasRamp": 0, "Apartments": null, "HouseEntId": "70030076272128800" }, "geometry": { "type": "MultiPoint", "coordinates": [ [ 71.45509428148263, 51.120060467658583 ] ] } },
{ "type": "Feature", "properties": { "IsPrimary": 0, "HouseId": "9570784863355958", "Name": "В Alpaca", "Number": null, "IsPorch": 0, "Intercom": 0, "HasRamp": 0, "Apartments": null, "HouseEntId": "70030076272373026" }, "geometry": { "type": "MultiPoint", "coordinates": [ [ 71.464182716875101, 51.131232927491666 ] ] } },
{ "type": "Feature", "properties": { "IsPrimary": 0, "HouseId": "9570784863355766", "Name": "В Шиномонтаж", "Number": null, "IsPorch": 0, "Intercom": 0, "HasRamp": 0, "Apartments": null, "HouseEntId": "70030076272373031" }, "geometry": { "type": "MultiPoint", "coordinates": [ [ 71.466298788358387, 51.130567949588176 ] ] } },
{ "type": "Feature", "properties": { "IsPrimary": 1, "HouseId": "9570784863324544", "Name": null, "Number": null, "IsPorch": 0, "Intercom": 0, "HasRamp": 0, "Apartments": null, "HouseEntId": "70030076272383962" }, "geometry": { "type": "MultiPoint", "coordinates": [ [ 71.464529736069366, 51.131765365171574 ] ] } },
{ "type": "Feature", "properties": { "IsPrimary": 0, "HouseId": "9570784863337309", "Name": "в BBS", "Number": null, "IsPorch": 0, "Intercom": 0, "HasRamp": 1, "Apartments": null, "HouseEntId": "70030076273699855" }, "geometry": { "type": "MultiPoint", "coordinates": [ [ 71.464913676021808, 51.129552030218321 ] ] } },
{ "type": "Feature", "properties": { "IsPrimary": 0, "HouseId": "9570784863324594", "Name": "в A.I. Academy", "Number": null, "IsPorch": 0, "Intercom": 0, "HasRamp": 0, "Apartments": null, "HouseEntId": "70030076277193988" }, "geometry": { "type": "MultiPoint", "coordinates": [ [ 71.469441095222237, 51.132376716694004 ] ] } },
{ "type": "Feature", "properties": { "IsPrimary": 0, "HouseId": "9570784863334862", "Name": "в Gulder", "Number": null, "IsPorch": 0, "Intercom": 0, "HasRamp": 0, "Apartments": null, "HouseEntId": "70030076280932886" }, "geometry": { "type": "MultiPoint", "coordinates": [ [ 71.459451290273662, 51.131352099359503 ] ] } },
{ "type": "Feature", "properties": { "IsPrimary": 0, "HouseId": "70030076143969950", "Name": "в Телли, бутик косметики", "Number": null, "IsPorch": 0, "Intercom": 0, "HasRamp": 0, "Apartments": null, "HouseEntId": "70030076286302362" }, "geometry": { "type": "MultiPoint", "coordinates": [ [ 71.459534653932025, 51.120261428353061 ] ] } },
{ "type": "Feature", "properties": { "IsPrimary": 0, "HouseId": "70030076143969950", "Name": "в Bomba, магазин мужской одежды", "Number": null, "IsPorch": 0, "Intercom": 0, "HasRamp": 0, "Apartments": null, "HouseEntId": "70030076286302381" }, "geometry": { "type": "MultiPoint", "coordinates": [ [ 71.459394247253115, 51.120269660731005 ] ] } },
{ "type": "Feature", "properties": { "IsPrimary": 0, "HouseId": "70030076143969950", "Name": "в Fanbar", "Number": null, "IsPorch": 0, "Intercom": 0, "HasRamp": 0, "Apartments": null, "HouseEntId": "70030076286302391" }, "geometry": { "type": "MultiPoint", "coordinates": [ [ 71.458259405554685, 51.120322550904952 ] ] } },
{ "type": "Feature", "properties": { "IsPrimary": 0, "HouseId": "70030076143969950", "Name": "в LАПША, ресторан", "Number": null, "IsPorch": 0, "Intercom": 0, "HasRamp": 0, "Apartments": null, "HouseEntId": "70030076286302394" }, "geometry": { "type": "MultiPoint", "coordinates": [ [ 71.458114507299356, 51.120290298055544 ] ] } },
{ "type": "Feature", "properties": { "IsPrimary": 0, "HouseId": "9570784863364485", "Name": "в Водомат", "Number": null, "IsPorch": 0, "Intercom": 0, "HasRamp": 0, "Apartments": null, "HouseEntId": "70030076286302404" }, "geometry": { "type": "MultiPoint", "coordinates": [ [ 71.464683886972125, 51.11964585659485 ] ] } },
{ "type": "Feature", "properties": { "IsPrimary": 0, "HouseId": "9570784863379507", "Name": "в терминал", "Number": null, "IsPorch": 0, "Intercom": 0, "HasRamp": 0, "Apartments": null, "HouseEntId": "70030076286589902" }, "geometry": { "type": "MultiPoint", "coordinates": [ [ 71.465080493170063, 51.119204796106125 ] ] } },
{ "type": "Feature", "properties": { "IsPrimary": 0, "HouseId": "9570784863349889", "Name": "в Государственный архив РК", "Number": null, "IsPorch": 0, "Intercom": 0, "HasRamp": 0, "Apartments": null, "HouseEntId": "70030076286302309" }, "geometry": { "type": "MultiPoint", "coordinates": [ [ 71.465247220486788, 51.118065417345022 ] ] } },
{ "type": "Feature", "properties": { "IsPrimary": 0, "HouseId": "9570784863349889", "Name": "в Biscuit pastry, кафе", "Number": null, "IsPorch": 0, "Intercom": 0, "HasRamp": 0, "Apartments": null, "HouseEntId": "70030076286302315" }, "geometry": { "type": "MultiPoint", "coordinates": [ [ 71.465748480415343, 51.118274393896833 ] ] } },
{ "type": "Feature", "properties": { "IsPrimary": 0, "HouseId": "70030076143969950", "Name": "в Raisson Apartments", "Number": null, "IsPorch": 0, "Intercom": 0, "HasRamp": 0, "Apartments": null, "HouseEntId": "70030076289004717" }, "geometry": { "type": "MultiPoint", "coordinates": [ [ 71.459642272103068, 51.12010162971265 ] ] } },
{ "type": "Feature", "properties": { "IsPrimary": 0, "HouseId": "9570784863379506", "Name": "в Мед", "Number": null, "IsPorch": 0, "Intercom": 0, "HasRamp": 0, "Apartments": null, "HouseEntId": "70030076295395805" }, "geometry": { "type": "MultiPoint", "coordinates": [ [ 71.463683433240192, 51.119285599244023 ] ] } },
{ "type": "Feature", "properties": { "IsPrimary": 0, "HouseId": "70030076220843817", "Name": "Главный", "Number": null, "IsPorch": 0, "Intercom": 0, "HasRamp": 0, "Apartments": null, "HouseEntId": "70030076299078141" }, "geometry": { "type": "MultiPoint", "coordinates": [ [ 71.461884646715291, 51.131454190057532 ] ] } },
{ "type": "Feature", "properties": { "IsPrimary": 0, "HouseId": "70030076220843817", "Name": "Вход 2", "Number": null, "IsPorch": 0, "Intercom": 0, "HasRamp": 0, "Apartments": null, "HouseEntId": "70030076299078145" }, "geometry": { "type": "MultiPoint", "coordinates": [ [ 71.462261220482389, 51.131593993629046 ] ] } },
{ "type": "Feature", "properties": { "IsPrimary": 0, "HouseId": "9570784863334434", "Name": "в Dizavium Nord", "Number": null, "IsPorch": 0, "Intercom": 0, "HasRamp": 0, "Apartments": null, "HouseEntId": "70030076300986005" }, "geometry": { "type": "MultiPoint", "coordinates": [ [ 71.463173998642574, 51.134316076480772 ] ] } },
{ "type": "Feature", "properties": { "IsPrimary": 0, "HouseId": "70030076307859610", "Name": "в автомойку", "Number": null, "IsPorch": 0, "Intercom": 0, "HasRamp": 0, "Apartments": null, "HouseEntId": "70030076307859995" }, "geometry": { "type": "MultiPoint", "coordinates": [ [ 71.461607157124007, 51.118919305590467 ] ] } },
{ "type": "Feature", "properties": { "IsPrimary": 0, "HouseId": "70030076307859610", "Name": "в Магазин по продаже овощей и фруктов", "Number": null, "IsPorch": 0, "Intercom": 0, "HasRamp": 0, "Apartments": null, "HouseEntId": "70030076307860115" }, "geometry": { "type": "MultiPoint", "coordinates": [ [ 71.463085784081684, 51.118781944721675 ] ] } },
{ "type": "Feature", "properties": { "IsPrimary": 0, "HouseId": "70030076307859610", "Name": "в the Platinum", "Number": null, "IsPorch": 0, "Intercom": 0, "HasRamp": 0, "Apartments": null, "HouseEntId": "70030076307861661" }, "geometry": { "type": "MultiPoint", "coordinates": [ [ 71.464549948163267, 51.118040155139809 ] ] } },
{ "type": "Feature", "properties": { "IsPrimary": 0, "HouseId": "70030076202100122", "Name": "в Бостон", "Number": null, "IsPorch": 0, "Intercom": 0, "HasRamp": 0, "Apartments": null, "HouseEntId": "70030076316990926" }, "geometry": { "type": "MultiPoint", "coordinates": [ [ 71.464766352315209, 51.1292198122377 ] ] } },
{ "type": "Feature", "properties": { "IsPrimary": 0, "HouseId": "9570784863364485", "Name": "в AUTOHUB", "Number": null, "IsPorch": 0, "Intercom": 0, "HasRamp": 0, "Apartments": null, "HouseEntId": "70030076318331089" }, "geometry": { "type": "MultiPoint", "coordinates": [ [ 71.463063416031105, 51.119646420463916 ], [ 71.466178054784194, 51.119476018920018 ] ] } },
{ "type": "Feature", "properties": { "IsPrimary": 0, "HouseId": "9570784863334434", "Name": "в Madness", "Number": null, "IsPorch": 0, "Intercom": 0, "HasRamp": 0, "Apartments": null, "HouseEntId": "70030076318468315" }, "geometry": { "type": "MultiPoint", "coordinates": [ [ 71.462656479207396, 51.134702258882008 ] ] } },
{ "type": "Feature", "properties": { "IsPrimary": 0, "HouseId": "9570784863333888", "Name": "в ocean", "Number": null, "IsPorch": 0, "Intercom": 0, "HasRamp": 0, "Apartments": null, "HouseEntId": "70030076319106835" }, "geometry": { "type": "MultiPoint", "coordinates": [ [ 71.467359968203525, 51.134028706426669 ] ] } },
{ "type": "Feature", "properties": { "IsPrimary": 0, "HouseId": "9570784863349079", "Name": "в Maki Fit, фитнес", "Number": null, "IsPorch": 0, "Intercom": 0, "HasRamp": 0, "Apartments": null, "HouseEntId": "70030076319113952" }, "geometry": { "type": "MultiPoint", "coordinates": [ [ 71.462981130351082, 51.134794646807215 ] ] } },
{ "type": "Feature", "properties": { "IsPrimary": 0, "HouseId": "9570784863379505", "Name": "В офисное помещение", "Number": null, "IsPorch": 0, "Intercom": 0, "HasRamp": 0, "Apartments": null, "HouseEntId": "70030076319985849" }, "geometry": { "type": "MultiPoint", "coordinates": [ [ 71.463301200086804, 51.120048964831433 ] ] } },
{ "type": "Feature", "properties": { "IsPrimary": 0, "HouseId": "9570784863343890", "Name": "в Teams School", "Number": null, "IsPorch": 0, "Intercom": 0, "HasRamp": 0, "Apartments": null, "HouseEntId": "70030076320252743" }, "geometry": { "type": "MultiPoint", "coordinates": [ [ 71.463307218799201, 51.127836005339589 ] ] } },
{ "type": "Feature", "properties": { "IsPrimary": 0, "HouseId": "70030076159504525", "Name": "В алмазголд", "Number": null, "IsPorch": 0, "Intercom": 0, "HasRamp": 0, "Apartments": null, "HouseEntId": "70030076321550739" }, "geometry": { "type": "MultiPoint", "coordinates": [ [ 71.46700782861214, 51.135572355284459 ] ] } },
{ "type": "Feature", "properties": { "IsPrimary": 0, "HouseId": "9570784863334359", "Name": "В БЦ Орда", "Number": null, "IsPorch": 0, "Intercom": 0, "HasRamp": 0, "Apartments": null, "HouseEntId": "70030076321550766" }, "geometry": { "type": "MultiPoint", "coordinates": [ [ 71.465420146178985, 51.13595576519598 ] ] } },
{ "type": "Feature", "properties": { "IsPrimary": 0, "HouseId": "70030076245683806", "Name": "В Аламан", "Number": null, "IsPorch": 0, "Intercom": 0, "HasRamp": 0, "Apartments": null, "HouseEntId": "70030076321550772" }, "geometry": { "type": "MultiPoint", "coordinates": [ [ 71.466093792810554, 51.13501453947196 ] ] } },
{ "type": "Feature", "properties": { "IsPrimary": 0, "HouseId": "9570784863334862", "Name": "В избушку", "Number": null, "IsPorch": 0, "Intercom": 0, "HasRamp": 0, "Apartments": null, "HouseEntId": "70030076323170893" }, "geometry": { "type": "MultiPoint", "coordinates": [ [ 71.459318519274674, 51.131019894327792 ] ] } },
{ "type": "Feature", "properties": { "IsPrimary": 0, "HouseId": "9570784863334862", "Name": "В флип", "Number": null, "IsPorch": 0, "Intercom": 0, "HasRamp": 0, "Apartments": null, "HouseEntId": "70030076323170896" }, "geometry": { "type": "MultiPoint", "coordinates": [ [ 71.459409249118366, 51.131247077053082 ] ] } },
{ "type": "Feature", "properties": { "IsPrimary": 0, "HouseId": "9570784863334862", "Name": "В атлетикс", "Number": null, "IsPorch": 0, "Intercom": 0, "HasRamp": 0, "Apartments": null, "HouseEntId": "70030076323170898" }, "geometry": { "type": "MultiPoint", "coordinates": [ [ 71.459346546711544, 51.131090022315597 ], [ 71.459381670839136, 51.131178076760399 ] ] } },
{ "type": "Feature", "properties": { "IsPrimary": 0, "HouseId": "9570784863343252", "Name": "в Аптека", "Number": null, "IsPorch": 0, "Intercom": 0, "HasRamp": 0, "Apartments": null, "HouseEntId": "70030076338745560" }, "geometry": { "type": "MultiPoint", "coordinates": [ [ 71.469197831443296, 51.126321865852937 ] ] } },
{ "type": "Feature", "properties": { "IsPrimary": 0, "HouseId": "9570784863342921", "Name": "в 24lab", "Number": null, "IsPorch": 0, "Intercom": 0, "HasRamp": 0, "Apartments": null, "HouseEntId": "70030076350349197" }, "geometry": { "type": "MultiPoint", "coordinates": [ [ 71.469046465317916, 51.126825269040431 ] ] } },
{ "type": "Feature", "properties": { "IsPrimary": 0, "HouseId": "9570784863334873", "Name": "в Knowledge Center", "Number": null, "IsPorch": 0, "Intercom": 0, "HasRamp": 0, "Apartments": null, "HouseEntId": "70030076352400677" }, "geometry": { "type": "MultiPoint", "coordinates": [ [ 71.460355983596287, 51.131772242568907 ] ] } },
{ "type": "Feature", "properties": { "IsPrimary": 0, "HouseId": "9570784863343252", "Name": "в Bubble", "Number": null, "IsPorch": 0, "Intercom": 0, "HasRamp": 0, "Apartments": null, "HouseEntId": "70030076354574052" }, "geometry": { "type": "MultiPoint", "coordinates": [ [ 71.468706273319839, 51.126155435459268 ] ] } },
{ "type": "Feature", "properties": { "IsPrimary": 0, "HouseId": "9570784863343890", "Name": "в Beer mart", "Number": null, "IsPorch": 0, "Intercom": 0, "HasRamp": 0, "Apartments": null, "HouseEntId": "70030076358063581" }, "geometry": { "type": "MultiPoint", "coordinates": [ [ 71.461186026918824, 51.127909577148344 ] ] } },
{ "type": "Feature", "properties": { "IsPrimary": 0, "HouseId": "9570784863334039", "Name": "в Алтын урпак", "Number": null, "IsPorch": 0, "Intercom": 0, "HasRamp": 0, "Apartments": null, "HouseEntId": "70030076365971300" }, "geometry": { "type": "MultiPoint", "coordinates": [ [ 71.466313341065998, 51.134172786261495 ] ] } },
{ "type": "Feature", "properties": { "IsPrimary": 0, "HouseId": "9570784863343029", "Name": "в Gruzin", "Number": null, "IsPorch": 0, "Intercom": 0, "HasRamp": 0, "Apartments": null, "HouseEntId": "70030076367204583" }, "geometry": { "type": "MultiPoint", "coordinates": [ [ 71.465200508092025, 51.127354938662471 ] ] } },
{ "type": "Feature", "properties": { "IsPrimary": 0, "HouseId": "9570784863364485", "Name": "в Karavan, автомойка", "Number": null, "IsPorch": 0, "Intercom": 0, "HasRamp": 0, "Apartments": null, "HouseEntId": "70030076367828702" }, "geometry": { "type": "MultiPoint", "coordinates": [ [ 71.463072219520896, 51.119707036348004 ] ] } },
{ "type": "Feature", "properties": { "IsPrimary": 0, "HouseId": "9570784863355958", "Name": "в Аю, хостел", "Number": null, "IsPorch": 0, "Intercom": 0, "HasRamp": 0, "Apartments": null, "HouseEntId": "70030076370331017" }, "geometry": { "type": "MultiPoint", "coordinates": [ [ 71.464299408030513, 51.131207108758865 ] ] } },
{ "type": "Feature", "properties": { "IsPrimary": 0, "HouseId": "9570784863359591", "Name": "в Азиястальпром", "Number": null, "IsPorch": 0, "Intercom": 0, "HasRamp": 0, "Apartments": null, "HouseEntId": "70030076371382526" }, "geometry": { "type": "MultiPoint", "coordinates": [ [ 71.461415187147807, 51.13350807617141 ] ] } },
{ "type": "Feature", "properties": { "IsPrimary": 0, "HouseId": "70030076143969950", "Name": "в Premier Farm", "Number": null, "IsPorch": 0, "Intercom": 0, "HasRamp": 0, "Apartments": null, "HouseEntId": "70030076381456916" }, "geometry": { "type": "MultiPoint", "coordinates": [ [ 71.458879063437678, 51.120300109239402 ] ] } },
{ "type": "Feature", "properties": { "IsPrimary": 0, "HouseId": "70030076206477511", "Name": "в центр", "Number": null, "IsPorch": 0, "Intercom": 0, "HasRamp": 0, "Apartments": null, "HouseEntId": "70030076379160259" }, "geometry": { "type": "MultiPoint", "coordinates": [ [ 71.464104024456233, 51.135502572308873 ] ] } },
{ "type": "Feature", "properties": { "IsPrimary": 0, "HouseId": "9570784863334359", "Name": "в meatburg", "Number": null, "IsPorch": 0, "Intercom": 0, "HasRamp": 0, "Apartments": null, "HouseEntId": "70030076379426194" }, "geometry": { "type": "MultiPoint", "coordinates": [ [ 71.465559654542616, 51.135995391178504 ] ] } },
{ "type": "Feature", "properties": { "IsPrimary": 0, "HouseId": "70030076143559667", "Name": "в 1С", "Number": null, "IsPorch": 0, "Intercom": 0, "HasRamp": 0, "Apartments": null, "HouseEntId": "70030076389584791" }, "geometry": { "type": "MultiPoint", "coordinates": [ [ 71.466781004002911, 51.125687374951667 ] ] } },
{ "type": "Feature", "properties": { "IsPrimary": 0, "HouseId": "70030076172881065", "Name": "в МирОтель", "Number": null, "IsPorch": 0, "Intercom": 0, "HasRamp": 0, "Apartments": null, "HouseEntId": "70030076394249549" }, "geometry": { "type": "MultiPoint", "coordinates": [ [ 71.465908470367424, 51.132379197034098 ] ] } },
{ "type": "Feature", "properties": { "IsPrimary": 0, "HouseId": "9570784863342809", "Name": "в Quality Клининг Company", "Number": null, "IsPorch": 0, "Intercom": 0, "HasRamp": 0, "Apartments": null, "HouseEntId": "70030076397923715" }, "geometry": { "type": "MultiPoint", "coordinates": [ [ 71.461653330529614, 51.127539912859937 ] ] } },
{ "type": "Feature", "properties": { "IsPrimary": 0, "HouseId": "70030076182601998", "Name": "в АвтоКат", "Number": null, "IsPorch": 0, "Intercom": 0, "HasRamp": 0, "Apartments": null, "HouseEntId": "70030076402446834" }, "geometry": { "type": "MultiPoint", "coordinates": [ [ 71.460305677940383, 51.119692883251012 ] ] } },
{ "type": "Feature", "properties": { "IsPrimary": 0, "HouseId": "9570784863325420", "Name": "Vip-вход", "Number": null, "IsPorch": 0, "Intercom": 0, "HasRamp": 0, "Apartments": null, "HouseEntId": "70030076414750339" }, "geometry": { "type": "MultiPoint", "coordinates": [ [ 71.441719175385828, 51.122095746339284 ] ] } },
{ "type": "Feature", "properties": { "IsPrimary": 0, "HouseId": "9570784863325420", "Name": "в Кассу", "Number": null, "IsPorch": 0, "Intercom": 0, "HasRamp": 0, "Apartments": null, "HouseEntId": "70030076415361907" }, "geometry": { "type": "MultiPoint", "coordinates": [ [ 71.441169945421123, 51.12332811316211 ] ] } },
{ "type": "Feature", "properties": { "IsPrimary": 0, "HouseId": "9570784863349076", "Name": "в Акку", "Number": null, "IsPorch": 0, "Intercom": 0, "HasRamp": 0, "Apartments": null, "HouseEntId": "70030076416295636" }, "geometry": { "type": "MultiPoint", "coordinates": [ [ 71.46485474653916, 51.134985171658066 ] ] } },
{ "type": "Feature", "properties": { "IsPrimary": 0, "HouseId": "9570784863324523", "Name": "в Тамаша", "Number": null, "IsPorch": 0, "Intercom": 0, "HasRamp": 0, "Apartments": null, "HouseEntId": "70030076416299407" }, "geometry": { "type": "MultiPoint", "coordinates": [ [ 71.467337240826836, 51.132919907992132 ] ] } },
{ "type": "Feature", "properties": { "IsPrimary": 0, "HouseId": "9570784863334873", "Name": "в Сафидент", "Number": null, "IsPorch": 0, "Intercom": 0, "HasRamp": 0, "Apartments": null, "HouseEntId": "70030076420615140" }, "geometry": { "type": "MultiPoint", "coordinates": [ [ 71.45971755092387, 51.132018137036006 ] ] } },
{ "type": "Feature", "properties": { "IsPrimary": 0, "HouseId": "70030076307859610", "Name": "в Trinity", "Number": null, "IsPorch": 0, "Intercom": 0, "HasRamp": 0, "Apartments": null, "HouseEntId": "70030076426225256" }, "geometry": { "type": "MultiPoint", "coordinates": [ [ 71.461226451106597, 51.1187194104306 ] ] } },
{ "type": "Feature", "properties": { "IsPrimary": 0, "HouseId": "9570784863334874", "Name": "в TIME", "Number": null, "IsPorch": 0, "Intercom": 0, "HasRamp": 0, "Apartments": null, "HouseEntId": "70030076434364473" }, "geometry": { "type": "MultiPoint", "coordinates": [ [ 71.45918835338999, 51.130694113476778 ] ] } },
{ "type": "Feature", "properties": { "IsPrimary": 0, "HouseId": "70030076143969950", "Name": "в Palma", "Number": null, "IsPorch": 0, "Intercom": 0, "HasRamp": 0, "Apartments": null, "HouseEntId": "70030076440984481" }, "geometry": { "type": "MultiPoint", "coordinates": [ [ 71.457905828658866, 51.120243835869267 ] ] } },
{ "type": "Feature", "properties": { "IsPrimary": 0, "HouseId": "9570784863343252", "Name": "в мастер кофе", "Number": null, "IsPorch": 0, "Intercom": 0, "HasRamp": 0, "Apartments": null, "HouseEntId": "70030076450244759" }, "geometry": { "type": "MultiPoint", "coordinates": [ [ 71.469145998651413, 51.126206063738692 ] ] } },
{ "type": "Feature", "properties": { "IsPrimary": 0, "HouseId": "9570784863334434", "Name": "в Nevshkole", "Number": null, "IsPorch": 0, "Intercom": 0, "HasRamp": 0, "Apartments": null, "HouseEntId": "70030076457018853" }, "geometry": { "type": "MultiPoint", "coordinates": [ [ 71.462165909230734, 51.134251815776516 ] ] } },
{ "type": "Feature", "properties": { "IsPrimary": 0, "HouseId": "9570784863380452", "Name": "В главный вход", "Number": null, "IsPorch": 0, "Intercom": 0, "HasRamp": 0, "Apartments": null, "HouseEntId": "70030076459614547" }, "geometry": { "type": "MultiPoint", "coordinates": [ [ 71.46287315285393, 51.135260473042024 ] ] } },
{ "type": "Feature", "properties": { "IsPrimary": 0, "HouseId": "9570784863355958", "Name": "в Icon design", "Number": null, "IsPorch": 0, "Intercom": 0, "HasRamp": 0, "Apartments": null, "HouseEntId": "70030076463799528" }, "geometry": { "type": "MultiPoint", "coordinates": [ [ 71.464339203397614, 51.131218270570891 ] ] } },
{ "type": "Feature", "properties": { "IsPrimary": 0, "HouseId": "70030076307859610", "Name": "в Must Have", "Number": null, "IsPorch": 0, "Intercom": 0, "HasRamp": 0, "Apartments": null, "HouseEntId": "70030076466926081" }, "geometry": { "type": "MultiPoint", "coordinates": [ [ 71.46151984087841, 51.118886318719582 ] ] } },
{ "type": "Feature", "properties": { "IsPrimary": 0, "HouseId": "9570784863379507", "Name": "в Эко ет", "Number": null, "IsPorch": 0, "Intercom": 0, "HasRamp": 0, "Apartments": null, "HouseEntId": "70030076469033547" }, "geometry": { "type": "MultiPoint", "coordinates": [ [ 71.465289261642098, 51.1193819087311 ] ] } },
{ "type": "Feature", "properties": { "IsPrimary": 0, "HouseId": "9570784863335027", "Name": "в Happy Cake", "Number": null, "IsPorch": 0, "Intercom": 0, "HasRamp": 0, "Apartments": null, "HouseEntId": "70030076472715925" }, "geometry": { "type": "MultiPoint", "coordinates": [ [ 71.460156737266274, 51.133266135557875 ] ] } },
{ "type": "Feature", "properties": { "IsPrimary": 0, "HouseId": "70030076182601998", "Name": "в baby dent", "Number": null, "IsPorch": 0, "Intercom": 0, "HasRamp": 0, "Apartments": null, "HouseEntId": "70030076475509589" }, "geometry": { "type": "MultiPoint", "coordinates": [ [ 71.46024800609915, 51.120245358296017 ] ] } },
{ "type": "Feature", "properties": { "IsPrimary": 0, "HouseId": "70030076220850423", "Name": "в Happy ville", "Number": null, "IsPorch": 0, "Intercom": 0, "HasRamp": 0, "Apartments": null, "HouseEntId": "70030076475509592" }, "geometry": { "type": "MultiPoint", "coordinates": [ [ 71.459623317650554, 51.118727135591065 ] ] } },
{ "type": "Feature", "properties": { "IsPrimary": 0, "HouseId": "9570784863379508", "Name": "в живую", "Number": null, "IsPorch": 0, "Intercom": 0, "HasRamp": 0, "Apartments": null, "HouseEntId": "70030076475509594" }, "geometry": { "type": "MultiPoint", "coordinates": [ [ 71.465867147864373, 51.11974943922614 ] ] } },
{ "type": "Feature", "properties": { "IsPrimary": 0, "HouseId": "9570784863349981", "Name": "в SM Passion", "Number": null, "IsPorch": 0, "Intercom": 0, "HasRamp": 0, "Apartments": null, "HouseEntId": "70030076475509609" }, "geometry": { "type": "MultiPoint", "coordinates": [ [ 71.463111116572691, 51.118272081964967 ] ] } },
{ "type": "Feature", "properties": { "IsPrimary": 0, "HouseId": "9570784863355958", "Name": "в Madinalingua", "Number": null, "IsPorch": 0, "Intercom": 0, "HasRamp": 0, "Apartments": null, "HouseEntId": "70030076472959213" }, "geometry": { "type": "MultiPoint", "coordinates": [ [ 71.464592168981611, 51.131289751202097 ] ] } },
{ "type": "Feature", "properties": { "IsPrimary": 0, "HouseId": "9570784863349079", "Name": "в Айя", "Number": null, "IsPorch": 0, "Intercom": 0, "HasRamp": 0, "Apartments": null, "HouseEntId": "70030076477043450" }, "geometry": { "type": "MultiPoint", "coordinates": [ [ 71.46346711891978, 51.134459366255392 ] ] } },
{ "type": "Feature", "properties": { "IsPrimary": 0, "HouseId": "9570784863349981", "Name": "в Insane Gaming", "Number": null, "IsPorch": 0, "Intercom": 0, "HasRamp": 0, "Apartments": null, "HouseEntId": "70030076483490918" }, "geometry": { "type": "MultiPoint", "coordinates": [ [ 71.461300472286027, 51.118657439936015 ] ] } },
{ "type": "Feature", "properties": { "IsPrimary": 0, "HouseId": "9570784863334401", "Name": "в Усатый СПА", "Number": null, "IsPorch": 0, "Intercom": 0, "HasRamp": 0, "Apartments": null, "HouseEntId": "70030076486224236" }, "geometry": { "type": "MultiPoint", "coordinates": [ [ 71.465758811041098, 51.135412215035984 ] ] } },
{ "type": "Feature", "properties": { "IsPrimary": 0, "HouseId": "9570784898926283", "Name": "в Достык Агро 2012, ТОО", "Number": null, "IsPorch": 0, "Intercom": 0, "HasRamp": 0, "Apartments": null, "HouseEntId": "70030076498186264" }, "geometry": { "type": "MultiPoint", "coordinates": [ [ 71.467362663149373, 51.135141705836304 ] ] } },
{ "type": "Feature", "properties": { "IsPrimary": 0, "HouseId": "9570784863334434", "Name": "В Дастур", "Number": null, "IsPorch": 0, "Intercom": 0, "HasRamp": 0, "Apartments": null, "HouseEntId": "70030076502325643" }, "geometry": { "type": "MultiPoint", "coordinates": [ [ 71.462468551649962, 51.134648765117802 ] ] } },
{ "type": "Feature", "properties": { "IsPrimary": 0, "HouseId": "9570784863355958", "Name": "в Жираф", "Number": null, "IsPorch": 0, "Intercom": 0, "HasRamp": 0, "Apartments": null, "HouseEntId": "70030076514258339" }, "geometry": { "type": "MultiPoint", "coordinates": [ [ 71.464788630534258, 51.13134510915436 ] ] } },
{ "type": "Feature", "properties": { "IsPrimary": 0, "HouseId": "70030076220850423", "Name": "в Dolce Mundo", "Number": null, "IsPorch": 0, "Intercom": 0, "HasRamp": 0, "Apartments": null, "HouseEntId": "70030076520695479" }, "geometry": { "type": "MultiPoint", "coordinates": [ [ 71.458934938648341, 51.118834780210918 ] ] } },
{ "type": "Feature", "properties": { "IsPrimary": 0, "HouseId": "9570784863379507", "Name": "в Твой дебют", "Number": null, "IsPorch": 0, "Intercom": 0, "HasRamp": 0, "Apartments": null, "HouseEntId": "70030076525803073" }, "geometry": { "type": "MultiPoint", "coordinates": [ [ 71.46550961838129, 51.119168820902267 ] ] } },
{ "type": "Feature", "properties": { "IsPrimary": 0, "HouseId": "9570784863343890", "Name": "в КО", "Number": null, "IsPorch": 0, "Intercom": 0, "HasRamp": 0, "Apartments": null, "HouseEntId": "70030076527566857" }, "geometry": { "type": "MultiPoint", "coordinates": [ [ 71.460827509288919, 51.128068897767001 ] ] } },
{ "type": "Feature", "properties": { "IsPrimary": 0, "HouseId": "9570784863343252", "Name": "в донер на хаивеле", "Number": null, "IsPorch": 0, "Intercom": 0, "HasRamp": 0, "Apartments": null, "HouseEntId": "70030076531685301" }, "geometry": { "type": "MultiPoint", "coordinates": [ [ 71.46849301327137, 51.126188755413331 ] ] } },
{ "type": "Feature", "properties": { "IsPrimary": 0, "HouseId": "9570784863343029", "Name": "Parking", "Number": null, "IsPorch": 0, "Intercom": 0, "HasRamp": 0, "Apartments": null, "HouseEntId": "70030076531685304" }, "geometry": { "type": "MultiPoint", "coordinates": [ [ 71.465491023254913, 51.127562069122241 ] ] } },
{ "type": "Feature", "properties": { "IsPrimary": 0, "HouseId": "9570784863343890", "Name": "в SPELL GAMING 2", "Number": null, "IsPorch": 0, "Intercom": 0, "HasRamp": 0, "Apartments": null, "HouseEntId": "70030076534097040" }, "geometry": { "type": "MultiPoint", "coordinates": [ [ 71.463293294912305, 51.127800826134433 ] ] } },
{ "type": "Feature", "properties": { "IsPrimary": 0, "HouseId": "9570784863324519", "Name": "Вход", "Number": null, "IsPorch": 0, "Intercom": 0, "HasRamp": 0, "Apartments": null, "HouseEntId": "70030076537928867" }, "geometry": { "type": "MultiPoint", "coordinates": [ [ 71.468303648409474, 51.133906497513294 ] ] } },
{ "type": "Feature", "properties": { "IsPrimary": 0, "HouseId": "70030076156460910", "Name": "Во freedom flowers", "Number": null, "IsPorch": 0, "Intercom": 0, "HasRamp": 0, "Apartments": null, "HouseEntId": "70030076537928873" }, "geometry": { "type": "MultiPoint", "coordinates": [ [ 71.467129729996202, 51.130717057453445 ] ] } },
{ "type": "Feature", "properties": { "IsPrimary": 0, "HouseId": "9570784863324548", "Name": "Вход", "Number": null, "IsPorch": 0, "Intercom": 0, "HasRamp": 0, "Apartments": null, "HouseEntId": "70030076537928877" }, "geometry": { "type": "MultiPoint", "coordinates": [ [ 71.465595587153985, 51.132039671060426 ] ] } },
{ "type": "Feature", "properties": { "IsPrimary": 0, "HouseId": "9570784863379451", "Name": "Вход", "Number": null, "IsPorch": 0, "Intercom": 0, "HasRamp": 0, "Apartments": null, "HouseEntId": "70030076537928886" }, "geometry": { "type": "MultiPoint", "coordinates": [ [ 71.466499112666739, 51.13230822543224 ] ] } },
{ "type": "Feature", "properties": { "IsPrimary": 0, "HouseId": "70030076220850423", "Name": "в Мята Highvill Ishim", "Number": null, "IsPorch": 0, "Intercom": 0, "HasRamp": 0, "Apartments": null, "HouseEntId": "70030076540616312" }, "geometry": { "type": "MultiPoint", "coordinates": [ [ 71.460499624210229, 51.118590112480085 ] ] } },
{ "type": "Feature", "properties": { "IsPrimary": 0, "HouseId": "70030076139045632", "Name": "в Green kids", "Number": null, "IsPorch": 0, "Intercom": 0, "HasRamp": 0, "Apartments": null, "HouseEntId": "70030076544333618" }, "geometry": { "type": "MultiPoint", "coordinates": [ [ 71.468443965256867, 51.125214009970868 ] ] } },
{ "type": "Feature", "properties": { "IsPrimary": 0, "HouseId": "9570784863359318", "Name": "в БЦК", "Number": null, "IsPorch": 0, "Intercom": 0, "HasRamp": 0, "Apartments": null, "HouseEntId": "70030076544981836" }, "geometry": { "type": "MultiPoint", "coordinates": [ [ 71.459016685339208, 51.130264602384628 ] ] } },
{ "type": "Feature", "properties": { "IsPrimary": 0, "HouseId": "70030076220850423", "Name": "в Qurmet Food", "Number": null, "IsPorch": 0, "Intercom": 0, "HasRamp": 0, "Apartments": null, "HouseEntId": "70030076557318046" }, "geometry": { "type": "MultiPoint", "coordinates": [ [ 71.460317805196723, 51.118618532121701 ] ] } },
{ "type": "Feature", "properties": { "IsPrimary": 0, "HouseId": "70030076220850423", "Name": "в COFFEE BOOM", "Number": null, "IsPorch": 0, "Intercom": 0, "HasRamp": 0, "Apartments": null, "HouseEntId": "70030076559528015" }, "geometry": { "type": "MultiPoint", "coordinates": [ [ 71.458240181607607, 51.118943383171953 ] ] } },
{ "type": "Feature", "properties": { "IsPrimary": 0, "HouseId": "70030076143969950", "Name": "в Justice New Qaz", "Number": null, "IsPorch": 0, "Intercom": 0, "HasRamp": 0, "Apartments": null, "HouseEntId": "70030076554820502" }, "geometry": { "type": "MultiPoint", "coordinates": [ [ 71.458656460910277, 51.120313303586791 ] ] } },
{ "type": "Feature", "properties": { "IsPrimary": 0, "HouseId": "9570784863334359", "Name": "в Bootcamp lounge", "Number": null, "IsPorch": 0, "Intercom": 0, "HasRamp": 0, "Apartments": null, "HouseEntId": "70030076572627649" }, "geometry": { "type": "MultiPoint", "coordinates": [ [ 71.464975839439447, 51.135651889710424 ] ] } },
{ "type": "Feature", "properties": { "IsPrimary": 0, "HouseId": "9570784863324579", "Name": "в Вило", "Number": null, "IsPorch": 0, "Intercom": 0, "HasRamp": 0, "Apartments": null, "HouseEntId": "70030076560747451" }, "geometry": { "type": "MultiPoint", "coordinates": [ [ 71.46777795430522, 51.130999261796646 ] ] } },
{ "type": "Feature", "properties": { "IsPrimary": 0, "HouseId": "9570784863334434", "Name": "в Рукотворец", "Number": null, "IsPorch": 0, "Intercom": 0, "HasRamp": 0, "Apartments": null, "HouseEntId": "70030076569084924" }, "geometry": { "type": "MultiPoint", "coordinates": [ [ 71.462066645391843, 51.134391103558251 ] ] } },
{ "type": "Feature", "properties": { "IsPrimary": 0, "HouseId": "9570784863334873", "Name": "в Бухгалтерскую Компанию", "Number": null, "IsPorch": 0, "Intercom": 0, "HasRamp": 0, "Apartments": null, "HouseEntId": "70030076578066004" }, "geometry": { "type": "MultiPoint", "coordinates": [ [ 71.460020462837676, 51.131733909521621 ] ] } },
{ "type": "Feature", "properties": { "IsPrimary": 0, "HouseId": "70030076220850423", "Name": "в АльфаМед", "Number": null, "IsPorch": 0, "Intercom": 0, "HasRamp": 0, "Apartments": null, "HouseEntId": "70030076590060934" }, "geometry": { "type": "MultiPoint", "coordinates": [ [ 71.459681977638624, 51.118717944341597 ] ] } },
{ "type": "Feature", "properties": { "IsPrimary": 0, "HouseId": "70030076220850423", "Name": "в chicko", "Number": null, "IsPorch": 0, "Intercom": 0, "HasRamp": 0, "Apartments": null, "HouseEntId": "70030076599366705" }, "geometry": { "type": "MultiPoint", "coordinates": [ [ 71.459147839370686, 51.118801454952056 ] ] } },
{ "type": "Feature", "properties": { "IsPrimary": 0, "HouseId": "70030076202097165", "Name": "в Rt group дб", "Number": null, "IsPorch": 0, "Intercom": 0, "HasRamp": 1, "Apartments": null, "HouseEntId": "70030076604107668" }, "geometry": { "type": "MultiPoint", "coordinates": [ [ 71.465241381437451, 51.129040200435313 ] ] } },
{ "type": "Feature", "properties": { "IsPrimary": 0, "HouseId": "70030076220850423", "Name": "в Level", "Number": null, "IsPorch": 0, "Intercom": 0, "HasRamp": 0, "Apartments": null, "HouseEntId": "70030076596284600" }, "geometry": { "type": "MultiPoint", "coordinates": [ [ 71.459292018973784, 51.118778899771669 ] ] } },
{ "type": "Feature", "properties": { "IsPrimary": 0, "HouseId": "9570784863349981", "Name": "в Дело Вкуса", "Number": null, "IsPorch": 0, "Intercom": 0, "HasRamp": 0, "Apartments": null, "HouseEntId": "70030076598518904" }, "geometry": { "type": "MultiPoint", "coordinates": [ [ 71.462945916391945, 51.118298077094551 ] ] } },
{ "type": "Feature", "properties": { "IsPrimary": 0, "HouseId": "9570784863335027", "Name": "в Zerde", "Number": null, "IsPorch": 0, "Intercom": 0, "HasRamp": 0, "Apartments": null, "HouseEntId": "70030076604250746" }, "geometry": { "type": "MultiPoint", "coordinates": [ [ 71.460073463439443, 51.133131692241243 ] ] } },
{ "type": "Feature", "properties": { "IsPrimary": 0, "HouseId": "9570784863349981", "Name": "в Roso", "Number": null, "IsPorch": 0, "Intercom": 0, "HasRamp": 0, "Apartments": null, "HouseEntId": "70030076608640842" }, "geometry": { "type": "MultiPoint", "coordinates": [ [ 71.461321313200614, 51.118736383226725 ] ] } },
{ "type": "Feature", "properties": { "IsPrimary": 0, "HouseId": "70030076220850423", "Name": "в Beer Mart", "Number": null, "IsPorch": 0, "Intercom": 0, "HasRamp": 0, "Apartments": null, "HouseEntId": "70030076615547066" }, "geometry": { "type": "MultiPoint", "coordinates": [ [ 71.457674602304735, 51.11903213742719 ] ] } },
{ "type": "Feature", "properties": { "IsPrimary": 0, "HouseId": "70030076612016845", "Name": "в кассу", "Number": null, "IsPorch": 0, "Intercom": 0, "HasRamp": 0, "Apartments": null, "HouseEntId": "70030076612427178" }, "geometry": { "type": "MultiPoint", "coordinates": [ [ 71.457636693399749, 51.127148596562286 ] ] } },
{ "type": "Feature", "properties": { "IsPrimary": 0, "HouseId": "70030076220850423", "Name": "в Pate", "Number": null, "IsPorch": 0, "Intercom": 0, "HasRamp": 0, "Apartments": null, "HouseEntId": "70030076621366174" }, "geometry": { "type": "MultiPoint", "coordinates": [ [ 71.457366031004625, 51.119080630785582 ] ] } },
{ "type": "Feature", "properties": { "IsPrimary": 0, "HouseId": "70030076220850423", "Name": "в Mandarin", "Number": null, "IsPorch": 0, "Intercom": 0, "HasRamp": 0, "Apartments": null, "HouseEntId": "70030076623891933" }, "geometry": { "type": "MultiPoint", "coordinates": [ [ 71.459572652668541, 51.118735029914298 ] ] } },
{ "type": "Feature", "properties": { "IsPrimary": 0, "HouseId": "9570784863379508", "Name": "в Сервис по ремонту велосипедов", "Number": null, "IsPorch": 0, "Intercom": 0, "HasRamp": 0, "Apartments": null, "HouseEntId": "70030076632423976" }, "geometry": { "type": "MultiPoint", "coordinates": [ [ 71.465875502196511, 51.119737992708338 ] ] } },
{ "type": "Feature", "properties": { "IsPrimary": 0, "HouseId": "9570784863364485", "Name": "в city", "Number": null, "IsPorch": 0, "Intercom": 0, "HasRamp": 0, "Apartments": null, "HouseEntId": "70030076633730585" }, "geometry": { "type": "MultiPoint", "coordinates": [ [ 71.462969272589319, 51.119788909955403 ] ] } },
{ "type": "Feature", "properties": { "IsPrimary": 0, "HouseId": "9570784863333992", "Name": "в паркинг", "Number": null, "IsPorch": 0, "Intercom": 0, "HasRamp": 0, "Apartments": null, "HouseEntId": "70030076633890726" }, "geometry": { "type": "MultiPoint", "coordinates": [ [ 71.466172395397905, 51.135031900857946 ] ] } },
{ "type": "Feature", "properties": { "IsPrimary": 0, "HouseId": "9570784907050665", "Name": "в Nails Zone French", "Number": null, "IsPorch": 0, "Intercom": 0, "HasRamp": 0, "Apartments": null, "HouseEntId": "70030076642865569" }, "geometry": { "type": "MultiPoint", "coordinates": [ [ 71.461701031071215, 51.133169122201835 ] ] } },
{ "type": "Feature", "properties": { "IsPrimary": 0, "HouseId": "70030076220850423", "Name": "В Tap tatti", "Number": null, "IsPorch": 0, "Intercom": 0, "HasRamp": 0, "Apartments": null, "HouseEntId": "70030076655114078" }, "geometry": { "type": "MultiPoint", "coordinates": [ [ 71.45874799923773, 51.118863932744219 ] ] } },
{ "type": "Feature", "properties": { "IsPrimary": 0, "HouseId": "70030076220850423", "Name": "В Ювелирный дом", "Number": null, "IsPorch": 0, "Intercom": 0, "HasRamp": 0, "Apartments": null, "HouseEntId": "70030076655114080" }, "geometry": { "type": "MultiPoint", "coordinates": [ [ 71.458585763497396, 51.118889307274671 ] ] } },
{ "type": "Feature", "properties": { "IsPrimary": 0, "HouseId": "70030076220850423", "Name": "В Диону", "Number": null, "IsPorch": 0, "Intercom": 0, "HasRamp": 0, "Apartments": null, "HouseEntId": "70030076655114082" }, "geometry": { "type": "MultiPoint", "coordinates": [ [ 71.458521713617642, 51.118899344307316 ] ] } },
{ "type": "Feature", "properties": { "IsPrimary": 0, "HouseId": "70030076182601998", "Name": "В Нотариус", "Number": null, "IsPorch": 0, "Intercom": 0, "HasRamp": 0, "Apartments": null, "HouseEntId": "70030076655114084" }, "geometry": { "type": "MultiPoint", "coordinates": [ [ 71.460405121442335, 51.120046652988378 ] ] } },
{ "type": "Feature", "properties": { "IsPrimary": 0, "HouseId": "9570784863364485", "Name": "В CafeOk", "Number": null, "IsPorch": 0, "Intercom": 0, "HasRamp": 0, "Apartments": null, "HouseEntId": "70030076655114086" }, "geometry": { "type": "MultiPoint", "coordinates": [ [ 71.46627345586738, 51.119571933301167 ] ] } },
{ "type": "Feature", "properties": { "IsPrimary": 0, "HouseId": "70030076143559667", "Name": "в Marshmallow Academy Preschool", "Number": null, "IsPorch": 0, "Intercom": 0, "HasRamp": 0, "Apartments": null, "HouseEntId": "70030076676637649" }, "geometry": { "type": "MultiPoint", "coordinates": [ [ 71.46777687632688, 51.125427182676141 ] ] } },
{ "type": "Feature", "properties": { "IsPrimary": 0, "HouseId": "9570784863379508", "Name": "в Компания по продаже авиа и железнодорожных билетов", "Number": null, "IsPorch": 0, "Intercom": 0, "HasRamp": 0, "Apartments": null, "HouseEntId": "70030076656037848" }, "geometry": { "type": "MultiPoint", "coordinates": [ [ 71.465899307551538, 51.119676249127494 ] ] } },
{ "type": "Feature", "properties": { "IsPrimary": 0, "HouseId": "9570784863334873", "Name": "в FamilyFit", "Number": null, "IsPorch": 0, "Intercom": 0, "HasRamp": 0, "Apartments": null, "HouseEntId": "70030076658385711" }, "geometry": { "type": "MultiPoint", "coordinates": [ [ 71.460070498999002, 51.131725961047543 ] ] } },
{ "type": "Feature", "properties": { "IsPrimary": 0, "HouseId": "9570784863349981", "Name": "в Мастерская у Афони", "Number": null, "IsPorch": 0, "Intercom": 0, "HasRamp": 0, "Apartments": null, "HouseEntId": "70030076658392305" }, "geometry": { "type": "MultiPoint", "coordinates": [ [ 71.464392293830898, 51.118711008612273 ] ] } },
{ "type": "Feature", "properties": { "IsPrimary": 0, "HouseId": "9570784863324519", "Name": "в Aldiyar", "Number": null, "IsPorch": 0, "Intercom": 0, "HasRamp": 0, "Apartments": null, "HouseEntId": "70030076673223299" }, "geometry": { "type": "MultiPoint", "coordinates": [ [ 71.46828604142992, 51.133930172697049 ] ] } },
{ "type": "Feature", "properties": { "IsPrimary": 0, "HouseId": "9570784863363476", "Name": "в звук", "Number": null, "IsPorch": 0, "Intercom": 0, "HasRamp": 0, "Apartments": null, "HouseEntId": "70030076686689806" }, "geometry": { "type": "MultiPoint", "coordinates": [ [ 71.455296941410722, 51.120148599518579 ] ] } },
{ "type": "Feature", "properties": { "IsPrimary": 0, "HouseId": "70030076307859610", "Name": "в Delicato", "Number": null, "IsPorch": 0, "Intercom": 0, "HasRamp": 0, "Apartments": null, "HouseEntId": "70030076689321904" }, "geometry": { "type": "MultiPoint", "coordinates": [ [ 71.461708217593483, 51.118957423723039 ] ] } },
{ "type": "Feature", "properties": { "IsPrimary": 0, "HouseId": "70030076220850423", "Name": "в Base", "Number": null, "IsPorch": 0, "Intercom": 0, "HasRamp": 0, "Apartments": null, "HouseEntId": "70030076693066560" }, "geometry": { "type": "MultiPoint", "coordinates": [ [ 71.459216829984499, 51.118790684854794 ] ] } },
{ "type": "Feature", "properties": { "IsPrimary": 0, "HouseId": "70030076247337809", "Name": "в Delish", "Number": null, "IsPorch": 0, "Intercom": 0, "HasRamp": 0, "Apartments": null, "HouseEntId": "70030076696466042" }, "geometry": { "type": "MultiPoint", "coordinates": [ [ 71.456015952964123, 51.120358017736081 ] ] } },
{ "type": "Feature", "properties": { "IsPrimary": 0, "HouseId": "70030076220850423", "Name": "в Titalee", "Number": null, "IsPorch": 0, "Intercom": 0, "HasRamp": 0, "Apartments": null, "HouseEntId": "70030076696466957" }, "geometry": { "type": "MultiPoint", "coordinates": [ [ 71.460145957482865, 51.118645429266401 ] ] } },
{ "type": "Feature", "properties": { "IsPrimary": 0, "HouseId": "70030076697219600", "Name": "в ЖК", "Number": null, "IsPorch": 0, "Intercom": 0, "HasRamp": 0, "Apartments": null, "HouseEntId": "70030076697259061" }, "geometry": { "type": "MultiPoint", "coordinates": [ [ 71.463201307427198, 51.129300315982668 ] ] } },
{ "type": "Feature", "properties": { "IsPrimary": 0, "HouseId": "9570784863335027", "Name": "в Лучше чем ломбард", "Number": null, "IsPorch": 0, "Intercom": 0, "HasRamp": 0, "Apartments": null, "HouseEntId": "70030076701159178" }, "geometry": { "type": "MultiPoint", "coordinates": [ [ 71.460027379865366, 51.133016132683522 ] ] } },
{ "type": "Feature", "properties": { "IsPrimary": 0, "HouseId": "70030076220850423", "Name": "в паркинг", "Number": null, "IsPorch": 0, "Intercom": 0, "HasRamp": 0, "Apartments": null, "HouseEntId": "70030076713242346" }, "geometry": { "type": "MultiPoint", "coordinates": [ [ 71.45718546963252, 51.119412470598981 ] ] } },
{ "type": "Feature", "properties": { "IsPrimary": 0, "HouseId": "9570784863343890", "Name": "в Keanu Bar", "Number": null, "IsPorch": 0, "Intercom": 0, "HasRamp": 0, "Apartments": null, "HouseEntId": "70030076714345085" }, "geometry": { "type": "MultiPoint", "coordinates": [ [ 71.462364347076999, 51.128402251550973 ] ] } },
{ "type": "Feature", "properties": { "IsPrimary": 0, "HouseId": "9570784863364485", "Name": "в Шиномонтажная мастерская", "Number": null, "IsPorch": 0, "Intercom": 0, "HasRamp": 0, "Apartments": null, "HouseEntId": "70030076728408155" }, "geometry": { "type": "MultiPoint", "coordinates": [ [ 71.463079945032334, 51.119465192592884 ] ] } },
{ "type": "Feature", "properties": { "IsPrimary": 0, "HouseId": "9570784863334862", "Name": "в Доктрина Азия", "Number": null, "IsPorch": 0, "Intercom": 0, "HasRamp": 0, "Apartments": null, "HouseEntId": "70030076730224537" }, "geometry": { "type": "MultiPoint", "coordinates": [ [ 71.460125655557434, 51.131196341553796 ] ] } },
{ "type": "Feature", "properties": { "IsPrimary": 0, "HouseId": "9570784863335027", "Name": "в Optic store", "Number": null, "IsPorch": 0, "Intercom": 0, "HasRamp": 0, "Apartments": null, "HouseEntId": "70030076711149951" }, "geometry": { "type": "MultiPoint", "coordinates": [ [ 71.460288879444562, 51.13347549430803 ] ] } },
{ "type": "Feature", "properties": { "IsPrimary": 0, "HouseId": "70030076143969950", "Name": "в Mercury cyber club", "Number": null, "IsPorch": 0, "Intercom": 0, "HasRamp": 0, "Apartments": null, "HouseEntId": "70030076739651779" }, "geometry": { "type": "MultiPoint", "coordinates": [ [ 71.457825519272447, 51.119972448403466 ] ] } },
{ "type": "Feature", "properties": { "IsPrimary": 0, "HouseId": "9570784863349981", "Name": "в DosBros Chicken", "Number": null, "IsPorch": 0, "Intercom": 0, "HasRamp": 0, "Apartments": null, "HouseEntId": "70030076743551592" }, "geometry": { "type": "MultiPoint", "coordinates": [ [ 71.463724396417163, 51.118427939746269 ] ] } },
{ "type": "Feature", "properties": { "IsPrimary": 0, "HouseId": "9570784863343029", "Name": "в Aikido_jj_kz", "Number": null, "IsPorch": 0, "Intercom": 0, "HasRamp": 0, "Apartments": null, "HouseEntId": "70030076747060205" }, "geometry": { "type": "MultiPoint", "coordinates": [ [ 71.465835976324001, 51.127137715655458 ] ] } },
{ "type": "Feature", "properties": { "IsPrimary": 0, "HouseId": "9570784863355771", "Name": "в Lynx auto", "Number": null, "IsPorch": 0, "Intercom": 0, "HasRamp": 0, "Apartments": null, "HouseEntId": "70030076747357118" }, "geometry": { "type": "MultiPoint", "coordinates": [ [ 71.465554264650919, 51.130334844267111 ] ] } },
{ "type": "Feature", "properties": { "IsPrimary": 0, "HouseId": "9570784863379507", "Name": "в озон", "Number": null, "IsPorch": 0, "Intercom": 0, "HasRamp": 0, "Apartments": null, "HouseEntId": "70030076750030848" }, "geometry": { "type": "MultiPoint", "coordinates": [ [ 71.465055520005166, 51.119197634900061 ] ] } },
{ "type": "Feature", "properties": { "IsPrimary": 0, "HouseId": "9570784863355942", "Name": "в Мастер Шин", "Number": null, "IsPorch": 0, "Intercom": 0, "HasRamp": 0, "Apartments": null, "HouseEntId": "70030076751793806" }, "geometry": { "type": "MultiPoint", "coordinates": [ [ 71.46817536898692, 51.13107384327963 ] ] } },
{ "type": "Feature", "properties": { "IsPrimary": 0, "HouseId": "70030076220850423", "Name": "в Aksess_ast", "Number": null, "IsPorch": 0, "Intercom": 0, "HasRamp": 0, "Apartments": null, "HouseEntId": "70030076778647542" }, "geometry": { "type": "MultiPoint", "coordinates": [ [ 71.457206759704775, 51.119466489496801 ], [ 71.457154477755211, 51.119334035949088 ] ] } },
{ "type": "Feature", "properties": { "IsPrimary": 0, "HouseId": "70030076737725378", "Name": "в магаз", "Number": null, "IsPorch": 0, "Intercom": 0, "HasRamp": 0, "Apartments": null, "HouseEntId": "70030076737725471" }, "geometry": { "type": "MultiPoint", "coordinates": [ [ 71.440013184829766, 51.130414838704567 ] ] } },
{ "type": "Feature", "properties": { "IsPrimary": 0, "HouseId": "9570784863334862", "Name": "в Академию", "Number": null, "IsPorch": 0, "Intercom": 0, "HasRamp": 0, "Apartments": null, "HouseEntId": "70030076738770484" }, "geometry": { "type": "MultiPoint", "coordinates": [ [ 71.459436108745365, 51.131314160572131 ] ] } },
{ "type": "Feature", "properties": { "IsPrimary": 0, "HouseId": "9570784863349889", "Name": "в i7 group", "Number": null, "IsPorch": 0, "Intercom": 0, "HasRamp": 0, "Apartments": null, "HouseEntId": "70030076733537632" }, "geometry": { "type": "MultiPoint", "coordinates": [ [ 71.465343430053736, 51.11814357220495 ] ] } },
{ "type": "Feature", "properties": { "IsPrimary": 0, "HouseId": "70030076220850423", "Name": "в Pipes, лаундж-бар", "Number": null, "IsPorch": 0, "Intercom": 0, "HasRamp": 0, "Apartments": null, "HouseEntId": "70030076783458999" }, "geometry": { "type": "MultiPoint", "coordinates": [ [ 71.458144690692905, 51.118958325927004 ] ] } },
{ "type": "Feature", "properties": { "IsPrimary": 0, "HouseId": "9570784863335027", "Name": "В Wedrink", "Number": null, "IsPorch": 0, "Intercom": 0, "HasRamp": 0, "Apartments": null, "HouseEntId": "70030076786395829" }, "geometry": { "type": "MultiPoint", "coordinates": [ [ 71.459873947614838, 51.132631345456957 ] ] } },
{ "type": "Feature", "properties": { "IsPrimary": 0, "HouseId": "9570784863334873", "Name": "В respect", "Number": null, "IsPorch": 0, "Intercom": 0, "HasRamp": 0, "Apartments": null, "HouseEntId": "70030076786395853" }, "geometry": { "type": "MultiPoint", "coordinates": [ [ 71.459670838529092, 51.131901221764906 ] ] } },
{ "type": "Feature", "properties": { "IsPrimary": 0, "HouseId": "9570784863334873", "Name": "В бункер", "Number": null, "IsPorch": 0, "Intercom": 0, "HasRamp": 0, "Apartments": null, "HouseEntId": "70030076786395861" }, "geometry": { "type": "MultiPoint", "coordinates": [ [ 71.459747824148934, 51.132093844307768 ] ] } },
{ "type": "Feature", "properties": { "IsPrimary": 0, "HouseId": "9570784863342921", "Name": "в Car City KZ", "Number": null, "IsPorch": 0, "Intercom": 0, "HasRamp": 0, "Apartments": null, "HouseEntId": "70030076790286534" }, "geometry": { "type": "MultiPoint", "coordinates": [ [ 71.469559313513628, 51.127239759292358 ] ] } },
{ "type": "Feature", "properties": { "IsPrimary": 0, "HouseId": "70030076790964945", "Name": "в iStop", "Number": null, "IsPorch": 0, "Intercom": 0, "HasRamp": 0, "Apartments": null, "HouseEntId": "70030076790964973" }, "geometry": { "type": "MultiPoint", "coordinates": [ [ 71.46566673372449, 51.136652061470691 ] ] } },
{ "type": "Feature", "properties": { "IsPrimary": 0, "HouseId": "9570784863334434", "Name": "в Restyle", "Number": null, "IsPorch": 0, "Intercom": 0, "HasRamp": 0, "Apartments": null, "HouseEntId": "70030076792344903" }, "geometry": { "type": "MultiPoint", "coordinates": [ [ 71.46251759966448, 51.134662744526871 ] ] } },
{ "type": "Feature", "properties": { "IsPrimary": 0, "HouseId": "9570784863343890", "Name": "в EcoShop", "Number": null, "IsPorch": 0, "Intercom": 0, "HasRamp": 0, "Apartments": null, "HouseEntId": "70030076792665651" }, "geometry": { "type": "MultiPoint", "coordinates": [ [ 71.460791307182973, 51.128074479052586 ] ] } },
{ "type": "Feature", "properties": { "IsPrimary": 0, "HouseId": "9570784863379507", "Name": "в Mix", "Number": null, "IsPorch": 0, "Intercom": 0, "HasRamp": 0, "Apartments": null, "HouseEntId": "70030076794419673" }, "geometry": { "type": "MultiPoint", "coordinates": [ [ 71.464959400269763, 51.119110516202042 ] ] } },
{ "type": "Feature", "properties": { "IsPrimary": 0, "HouseId": "70030076605502783", "Name": "в Пост полиции", "Number": null, "IsPorch": 0, "Intercom": 0, "HasRamp": 0, "Apartments": null, "HouseEntId": "70030076815763051" }, "geometry": { "type": "MultiPoint", "coordinates": [ [ 71.467435336855843, 51.122000401038207 ] ] } },
{ "type": "Feature", "properties": { "IsPrimary": 0, "HouseId": "70030076242253945", "Name": "В овощной", "Number": null, "IsPorch": 0, "Intercom": 0, "HasRamp": 0, "Apartments": null, "HouseEntId": "70030076816302839" }, "geometry": { "type": "MultiPoint", "coordinates": [ [ 71.465903439801849, 51.135702676681824 ] ] } },
{ "type": "Feature", "properties": { "IsPrimary": 0, "HouseId": "70030076247337809", "Name": "в Highvill Market", "Number": null, "IsPorch": 0, "Intercom": 0, "HasRamp": 0, "Apartments": null, "HouseEntId": "70030076809075196" }, "geometry": { "type": "MultiPoint", "coordinates": [ [ 71.457298747189839, 51.120408934299789 ] ] } },
{ "type": "Feature", "properties": { "IsPrimary": 0, "HouseId": "9570784863349981", "Name": "в Chocobons_ast", "Number": null, "IsPorch": 0, "Intercom": 0, "HasRamp": 0, "Apartments": null, "HouseEntId": "70030076821458427" }, "geometry": { "type": "MultiPoint", "coordinates": [ [ 71.461364432334236, 51.118590676362039 ] ] } },
{ "type": "Feature", "properties": { "IsPrimary": 0, "HouseId": "9570784863343890", "Name": "В Punto", "Number": null, "IsPorch": 0, "Intercom": 0, "HasRamp": 0, "Apartments": null, "HouseEntId": "70030076826825324" }, "geometry": { "type": "MultiPoint", "coordinates": [ [ 71.463402799545449, 51.128080003960896 ] ] } },
{ "type": "Feature", "properties": { "IsPrimary": 0, "HouseId": "9570784863342809", "Name": "в Highvill Apartament", "Number": null, "IsPorch": 0, "Intercom": 0, "HasRamp": 0, "Apartments": null, "HouseEntId": "70030076831543791" }, "geometry": { "type": "MultiPoint", "coordinates": [ [ 71.461852487028111, 51.127513528289434 ] ] } },
{ "type": "Feature", "properties": { "IsPrimary": 0, "HouseId": "9570784863343890", "Name": "в Диону", "Number": null, "IsPorch": 0, "Intercom": 0, "HasRamp": 0, "Apartments": null, "HouseEntId": "70030076834991037" }, "geometry": { "type": "MultiPoint", "coordinates": [ [ 71.462391566030107, 51.127724378923169 ] ] } },
{ "type": "Feature", "properties": { "IsPrimary": 0, "HouseId": "9570784863343890", "Name": "в Паркинг", "Number": null, "IsPorch": 0, "Intercom": 0, "HasRamp": 0, "Apartments": null, "HouseEntId": "70030076839007090" }, "geometry": { "type": "MultiPoint", "coordinates": [ [ 71.461556941299648, 51.128526899202221 ] ] } },
{ "type": "Feature", "properties": { "IsPrimary": 0, "HouseId": "9570784863334359", "Name": "в Томирис", "Number": null, "IsPorch": 0, "Intercom": 0, "HasRamp": 0, "Apartments": null, "HouseEntId": "70030076832474731" }, "geometry": { "type": "MultiPoint", "coordinates": [ [ 71.465374062604909, 51.135765244350047 ] ] } },
{ "type": "Feature", "properties": { "IsPrimary": 0, "HouseId": "9570784863343890", "Name": "в Бибигон", "Number": null, "IsPorch": 0, "Intercom": 0, "HasRamp": 0, "Apartments": null, "HouseEntId": "70030076846800946" }, "geometry": { "type": "MultiPoint", "coordinates": [ [ 71.462133210554384, 51.128437881307427 ] ] } },
{ "type": "Feature", "properties": { "IsPrimary": 0, "HouseId": "70030076247337809", "Name": "в Black Belt", "Number": null, "IsPorch": 0, "Intercom": 0, "HasRamp": 0, "Apartments": null, "HouseEntId": "70030076862813395" }, "geometry": { "type": "MultiPoint", "coordinates": [ [ 71.457521259885723, 51.119902472694065 ] ] } },
{ "type": "Feature", "properties": { "IsPrimary": 0, "HouseId": "9570784863344615", "Name": "в VeloProService", "Number": null, "IsPorch": 0, "Intercom": 0, "HasRamp": 0, "Apartments": null, "HouseEntId": "70030076865978141" }, "geometry": { "type": "MultiPoint", "coordinates": [ [ 71.459111277938604, 51.128052435789392 ] ] } },
{ "type": "Feature", "properties": { "IsPrimary": 0, "HouseId": "70030076261391675", "Name": "в Qurmet", "Number": null, "IsPorch": 0, "Intercom": 0, "HasRamp": 0, "Apartments": null, "HouseEntId": "70030076860298771" }, "geometry": { "type": "MultiPoint", "coordinates": [ [ 71.461251963260665, 51.132467361763261 ] ] } },
{ "type": "Feature", "properties": { "IsPrimary": 0, "HouseId": "70030076220850423", "Name": "в Marakanda", "Number": null, "IsPorch": 0, "Intercom": 0, "HasRamp": 0, "Apartments": null, "HouseEntId": "70030076872404886" }, "geometry": { "type": "MultiPoint", "coordinates": [ [ 71.457983443099408, 51.118983644017881 ] ] } },
{ "type": "Feature", "properties": { "IsPrimary": 0, "HouseId": "9570784863343029", "Name": "в Delish", "Number": null, "IsPorch": 0, "Intercom": 0, "HasRamp": 0, "Apartments": null, "HouseEntId": "70030076872462641" }, "geometry": { "type": "MultiPoint", "coordinates": [ [ 71.465900385529878, 51.127681306839854 ] ] } },
{ "type": "Feature", "properties": { "IsPrimary": 0, "HouseId": "9570784863380745", "Name": "в Kz_cargo8888", "Number": null, "IsPorch": 0, "Intercom": 0, "HasRamp": 0, "Apartments": null, "HouseEntId": "70030076884288638" }, "geometry": { "type": "MultiPoint", "coordinates": [ [ 71.467232048107064, 51.134754230635714 ] ] } },
{ "type": "Feature", "properties": { "IsPrimary": 0, "HouseId": "9570784863375166", "Name": "Вход", "Number": null, "IsPorch": 0, "Intercom": 0, "HasRamp": 0, "Apartments": null, "HouseEntId": "70030076885665952" }, "geometry": { "type": "MultiPoint", "coordinates": [ [ 71.457628428899127, 51.127440745133285 ] ] } },
{ "type": "Feature", "properties": { "IsPrimary": 0, "HouseId": "70030076261391675", "Name": "в ОТИС", "Number": null, "IsPorch": 0, "Intercom": 0, "HasRamp": 0, "Apartments": null, "HouseEntId": "70030076888120534" }, "geometry": { "type": "MultiPoint", "coordinates": [ [ 71.46176364364652, 51.132615279703138 ] ] } },
{ "type": "Feature", "properties": { "IsPrimary": 0, "HouseId": "70030076888675105", "Name": "вход", "Number": null, "IsPorch": 0, "Intercom": 0, "HasRamp": 0, "Apartments": null, "HouseEntId": "70030076888688266" }, "geometry": { "type": "MultiPoint", "coordinates": [ [ 71.456917861509382, 51.127464254499905 ] ] } },
{ "type": "Feature", "properties": { "IsPrimary": 0, "HouseId": "70030076247337809", "Name": "в паркинг", "Number": null, "IsPorch": 0, "Intercom": 0, "HasRamp": 0, "Apartments": null, "HouseEntId": "70030076893003129" }, "geometry": { "type": "MultiPoint", "coordinates": [ [ 71.457538777033761, 51.120026974124499 ] ] } },
{ "type": "Feature", "properties": { "IsPrimary": 0, "HouseId": "70030076220850423", "Name": "В паркинг 2", "Number": null, "IsPorch": 0, "Intercom": 0, "HasRamp": 0, "Apartments": null, "HouseEntId": "70030076893003136" }, "geometry": { "type": "MultiPoint", "coordinates": [ [ 71.460631496893939, 51.118822149320373 ] ] } },
{ "type": "Feature", "properties": { "IsPrimary": 0, "HouseId": "9570784863364485", "Name": "в Cts", "Number": null, "IsPorch": 0, "Intercom": 0, "HasRamp": 0, "Apartments": null, "HouseEntId": "70030076893003146" }, "geometry": { "type": "MultiPoint", "coordinates": [ [ 71.466295105265729, 51.119628827745927 ] ] } },
{ "type": "Feature", "properties": { "IsPrimary": 0, "HouseId": "9570784863364485", "Name": "в ALC", "Number": null, "IsPorch": 0, "Intercom": 0, "HasRamp": 0, "Apartments": null, "HouseEntId": "70030076893003155" }, "geometry": { "type": "MultiPoint", "coordinates": [ [ 71.464524885166824, 51.119827760397406 ] ] } },
{ "type": "Feature", "properties": { "IsPrimary": 0, "HouseId": "9570784863349889", "Name": "в творчество", "Number": null, "IsPorch": 0, "Intercom": 0, "HasRamp": 0, "Apartments": null, "HouseEntId": "70030076893003181" }, "geometry": { "type": "MultiPoint", "coordinates": [ [ 71.465720363146943, 51.118202498400805 ] ] } },
{ "type": "Feature", "properties": { "IsPrimary": 0, "HouseId": "9570784863363476", "Name": "в Blck", "Number": null, "IsPorch": 0, "Intercom": 0, "HasRamp": 0, "Apartments": null, "HouseEntId": "70030076893091668" }, "geometry": { "type": "MultiPoint", "coordinates": [ [ 71.455030501097454, 51.120023760097233 ] ] } },
{ "type": "Feature", "properties": { "IsPrimary": 0, "HouseId": "9570784863380745", "Name": "в OrkenOskin", "Number": null, "IsPorch": 0, "Intercom": 0, "HasRamp": 0, "Apartments": null, "HouseEntId": "70030076895842657" }, "geometry": { "type": "MultiPoint", "coordinates": [ [ 71.467373981921952, 51.134795999649164 ] ] } },
{ "type": "Feature", "properties": { "IsPrimary": 0, "HouseId": "70030076143969950", "Name": "в Жетіген", "Number": null, "IsPorch": 0, "Intercom": 0, "HasRamp": 0, "Apartments": null, "HouseEntId": "70030076908613869" }, "geometry": { "type": "MultiPoint", "coordinates": [ [ 71.457781411992016, 51.12016867303452 ] ] } },
{ "type": "Feature", "properties": { "IsPrimary": 0, "HouseId": "70030076143969950", "Name": "в Like Komek", "Number": null, "IsPorch": 0, "Intercom": 0, "HasRamp": 0, "Apartments": null, "HouseEntId": "70030076908741940" }, "geometry": { "type": "MultiPoint", "coordinates": [ [ 71.458229940813368, 51.119732184868184 ] ] } },
{ "type": "Feature", "properties": { "IsPrimary": 0, "HouseId": "9570784863335027", "Name": "в Zoo Oceanica", "Number": null, "IsPorch": 0, "Intercom": 0, "HasRamp": 0, "Apartments": null, "HouseEntId": "70030076909150889" }, "geometry": { "type": "MultiPoint", "coordinates": [ [ 71.460235070359062, 51.133392573925732 ] ] } },
{ "type": "Feature", "properties": { "IsPrimary": 0, "HouseId": "70030076220850423", "Name": "в Korean pub", "Number": null, "IsPorch": 0, "Intercom": 0, "HasRamp": 0, "Apartments": null, "HouseEntId": "70030076898986501" }, "geometry": { "type": "MultiPoint", "coordinates": [ [ 71.4589980003813, 51.118824855940062 ] ] } },
{ "type": "Feature", "properties": { "IsPrimary": 0, "HouseId": "9570784863335027", "Name": "В глобал", "Number": null, "IsPorch": 0, "Intercom": 0, "HasRamp": 0, "Apartments": null, "HouseEntId": "70030076916022379" }, "geometry": { "type": "MultiPoint", "coordinates": [ [ 71.459887063017987, 51.132664153400022 ] ] } },
{ "type": "Feature", "properties": { "IsPrimary": 0, "HouseId": "9570784863334873", "Name": "В Харчо-Хинкали", "Number": null, "IsPorch": 0, "Intercom": 0, "HasRamp": 0, "Apartments": null, "HouseEntId": "70030076916022386" }, "geometry": { "type": "MultiPoint", "coordinates": [ [ 71.459551991417015, 51.131604027901375 ] ] } },
{ "type": "Feature", "properties": { "IsPrimary": 0, "HouseId": "70030076412407862", "Name": "В киоск", "Number": null, "IsPorch": 0, "Intercom": 0, "HasRamp": 0, "Apartments": null, "HouseEntId": "70030076916022391" }, "geometry": { "type": "MultiPoint", "coordinates": [ [ 71.459946082332152, 51.132137983337458 ] ] } },
{ "type": "Feature", "properties": { "IsPrimary": 0, "HouseId": "70030076261391675", "Name": "В aba", "Number": null, "IsPorch": 0, "Intercom": 0, "HasRamp": 0, "Apartments": null, "HouseEntId": "70030076916022395" }, "geometry": { "type": "MultiPoint", "coordinates": [ [ 71.461947169459052, 51.132668324855032 ] ] } },
{ "type": "Feature", "properties": { "IsPrimary": 0, "HouseId": "9570784907050665", "Name": "В wb", "Number": null, "IsPorch": 0, "Intercom": 0, "HasRamp": 0, "Apartments": null, "HouseEntId": "70030076916022397" }, "geometry": { "type": "MultiPoint", "coordinates": [ [ 71.461490376137078, 51.133112244433484 ] ] } },
{ "type": "Feature", "properties": { "IsPrimary": 0, "HouseId": "9570784863334401", "Name": "в SKY OF ASTANA", "Number": null, "IsPorch": 0, "Intercom": 0, "HasRamp": 0, "Apartments": null, "HouseEntId": "70030076920858086" }, "geometry": { "type": "MultiPoint", "coordinates": [ [ 71.465936138478185, 51.13517372284447 ] ] } },
{ "type": "Feature", "properties": { "IsPrimary": 0, "HouseId": "9570784863349981", "Name": "в Процедурный", "Number": null, "IsPorch": 0, "Intercom": 0, "HasRamp": 0, "Apartments": null, "HouseEntId": "70030076922892617" }, "geometry": { "type": "MultiPoint", "coordinates": [ [ 71.464640588175428, 51.11867351054542 ] ] } },
{ "type": "Feature", "properties": { "IsPrimary": 0, "HouseId": "9570784863334039", "Name": "в Infinity", "Number": null, "IsPorch": 0, "Intercom": 0, "HasRamp": 0, "Apartments": null, "HouseEntId": "70030076922904272" }, "geometry": { "type": "MultiPoint", "coordinates": [ [ 71.466860415074024, 51.133890883159268 ] ] } },
{ "type": "Feature", "properties": { "IsPrimary": 0, "HouseId": "9570784863324540", "Name": "в Karkas Group", "Number": null, "IsPorch": 0, "Intercom": 0, "HasRamp": 0, "Apartments": null, "HouseEntId": "70030076926259517" }, "geometry": { "type": "MultiPoint", "coordinates": [ [ 71.464985002255361, 51.132056075245039 ] ] } },
{ "type": "Feature", "properties": { "IsPrimary": 0, "HouseId": "70030076220850423", "Name": "в Sapsan", "Number": null, "IsPorch": 0, "Intercom": 0, "HasRamp": 0, "Apartments": null, "HouseEntId": "70030076937265569" }, "geometry": { "type": "MultiPoint", "coordinates": [ [ 71.45719580025829, 51.11910741488613 ] ] } },
{ "type": "Feature", "properties": { "IsPrimary": 0, "HouseId": "9570784863334862", "Name": "в Hot Spot Doner Shop", "Number": null, "IsPorch": 0, "Intercom": 0, "HasRamp": 0, "Apartments": null, "HouseEntId": "70030076943307826" }, "geometry": { "type": "MultiPoint", "coordinates": [ [ 71.459497643342317, 51.131468057688771 ] ] } },
{ "type": "Feature", "properties": { "IsPrimary": 0, "HouseId": "9570784863344615", "Name": "в Sardar Group", "Number": null, "IsPorch": 0, "Intercom": 0, "HasRamp": 0, "Apartments": null, "HouseEntId": "70030076943338391" }, "geometry": { "type": "MultiPoint", "coordinates": [ [ 71.458416251403293, 51.128966686803132 ] ] } },
{ "type": "Feature", "properties": { "IsPrimary": 0, "HouseId": "70030076945125036", "Name": "в Malina", "Number": null, "IsPorch": 0, "Intercom": 0, "HasRamp": 0, "Apartments": null, "HouseEntId": "70030076945128533" }, "geometry": { "type": "MultiPoint", "coordinates": [ [ 71.461065742502285, 51.127596290096804 ] ] } },
{ "type": "Feature", "properties": { "IsPrimary": 0, "HouseId": "9570784863334873", "Name": "в WPS", "Number": null, "IsPorch": 0, "Intercom": 0, "HasRamp": 0, "Apartments": null, "HouseEntId": "70030076947988681" }, "geometry": { "type": "MultiPoint", "coordinates": [ [ 71.459980397976011, 51.132073832345547 ] ] } },
{ "type": "Feature", "properties": { "IsPrimary": 0, "HouseId": "70030076471828010", "Name": "в Astana_comfort_apartament", "Number": null, "IsPorch": 0, "Intercom": 0, "HasRamp": 0, "Apartments": null, "HouseEntId": "70030076949204594" }, "geometry": { "type": "MultiPoint", "coordinates": [ [ 71.466369665434314, 51.133319405442982 ] ] } },
{ "type": "Feature", "properties": { "IsPrimary": 0, "HouseId": "9570784863324558", "Name": "в сауну", "Number": null, "IsPorch": 0, "Intercom": 0, "HasRamp": 0, "Apartments": null, "HouseEntId": "70030076949277444" }, "geometry": { "type": "MultiPoint", "coordinates": [ [ 71.464680203879453, 51.13107384327963 ] ] } },
{ "type": "Feature", "properties": { "IsPrimary": 0, "HouseId": "9570784863334401", "Name": "в Айналайын", "Number": null, "IsPorch": 0, "Intercom": 0, "HasRamp": 0, "Apartments": null, "HouseEntId": "70030076949351521" }, "geometry": { "type": "MultiPoint", "coordinates": [ [ 71.465422661461787, 51.135489495035166 ] ] } },
{ "type": "Feature", "properties": { "IsPrimary": 0, "HouseId": "9570784863334862", "Name": "в Hospitality Management", "Number": null, "IsPorch": 0, "Intercom": 0, "HasRamp": 0, "Apartments": null, "HouseEntId": "70030076948418258" }, "geometry": { "type": "MultiPoint", "coordinates": [ [ 71.459529084377266, 51.131546584481463 ] ] } },
{ "type": "Feature", "properties": { "IsPrimary": 0, "HouseId": "70030076245683806", "Name": "В К.Б мини маркет", "Number": null, "IsPorch": 0, "Intercom": 0, "HasRamp": 0, "Apartments": null, "HouseEntId": "70030076955837594" }, "geometry": { "type": "MultiPoint", "coordinates": [ [ 71.465930748586487, 51.134966457417583 ] ] } },
{ "type": "Feature", "properties": { "IsPrimary": 0, "HouseId": "70030076471828010", "Name": "в Valhalla", "Number": null, "IsPorch": 0, "Intercom": 0, "HasRamp": 0, "Apartments": null, "HouseEntId": "70030076958327588" }, "geometry": { "type": "MultiPoint", "coordinates": [ [ 71.466594873076033, 51.132672609051674 ] ] } },
{ "type": "Feature", "properties": { "IsPrimary": 1, "HouseId": "70030076747357951", "Name": "в Школу", "Number": null, "IsPorch": 0, "Intercom": 0, "HasRamp": 0, "Apartments": null, "HouseEntId": "70030076958333167" }, "geometry": { "type": "MultiPoint", "coordinates": [ [ 71.465254766335192, 51.126425433515394 ] ] } },
{ "type": "Feature", "properties": { "IsPrimary": 0, "HouseId": "9570784863324517", "Name": "в CHAMELEON", "Number": null, "IsPorch": 0, "Intercom": 0, "HasRamp": 0, "Apartments": null, "HouseEntId": "70030076963860917" }, "geometry": { "type": "MultiPoint", "coordinates": [ [ 71.468545564715498, 51.133580906135819 ] ] } },
{ "type": "Feature", "properties": { "IsPrimary": 0, "HouseId": "9570784863334874", "Name": "в Rider school", "Number": null, "IsPorch": 0, "Intercom": 0, "HasRamp": 0, "Apartments": null, "HouseEntId": "70030076965852317" }, "geometry": { "type": "MultiPoint", "coordinates": [ [ 71.459196707722143, 51.13071508438464 ] ] } },
{ "type": "Feature", "properties": { "IsPrimary": 0, "HouseId": "9570784863349089", "Name": "в Shanti", "Number": null, "IsPorch": 0, "Intercom": 0, "HasRamp": 0, "Apartments": null, "HouseEntId": "70030076981083972" }, "geometry": { "type": "MultiPoint", "coordinates": [ [ 71.46391555790963, 51.135060592225017 ] ] } },
{ "type": "Feature", "properties": { "IsPrimary": 0, "HouseId": "9570784863343890", "Name": "в Barakat Coffee Roasters", "Number": null, "IsPorch": 0, "Intercom": 0, "HasRamp": 0, "Apartments": null, "HouseEntId": "70030076985125189" }, "geometry": { "type": "MultiPoint", "coordinates": [ [ 71.460505193764988, 51.128463814340712 ] ] } },
{ "type": "Feature", "properties": { "IsPrimary": 0, "HouseId": "70030076828277873", "Name": "в Овощи и фрукты", "Number": null, "IsPorch": 0, "Intercom": 0, "HasRamp": 0, "Apartments": null, "HouseEntId": "70030076985671097" }, "geometry": { "type": "MultiPoint", "coordinates": [ [ 71.460867663982143, 51.12762583174144 ] ] } },
{ "type": "Feature", "properties": { "IsPrimary": 0, "HouseId": "70030076987057882", "Name": "в Президентский", "Number": null, "IsPorch": 0, "Intercom": 0, "HasRamp": 0, "Apartments": null, "HouseEntId": "70030076987060329" }, "geometry": { "type": "MultiPoint", "coordinates": [ [ 71.453776003803171, 51.13004953528241 ], [ 71.457750240451645, 51.129418816337974 ] ] } },
{ "type": "Feature", "properties": { "IsPrimary": 0, "HouseId": "70030076220850423", "Name": "в Alem", "Number": null, "IsPorch": 0, "Intercom": 0, "HasRamp": 0, "Apartments": null, "HouseEntId": "70030076989928237" }, "geometry": { "type": "MultiPoint", "coordinates": [ [ 71.460157815244614, 51.119116098570139 ] ] } },
{ "type": "Feature", "properties": { "IsPrimary": 0, "HouseId": "9570784863359591", "Name": "в Adil cargo", "Number": null, "IsPorch": 0, "Intercom": 0, "HasRamp": 0, "Apartments": null, "HouseEntId": "70030076995326461" }, "geometry": { "type": "MultiPoint", "coordinates": [ [ 71.46122573245438, 51.133679496980506 ] ] } },
{ "type": "Feature", "properties": { "IsPrimary": 0, "HouseId": "70030076247337809", "Name": "в Казахстанский центр управления проектами", "Number": null, "IsPorch": 0, "Intercom": 0, "HasRamp": 0, "Apartments": null, "HouseEntId": "70030076996562462" }, "geometry": { "type": "MultiPoint", "coordinates": [ [ 71.456636060004755, 51.120418519914587 ] ] } },
{ "type": "Feature", "properties": { "IsPrimary": 0, "HouseId": "9570784863334434", "Name": "в Krypton", "Number": null, "IsPorch": 0, "Intercom": 0, "HasRamp": 0, "Apartments": null, "HouseEntId": "70030076997691269" }, "geometry": { "type": "MultiPoint", "coordinates": [ [ 71.462195912961221, 51.134571145499393 ] ] } },
{ "type": "Feature", "properties": { "IsPrimary": 0, "HouseId": "70030076471828010", "Name": "в Ауыл Кереметі", "Number": null, "IsPorch": 0, "Intercom": 0, "HasRamp": 0, "Apartments": null, "HouseEntId": "70030077002775710" }, "geometry": { "type": "MultiPoint", "coordinates": [ [ 71.465690359416442, 51.132841778130349 ] ] } },
{ "type": "Feature", "properties": { "IsPrimary": 0, "HouseId": "9570784863324588", "Name": "в Мастер шин", "Number": null, "IsPorch": 0, "Intercom": 0, "HasRamp": 0, "Apartments": null, "HouseEntId": "70030077004363359" }, "geometry": { "type": "MultiPoint", "coordinates": [ [ 71.469749127533163, 51.131458587111801 ] ] } },
{ "type": "Feature", "properties": { "IsPrimary": 0, "HouseId": "9570784863349981", "Name": "в Beauty school", "Number": null, "IsPorch": 0, "Intercom": 0, "HasRamp": 0, "Apartments": null, "HouseEntId": "70030077005490129" }, "geometry": { "type": "MultiPoint", "coordinates": [ [ 71.463812880472645, 51.118461321662913 ] ] } },
{ "type": "Feature", "properties": { "IsPrimary": 0, "HouseId": "9570784863364485", "Name": "в Adal Et", "Number": null, "IsPorch": 0, "Intercom": 0, "HasRamp": 0, "Apartments": null, "HouseEntId": "70030077008209873" }, "geometry": { "type": "MultiPoint", "coordinates": [ [ 71.464735270606369, 51.119656288171399 ] ] } },
{ "type": "Feature", "properties": { "IsPrimary": 1, "HouseId": "70030077006683542", "Name": "в БЦ", "Number": null, "IsPorch": 0, "Intercom": 0, "HasRamp": 0, "Apartments": null, "HouseEntId": "70030077006687268" }, "geometry": { "type": "MultiPoint", "coordinates": [ [ 71.439242969305155, 51.127618051691819 ] ] } },
{ "type": "Feature", "properties": { "IsPrimary": 0, "HouseId": "70030077006683542", "Name": "в столовую", "Number": null, "IsPorch": 0, "Intercom": 0, "HasRamp": 0, "Apartments": null, "HouseEntId": "70030077006687546" }, "geometry": { "type": "MultiPoint", "coordinates": [ [ 71.439442934287413, 51.12740229573572 ] ] } },
{ "type": "Feature", "properties": { "IsPrimary": 0, "HouseId": "9570784897541398", "Name": "в Тарлан", "Number": null, "IsPorch": 0, "Intercom": 0, "HasRamp": 0, "Apartments": null, "HouseEntId": "70030077015450779" }, "geometry": { "type": "MultiPoint", "coordinates": [ [ 71.464569890762576, 51.130666603239128 ] ] } },
{ "type": "Feature", "properties": { "IsPrimary": 0, "HouseId": "9570784863323811", "Name": "в Baimedia", "Number": null, "IsPorch": 0, "Intercom": 0, "HasRamp": 0, "Apartments": null, "HouseEntId": "70030077015967289" }, "geometry": { "type": "MultiPoint", "coordinates": [ [ 71.442296073461307, 51.129798894874128 ] ] } },
{ "type": "Feature", "properties": { "IsPrimary": 0, "HouseId": "70030076159504525", "Name": "в Hani", "Number": null, "IsPorch": 0, "Intercom": 0, "HasRamp": 0, "Apartments": null, "HouseEntId": "70030077011037691" }, "geometry": { "type": "MultiPoint", "coordinates": [ [ 71.466343165133424, 51.136204850287804 ] ] } },
{ "type": "Feature", "properties": { "IsPrimary": 0, "HouseId": "9570784863349981", "Name": "в Нотариус Пазилбекова Р.А.", "Number": null, "IsPorch": 0, "Intercom": 0, "HasRamp": 0, "Apartments": null, "HouseEntId": "70030077011784006" }, "geometry": { "type": "MultiPoint", "coordinates": [ [ 71.463549584262864, 51.118361852502339 ] ] } },
{ "type": "Feature", "properties": { "IsPrimary": 0, "HouseId": "70030076247337809", "Name": "в Revive Fitness", "Number": null, "IsPorch": 0, "Intercom": 0, "HasRamp": 0, "Apartments": null, "HouseEntId": "70030077020839618" }, "geometry": { "type": "MultiPoint", "coordinates": [ [ 71.457581447009758, 51.12033106520235 ] ] } },
{ "type": "Feature", "properties": { "IsPrimary": 0, "HouseId": "70030076247337809", "Name": "в Qoshcar Energy", "Number": null, "IsPorch": 0, "Intercom": 0, "HasRamp": 0, "Apartments": null, "HouseEntId": "70030077018176581" }, "geometry": { "type": "MultiPoint", "coordinates": [ [ 71.457561684073497, 51.120189930652842 ] ] } },
{ "type": "Feature", "properties": { "IsPrimary": 0, "HouseId": "70030076220850423", "Name": "В сад", "Number": null, "IsPorch": 0, "Intercom": 0, "HasRamp": 0, "Apartments": null, "HouseEntId": "70030077018901492" }, "geometry": { "type": "MultiPoint", "coordinates": [ [ 71.460234800864455, 51.118631501396777 ] ] } },
{ "type": "Feature", "properties": { "IsPrimary": 0, "HouseId": "70030076220850423", "Name": "В дринкит", "Number": null, "IsPorch": 0, "Intercom": 0, "HasRamp": 0, "Apartments": null, "HouseEntId": "70030077018901505" }, "geometry": { "type": "MultiPoint", "coordinates": [ [ 71.460448959228216, 51.118598063214911 ] ] } },
{ "type": "Feature", "properties": { "IsPrimary": 0, "HouseId": "70030076182601998", "Name": "В сингапор", "Number": null, "IsPorch": 0, "Intercom": 0, "HasRamp": 0, "Apartments": null, "HouseEntId": "70030077018901516" }, "geometry": { "type": "MultiPoint", "coordinates": [ [ 71.460289418433746, 51.119652735796947 ] ] } },
{ "type": "Feature", "properties": { "IsPrimary": 0, "HouseId": "70030076471828010", "Name": "В кондитерскую", "Number": null, "IsPorch": 0, "Intercom": 0, "HasRamp": 0, "Apartments": null, "HouseEntId": "70030077033923593" }, "geometry": { "type": "MultiPoint", "coordinates": [ [ 71.466148679874408, 51.133255932535818 ] ] } },
{ "type": "Feature", "properties": { "IsPrimary": 0, "HouseId": "70030076247337809", "Name": "в Serenity", "Number": null, "IsPorch": 0, "Intercom": 0, "HasRamp": 0, "Apartments": null, "HouseEntId": "70030077034545663" }, "geometry": { "type": "MultiPoint", "coordinates": [ [ 71.456593210365696, 51.120420888124983 ] ] } },
{ "type": "Feature", "properties": { "IsPrimary": 0, "HouseId": "9570784863367299", "Name": "вход со стороны Байтурсынулы", "Number": null, "IsPorch": 0, "Intercom": 0, "HasRamp": 0, "Apartments": null, "HouseEntId": "70030077035791877" }, "geometry": { "type": "MultiPoint", "coordinates": [ [ 71.463575365911538, 51.123430503509248 ] ] } },
{ "type": "Feature", "properties": { "IsPrimary": 0, "HouseId": "9570784863334873", "Name": "в Halal food", "Number": null, "IsPorch": 0, "Intercom": 0, "HasRamp": 0, "Apartments": null, "HouseEntId": "70030077036838913" }, "geometry": { "type": "MultiPoint", "coordinates": [ [ 71.459635894064547, 51.131813845163613 ] ] } },
{ "type": "Feature", "properties": { "IsPrimary": 0, "HouseId": "9570784863334359", "Name": "в S.M studio", "Number": null, "IsPorch": 0, "Intercom": 0, "HasRamp": 0, "Apartments": null, "HouseEntId": "70030077038342735" }, "geometry": { "type": "MultiPoint", "coordinates": [ [ 71.465196465673259, 51.135714739283927 ] ] } },
{ "type": "Feature", "properties": { "IsPrimary": 0, "HouseId": "70030076471828010", "Name": "в Simi Aesthete", "Number": null, "IsPorch": 0, "Intercom": 0, "HasRamp": 0, "Apartments": null, "HouseEntId": "70030077041847010" }, "geometry": { "type": "MultiPoint", "coordinates": [ [ 71.466748125663486, 51.132896345031853 ] ] } },
{ "type": "Feature", "properties": { "IsPrimary": 0, "HouseId": "70030076172652065", "Name": "Паркинг", "Number": null, "IsPorch": 0, "Intercom": 0, "HasRamp": 0, "Apartments": null, "HouseEntId": "70030077045491654" }, "geometry": { "type": "MultiPoint", "coordinates": [ [ 71.460537263620623, 51.132117013075721 ] ] } },
{ "type": "Feature", "properties": { "IsPrimary": 0, "HouseId": "70030076172652065", "Name": "В магазин", "Number": null, "IsPorch": 0, "Intercom": 0, "HasRamp": 0, "Apartments": null, "HouseEntId": "70030077045491656" }, "geometry": { "type": "MultiPoint", "coordinates": [ [ 71.460569602970864, 51.132111883252207 ] ] } },
{ "type": "Feature", "properties": { "IsPrimary": 0, "HouseId": "9570784863334873", "Name": "В грация", "Number": null, "IsPorch": 0, "Intercom": 0, "HasRamp": 0, "Apartments": null, "HouseEntId": "70030077045491658" }, "geometry": { "type": "MultiPoint", "coordinates": [ [ 71.459694374389528, 51.131960074040592 ] ] } },
{ "type": "Feature", "properties": { "IsPrimary": 0, "HouseId": "9570784863334874", "Name": "В Аспаздык", "Number": null, "IsPorch": 0, "Intercom": 0, "HasRamp": 0, "Apartments": null, "HouseEntId": "70030077045491663" }, "geometry": { "type": "MultiPoint", "coordinates": [ [ 71.459277376434656, 51.13091706981875 ] ] } },
{ "type": "Feature", "properties": { "IsPrimary": 0, "HouseId": "9570784863344615", "Name": "в Easy Study", "Number": null, "IsPorch": 0, "Intercom": 0, "HasRamp": 0, "Apartments": null, "HouseEntId": "70030077049366774" }, "geometry": { "type": "MultiPoint", "coordinates": [ [ 71.458333157239494, 51.128609377313872 ] ] } },
{ "type": "Feature", "properties": { "IsPrimary": 0, "HouseId": "70030077049550387", "Name": "вход", "Number": null, "IsPorch": 0, "Intercom": 0, "HasRamp": 0, "Apartments": null, "HouseEntId": "70030077049553271" }, "geometry": { "type": "MultiPoint", "coordinates": [ [ 71.464438557068036, 51.130253440342109 ] ] } },
{ "type": "Feature", "properties": { "IsPrimary": 0, "HouseId": "9570784863334873", "Name": "в strelba_iz_luka_astana", "Number": null, "IsPorch": 0, "Intercom": 0, "HasRamp": 0, "Apartments": null, "HouseEntId": "70030077052166954" }, "geometry": { "type": "MultiPoint", "coordinates": [ [ 71.459643709407516, 51.131833406262267 ] ] } },
{ "type": "Feature", "properties": { "IsPrimary": 0, "HouseId": "9570784863334873", "Name": "в Момона", "Number": null, "IsPorch": 0, "Intercom": 0, "HasRamp": 0, "Apartments": null, "HouseEntId": "70030077053010597" }, "geometry": { "type": "MultiPoint", "coordinates": [ [ 71.459707399961161, 51.131992769716888 ] ] } },
{ "type": "Feature", "properties": { "IsPrimary": 0, "HouseId": "70030076987057882", "Name": "в Президентский парк", "Number": null, "IsPorch": 0, "Intercom": 0, "HasRamp": 0, "Apartments": null, "HouseEntId": "70030077053705179" }, "geometry": { "type": "MultiPoint", "coordinates": [ [ 71.445349177617445, 51.131259535428278 ], [ 71.458498626914846, 51.127232599331805 ], [ 71.467733487698666, 51.122478929846068 ] ] } },
{ "type": "Feature", "properties": { "IsPrimary": 0, "HouseId": "9570784863349981", "Name": "в Dak Kko Dak, кафе", "Number": null, "IsPorch": 0, "Intercom": 0, "HasRamp": 0, "Apartments": null, "HouseEntId": "70030077054217147" }, "geometry": { "type": "MultiPoint", "coordinates": [ [ 71.461392729265697, 51.118782001109629 ] ] } },
{ "type": "Feature", "properties": { "IsPrimary": 0, "HouseId": "9570784863334873", "Name": "в Balaloom, магазин", "Number": null, "IsPorch": 0, "Intercom": 0, "HasRamp": 0, "Apartments": null, "HouseEntId": "70030077054662014" }, "geometry": { "type": "MultiPoint", "coordinates": [ [ 71.460347988590271, 51.13193679245007 ] ] } },
{ "type": "Feature", "properties": { "IsPrimary": 0, "HouseId": "70030077055394489", "Name": "в шинку", "Number": null, "IsPorch": 0, "Intercom": 0, "HasRamp": 0, "Apartments": null, "HouseEntId": "70030077055394671" }, "geometry": { "type": "MultiPoint", "coordinates": [ [ 71.468591827952622, 51.131137713796306 ] ] } },
{ "type": "Feature", "properties": { "IsPrimary": 0, "HouseId": "9570784863355766", "Name": "в Avevitae clinic", "Number": null, "IsPorch": 0, "Intercom": 0, "HasRamp": 0, "Apartments": null, "HouseEntId": "70030077055909366" }, "geometry": { "type": "MultiPoint", "coordinates": [ [ 71.46666386368986, 51.130588638685573 ] ] } },
{ "type": "Feature", "properties": { "IsPrimary": 0, "HouseId": "70030076247337809", "Name": "в Bomba", "Number": null, "IsPorch": 0, "Intercom": 0, "HasRamp": 0, "Apartments": null, "HouseEntId": "70030077056099417" }, "geometry": { "type": "MultiPoint", "coordinates": [ [ 71.457468888104671, 51.12039940506898 ] ] } },
{ "type": "Feature", "properties": { "IsPrimary": 0, "HouseId": "70030076220850423", "Name": "в Newphone", "Number": null, "IsPorch": 0, "Intercom": 0, "HasRamp": 0, "Apartments": null, "HouseEntId": "70030077058737291" }, "geometry": { "type": "MultiPoint", "coordinates": [ [ 71.458678739129311, 51.119347681670583 ] ] } },
{ "type": "Feature", "properties": { "IsPrimary": 0, "HouseId": "70030077064953773", "Name": "в точка кофе", "Number": null, "IsPorch": 0, "Intercom": 0, "HasRamp": 0, "Apartments": null, "HouseEntId": "70030077064953814" }, "geometry": { "type": "MultiPoint", "coordinates": [ [ 71.448428512579852, 51.131347589549868 ] ] } },
{ "type": "Feature", "properties": { "IsPrimary": 0, "HouseId": "70030077060641629", "Name": "в Сакуру", "Number": null, "IsPorch": 0, "Intercom": 0, "HasRamp": 0, "Apartments": null, "HouseEntId": "70030077060641689" }, "geometry": { "type": "MultiPoint", "coordinates": [ [ 71.456567608380112, 51.12760474667639 ] ] } },
{ "type": "Feature", "properties": { "IsPrimary": 0, "HouseId": "70030076139045632", "Name": "в Ordogen", "Number": null, "IsPorch": 0, "Intercom": 0, "HasRamp": 0, "Apartments": null, "HouseEntId": "70030077065916008" }, "geometry": { "type": "MultiPoint", "coordinates": [ [ 71.468452499252066, 51.125297452458803 ] ] } },
{ "type": "Feature", "properties": { "IsPrimary": 0, "HouseId": "70030077068783723", "Name": "в овощной", "Number": null, "IsPorch": 0, "Intercom": 0, "HasRamp": 0, "Apartments": null, "HouseEntId": "70030077068784443" }, "geometry": { "type": "MultiPoint", "coordinates": [ [ 71.46452111224265, 51.127239364648872 ] ] } },
{ "type": "Feature", "properties": { "IsPrimary": 0, "HouseId": "9570784863364485", "Name": "в DA.Motors", "Number": null, "IsPorch": 0, "Intercom": 0, "HasRamp": 0, "Apartments": null, "HouseEntId": "70030077075396800" }, "geometry": { "type": "MultiPoint", "coordinates": [ [ 71.464612381075526, 51.119114576106178 ] ] } },
{ "type": "Feature", "properties": { "IsPrimary": 0, "HouseId": "70030076471828010", "Name": "в Аман", "Number": null, "IsPorch": 0, "Intercom": 0, "HasRamp": 0, "Apartments": null, "HouseEntId": "70030077077827930" }, "geometry": { "type": "MultiPoint", "coordinates": [ [ 71.466716684628551, 51.132707615433034 ] ] } },
{ "type": "Feature", "properties": { "IsPrimary": 0, "HouseId": "9570784863355771", "Name": "в Vihlopnaya.Astana", "Number": null, "IsPorch": 0, "Intercom": 0, "HasRamp": 0, "Apartments": null, "HouseEntId": "70030077078239614" }, "geometry": { "type": "MultiPoint", "coordinates": [ [ 71.465467217899871, 51.130251185383678 ] ] } },
{ "type": "Feature", "properties": { "IsPrimary": 0, "HouseId": "70030076206477511", "Name": "в Drinkstar", "Number": null, "IsPorch": 0, "Intercom": 0, "HasRamp": 0, "Apartments": null, "HouseEntId": "70030077079362085" }, "geometry": { "type": "MultiPoint", "coordinates": [ [ 71.46448023889721, 51.135640278030976 ] ] } },
{ "type": "Feature", "properties": { "IsPrimary": 0, "HouseId": "9570784863349079", "Name": "в дуплет", "Number": null, "IsPorch": 0, "Intercom": 0, "HasRamp": 0, "Apartments": null, "HouseEntId": "70030077086449883" }, "geometry": { "type": "MultiPoint", "coordinates": [ [ 71.463109230110589, 51.13483111715756 ] ] } },
{ "type": "Feature", "properties": { "IsPrimary": 0, "HouseId": "9570784863334039", "Name": "в Altyn Qazyna", "Number": null, "IsPorch": 0, "Intercom": 0, "HasRamp": 0, "Apartments": null, "HouseEntId": "70030077092465072" }, "geometry": { "type": "MultiPoint", "coordinates": [ [ 71.466373258695441, 51.134086766821071 ] ] } },
{ "type": "Feature", "properties": { "IsPrimary": 0, "HouseId": "9570784863379507", "Name": "Магазин", "Number": null, "IsPorch": 0, "Intercom": 0, "HasRamp": 0, "Apartments": null, "HouseEntId": "70030077093478169" }, "geometry": { "type": "MultiPoint", "coordinates": [ [ 71.465474494253684, 51.119184440234022 ] ] } },
{ "type": "Feature", "properties": { "IsPrimary": 0, "HouseId": "70030076206661781", "Name": "в Ertis Academy", "Number": null, "IsPorch": 0, "Intercom": 0, "HasRamp": 0, "Apartments": null, "HouseEntId": "70030077093805647" }, "geometry": { "type": "MultiPoint", "coordinates": [ [ 71.462171748280085, 51.13342498673736 ] ] } },
{ "type": "Feature", "properties": { "IsPrimary": 0, "HouseId": "9570784863335027", "Name": "в Техас", "Number": null, "IsPorch": 0, "Intercom": 0, "HasRamp": 0, "Apartments": null, "HouseEntId": "70030077094434176" }, "geometry": { "type": "MultiPoint", "coordinates": [ [ 71.459958119756962, 51.132842341838334 ] ] } },
{ "type": "Feature", "properties": { "IsPrimary": 0, "HouseId": "9570784863334359", "Name": "в alessa", "Number": null, "IsPorch": 0, "Intercom": 0, "HasRamp": 0, "Apartments": null, "HouseEntId": "70030077100835913" }, "geometry": { "type": "MultiPoint", "coordinates": [ [ 71.46514265658773, 51.135876851331503 ] ] } },
{ "type": "Feature", "properties": { "IsPrimary": 0, "HouseId": "9570784863342809", "Name": "в Sarqyt", "Number": null, "IsPorch": 0, "Intercom": 0, "HasRamp": 0, "Apartments": null, "HouseEntId": "70030077101528835" }, "geometry": { "type": "MultiPoint", "coordinates": [ [ 71.461708666751122, 51.127532527436799 ] ] } },
{ "type": "Feature", "properties": { "IsPrimary": 0, "HouseId": "9570784863343890", "Name": "в Zdorovo clinic", "Number": null, "IsPorch": 0, "Intercom": 0, "HasRamp": 0, "Apartments": null, "HouseEntId": "70030077102791785" }, "geometry": { "type": "MultiPoint", "coordinates": [ [ 71.463087940038363, 51.128290795632182 ] ] } },
{ "type": "Feature", "properties": { "IsPrimary": 0, "HouseId": "9570784863342921", "Name": "В Paidasymall", "Number": null, "IsPorch": 0, "Intercom": 0, "HasRamp": 0, "Apartments": null, "HouseEntId": "70030077103966764" }, "geometry": { "type": "MultiPoint", "coordinates": [ [ 71.46900388517345, 51.126831921660909 ] ] } },
{ "type": "Feature", "properties": { "IsPrimary": 0, "HouseId": "70030076220850423", "Name": "в Master Coffee", "Number": null, "IsPorch": 0, "Intercom": 0, "HasRamp": 0, "Apartments": null, "HouseEntId": "70030077106568717" }, "geometry": { "type": "MultiPoint", "coordinates": [ [ 71.460070319335941, 51.118657270771678 ] ] } },
{ "type": "Feature", "properties": { "IsPrimary": 0, "HouseId": "9570784863334434", "Name": "в Atomy", "Number": null, "IsPorch": 0, "Intercom": 0, "HasRamp": 0, "Apartments": null, "HouseEntId": "70030077109537182" }, "geometry": { "type": "MultiPoint", "coordinates": [ [ 71.462103655981565, 51.134544877683219 ] ] } },
{ "type": "Feature", "properties": { "IsPrimary": 0, "HouseId": "70030077110317614", "Name": "в овощной", "Number": null, "IsPorch": 0, "Intercom": 0, "HasRamp": 0, "Apartments": null, "HouseEntId": "70030077110317615" }, "geometry": { "type": "MultiPoint", "coordinates": [ [ 71.458335043701609, 51.119631365157581 ] ] } },
{ "type": "Feature", "properties": { "IsPrimary": 0, "HouseId": "9570784863349089", "Name": "в Gunash_stylist_01", "Number": null, "IsPorch": 0, "Intercom": 0, "HasRamp": 0, "Apartments": null, "HouseEntId": "70030077111963901" }, "geometry": { "type": "MultiPoint", "coordinates": [ [ 71.464523178367799, 51.13476003658721 ] ] } },
{ "type": "Feature", "properties": { "IsPrimary": 0, "HouseId": "9570784863334359", "Name": "в Di’Casa", "Number": null, "IsPorch": 0, "Intercom": 0, "HasRamp": 0, "Apartments": null, "HouseEntId": "70030077111975250" }, "geometry": { "type": "MultiPoint", "coordinates": [ [ 71.465086511882475, 51.135860899441077 ] ] } },
{ "type": "Feature", "properties": { "IsPrimary": 0, "HouseId": "9570784863334874", "Name": "В JanPar", "Number": null, "IsPorch": 0, "Intercom": 0, "HasRamp": 0, "Apartments": null, "HouseEntId": "70030077112232343" }, "geometry": { "type": "MultiPoint", "coordinates": [ [ 71.459262194906358, 51.130879074300786 ] ] } },
{ "type": "Feature", "properties": { "IsPrimary": 0, "HouseId": "9570784863334862", "Name": "В бильярд", "Number": null, "IsPorch": 0, "Intercom": 0, "HasRamp": 0, "Apartments": null, "HouseEntId": "70030077112232345" }, "geometry": { "type": "MultiPoint", "coordinates": [ [ 71.459401433775383, 51.131227402960526 ] ] } },
{ "type": "Feature", "properties": { "IsPrimary": 0, "HouseId": "9570784863334862", "Name": "V rozy", "Number": null, "IsPorch": 0, "Intercom": 0, "HasRamp": 0, "Apartments": null, "HouseEntId": "70030077112232347" }, "geometry": { "type": "MultiPoint", "coordinates": [ [ 71.459483719455406, 51.131433275857823 ] ] } },
{ "type": "Feature", "properties": { "IsPrimary": 0, "HouseId": "9570784863334873", "Name": "V трухоккей", "Number": null, "IsPorch": 0, "Intercom": 0, "HasRamp": 0, "Apartments": null, "HouseEntId": "70030077112232350" }, "geometry": { "type": "MultiPoint", "coordinates": [ [ 71.45956681361919, 51.131641064494382 ] ] } },
{ "type": "Feature", "properties": { "IsPrimary": 0, "HouseId": "70030076261391675", "Name": "В еврострой", "Number": null, "IsPorch": 0, "Intercom": 0, "HasRamp": 0, "Apartments": null, "HouseEntId": "70030077112232352" }, "geometry": { "type": "MultiPoint", "coordinates": [ [ 71.461582094127593, 51.132562854572868 ] ] } },
{ "type": "Feature", "properties": { "IsPrimary": 0, "HouseId": "9570784863343029", "Name": "в Ocean bear", "Number": null, "IsPorch": 0, "Intercom": 0, "HasRamp": 0, "Apartments": null, "HouseEntId": "70030077112418273" }, "geometry": { "type": "MultiPoint", "coordinates": [ [ 71.466927249731157, 51.127409624802247 ] ] } },
{ "type": "Feature", "properties": { "IsPrimary": 0, "HouseId": "9570784863334862", "Name": "в текемет", "Number": null, "IsPorch": 0, "Intercom": 0, "HasRamp": 0, "Apartments": null, "HouseEntId": "70030077112427870" }, "geometry": { "type": "MultiPoint", "coordinates": [ [ 71.459423442499855, 51.131282479124025 ] ] } },
{ "type": "Feature", "properties": { "IsPrimary": 0, "HouseId": "70030077116295990", "Name": "в кофейню", "Number": null, "IsPorch": 0, "Intercom": 0, "HasRamp": 0, "Apartments": null, "HouseEntId": "70030077116296035" }, "geometry": { "type": "MultiPoint", "coordinates": [ [ 71.457715655313208, 51.126292154237873 ] ] } },
{ "type": "Feature", "properties": { "IsPrimary": 0, "HouseId": "70030076247337809", "Name": "в Velante", "Number": null, "IsPorch": 0, "Intercom": 0, "HasRamp": 0, "Apartments": null, "HouseEntId": "70030077117518654" }, "geometry": { "type": "MultiPoint", "coordinates": [ [ 71.456945619451659, 51.120428500229046 ] ] } },
{ "type": "Feature", "properties": { "IsPrimary": 0, "HouseId": "9570784863342809", "Name": "в Рабия", "Number": null, "IsPorch": 0, "Intercom": 0, "HasRamp": 0, "Apartments": null, "HouseEntId": "70030077121403004" }, "geometry": { "type": "MultiPoint", "coordinates": [ [ 71.463685499365354, 51.126550932178951 ] ] } },
{ "type": "Feature", "properties": { "IsPrimary": 0, "HouseId": "9570784863342809", "Name": "в  алмара груп", "Number": null, "IsPorch": 0, "Intercom": 0, "HasRamp": 0, "Apartments": null, "HouseEntId": "70030077121403018" }, "geometry": { "type": "MultiPoint", "coordinates": [ [ 71.463710113204144, 51.126588254716616 ] ] } },
{ "type": "Feature", "properties": { "IsPrimary": 0, "HouseId": "9570784863342809", "Name": "в Мандарин", "Number": null, "IsPorch": 0, "Intercom": 0, "HasRamp": 0, "Apartments": null, "HouseEntId": "70030077121403022" }, "geometry": { "type": "MultiPoint", "coordinates": [ [ 71.462814852191983, 51.126644238466568 ] ] } },
{ "type": "Feature", "properties": { "IsPrimary": 0, "HouseId": "9570784863342809", "Name": "в Аман", "Number": null, "IsPorch": 0, "Intercom": 0, "HasRamp": 0, "Apartments": null, "HouseEntId": "70030077121403026" }, "geometry": { "type": "MultiPoint", "coordinates": [ [ 71.462862732396644, 51.126631666089551 ] ] } },
{ "type": "Feature", "properties": { "IsPrimary": 0, "HouseId": "9570784863342809", "Name": "В паркинг", "Number": null, "IsPorch": 0, "Intercom": 0, "HasRamp": 0, "Apartments": null, "HouseEntId": "70030077121403030" }, "geometry": { "type": "MultiPoint", "coordinates": [ [ 71.462578954598385, 51.126705916356229 ] ] } },
{ "type": "Feature", "properties": { "IsPrimary": 0, "HouseId": "9570784863342809", "Name": "В Аит обувь", "Number": null, "IsPorch": 0, "Intercom": 0, "HasRamp": 0, "Apartments": null, "HouseEntId": "70030077121403036" }, "geometry": { "type": "MultiPoint", "coordinates": [ [ 71.462015441420647, 51.126853288969315 ] ] } },
{ "type": "Feature", "properties": { "IsPrimary": 0, "HouseId": "9570784863342809", "Name": "В игрушки", "Number": null, "IsPorch": 0, "Intercom": 0, "HasRamp": 0, "Apartments": null, "HouseEntId": "70030077121403043" }, "geometry": { "type": "MultiPoint", "coordinates": [ [ 71.461976993526491, 51.126863380649787 ] ] } },
{ "type": "Feature", "properties": { "IsPrimary": 0, "HouseId": "9570784863342809", "Name": "В di style", "Number": null, "IsPorch": 0, "Intercom": 0, "HasRamp": 0, "Apartments": null, "HouseEntId": "70030077121403062" }, "geometry": { "type": "MultiPoint", "coordinates": [ [ 71.461575716089058, 51.126968356547245 ] ] } },
{ "type": "Feature", "properties": { "IsPrimary": 0, "HouseId": "9570784863342809", "Name": "в детский сад", "Number": null, "IsPorch": 0, "Intercom": 0, "HasRamp": 0, "Apartments": null, "HouseEntId": "70030077121403068" }, "geometry": { "type": "MultiPoint", "coordinates": [ [ 71.461513103513767, 51.126984818911254 ] ] } },
{ "type": "Feature", "properties": { "IsPrimary": 0, "HouseId": "9570784863342809", "Name": "в атмосферу", "Number": null, "IsPorch": 0, "Intercom": 0, "HasRamp": 0, "Apartments": null, "HouseEntId": "70030077121403084" }, "geometry": { "type": "MultiPoint", "coordinates": [ [ 71.461149734981348, 51.127079872035196 ] ] } },
{ "type": "Feature", "properties": { "IsPrimary": 0, "HouseId": "9570784863334874", "Name": "в Tekemet", "Number": null, "IsPorch": 0, "Intercom": 0, "HasRamp": 0, "Apartments": null, "HouseEntId": "70030077121856222" }, "geometry": { "type": "MultiPoint", "coordinates": [ [ 71.459205601043436, 51.130737408243846 ] ] } },
{ "type": "Feature", "properties": { "IsPrimary": 0, "HouseId": "9570784863343890", "Name": "в паркинг", "Number": null, "IsPorch": 0, "Intercom": 0, "HasRamp": 0, "Apartments": null, "HouseEntId": "70030077122143270" }, "geometry": { "type": "MultiPoint", "coordinates": [ [ 71.462091079567571, 51.12844430819095 ] ] } },
{ "type": "Feature", "properties": { "IsPrimary": 0, "HouseId": "9570784863333888", "Name": "в ocean Detailing", "Number": null, "IsPorch": 0, "Intercom": 0, "HasRamp": 0, "Apartments": null, "HouseEntId": "70030077122375333" }, "geometry": { "type": "MultiPoint", "coordinates": [ [ 71.467661173318277, 51.134111794774391 ] ] } },
{ "type": "Feature", "properties": { "IsPrimary": 0, "HouseId": "70030077122783946", "Name": "в ШАВЕРМА", "Number": null, "IsPorch": 0, "Intercom": 0, "HasRamp": 0, "Apartments": null, "HouseEntId": "70030077122784712" }, "geometry": { "type": "MultiPoint", "coordinates": [ [ 71.465591724398251, 51.136004522623423 ] ] } },
{ "type": "Feature", "properties": { "IsPrimary": 0, "HouseId": "70030077122783946", "Name": "в Playburg", "Number": null, "IsPorch": 0, "Intercom": 0, "HasRamp": 0, "Apartments": null, "HouseEntId": "70030077122785300" }, "geometry": { "type": "MultiPoint", "coordinates": [ [ 71.465690718742565, 51.135813832877147 ] ] } },
{ "type": "Feature", "properties": { "IsPrimary": 0, "HouseId": "9570784863334359", "Name": "в Nails by Love", "Number": null, "IsPorch": 0, "Intercom": 0, "HasRamp": 0, "Apartments": null, "HouseEntId": "70030077124004836" }, "geometry": { "type": "MultiPoint", "coordinates": [ [ 71.465202394554126, 51.135893817823757 ] ] } },
{ "type": "Feature", "properties": { "IsPrimary": 0, "HouseId": "9570784863364485", "Name": "в Major_ast", "Number": null, "IsPorch": 0, "Intercom": 0, "HasRamp": 0, "Apartments": null, "HouseEntId": "70030077124375314" }, "geometry": { "type": "MultiPoint", "coordinates": [ [ 71.465668530355046, 51.119896552101373 ] ] } },
{ "type": "Feature", "properties": { "IsPrimary": 0, "HouseId": "9570784863342809", "Name": "в Ume Study", "Number": null, "IsPorch": 0, "Intercom": 0, "HasRamp": 0, "Apartments": null, "HouseEntId": "70030077126561625" }, "geometry": { "type": "MultiPoint", "coordinates": [ [ 71.462772092384469, 51.126655401381399 ] ] } },
{ "type": "Feature", "properties": { "IsPrimary": 0, "HouseId": "9570784863334401", "Name": "в torty_astana_akerke", "Number": null, "IsPorch": 0, "Intercom": 0, "HasRamp": 0, "Apartments": null, "HouseEntId": "70030077127469901" }, "geometry": { "type": "MultiPoint", "coordinates": [ [ 71.46583175424216, 51.135314191568675 ] ] } },
{ "type": "Feature", "properties": { "IsPrimary": 0, "HouseId": "9570784863349981", "Name": "в B&amp;B", "Number": null, "IsPorch": 0, "Intercom": 0, "HasRamp": 0, "Apartments": null, "HouseEntId": "70030077128869079" }, "geometry": { "type": "MultiPoint", "coordinates": [ [ 71.461297507845572, 51.118686761745451 ] ] } },
{ "type": "Feature", "properties": { "IsPrimary": 0, "HouseId": "70030077130539499", "Name": "в Qazaq Energy Charge", "Number": null, "IsPorch": 0, "Intercom": 0, "HasRamp": 0, "Apartments": null, "HouseEntId": "70030077130539946" }, "geometry": { "type": "MultiPoint", "coordinates": [ [ 71.461172821684144, 51.118853613764507 ] ] } },
{ "type": "Feature", "properties": { "IsPrimary": 0, "HouseId": "9570784863343890", "Name": "в Let’s Go!", "Number": null, "IsPorch": 0, "Intercom": 0, "HasRamp": 0, "Apartments": null, "HouseEntId": "70030077131540272" }, "geometry": { "type": "MultiPoint", "coordinates": [ [ 71.460880689553747, 51.128060666778914 ] ] } },
{ "type": "Feature", "properties": { "IsPrimary": 0, "HouseId": "70030076261391675", "Name": "в Eraym", "Number": null, "IsPorch": 0, "Intercom": 0, "HasRamp": 0, "Apartments": null, "HouseEntId": "70030077134891290" }, "geometry": { "type": "MultiPoint", "coordinates": [ [ 71.461505916991499, 51.132540813451932 ] ] } },
{ "type": "Feature", "properties": { "IsPrimary": 0, "HouseId": "70030076139045583", "Name": "в баоли", "Number": null, "IsPorch": 0, "Intercom": 0, "HasRamp": 0, "Apartments": null, "HouseEntId": "70030077136608482" }, "geometry": { "type": "MultiPoint", "coordinates": [ [ 71.467340834087977, 51.125463265766129 ] ] } },
{ "type": "Feature", "properties": { "IsPrimary": 0, "HouseId": "9570784863323811", "Name": "в Адвокат Сыдыкова А.О.", "Number": null, "IsPorch": 0, "Intercom": 0, "HasRamp": 0, "Apartments": null, "HouseEntId": "70030077136692184" }, "geometry": { "type": "MultiPoint", "coordinates": [ [ 71.442506908058476, 51.129936843103408 ] ] } },
{ "type": "Feature", "properties": { "IsPrimary": 0, "HouseId": "70030076182601998", "Name": "в ALTA Translation", "Number": null, "IsPorch": 0, "Intercom": 0, "HasRamp": 0, "Apartments": null, "HouseEntId": "70030077135917859" }, "geometry": { "type": "MultiPoint", "coordinates": [ [ 71.460353737808092, 51.119811521029391 ] ] } },
{ "type": "Feature", "properties": { "IsPrimary": 0, "HouseId": "9570784863342809", "Name": "в My Mart", "Number": null, "IsPorch": 0, "Intercom": 0, "HasRamp": 0, "Apartments": null, "HouseEntId": "70030077136202396" }, "geometry": { "type": "MultiPoint", "coordinates": [ [ 71.462794011277396, 51.126649650789247 ] ] } },
{ "type": "Feature", "properties": { "IsPrimary": 0, "HouseId": "70030076697258846", "Name": "в Гранд", "Number": null, "IsPorch": 0, "Intercom": 0, "HasRamp": 0, "Apartments": null, "HouseEntId": "70030077136577753" }, "geometry": { "type": "MultiPoint", "coordinates": [ [ 71.461721332996632, 51.130069999115328 ] ] } },
{ "type": "Feature", "properties": { "IsPrimary": 0, "HouseId": "70030076471828010", "Name": "в Table", "Number": null, "IsPorch": 0, "Intercom": 0, "HasRamp": 0, "Apartments": null, "HouseEntId": "70030077140193460" }, "geometry": { "type": "MultiPoint", "coordinates": [ [ 71.466206531378717, 51.133272561769473 ] ] } },
{ "type": "Feature", "properties": { "IsPrimary": 0, "HouseId": "9570784863342921", "Name": "в Erzhan Rulit", "Number": null, "IsPorch": 0, "Intercom": 0, "HasRamp": 0, "Apartments": null, "HouseEntId": "70030077143525835" }, "geometry": { "type": "MultiPoint", "coordinates": [ [ 71.468742565257315, 51.127040520291118 ] ] } },
{ "type": "Feature", "properties": { "IsPrimary": 0, "HouseId": "70030076697219600", "Name": "в Okadzaki", "Number": null, "IsPorch": 0, "Intercom": 0, "HasRamp": 0, "Apartments": null, "HouseEntId": "70030077143604593" }, "geometry": { "type": "MultiPoint", "coordinates": [ [ 71.462863091722753, 51.129284023569433 ] ] } },
{ "type": "Feature", "properties": { "IsPrimary": 0, "HouseId": "70030076697219600", "Name": "в Gourmet Me", "Number": null, "IsPorch": 0, "Intercom": 0, "HasRamp": 0, "Apartments": null, "HouseEntId": "70030077143955337" }, "geometry": { "type": "MultiPoint", "coordinates": [ [ 71.463141120303192, 51.129241234816597 ] ] } },
{ "type": "Feature", "properties": { "IsPrimary": 0, "HouseId": "9570784863349981", "Name": "в Prolash_bota", "Number": null, "IsPorch": 0, "Intercom": 0, "HasRamp": 0, "Apartments": null, "HouseEntId": "70030077142349181" }, "geometry": { "type": "MultiPoint", "coordinates": [ [ 71.462300207365715, 51.11853885558228 ] ] } },
{ "type": "Feature", "properties": { "IsPrimary": 0, "HouseId": "70030077022384849", "Name": "в ресторан", "Number": null, "IsPorch": 0, "Intercom": 0, "HasRamp": 0, "Apartments": null, "HouseEntId": "70030077148439951" }, "geometry": { "type": "MultiPoint", "coordinates": [ [ 71.450509729430124, 51.121097627468032 ] ] } },
{ "type": "Feature", "properties": { "IsPrimary": 0, "HouseId": "70030076699592482", "Name": "НП:23", "Number": null, "IsPorch": 0, "Intercom": 0, "HasRamp": 0, "Apartments": null, "HouseEntId": "70030077148635844" }, "geometry": { "type": "MultiPoint", "coordinates": [ [ 71.461826974874043, 51.130577420347819 ] ] } },
{ "type": "Feature", "properties": { "IsPrimary": 0, "HouseId": "70030076261391675", "Name": "В канц", "Number": null, "IsPorch": 0, "Intercom": 0, "HasRamp": 0, "Apartments": null, "HouseEntId": "70030077148635849" }, "geometry": { "type": "MultiPoint", "coordinates": [ [ 71.461423631311462, 51.132516968442246 ] ] } },
{ "type": "Feature", "properties": { "IsPrimary": 0, "HouseId": "9570784863344615", "Name": "в Boom", "Number": null, "IsPorch": 0, "Intercom": 0, "HasRamp": 0, "Apartments": null, "HouseEntId": "70030077148659388" }, "geometry": { "type": "MultiPoint", "coordinates": [ [ 71.458980123907139, 51.128072562247517 ] ] } },
{ "type": "Feature", "properties": { "IsPrimary": 0, "HouseId": "9570784863334862", "Name": "в Ai-Cha", "Number": null, "IsPorch": 0, "Intercom": 0, "HasRamp": 0, "Apartments": null, "HouseEntId": "70030077148951151" }, "geometry": { "type": "MultiPoint", "coordinates": [ [ 71.459360021440787, 51.131123846065861 ] ] } },
{ "type": "Feature", "properties": { "IsPrimary": 0, "HouseId": "70030077022384849", "Name": "в Villa Dei Fiori", "Number": null, "IsPorch": 0, "Intercom": 0, "HasRamp": 0, "Apartments": null, "HouseEntId": "70030077149170080" }, "geometry": { "type": "MultiPoint", "coordinates": [ [ 71.449988257407696, 51.121240112483619 ] ] } },
{ "type": "Feature", "properties": { "IsPrimary": 0, "HouseId": "70030077022384849", "Name": "в Sichou", "Number": null, "IsPorch": 0, "Intercom": 0, "HasRamp": 0, "Apartments": null, "HouseEntId": "70030077149170561" }, "geometry": { "type": "MultiPoint", "coordinates": [ [ 71.449680584422879, 51.120995683032064 ] ] } },
{ "type": "Feature", "properties": { "IsPrimary": 0, "HouseId": "70030077149808419", "Name": "НП:16", "Number": null, "IsPorch": 0, "Intercom": 0, "HasRamp": 0, "Apartments": null, "HouseEntId": "70030077149808814" }, "geometry": { "type": "MultiPoint", "coordinates": [ [ 71.461558288772565, 51.129482069019737 ] ] } },
{ "type": "Feature", "properties": { "IsPrimary": 0, "HouseId": "70030077149808419", "Name": "НП:15", "Number": null, "IsPorch": 0, "Intercom": 0, "HasRamp": 0, "Apartments": null, "HouseEntId": "70030077149808872" }, "geometry": { "type": "MultiPoint", "coordinates": [ [ 71.461799216931766, 51.1294478494424 ] ] } },
{ "type": "Feature", "properties": { "IsPrimary": 0, "HouseId": "9570784863335027", "Name": "в Memory", "Number": null, "IsPorch": 0, "Intercom": 0, "HasRamp": 0, "Apartments": null, "HouseEntId": "70030077149830439" }, "geometry": { "type": "MultiPoint", "coordinates": [ [ 71.46045614575047, 51.13368152629242 ] ] } },
{ "type": "Feature", "properties": { "IsPrimary": 0, "HouseId": "70030076220850423", "Name": "в чикаго", "Number": null, "IsPorch": 0, "Intercom": 0, "HasRamp": 0, "Apartments": null, "HouseEntId": "70030077150537954" }, "geometry": { "type": "MultiPoint", "coordinates": [ [ 71.459534025111324, 51.118741063431848 ] ] } },
{ "type": "Feature", "properties": { "IsPrimary": 0, "HouseId": "70030076220850423", "Name": "в аура", "Number": null, "IsPorch": 0, "Intercom": 0, "HasRamp": 0, "Apartments": null, "HouseEntId": "70030077150537958" }, "geometry": { "type": "MultiPoint", "coordinates": [ [ 71.458669755976473, 51.118876225296255 ] ] } },
{ "type": "Feature", "properties": { "IsPrimary": 0, "HouseId": "9570784863343664", "Name": "в Harmony School", "Number": null, "IsPorch": 0, "Intercom": 0, "HasRamp": 0, "Apartments": null, "HouseEntId": "70030077151159381" }, "geometry": { "type": "MultiPoint", "coordinates": [ [ 71.464356181556482, 51.127676965803062 ] ] } },
{ "type": "Feature", "properties": { "IsPrimary": 0, "HouseId": "9570784863334862", "Name": "в Alladin Clean", "Number": null, "IsPorch": 0, "Intercom": 0, "HasRamp": 0, "Apartments": null, "HouseEntId": "70030077152813428" }, "geometry": { "type": "MultiPoint", "coordinates": [ [ 71.460128530166358, 51.131388234193395 ] ] } },
{ "type": "Feature", "properties": { "IsPrimary": 0, "HouseId": "9570784863334874", "Name": "Ателье", "Number": null, "IsPorch": 0, "Intercom": 0, "HasRamp": 0, "Apartments": null, "HouseEntId": "70030077148635587" }, "geometry": { "type": "MultiPoint", "coordinates": [ [ 71.459230125050709, 51.130798798800974 ] ] } },
{ "type": "Feature", "properties": { "IsPrimary": 0, "HouseId": "9570784863334862", "Name": "В тай", "Number": null, "IsPorch": 0, "Intercom": 0, "HasRamp": 0, "Apartments": null, "HouseEntId": "70030077148635594" }, "geometry": { "type": "MultiPoint", "coordinates": [ [ 71.45944284610998, 51.131331015995627 ] ] } },
{ "type": "Feature", "properties": { "IsPrimary": 0, "HouseId": "70030076697210175", "Name": "НП:1", "Number": null, "IsPorch": 0, "Intercom": 0, "HasRamp": 0, "Apartments": null, "HouseEntId": "70030077148635617" }, "geometry": { "type": "MultiPoint", "coordinates": [ [ 71.464147502915992, 51.129843994463151 ] ] } },
{ "type": "Feature", "properties": { "IsPrimary": 0, "HouseId": "70030076697210853", "Name": "НП:4", "Number": null, "IsPorch": 0, "Intercom": 0, "HasRamp": 0, "Apartments": null, "HouseEntId": "70030077148635654" }, "geometry": { "type": "MultiPoint", "coordinates": [ [ 71.463829678968466, 51.129514202701856 ] ] } },
{ "type": "Feature", "properties": { "IsPrimary": 0, "HouseId": "70030076697210175", "Name": "НП:2", "Number": null, "IsPorch": 0, "Intercom": 0, "HasRamp": 0, "Apartments": null, "HouseEntId": "70030077148635663" }, "geometry": { "type": "MultiPoint", "coordinates": [ [ 71.463928313986656, 51.129761180308982 ] ] } },
{ "type": "Feature", "properties": { "IsPrimary": 0, "HouseId": "70030076697210853", "Name": "НП:3", "Number": null, "IsPorch": 0, "Intercom": 0, "HasRamp": 0, "Apartments": null, "HouseEntId": "70030077148635675" }, "geometry": { "type": "MultiPoint", "coordinates": [ [ 71.463898130593108, 51.129684792717207 ] ] } },
{ "type": "Feature", "properties": { "IsPrimary": 0, "HouseId": "70030076697211656", "Name": "НП:5", "Number": null, "IsPorch": 0, "Intercom": 0, "HasRamp": 0, "Apartments": null, "HouseEntId": "70030077148635683" }, "geometry": { "type": "MultiPoint", "coordinates": [ [ 71.463781619100757, 51.129392996590951 ] ] } },
{ "type": "Feature", "properties": { "IsPrimary": 0, "HouseId": "70030076697211656", "Name": "НП:6", "Number": null, "IsPorch": 0, "Intercom": 0, "HasRamp": 0, "Apartments": null, "HouseEntId": "70030077148635704" }, "geometry": { "type": "MultiPoint", "coordinates": [ [ 71.463710921687905, 51.129211299578593 ] ] } },
{ "type": "Feature", "properties": { "IsPrimary": 0, "HouseId": "70030076697211656", "Name": "В tanuki", "Number": null, "IsPorch": 0, "Intercom": 0, "HasRamp": 0, "Apartments": null, "HouseEntId": "70030077148635711" }, "geometry": { "type": "MultiPoint", "coordinates": [ [ 71.463507453276037, 51.129184690461855 ] ] } },
{ "type": "Feature", "properties": { "IsPrimary": 0, "HouseId": "70030076245683806", "Name": "в Pappas_Gril", "Number": null, "IsPorch": 0, "Intercom": 0, "HasRamp": 0, "Apartments": null, "HouseEntId": "70030077154196260" }, "geometry": { "type": "MultiPoint", "coordinates": [ [ 71.466018244495146, 51.13499227404855 ] ] } },
{ "type": "Feature", "properties": { "IsPrimary": 0, "HouseId": "70030077154217343", "Name": "вход", "Number": null, "IsPorch": 0, "Intercom": 0, "HasRamp": 0, "Apartments": null, "HouseEntId": "70030077154217368" }, "geometry": { "type": "MultiPoint", "coordinates": [ [ 71.457062939427757, 51.127873495969411 ] ] } },
{ "type": "Feature", "properties": { "IsPrimary": 0, "HouseId": "70030076321612549", "Name": "в Pappas_Gril", "Number": null, "IsPorch": 0, "Intercom": 0, "HasRamp": 0, "Apartments": null, "HouseEntId": "70030077154620930" }, "geometry": { "type": "MultiPoint", "coordinates": [ [ 71.466016897022243, 51.135031111704166 ], [ 71.466014561402503, 51.135000729273877 ] ] } },
{ "type": "Feature", "properties": { "IsPrimary": 0, "HouseId": "70030076471828010", "Name": "в Profi studio", "Number": null, "IsPorch": 0, "Intercom": 0, "HasRamp": 0, "Apartments": null, "HouseEntId": "70030077154998659" }, "geometry": { "type": "MultiPoint", "coordinates": [ [ 71.466621912366094, 51.133070192044336 ] ] } },
{ "type": "Feature", "properties": { "IsPrimary": 0, "HouseId": "9570784863337011", "Name": "вход А", "Number": null, "IsPorch": 0, "Intercom": 0, "HasRamp": 0, "Apartments": null, "HouseEntId": "70030077158075378" }, "geometry": { "type": "MultiPoint", "coordinates": [ [ 71.438315548605843, 51.122432977312499 ] ] } },
{ "type": "Feature", "properties": { "IsPrimary": 0, "HouseId": "9570784863323811", "Name": "Beijing.room", "Number": null, "IsPorch": 0, "Intercom": 0, "HasRamp": 0, "Apartments": null, "HouseEntId": "70030077158872781" }, "geometry": { "type": "MultiPoint", "coordinates": [ [ 71.441952827191244, 51.129559584442944 ] ] } },
{ "type": "Feature", "properties": { "IsPrimary": 0, "HouseId": "9570784863342921", "Name": "в Elite Apart-Hotel", "Number": null, "IsPorch": 0, "Intercom": 0, "HasRamp": 0, "Apartments": null, "HouseEntId": "70030077159140593" }, "geometry": { "type": "MultiPoint", "coordinates": [ [ 71.468791164114165, 51.12716364941879 ] ] } },
{ "type": "Feature", "properties": { "IsPrimary": 0, "HouseId": "9570784863334039", "Name": "в Astana Rooms", "Number": null, "IsPorch": 0, "Intercom": 0, "HasRamp": 0, "Apartments": null, "HouseEntId": "70030077159484309" }, "geometry": { "type": "MultiPoint", "coordinates": [ [ 71.466514024700473, 51.133884738881335 ] ] } },
{ "type": "Feature", "properties": { "IsPrimary": 0, "HouseId": "9570784863324596", "Name": "в GreenThera", "Number": null, "IsPorch": 0, "Intercom": 0, "HasRamp": 0, "Apartments": null, "HouseEntId": "70030077162942986" }, "geometry": { "type": "MultiPoint", "coordinates": [ [ 71.469161180179711, 51.132752994036053 ] ] } },
{ "type": "Feature", "properties": { "IsPrimary": 0, "HouseId": "70030076143969950", "Name": "в United Dance Space", "Number": null, "IsPorch": 0, "Intercom": 0, "HasRamp": 0, "Apartments": null, "HouseEntId": "70030077160714454" }, "geometry": { "type": "MultiPoint", "coordinates": [ [ 71.458040216625363, 51.119761900702869 ] ] } },
{ "type": "Feature", "properties": { "IsPrimary": 0, "HouseId": "9570784863349889", "Name": "в центр остеопатии", "Number": null, "IsPorch": 0, "Intercom": 0, "HasRamp": 0, "Apartments": null, "HouseEntId": "70030077166094450" }, "geometry": { "type": "MultiPoint", "coordinates": [ [ 71.465600078730404, 51.11814131665529 ] ] } },
{ "type": "Feature", "properties": { "IsPrimary": 0, "HouseId": "70030076697219600", "Name": null, "Number": "4", "IsPorch": 1, "Intercom": 1, "HasRamp": 1, "Apartments": "174-233", "HouseEntId": "70030077148635717" }, "geometry": { "type": "MultiPoint", "coordinates": [ [ 71.462992988112831, 51.129264010389576 ] ] } },
{ "type": "Feature", "properties": { "IsPrimary": 0, "HouseId": "70030076697221772", "Name": null, "Number": "5", "IsPorch": 1, "Intercom": 1, "HasRamp": 1, "Apartments": "234-298", "HouseEntId": "70030077148635728" }, "geometry": { "type": "MultiPoint", "coordinates": [ [ 71.462287810614797, 51.129522715305143 ] ] } },
{ "type": "Feature", "properties": { "IsPrimary": 0, "HouseId": "70030076697228781", "Name": null, "Number": "6", "IsPorch": 1, "Intercom": 1, "HasRamp": 1, "Apartments": "299-351", "HouseEntId": "70030077148635732" }, "geometry": { "type": "MultiPoint", "coordinates": [ [ 71.461886263682786, 51.12958534772207 ] ] } },
{ "type": "Feature", "properties": { "IsPrimary": 0, "HouseId": "70030076697258846", "Name": null, "Number": "7", "IsPorch": 1, "Intercom": 1, "HasRamp": 1, "Apartments": "352-435", "HouseEntId": "70030077148635759" }, "geometry": { "type": "MultiPoint", "coordinates": [ [ 71.461780262479266, 51.130120228484962 ] ] } },
{ "type": "Feature", "properties": { "IsPrimary": 0, "HouseId": "70030076699592482", "Name": null, "Number": "8", "IsPorch": 1, "Intercom": 1, "HasRamp": 1, "Apartments": "436-474", "HouseEntId": "70030077148635838" }, "geometry": { "type": "MultiPoint", "coordinates": [ [ 71.461839012298853, 51.130614063149544 ] ] } },
{ "type": "Feature", "properties": { "IsPrimary": 0, "HouseId": "70030076697211656", "Name": null, "Number": "3", "IsPorch": 1, "Intercom": 1, "HasRamp": 1, "Apartments": "108-173", "HouseEntId": "70030077148635691" }, "geometry": { "type": "MultiPoint", "coordinates": [ [ 71.46374523733175, 51.129299583106089 ] ] } },
{ "type": "Feature", "properties": { "IsPrimary": 0, "HouseId": "70030076697210175", "Name": null, "Number": "1", "IsPorch": 1, "Intercom": 0, "HasRamp": 0, "Apartments": "1-44", "HouseEntId": "70030077148635624" }, "geometry": { "type": "MultiPoint", "coordinates": [ [ 71.463998202915761, 51.129801939097767 ] ] } },
{ "type": "Feature", "properties": { "IsPrimary": 0, "HouseId": "70030076697210853", "Name": null, "Number": "2", "IsPorch": 1, "Intercom": 0, "HasRamp": 0, "Apartments": "45-107", "HouseEntId": "70030077148635635" }, "geometry": { "type": "MultiPoint", "coordinates": [ [ 71.463861658992585, 51.129593916687 ] ] } },
{ "type": "Feature", "properties": { "IsPrimary": 0, "HouseId": "70030076697255280", "Name": null, "Number": "9", "IsPorch": 1, "Intercom": 1, "HasRamp": 1, "Apartments": "475-542", "HouseEntId": "70030077148635600" }, "geometry": { "type": "MultiPoint", "coordinates": [ [ 71.462276491842218, 51.130819375048432 ] ] } },
{ "type": "Feature", "properties": { "IsPrimary": 0, "HouseId": "70030076697243722", "Name": null, "Number": "10", "IsPorch": 1, "Intercom": 1, "HasRamp": 1, "Apartments": "543-604", "HouseEntId": "70030077148635612" }, "geometry": { "type": "MultiPoint", "coordinates": [ [ 71.462824015007882, 51.130236866395201 ] ] } },
{ "type": "Feature", "properties": { "IsPrimary": 0, "HouseId": "70030076471828010", "Name": null, "Number": "1", "IsPorch": 1, "Intercom": 1, "HasRamp": 0, "Apartments": "1-60", "HouseEntId": "70030076949203258" }, "geometry": { "type": "MultiPoint", "coordinates": [ [ 71.465937935108769, 51.132781912302647 ], [ 71.465768962003807, 51.132733376955997 ] ] } },
{ "type": "Feature", "properties": { "IsPrimary": 0, "HouseId": "70030076471828010", "Name": null, "Number": "4", "IsPorch": 1, "Intercom": 0, "HasRamp": 0, "Apartments": null, "HouseEntId": "70030076949203499" }, "geometry": { "type": "MultiPoint", "coordinates": [ [ 71.466370923075715, 51.133134848986074 ], [ 71.466539806349118, 51.133183383910762 ] ] } },
{ "type": "Feature", "properties": { "IsPrimary": 0, "HouseId": "70030076471828010", "Name": null, "Number": "5", "IsPorch": 1, "Intercom": 1, "HasRamp": 0, "Apartments": null, "HouseEntId": "70030076949203691" }, "geometry": { "type": "MultiPoint", "coordinates": [ [ 71.466690902979906, 51.132975151248957 ], [ 71.466522109538019, 51.132926616105415 ] ] } },
{ "type": "Feature", "properties": { "IsPrimary": 0, "HouseId": "70030076471828010", "Name": null, "Number": "6", "IsPorch": 1, "Intercom": 1, "HasRamp": 0, "Apartments": "265-284", "HouseEntId": "70030076949203991" }, "geometry": { "type": "MultiPoint", "coordinates": [ [ 71.466575649128956, 51.132805475321305 ], [ 71.466658833124256, 51.132691042366915 ] ] } },
{ "type": "Feature", "properties": { "IsPrimary": 0, "HouseId": "70030076471828010", "Name": null, "Number": "3", "IsPorch": 1, "Intercom": 1, "HasRamp": 0, "Apartments": "93-123", "HouseEntId": "70030076946217681" }, "geometry": { "type": "MultiPoint", "coordinates": [ [ 71.465912153460096, 51.133187949911516 ], [ 71.465989318742999, 51.13308169162908 ] ] } },
{ "type": "Feature", "properties": { "IsPrimary": 0, "HouseId": "70030076471828010", "Name": null, "Number": "2", "IsPorch": 1, "Intercom": 1, "HasRamp": 0, "Apartments": "61-92", "HouseEntId": "70030076946217817" }, "geometry": { "type": "MultiPoint", "coordinates": [ [ 71.465845588297555, 51.132909141186417 ], [ 71.465676705024137, 51.132860605973484 ] ] } },
{ "type": "Feature", "properties": { "IsPrimary": 0, "HouseId": "70030076261391675", "Name": null, "Number": "2", "IsPorch": 1, "Intercom": 1, "HasRamp": 0, "Apartments": null, "HouseEntId": "70030076513913125" }, "geometry": { "type": "MultiPoint", "coordinates": [ [ 71.462085330349751, 51.132824246808433 ], [ 71.461828232515444, 51.132782363269619 ] ] } },
{ "type": "Feature", "properties": { "IsPrimary": 0, "HouseId": "70030076261391675", "Name": null, "Number": "1", "IsPorch": 1, "Intercom": 1, "HasRamp": 0, "Apartments": null, "HouseEntId": "70030076513913127" }, "geometry": { "type": "MultiPoint", "coordinates": [ [ 71.461990198761171, 51.132954294108735 ], [ 71.461795623670625, 51.132897979783081 ] ] } },
{ "type": "Feature", "properties": { "IsPrimary": 0, "HouseId": "70030076261391675", "Name": null, "Number": "3", "IsPorch": 1, "Intercom": 1, "HasRamp": 0, "Apartments": null, "HouseEntId": "70030076513913129" }, "geometry": { "type": "MultiPoint", "coordinates": [ [ 71.461693485222824, 51.132594986111378 ], [ 71.461604013020519, 51.132717536721472 ] ] } },
{ "type": "Feature", "properties": { "IsPrimary": 0, "HouseId": "70030076261391675", "Name": null, "Number": "4", "IsPorch": 1, "Intercom": 1, "HasRamp": 0, "Apartments": null, "HouseEntId": "70030076513913132" }, "geometry": { "type": "MultiPoint", "coordinates": [ [ 71.461323918314932, 51.132488162752196 ], [ 71.461234446112641, 51.132610657274689 ] ] } },
{ "type": "Feature", "properties": { "IsPrimary": 0, "HouseId": "70030076220850423", "Name": null, "Number": "С6", "IsPorch": 1, "Intercom": 1, "HasRamp": 1, "Apartments": null, "HouseEntId": "70030076500276052" }, "geometry": { "type": "MultiPoint", "coordinates": [ [ 71.457531949837602, 51.119054579708667 ], [ 71.457600581125305, 51.119192334479123 ] ] } },
{ "type": "Feature", "properties": { "IsPrimary": 0, "HouseId": "70030076220850423", "Name": null, "Number": "С5", "IsPorch": 1, "Intercom": 0, "HasRamp": 0, "Apartments": null, "HouseEntId": "70030076500276155" }, "geometry": { "type": "MultiPoint", "coordinates": [ [ 71.457940683291895, 51.118990297767759 ], [ 71.457999343279937, 51.119129913518606 ] ] } },
{ "type": "Feature", "properties": { "IsPrimary": 0, "HouseId": "70030076220850423", "Name": null, "Number": "C3", "IsPorch": 1, "Intercom": 0, "HasRamp": 0, "Apartments": null, "HouseEntId": "70030076500277648" }, "geometry": { "type": "MultiPoint", "coordinates": [ [ 71.458909336662757, 51.118838727363496 ], [ 71.458983088347566, 51.118975806124858 ] ] } },
{ "type": "Feature", "properties": { "IsPrimary": 0, "HouseId": "70030076220850423", "Name": null, "Number": "C4", "IsPorch": 1, "Intercom": 1, "HasRamp": 0, "Apartments": null, "HouseEntId": "70030076500277739" }, "geometry": { "type": "MultiPoint", "coordinates": [ [ 71.45881159995983, 51.118854064867506 ] ] } },
{ "type": "Feature", "properties": { "IsPrimary": 0, "HouseId": "70030076247337809", "Name": null, "Number": "B1", "IsPorch": 1, "Intercom": 1, "HasRamp": 0, "Apartments": null, "HouseEntId": "70030076491607412" }, "geometry": { "type": "MultiPoint", "coordinates": [ [ 71.45592962486532, 51.120336083562329 ] ] } },
{ "type": "Feature", "properties": { "IsPrimary": 0, "HouseId": "70030076247337809", "Name": null, "Number": "B2", "IsPorch": 1, "Intercom": 1, "HasRamp": 0, "Apartments": null, "HouseEntId": "70030076491607414" }, "geometry": { "type": "MultiPoint", "coordinates": [ [ 71.456482987080335, 51.120427034194286 ] ] } },
{ "type": "Feature", "properties": { "IsPrimary": 0, "HouseId": "70030076247337809", "Name": null, "Number": "B3", "IsPorch": 1, "Intercom": 1, "HasRamp": 0, "Apartments": null, "HouseEntId": "70030076491607519" }, "geometry": { "type": "MultiPoint", "coordinates": [ [ 71.456785000678863, 51.120410287563182 ] ] } },
{ "type": "Feature", "properties": { "IsPrimary": 0, "HouseId": "70030076247337809", "Name": null, "Number": "B4", "IsPorch": 1, "Intercom": 1, "HasRamp": 0, "Apartments": null, "HouseEntId": "70030076491607530" }, "geometry": { "type": "MultiPoint", "coordinates": [ [ 71.457349232508832, 51.120406115000932 ] ] } },
{ "type": "Feature", "properties": { "IsPrimary": 0, "HouseId": "70030076220850423", "Name": "C1", "Number": "C1", "IsPorch": 1, "Intercom": 0, "HasRamp": 0, "Apartments": null, "HouseEntId": "70030076435564819" }, "geometry": { "type": "MultiPoint", "coordinates": [ [ 71.460400989192038, 51.118605506454792 ], [ 71.460453091478499, 51.118745687248527 ] ] } },
{ "type": "Feature", "properties": { "IsPrimary": 0, "HouseId": "70030076220850423", "Name": "C2", "Number": "C2", "IsPorch": 1, "Intercom": 0, "HasRamp": 0, "Apartments": null, "HouseEntId": "70030076435564824" }, "geometry": { "type": "MultiPoint", "coordinates": [ [ 71.45980073491917, 51.118699336284941 ], [ 71.459868108565487, 51.118837261278287 ] ] } },
{ "type": "Feature", "properties": { "IsPrimary": 0, "HouseId": "9570784863359591", "Name": null, "Number": "1", "IsPorch": 1, "Intercom": 0, "HasRamp": 0, "Apartments": "1-82", "HouseEntId": "70030076399606082" }, "geometry": { "type": "MultiPoint", "coordinates": [ [ 71.461435219578632, 51.13355965467975 ], [ 71.461133026317057, 51.133404073430199 ] ] } },
{ "type": "Feature", "properties": { "IsPrimary": 0, "HouseId": "70030076182601998", "Name": "в D2-1", "Number": "1", "IsPorch": 1, "Intercom": 0, "HasRamp": 0, "Apartments": null, "HouseEntId": "70030076286302356" }, "geometry": { "type": "MultiPoint", "coordinates": [ [ 71.460427848819037, 51.120102870212328 ] ] } },
{ "type": "Feature", "properties": { "IsPrimary": 0, "HouseId": "70030076182601998", "Name": "в D2-2", "Number": "2", "IsPorch": 1, "Intercom": 0, "HasRamp": 0, "Apartments": null, "HouseEntId": "70030076261395053" }, "geometry": { "type": "MultiPoint", "coordinates": [ [ 71.46032705784414, 51.119745604924923 ] ] } },
{ "type": "Feature", "properties": { "IsPrimary": 0, "HouseId": "70030076182601998", "Name": "в D2-3", "Number": "3", "IsPorch": 1, "Intercom": 0, "HasRamp": 0, "Apartments": null, "HouseEntId": "70030076261395086" }, "geometry": { "type": "MultiPoint", "coordinates": [ [ 71.46021072601485, 51.119458087814323 ] ] } },
{ "type": "Feature", "properties": { "IsPrimary": 0, "HouseId": "9570784863323811", "Name": "в 16А", "Number": "16А", "IsPorch": 1, "Intercom": 0, "HasRamp": 0, "Apartments": null, "HouseEntId": "70030076255208707" }, "geometry": { "type": "MultiPoint", "coordinates": [ [ 71.43949476707931, 51.122502328971379 ] ] } },
{ "type": "Feature", "properties": { "IsPrimary": 0, "HouseId": "70030076156460910", "Name": null, "Number": "1", "IsPorch": 1, "Intercom": 0, "HasRamp": 0, "Apartments": "1-8", "HouseEntId": "70030076213681984" }, "geometry": { "type": "MultiPoint", "coordinates": [ [ 71.466858708274984, 51.130694846331252 ] ] } },
{ "type": "Feature", "properties": { "IsPrimary": 0, "HouseId": "9570784863355803", "Name": null, "Number": "1", "IsPorch": 1, "Intercom": 1, "HasRamp": 0, "Apartments": "1-16", "HouseEntId": "70030076201632003" }, "geometry": { "type": "MultiPoint", "coordinates": [ [ 71.464847649848423, 51.130268604934571 ] ] } },
{ "type": "Feature", "properties": { "IsPrimary": 0, "HouseId": "70030076159504525", "Name": null, "Number": "1", "IsPorch": 1, "Intercom": 1, "HasRamp": 1, "Apartments": "1-44", "HouseEntId": "70030076183578616" }, "geometry": { "type": "MultiPoint", "coordinates": [ [ 71.466041331197957, 51.135788073072739 ] ] } },
{ "type": "Feature", "properties": { "IsPrimary": 0, "HouseId": "70030076159504525", "Name": null, "Number": "2", "IsPorch": 1, "Intercom": 1, "HasRamp": 1, "Apartments": "45-118", "HouseEntId": "70030076183578619" }, "geometry": { "type": "MultiPoint", "coordinates": [ [ 71.466202488959922, 51.13616466081762 ] ] } },
{ "type": "Feature", "properties": { "IsPrimary": 0, "HouseId": "70030076159504525", "Name": null, "Number": "3", "IsPorch": 1, "Intercom": 1, "HasRamp": 1, "Apartments": "119-172", "HouseEntId": "70030076183578721" }, "geometry": { "type": "MultiPoint", "coordinates": [ [ 71.466928327709496, 51.135911291613226 ] ] } },
{ "type": "Feature", "properties": { "IsPrimary": 0, "HouseId": "70030076159504525", "Name": null, "Number": "4", "IsPorch": 1, "Intercom": 1, "HasRamp": 1, "Apartments": "173-188", "HouseEntId": "70030076183578788" }, "geometry": { "type": "MultiPoint", "coordinates": [ [ 71.466968392571175, 51.13562534067205 ] ] } },
{ "type": "Feature", "properties": { "IsPrimary": 0, "HouseId": "70030076143969950", "Name": "DI-1", "Number": "1", "IsPorch": 1, "Intercom": 0, "HasRamp": 0, "Apartments": "1-103", "HouseEntId": "70030076180659517" }, "geometry": { "type": "MultiPoint", "coordinates": [ [ 71.457970237864743, 51.120305860622061 ] ] } },
{ "type": "Feature", "properties": { "IsPrimary": 0, "HouseId": "70030076143969950", "Name": "DI-3", "Number": "3", "IsPorch": 1, "Intercom": 1, "HasRamp": 1, "Apartments": "107-107;108-108;110-111;207-211;307-311;407-411;507-511;607-611;707-711;807-811;907-911;1007-1011;1107-1111;1207-1211;1307-1311;1407-1411;1507-1511;1607-1611;1707-1711;1807-1811;1907-1911;2007-2011;2107-2111;2207-2211;2307-2311;2407-2411;2507-2511", "HouseEntId": "70030076180656153" }, "geometry": { "type": "MultiPoint", "coordinates": [ [ 71.459114871199759, 51.12033129074662 ] ] } },
{ "type": "Feature", "properties": { "IsPrimary": 0, "HouseId": "70030076143969950", "Name": "DI-4", "Number": "4", "IsPorch": 1, "Intercom": 1, "HasRamp": 1, "Apartments": "112-112;114-114;212-214;312-314;412-414;512-514;612-614;712-714;812-814;912-914;1012-1014;1112-1114;1212-1214;1312-1314;1412-1414;1512-1514;1612-1614;1712-1714;1812-1814;1912-1914;2012-2014;2112-2114;2212-2214;2312-2314;2412-2414;2512-2514", "HouseEntId": "70030076180656155" }, "geometry": { "type": "MultiPoint", "coordinates": [ [ 71.459640924630122, 51.120300334783821 ] ] } },
{ "type": "Feature", "properties": { "IsPrimary": 0, "HouseId": "70030076143969950", "Name": "DI-2", "Number": "2", "IsPorch": 1, "Intercom": 1, "HasRamp": 1, "Apartments": "104-104;106-106;204-206;304-306;404-406;504-506;604-606;704-706;804-806;904-906;1004-1006;1104-1106;1204-1206;1304-1306;1404-1406;1504-1506;1604-1606;1704-1706;1804-1806;1904-1906;2004-2006;2104-2106;2204-2206;2304-2306;2404-2406;2504-2506", "HouseEntId": "70030076180656160" }, "geometry": { "type": "MultiPoint", "coordinates": [ [ 71.458574534556348, 51.12036337440933 ] ] } },
{ "type": "Feature", "properties": { "IsPrimary": 0, "HouseId": "9570784863323811", "Name": "B 10В", "Number": "10B", "IsPorch": 1, "Intercom": 0, "HasRamp": 0, "Apartments": null, "HouseEntId": "70030076173901972" }, "geometry": { "type": "MultiPoint", "coordinates": [ [ 71.439453893733884, 51.125892990649199 ] ] } },
{ "type": "Feature", "properties": { "IsPrimary": 0, "HouseId": "9570784863334434", "Name": null, "Number": "4", "IsPorch": 1, "Intercom": 1, "HasRamp": 1, "Apartments": "121-156", "HouseEntId": "70030076168210241" }, "geometry": { "type": "MultiPoint", "coordinates": [ [ 71.462893185284756, 51.134651245335853 ] ] } },
{ "type": "Feature", "properties": { "IsPrimary": 0, "HouseId": "9570784863334434", "Name": null, "Number": "3", "IsPorch": 1, "Intercom": 1, "HasRamp": 1, "Apartments": "85-120", "HouseEntId": "70030076168210245" }, "geometry": { "type": "MultiPoint", "coordinates": [ [ 71.462569612119424, 51.134559082598528 ] ] } },
{ "type": "Feature", "properties": { "IsPrimary": 0, "HouseId": "9570784863334434", "Name": null, "Number": "2", "IsPorch": 1, "Intercom": 1, "HasRamp": 1, "Apartments": "54-84", "HouseEntId": "70030076168210248" }, "geometry": { "type": "MultiPoint", "coordinates": [ [ 71.462277659652088, 51.134475938686855 ] ] } },
{ "type": "Feature", "properties": { "IsPrimary": 0, "HouseId": "9570784863334434", "Name": null, "Number": "1", "IsPorch": 1, "Intercom": 1, "HasRamp": 1, "Apartments": "1-53", "HouseEntId": "70030076168210253" }, "geometry": { "type": "MultiPoint", "coordinates": [ [ 71.46234144003725, 51.134269177449291 ] ] } },
{ "type": "Feature", "properties": { "IsPrimary": 0, "HouseId": "9570784863349089", "Name": null, "Number": "3", "IsPorch": 1, "Intercom": 1, "HasRamp": 1, "Apartments": "73-108", "HouseEntId": "70030076168210213" }, "geometry": { "type": "MultiPoint", "coordinates": [ [ 71.464323213385555, 51.135058224765153 ] ] } },
{ "type": "Feature", "properties": { "IsPrimary": 0, "HouseId": "9570784863349076", "Name": null, "Number": "4", "IsPorch": 1, "Intercom": 1, "HasRamp": 1, "Apartments": "1-104", "HouseEntId": "70030076168210215" }, "geometry": { "type": "MultiPoint", "coordinates": [ [ 71.464591540160924, 51.134915105953702 ] ] } },
{ "type": "Feature", "properties": { "IsPrimary": 0, "HouseId": "9570784863334401", "Name": null, "Number": "1", "IsPorch": 1, "Intercom": 1, "HasRamp": 1, "Apartments": "1-36", "HouseEntId": "70030076168210218" }, "geometry": { "type": "MultiPoint", "coordinates": [ [ 71.464905501352732, 51.135223890295023 ] ] } },
{ "type": "Feature", "properties": { "IsPrimary": 0, "HouseId": "9570784863334401", "Name": null, "Number": "2", "IsPorch": 1, "Intercom": 1, "HasRamp": 1, "Apartments": "37-72", "HouseEntId": "70030076168210221" }, "geometry": { "type": "MultiPoint", "coordinates": [ [ 71.465211198043903, 51.135310922237252 ] ] } },
{ "type": "Feature", "properties": { "IsPrimary": 0, "HouseId": "9570784863334401", "Name": null, "Number": "3", "IsPorch": 1, "Intercom": 1, "HasRamp": 1, "Apartments": "73-103", "HouseEntId": "70030076168210224" }, "geometry": { "type": "MultiPoint", "coordinates": [ [ 71.465502252195947, 51.135393726439318 ] ] } },
{ "type": "Feature", "properties": { "IsPrimary": 0, "HouseId": "9570784863334401", "Name": null, "Number": "4", "IsPorch": 1, "Intercom": 1, "HasRamp": 1, "Apartments": "104-156", "HouseEntId": "70030076168210227" }, "geometry": { "type": "MultiPoint", "coordinates": [ [ 71.465694581498283, 51.135244069995728 ] ] } },
{ "type": "Feature", "properties": { "IsPrimary": 0, "HouseId": "9570784863349089", "Name": null, "Number": "2", "IsPorch": 1, "Intercom": 1, "HasRamp": 1, "Apartments": "37-72", "HouseEntId": "70030076168210230" }, "geometry": { "type": "MultiPoint", "coordinates": [ [ 71.463888967777208, 51.134934609370433 ] ] } },
{ "type": "Feature", "properties": { "IsPrimary": 0, "HouseId": "9570784863349089", "Name": null, "Number": "1", "IsPorch": 1, "Intercom": 1, "HasRamp": 1, "Apartments": "1-36", "HouseEntId": "70030076168210232" }, "geometry": { "type": "MultiPoint", "coordinates": [ [ 71.463476102072619, 51.134817025062681 ] ] } },
{ "type": "Feature", "properties": { "IsPrimary": 0, "HouseId": "9570784863349079", "Name": null, "Number": "5", "IsPorch": 1, "Intercom": 1, "HasRamp": 1, "Apartments": "1-104", "HouseEntId": "70030076168210234" }, "geometry": { "type": "MultiPoint", "coordinates": [ [ 71.463157739135923, 51.134554178521128 ] ] } },
{ "type": "Feature", "properties": { "IsPrimary": 0, "HouseId": "9570784863380745", "Name": null, "Number": "1", "IsPorch": 1, "Intercom": 1, "HasRamp": 1, "Apartments": "1-36", "HouseEntId": "70030076168210189" }, "geometry": { "type": "MultiPoint", "coordinates": [ [ 71.467169794857881, 51.134616804114252 ] ] } },
{ "type": "Feature", "properties": { "IsPrimary": 0, "HouseId": "9570784863333992", "Name": null, "Number": "3", "IsPorch": 1, "Intercom": 1, "HasRamp": 1, "Apartments": "64-98", "HouseEntId": "70030076168210192" }, "geometry": { "type": "MultiPoint", "coordinates": [ [ 71.466901737577089, 51.134537887961365 ] ] } },
{ "type": "Feature", "properties": { "IsPrimary": 0, "HouseId": "9570784863334039", "Name": null, "Number": "1", "IsPorch": 1, "Intercom": 1, "HasRamp": 1, "Apartments": "1-35", "HouseEntId": "70030076168210196" }, "geometry": { "type": "MultiPoint", "coordinates": [ [ 71.466974770609681, 51.134038345584585 ] ] } },
{ "type": "Feature", "properties": { "IsPrimary": 0, "HouseId": "9570784863334039", "Name": null, "Number": "3", "IsPorch": 1, "Intercom": 1, "HasRamp": 1, "Apartments": "72-107", "HouseEntId": "70030076168210199" }, "geometry": { "type": "MultiPoint", "coordinates": [ [ 71.466487165073474, 51.134191951776842 ] ] } },
{ "type": "Feature", "properties": { "IsPrimary": 0, "HouseId": "9570784863334039", "Name": null, "Number": "2", "IsPorch": 1, "Intercom": 1, "HasRamp": 1, "Apartments": "36-71", "HouseEntId": "70030076168210202" }, "geometry": { "type": "MultiPoint", "coordinates": [ [ 71.466678506228988, 51.133958188315468 ] ] } },
{ "type": "Feature", "properties": { "IsPrimary": 0, "HouseId": "9570784863333992", "Name": null, "Number": "1", "IsPorch": 1, "Intercom": 1, "HasRamp": 1, "Apartments": "1-27", "HouseEntId": "70030076168210206" }, "geometry": { "type": "MultiPoint", "coordinates": [ [ 71.466378648587153, 51.13496938856418 ] ] } },
{ "type": "Feature", "properties": { "IsPrimary": 0, "HouseId": "9570784863334874", "Name": null, "Number": "1", "IsPorch": 1, "Intercom": 1, "HasRamp": 1, "Apartments": "1-139", "HouseEntId": "70030076168210162" }, "geometry": { "type": "MultiPoint", "coordinates": [ [ 71.459926499058966, 51.130698115989503 ] ] } },
{ "type": "Feature", "properties": { "IsPrimary": 0, "HouseId": "9570784863335027", "Name": null, "Number": "1", "IsPorch": 1, "Intercom": 1, "HasRamp": 1, "Apartments": "1-41", "HouseEntId": "70030076168210169" }, "geometry": { "type": "MultiPoint", "coordinates": [ [ 71.460097897615171, 51.132416740347267 ] ] } },
{ "type": "Feature", "properties": { "IsPrimary": 0, "HouseId": "9570784863335027", "Name": null, "Number": "2", "IsPorch": 1, "Intercom": 1, "HasRamp": 1, "Apartments": "42-77", "HouseEntId": "70030076168210171" }, "geometry": { "type": "MultiPoint", "coordinates": [ [ 71.460217912537132, 51.132702936642865 ] ] } },
{ "type": "Feature", "properties": { "IsPrimary": 0, "HouseId": "9570784863335027", "Name": null, "Number": "3", "IsPorch": 1, "Intercom": 1, "HasRamp": 1, "Apartments": "78-113", "HouseEntId": "70030076168210173" }, "geometry": { "type": "MultiPoint", "coordinates": [ [ 71.460356253090865, 51.132967766694982 ] ] } },
{ "type": "Feature", "properties": { "IsPrimary": 0, "HouseId": "9570784863335027", "Name": null, "Number": "4", "IsPorch": 1, "Intercom": 1, "HasRamp": 1, "Apartments": "114-149", "HouseEntId": "70030076168210175" }, "geometry": { "type": "MultiPoint", "coordinates": [ [ 71.460535287327019, 51.133229382119829 ] ] } },
{ "type": "Feature", "properties": { "IsPrimary": 0, "HouseId": "9570784863335027", "Name": null, "Number": "5", "IsPorch": 1, "Intercom": 0, "HasRamp": 0, "Apartments": "150-190", "HouseEntId": "70030076168210177" }, "geometry": { "type": "MultiPoint", "coordinates": [ [ 71.460791936003687, 51.133507005141652 ] ] } },
{ "type": "Feature", "properties": { "IsPrimary": 0, "HouseId": "9570784907050665", "Name": null, "Number": "1", "IsPorch": 1, "Intercom": 1, "HasRamp": 1, "Apartments": "1-59", "HouseEntId": "70030076168210179" }, "geometry": { "type": "MultiPoint", "coordinates": [ [ 71.461193213441106, 51.133269066812403 ], [ 71.461479776016745, 51.133313430199657 ] ] } },
{ "type": "Feature", "properties": { "IsPrimary": 0, "HouseId": "9570784863334873", "Name": null, "Number": "1", "IsPorch": 1, "Intercom": 1, "HasRamp": 1, "Apartments": "1-119", "HouseEntId": "70030076168210153" }, "geometry": { "type": "MultiPoint", "coordinates": [ [ 71.460366673548165, 51.131798793822696 ] ] } },
{ "type": "Feature", "properties": { "IsPrimary": 0, "HouseId": "9570784863334862", "Name": null, "Number": "1", "IsPorch": 1, "Intercom": 1, "HasRamp": 1, "Apartments": "1-119", "HouseEntId": "70030076168210155" }, "geometry": { "type": "MultiPoint", "coordinates": [ [ 71.460144520178417, 51.13124352556995 ] ] } },
{ "type": "Feature", "properties": { "IsPrimary": 0, "HouseId": "9570784863323811", "Name": "В Подъезд 11в", "Number": "11B", "IsPorch": 1, "Intercom": 0, "HasRamp": 0, "Apartments": null, "HouseEntId": "70030076167269602" }, "geometry": { "type": "MultiPoint", "coordinates": [ [ 71.439410325442594, 51.12544392748859 ] ] } },
{ "type": "Feature", "properties": { "IsPrimary": 0, "HouseId": "9570784863323811", "Name": "6В подъезд", "Number": "6B", "IsPorch": 1, "Intercom": 0, "HasRamp": 0, "Apartments": null, "HouseEntId": "70030076167269595" }, "geometry": { "type": "MultiPoint", "coordinates": [ [ 71.440553790967755, 51.128261423542043 ] ] } },
{ "type": "Feature", "properties": { "IsPrimary": 0, "HouseId": "9570784863323811", "Name": "Подъезд 12в", "Number": "12B", "IsPorch": 1, "Intercom": 0, "HasRamp": 0, "Apartments": null, "HouseEntId": "70030076167269598" }, "geometry": { "type": "MultiPoint", "coordinates": [ [ 71.43941724247027, 51.124987079469314 ] ] } },
{ "type": "Feature", "properties": { "IsPrimary": 0, "HouseId": "9570784863342921", "Name": null, "Number": "G-2", "IsPorch": 1, "Intercom": 1, "HasRamp": 1, "Apartments": null, "HouseEntId": "70030076166726997" }, "geometry": { "type": "MultiPoint", "coordinates": [ [ 71.469124079758473, 51.126813147737977 ] ] } },
{ "type": "Feature", "properties": { "IsPrimary": 0, "HouseId": "9570784863342921", "Name": null, "Number": "G-3", "IsPorch": 1, "Intercom": 1, "HasRamp": 1, "Apartments": null, "HouseEntId": "70030076166727035" }, "geometry": { "type": "MultiPoint", "coordinates": [ [ 71.468719478554505, 51.126982169147581 ] ] } },
{ "type": "Feature", "properties": { "IsPrimary": 0, "HouseId": "70030076139045632", "Name": null, "Number": "1", "IsPorch": 1, "Intercom": 1, "HasRamp": 1, "Apartments": "1-186", "HouseEntId": "70030076163867807" }, "geometry": { "type": "MultiPoint", "coordinates": [ [ 71.468196748890691, 51.125239719294029 ] ] } },
{ "type": "Feature", "properties": { "IsPrimary": 0, "HouseId": "70030076139045583", "Name": null, "Number": "1", "IsPorch": 1, "Intercom": 1, "HasRamp": 1, "Apartments": "1-186", "HouseEntId": "70030076163868293" }, "geometry": { "type": "MultiPoint", "coordinates": [ [ 71.467298343775028, 51.125474428966392 ] ] } },
{ "type": "Feature", "properties": { "IsPrimary": 0, "HouseId": "70030076139045565", "Name": null, "Number": "1", "IsPorch": 1, "Intercom": 1, "HasRamp": 1, "Apartments": "1-186", "HouseEntId": "70030076163869109" }, "geometry": { "type": "MultiPoint", "coordinates": [ [ 71.466236265614612, 51.12575176033296 ] ] } },
{ "type": "Feature", "properties": { "IsPrimary": 0, "HouseId": "9570784863343252", "Name": null, "Number": "Е2-5", "IsPorch": 1, "Intercom": 1, "HasRamp": 1, "Apartments": null, "HouseEntId": "70030076163869673" }, "geometry": { "type": "MultiPoint", "coordinates": [ [ 71.469268528856162, 51.126479331455812 ] ] } },
{ "type": "Feature", "properties": { "IsPrimary": 0, "HouseId": "9570784863343252", "Name": null, "Number": "Е2-4", "IsPorch": 1, "Intercom": 1, "HasRamp": 1, "Apartments": null, "HouseEntId": "70030076163869758" }, "geometry": { "type": "MultiPoint", "coordinates": [ [ 71.469183548230291, 51.126289955464841 ] ] } },
{ "type": "Feature", "properties": { "IsPrimary": 0, "HouseId": "9570784863343252", "Name": null, "Number": "Е2-3", "IsPorch": 1, "Intercom": 1, "HasRamp": 1, "Apartments": null, "HouseEntId": "70030076163869789" }, "geometry": { "type": "MultiPoint", "coordinates": [ [ 71.468562093716741, 51.126177987038254 ] ] } },
{ "type": "Feature", "properties": { "IsPrimary": 0, "HouseId": "9570784863343252", "Name": null, "Number": "Е2-2", "IsPorch": 1, "Intercom": 1, "HasRamp": 1, "Apartments": null, "HouseEntId": "70030076163869831" }, "geometry": { "type": "MultiPoint", "coordinates": [ [ 71.468037926748437, 51.126260074692766 ] ] } },
{ "type": "Feature", "properties": { "IsPrimary": 0, "HouseId": "9570784863343252", "Name": null, "Number": "Е2-1", "IsPorch": 1, "Intercom": 1, "HasRamp": 1, "Apartments": null, "HouseEntId": "70030076163869846" }, "geometry": { "type": "MultiPoint", "coordinates": [ [ 71.467608801537224, 51.126502164769335 ] ] } },
{ "type": "Feature", "properties": { "IsPrimary": 0, "HouseId": "9570784863343029", "Name": null, "Number": "Е1-1", "IsPorch": 1, "Intercom": 1, "HasRamp": 1, "Apartments": null, "HouseEntId": "70030076163871073" }, "geometry": { "type": "MultiPoint", "coordinates": [ [ 71.465263839319547, 51.127440745133285 ] ] } },
{ "type": "Feature", "properties": { "IsPrimary": 0, "HouseId": "9570784863343029", "Name": null, "Number": "Е1-2", "IsPorch": 1, "Intercom": 1, "HasRamp": 1, "Apartments": null, "HouseEntId": "70030076163871859" }, "geometry": { "type": "MultiPoint", "coordinates": [ [ 71.465718117358733, 51.127725562841128 ] ] } },
{ "type": "Feature", "properties": { "IsPrimary": 0, "HouseId": "9570784863343029", "Name": null, "Number": "Е1-3", "IsPorch": 1, "Intercom": 1, "HasRamp": 1, "Apartments": null, "HouseEntId": "70030076163871941" }, "geometry": { "type": "MultiPoint", "coordinates": [ [ 71.466330678550975, 51.127641617345333 ] ] } },
{ "type": "Feature", "properties": { "IsPrimary": 0, "HouseId": "9570784863343029", "Name": null, "Number": "Е1-4", "IsPorch": 1, "Intercom": 1, "HasRamp": 1, "Apartments": null, "HouseEntId": "70030076163872357" }, "geometry": { "type": "MultiPoint", "coordinates": [ [ 71.466818104424135, 51.127565000738834 ] ] } },
{ "type": "Feature", "properties": { "IsPrimary": 0, "HouseId": "9570784863343029", "Name": null, "Number": "Е1-5", "IsPorch": 1, "Intercom": 1, "HasRamp": 1, "Apartments": null, "HouseEntId": "70030076163872401" }, "geometry": { "type": "MultiPoint", "coordinates": [ [ 71.467317567722105, 51.127486410798504 ] ] } },
{ "type": "Feature", "properties": { "IsPrimary": 0, "HouseId": "9570784863343029", "Name": null, "Number": "Е1-6", "IsPorch": 1, "Intercom": 1, "HasRamp": 1, "Apartments": null, "HouseEntId": "70030076163872438" }, "geometry": { "type": "MultiPoint", "coordinates": [ [ 71.467863204425683, 51.127379462867175 ] ] } },
{ "type": "Feature", "properties": { "IsPrimary": 0, "HouseId": "9570784863343029", "Name": null, "Number": "Е1-7", "IsPorch": 1, "Intercom": 1, "HasRamp": 1, "Apartments": null, "HouseEntId": "70030076163872486" }, "geometry": { "type": "MultiPoint", "coordinates": [ [ 71.468077003463307, 51.127011993074603 ] ] } },
{ "type": "Feature", "properties": { "IsPrimary": 0, "HouseId": "9570784863343890", "Name": null, "Number": "C4", "IsPorch": 1, "Intercom": 1, "HasRamp": 1, "Apartments": "117-120;216-220;316-320;416-420;516-520;616-620;716-720;816-820;916-920;1016-1020;1116-1120;1216-1220;1316-1320;1416-1420;1516-1520;1616-1620;1716-1720;1816-1820;1916-1920;2016-2020;2116-2120;2216-2220;2316-2320;2416-2420;2516-2520", "HouseEntId": "70030076163874703" }, "geometry": { "type": "MultiPoint", "coordinates": [ [ 71.463412052192879, 51.128103738508457 ] ] } },
{ "type": "Feature", "properties": { "IsPrimary": 0, "HouseId": "9570784863343890", "Name": null, "Number": "C3", "IsPorch": 1, "Intercom": 1, "HasRamp": 1, "Apartments": "111-114;211-215;311-315;411-415;511-515;611-615;711-715;811-815;911-915;1011-1015;1111-1115;1211-1215;1311-1315;1411-1415;1511-1515;1611-1615;1711-1715;1811-1815;1911-1915;2011-2015;2111-2115;2211-2215;2311-2315;2411-2415;2511-2515;2611-2615;2711-2715;28", "HouseEntId": "70030076163874890" }, "geometry": { "type": "MultiPoint", "coordinates": [ [ 71.462519755621173, 51.127704703329883 ] ] } },
{ "type": "Feature", "properties": { "IsPrimary": 0, "HouseId": "9570784863343890", "Name": null, "Number": "C1", "IsPorch": 1, "Intercom": 1, "HasRamp": 1, "Apartments": "101-104;201-205;301-305;401-405;501-505;601-605;701-705;801-805;901-905;1001-1005;1101-1105;1201-1205;1301-1305;1401-1405;1501-1505;1601-1605;1701-1705;1801-1805;1901-1905;2001-2005;2101-2105;2201-2205;2301-2305;2401-2405;2501-2505;2601-2605;2701-2705;28", "HouseEntId": "70030076163875214" }, "geometry": { "type": "MultiPoint", "coordinates": [ [ 71.460913118735505, 51.12804319001858 ] ] } },
{ "type": "Feature", "properties": { "IsPrimary": 0, "HouseId": "9570784863343890", "Name": null, "Number": "C2", "IsPorch": 1, "Intercom": 1, "HasRamp": 1, "Apartments": "107-110;206-210;306-310;406-410;506-510;606-610;706-710;806-810;906-910;1006-1010;1106-1110;1206-1210;1306-1310;1406-1410;1506-1510;1606-1610;1706-1710;1806-1810;1906-1910;2006-2010;2106-2110;2206-2210;2306-2310;2406-2410;2506-2510", "HouseEntId": "70030076163875633" }, "geometry": { "type": "MultiPoint", "coordinates": [ [ 71.461845300505843, 51.128482192959844 ] ] } },
{ "type": "Feature", "properties": { "IsPrimary": 0, "HouseId": "9570784863344615", "Name": null, "Number": "A-5", "IsPorch": 1, "Intercom": 1, "HasRamp": 1, "Apartments": null, "HouseEntId": "70030076163875787" }, "geometry": { "type": "MultiPoint", "coordinates": [ [ 71.459919132873637, 51.128756067344021 ] ] } },
{ "type": "Feature", "properties": { "IsPrimary": 0, "HouseId": "9570784863344615", "Name": null, "Number": "A-4-2", "IsPorch": 1, "Intercom": 1, "HasRamp": 1, "Apartments": null, "HouseEntId": "70030076163875837" }, "geometry": { "type": "MultiPoint", "coordinates": [ [ 71.459598074991078, 51.128833640361464 ] ] } },
{ "type": "Feature", "properties": { "IsPrimary": 0, "HouseId": "9570784863344615", "Name": null, "Number": "A-4-1", "IsPorch": 1, "Intercom": 1, "HasRamp": 1, "Apartments": null, "HouseEntId": "70030076163875857" }, "geometry": { "type": "MultiPoint", "coordinates": [ [ 71.459183951645102, 51.128898697864308 ] ] } },
{ "type": "Feature", "properties": { "IsPrimary": 0, "HouseId": "9570784863344615", "Name": null, "Number": "A-3", "IsPorch": 1, "Intercom": 1, "HasRamp": 1, "Apartments": null, "HouseEntId": "70030076163875873" }, "geometry": { "type": "MultiPoint", "coordinates": [ [ 71.458384630705297, 51.128885505969052 ] ] } },
{ "type": "Feature", "properties": { "IsPrimary": 0, "HouseId": "9570784863344615", "Name": null, "Number": "A-2", "IsPorch": 1, "Intercom": 1, "HasRamp": 1, "Apartments": null, "HouseEntId": "70030076163875888" }, "geometry": { "type": "MultiPoint", "coordinates": [ [ 71.458349776072268, 51.128551817416898 ] ] } },
{ "type": "Feature", "properties": { "IsPrimary": 0, "HouseId": "9570784863344615", "Name": null, "Number": "A1", "IsPorch": 1, "Intercom": 1, "HasRamp": 1, "Apartments": null, "HouseEntId": "70030076163876037" }, "geometry": { "type": "MultiPoint", "coordinates": [ [ 71.45884600543522, 51.128101427068493 ] ] } },
{ "type": "Feature", "properties": { "IsPrimary": 0, "HouseId": "9570784863343969", "Name": null, "Number": "B-1", "IsPorch": 1, "Intercom": 1, "HasRamp": 1, "Apartments": null, "HouseEntId": "70030076163876194" }, "geometry": { "type": "MultiPoint", "coordinates": [ [ 71.459373765664651, 51.127617713428769 ] ] } },
{ "type": "Feature", "properties": { "IsPrimary": 0, "HouseId": "9570784863343969", "Name": null, "Number": "B-2", "IsPorch": 1, "Intercom": 1, "HasRamp": 1, "Apartments": null, "HouseEntId": "70030076163876215" }, "geometry": { "type": "MultiPoint", "coordinates": [ [ 71.459708657602548, 51.12746087185797 ] ] } },
{ "type": "Feature", "properties": { "IsPrimary": 0, "HouseId": "9570784863343969", "Name": null, "Number": "B-3", "IsPorch": 1, "Intercom": 1, "HasRamp": 1, "Apartments": null, "HouseEntId": "70030076163876227" }, "geometry": { "type": "MultiPoint", "coordinates": [ [ 71.460431172585587, 51.127369991451729 ] ] } },
{ "type": "Feature", "properties": { "IsPrimary": 0, "HouseId": "9570784863343969", "Name": null, "Number": "B-4", "IsPorch": 1, "Intercom": 1, "HasRamp": 1, "Apartments": null, "HouseEntId": "70030076163876276" }, "geometry": { "type": "MultiPoint", "coordinates": [ [ 71.46060921867489, 51.127639813276595 ] ] } },
{ "type": "Feature", "properties": { "IsPrimary": 0, "HouseId": "9570784863342809", "Name": null, "Number": "1", "IsPorch": 1, "Intercom": 1, "HasRamp": 1, "Apartments": "101-102;201-202;301-302;401-402;501-502;601-602;701-702;801-802;901-902;1001-1002;1101-1102;1201-1202;1301-1302;1401-1402;1501-1502;1601-1602;1701-1702;1801-1802;1901-1902;2001-2002", "HouseEntId": "70030076163876362" }, "geometry": { "type": "MultiPoint", "coordinates": [ [ 71.461122426196695, 51.127087032019411 ] ] } },
{ "type": "Feature", "properties": { "IsPrimary": 0, "HouseId": "9570784863342809", "Name": null, "Number": "2", "IsPorch": 1, "Intercom": 1, "HasRamp": 1, "Apartments": "105-106;203-206;303-306;403-406;503-506;603-606;703-706;803-806;903-906;1003-1006;1103-1106;1203-1206;1303-1306;1403-1406;1503-1506;1603-1606;1703-1706;1803-1806", "HouseEntId": "70030076163876502" }, "geometry": { "type": "MultiPoint", "coordinates": [ [ 71.461546071684694, 51.126976136706318 ] ] } },
{ "type": "Feature", "properties": { "IsPrimary": 0, "HouseId": "9570784863342809", "Name": null, "Number": "3", "IsPorch": 1, "Intercom": 1, "HasRamp": 1, "Apartments": "107-108;207-208;307-310;407-410;507-510;607-610;707-710;807-810;907-910;1007-1010;1107-1110;1207-1210;1307-1310;1407-1410;1507-1510;1607-1610;1707-1710;1807-1810;1907-1910;2007-2010", "HouseEntId": "70030076163876708" }, "geometry": { "type": "MultiPoint", "coordinates": [ [ 71.461993881853829, 51.126858983158016 ] ] } },
{ "type": "Feature", "properties": { "IsPrimary": 0, "HouseId": "9570784863342809", "Name": null, "Number": "4", "IsPorch": 1, "Intercom": 1, "HasRamp": 1, "Apartments": "113-114;213-214;311-314;411-414;511-514;611-614;711-714;811-814;911-914;1011-1014;1111-1114;1211-1214;1311-1314;1411-1414;1511-1514;1611-1614;1711-1714;1811-1814;1911-1914;2011-2014", "HouseEntId": "70030076163876939" }, "geometry": { "type": "MultiPoint", "coordinates": [ [ 71.462416269700427, 51.126748481945022 ] ] } },
{ "type": "Feature", "properties": { "IsPrimary": 0, "HouseId": "9570784863342809", "Name": null, "Number": "5", "IsPorch": 1, "Intercom": 1, "HasRamp": 1, "Apartments": "115-116;215-218;315-318;415-418;515-518;615-618;715-718;815-818;915-918;1015-1018;1115-1118;1215-1218;1315-1318;1415-1418;1515-1518;1615-1615;1715-1718;1815-1818", "HouseEntId": "70030076163877132" }, "geometry": { "type": "MultiPoint", "coordinates": [ [ 71.46283524394893, 51.12663882614325 ] ] } },
{ "type": "Feature", "properties": { "IsPrimary": 0, "HouseId": "9570784863363476", "Name": null, "Number": "1", "IsPorch": 1, "Intercom": 1, "HasRamp": 1, "Apartments": "1-94", "HouseEntId": "70030076163851240" }, "geometry": { "type": "MultiPoint", "coordinates": [ [ 71.456254725166659, 51.119477823307633 ] ] } },
{ "type": "Feature", "properties": { "IsPrimary": 0, "HouseId": "9570784863363476", "Name": null, "Number": "2", "IsPorch": 1, "Intercom": 1, "HasRamp": 1, "Apartments": "95-165", "HouseEntId": "70030076163851326" }, "geometry": { "type": "MultiPoint", "coordinates": [ [ 71.455943997909856, 51.119537537220296 ] ] } },
{ "type": "Feature", "properties": { "IsPrimary": 0, "HouseId": "9570784863363476", "Name": null, "Number": "3", "IsPorch": 1, "Intercom": 1, "HasRamp": 1, "Apartments": "166-236", "HouseEntId": "70030076163851399" }, "geometry": { "type": "MultiPoint", "coordinates": [ [ 71.455447768546932, 51.119615125720529 ] ] } },
{ "type": "Feature", "properties": { "IsPrimary": 0, "HouseId": "9570784863363476", "Name": null, "Number": "4", "IsPorch": 1, "Intercom": 1, "HasRamp": 1, "Apartments": "237-293", "HouseEntId": "70030076163851558" }, "geometry": { "type": "MultiPoint", "coordinates": [ [ 71.455007773720766, 51.119684143288566 ] ] } },
{ "type": "Feature", "properties": { "IsPrimary": 0, "HouseId": "9570784863363476", "Name": null, "Number": "5", "IsPorch": 1, "Intercom": 1, "HasRamp": 1, "Apartments": "294-329", "HouseEntId": "70030076163851581" }, "geometry": { "type": "MultiPoint", "coordinates": [ [ 71.455115751217903, 51.119789981303306 ] ] } },
{ "type": "Feature", "properties": { "IsPrimary": 0, "HouseId": "9570784863363476", "Name": null, "Number": "6", "IsPorch": 1, "Intercom": 1, "HasRamp": 1, "Apartments": "330-386", "HouseEntId": "70030076163851614" }, "geometry": { "type": "MultiPoint", "coordinates": [ [ 71.455347247066626, 51.119931906486421 ] ] } },
{ "type": "Feature", "properties": { "IsPrimary": 0, "HouseId": "9570784863379508", "Name": null, "Number": "1", "IsPorch": 1, "Intercom": 1, "HasRamp": 1, "Apartments": "1-187", "HouseEntId": "70030076163852877" }, "geometry": { "type": "MultiPoint", "coordinates": [ [ 71.465887809115898, 51.119720907506569 ] ] } },
{ "type": "Feature", "properties": { "IsPrimary": 0, "HouseId": "9570784863364485", "Name": null, "Number": "1", "IsPorch": 1, "Intercom": 1, "HasRamp": 1, "Apartments": "1-175", "HouseEntId": "70030076163859676" }, "geometry": { "type": "MultiPoint", "coordinates": [ [ 71.46485070412038, 51.119795281655676 ] ] } },
{ "type": "Feature", "properties": { "IsPrimary": 0, "HouseId": "9570784863379506", "Name": null, "Number": "1", "IsPorch": 1, "Intercom": 1, "HasRamp": 1, "Apartments": "1-187", "HouseEntId": "70030076163859956" }, "geometry": { "type": "MultiPoint", "coordinates": [ [ 71.463770749485818, 51.119345144243319 ] ] } },
{ "type": "Feature", "properties": { "IsPrimary": 0, "HouseId": "9570784863349889", "Name": null, "Number": "1", "IsPorch": 1, "Intercom": 1, "HasRamp": 1, "Apartments": "1-104", "HouseEntId": "70030076163727119" }, "geometry": { "type": "MultiPoint", "coordinates": [ [ 71.465489765613512, 51.118365348587581 ] ] } },
{ "type": "Feature", "properties": { "IsPrimary": 0, "HouseId": "9570784863349889", "Name": null, "Number": "2", "IsPorch": 1, "Intercom": 1, "HasRamp": 1, "Apartments": "105-208", "HouseEntId": "70030076163727142" }, "geometry": { "type": "MultiPoint", "coordinates": [ [ 71.464962274878673, 51.118162236874156 ] ] } },
{ "type": "Feature", "properties": { "IsPrimary": 0, "HouseId": "9570784863349981", "Name": null, "Number": "1", "IsPorch": 1, "Intercom": 1, "HasRamp": 1, "Apartments": "1-48", "HouseEntId": "70030076163727252" }, "geometry": { "type": "MultiPoint", "coordinates": [ [ 71.464853668560821, 51.118670973081151 ], [ 71.464802823915747, 51.118474742088814 ] ] } },
{ "type": "Feature", "properties": { "IsPrimary": 0, "HouseId": "9570784863349981", "Name": null, "Number": "2", "IsPorch": 1, "Intercom": 1, "HasRamp": 1, "Apartments": "49-111", "HouseEntId": "70030076163727271" }, "geometry": { "type": "MultiPoint", "coordinates": [ [ 71.464481227044033, 51.11872533117414 ] ] } },
{ "type": "Feature", "properties": { "IsPrimary": 0, "HouseId": "9570784863349981", "Name": null, "Number": "3", "IsPorch": 1, "Intercom": 1, "HasRamp": 1, "Apartments": "112-172", "HouseEntId": "70030076163727653" }, "geometry": { "type": "MultiPoint", "coordinates": [ [ 71.463835607849333, 51.118658398533924 ], [ 71.463971253457245, 51.118521206054254 ] ] } },
{ "type": "Feature", "properties": { "IsPrimary": 0, "HouseId": "9570784863349981", "Name": null, "Number": "4", "IsPorch": 1, "Intercom": 1, "HasRamp": 1, "Apartments": "173-243", "HouseEntId": "70030076163728314" }, "geometry": { "type": "MultiPoint", "coordinates": [ [ 71.463411872529818, 51.118498481572146 ] ] } },
{ "type": "Feature", "properties": { "IsPrimary": 0, "HouseId": "9570784863349981", "Name": null, "Number": "5", "IsPorch": 1, "Intercom": 1, "HasRamp": 1, "Apartments": "244-314", "HouseEntId": "70030076163728326" }, "geometry": { "type": "MultiPoint", "coordinates": [ [ 71.46298768805265, 51.118459066128764 ] ] } },
{ "type": "Feature", "properties": { "IsPrimary": 0, "HouseId": "9570784863349981", "Name": null, "Number": "6", "IsPorch": 1, "Intercom": 1, "HasRamp": 1, "Apartments": "315-385", "HouseEntId": "70030076163728344" }, "geometry": { "type": "MultiPoint", "coordinates": [ [ 71.462486158629531, 51.118537502264083 ] ] } },
{ "type": "Feature", "properties": { "IsPrimary": 0, "HouseId": "9570784863349981", "Name": null, "Number": "7", "IsPorch": 1, "Intercom": 1, "HasRamp": 1, "Apartments": "386-456", "HouseEntId": "70030076163728359" }, "geometry": { "type": "MultiPoint", "coordinates": [ [ 71.46198139527138, 51.11861655853604 ] ] } },
{ "type": "Feature", "properties": { "IsPrimary": 0, "HouseId": "9570784863349981", "Name": null, "Number": "8", "IsPorch": 1, "Intercom": 1, "HasRamp": 1, "Apartments": "457-513", "HouseEntId": "70030076163728475" }, "geometry": { "type": "MultiPoint", "coordinates": [ [ 71.461660606883413, 51.118699110732699 ] ] } },
{ "type": "Feature", "properties": { "IsPrimary": 0, "HouseId": "9570784863333992", "Name": "My day", "Number": "2", "IsPorch": 1, "Intercom": 1, "HasRamp": 1, "Apartments": "28-63", "HouseEntId": "70030076157375664" }, "geometry": { "type": "MultiPoint", "coordinates": [ [ 71.466538548707717, 51.134753103266405 ] ] } },
{ "type": "Feature", "properties": { "IsPrimary": 0, "HouseId": "9570784863380745", "Name": null, "Number": "3", "IsPorch": 1, "Intercom": 1, "HasRamp": 1, "Apartments": "71-96", "HouseEntId": "70030076157375677" }, "geometry": { "type": "MultiPoint", "coordinates": [ [ 71.467660095339937, 51.134579713539203 ] ] } },
{ "type": "Feature", "properties": { "IsPrimary": 0, "HouseId": "9570784863342921", "Name": null, "Number": "G-1", "IsPorch": 1, "Intercom": 1, "HasRamp": 0, "Apartments": "101-2822", "HouseEntId": "70030076157302911" }, "geometry": { "type": "MultiPoint", "coordinates": [ [ 71.469538652262102, 51.127255826916269 ] ] } },
{ "type": "Feature", "properties": { "IsPrimary": 0, "HouseId": "9570784863356048", "Name": null, "Number": "1", "IsPorch": 1, "Intercom": 0, "HasRamp": 0, "Apartments": "1-24", "HouseEntId": "70030076156391107" }, "geometry": { "type": "MultiPoint", "coordinates": [ [ 71.463665646597576, 51.132735124454832 ] ] } },
{ "type": "Feature", "properties": { "IsPrimary": 0, "HouseId": "9570784863323811", "Name": "В 14В, в админ президента", "Number": "14B", "IsPorch": 1, "Intercom": 0, "HasRamp": 0, "Apartments": null, "HouseEntId": "70030076153180219" }, "geometry": { "type": "MultiPoint", "coordinates": [ [ 71.439809446923334, 51.123586569416773 ] ] } },
{ "type": "Feature", "properties": { "IsPrimary": 0, "HouseId": "9570784863323811", "Name": "В 10 подъезд, в счетный комитет по контролю за исполнением бюджета", "Number": "10", "IsPorch": 1, "Intercom": 0, "HasRamp": 0, "Apartments": null, "HouseEntId": "70030076129517049" }, "geometry": { "type": "MultiPoint", "coordinates": [ [ 71.438633731879463, 51.125866999793075 ] ] } },
{ "type": "Feature", "properties": { "IsPrimary": 0, "HouseId": "9570784863323811", "Name": "15 подъезд, В мин культуры и спорта, религий", "Number": "15A", "IsPorch": 1, "Intercom": 0, "HasRamp": 0, "Apartments": null, "HouseEntId": "70030076129518808" }, "geometry": { "type": "MultiPoint", "coordinates": [ [ 71.439238567560267, 51.122914264402404 ] ] } },
{ "type": "Feature", "properties": { "IsPrimary": 0, "HouseId": "9570784863323811", "Name": "В 14 подъезд, мин информации и коммуникаций", "Number": "14A", "IsPorch": 1, "Intercom": 0, "HasRamp": 0, "Apartments": null, "HouseEntId": "70030076129518878" }, "geometry": { "type": "MultiPoint", "coordinates": [ [ 71.438949669364902, 51.123502165340788 ] ] } },
{ "type": "Feature", "properties": { "IsPrimary": 0, "HouseId": "9570784863323811", "Name": "В 13В подъезд", "Number": "13B", "IsPorch": 1, "Intercom": 0, "HasRamp": 0, "Apartments": null, "HouseEntId": "70030076129510693" }, "geometry": { "type": "MultiPoint", "coordinates": [ [ 71.439672723337083, 51.123945778358681 ] ] } },
{ "type": "Feature", "properties": { "IsPrimary": 0, "HouseId": "9570784863323811", "Name": "В 16В, АО НИТ", "Number": "16В", "IsPorch": 1, "Intercom": 0, "HasRamp": 0, "Apartments": null, "HouseEntId": "70030076129510750" }, "geometry": { "type": "MultiPoint", "coordinates": [ [ 71.43996198085857, 51.122390576897423 ] ] } },
{ "type": "Feature", "properties": { "IsPrimary": 0, "HouseId": "9570784863379505", "Name": null, "Number": "1", "IsPorch": 1, "Intercom": 1, "HasRamp": 1, "Apartments": "1-164", "HouseEntId": "9571192928653824" }, "geometry": { "type": "MultiPoint", "coordinates": [ [ 71.463413040339688, 51.11979702964409 ] ] } },
{ "type": "Feature", "properties": { "IsPrimary": 0, "HouseId": "9570784863323811", "Name": "11 подъезд, МОН РК", "Number": "11A", "IsPorch": 1, "Intercom": 0, "HasRamp": 0, "Apartments": null, "HouseEntId": "9571192928844587" }, "geometry": { "type": "MultiPoint", "coordinates": [ [ 71.43859959589868, 51.12550712923445 ] ] } },
{ "type": "Feature", "properties": { "IsPrimary": 0, "HouseId": "9570784863323811", "Name": "12 подъезд, УДП", "Number": "12A", "IsPorch": 1, "Intercom": 0, "HasRamp": 0, "Apartments": null, "HouseEntId": "9571192928844604" }, "geometry": { "type": "MultiPoint", "coordinates": [ [ 71.438595283985308, 51.125074976409536 ] ] } },
{ "type": "Feature", "properties": { "IsPrimary": 0, "HouseId": "9570784863323811", "Name": "13 подъезд МЮРК", "Number": "13A", "IsPorch": 1, "Intercom": 0, "HasRamp": 0, "Apartments": null, "HouseEntId": "9571192928844611" }, "geometry": { "type": "MultiPoint", "coordinates": [ [ 71.438833876524768, 51.123812210016979 ] ] } },
{ "type": "Feature", "properties": { "IsPrimary": 0, "HouseId": "9570784863380745", "Name": null, "Number": "2", "IsPorch": 1, "Intercom": 1, "HasRamp": 1, "Apartments": "37-70", "HouseEntId": "9571192924240157" }, "geometry": { "type": "MultiPoint", "coordinates": [ [ 71.467567389202628, 51.134704344517495 ] ] } },
{ "type": "Feature", "properties": { "IsPrimary": 0, "HouseId": "9570784863342809", "Name": null, "Number": "6", "IsPorch": 1, "Intercom": 1, "HasRamp": 1, "Apartments": "120-122;219-223;319-323;419-423;519-523;619-623;719-723;819-823;919-923;1019-1023;1119-1123;1219-1223;1319-1323;1419-1423;1519-1523;1619-1623;1719-1723;1819-1823", "HouseEntId": "9571192924202456" }, "geometry": { "type": "MultiPoint", "coordinates": [ [ 71.463699153757673, 51.126571679454365 ] ] } },
{ "type": "Feature", "properties": { "IsPrimary": 0, "HouseId": "9570784863342809", "Name": null, "Number": "7", "IsPorch": 1, "Intercom": 0, "HasRamp": 0, "Apartments": "125-125;224-225;324-325;424-425;524-525;624-625;724-725;824-825;924-925;1024-1025;1124-1125;1224-1225;1324-1325;1424-1425;1524-1525;1624-1625;1724-1725;1824-1825;1924-1925;2024-2025", "HouseEntId": "9571192885220156" }, "geometry": { "type": "MultiPoint", "coordinates": [ [ 71.463873337091272, 51.126790596469114 ] ] } },
{ "type": "Feature", "properties": { "IsPrimary": 0, "HouseId": "9570784863379507", "Name": "П1", "Number": "1", "IsPorch": 1, "Intercom": 1, "HasRamp": 1, "Apartments": "1-187", "HouseEntId": "9571192885216181" }, "geometry": { "type": "MultiPoint", "coordinates": [ [ 71.465448173615854, 51.119207051603858 ], [ 71.46516268901857, 51.119262875137878 ] ] } },
{ "type": "Feature", "properties": { "IsPrimary": 0, "HouseId": "9570784863349328", "Name": "В столовую", "Number": null, "IsPorch": 0, "Intercom": 0, "HasRamp": 0, "Apartments": null, "HouseEntId": "9571192885215870" }, "geometry": { "type": "MultiPoint", "coordinates": [ [ 71.406795821242767, 51.194717396275443 ] ] } },
{ "type": "Feature", "properties": { "IsPrimary": 0, "HouseId": "9570784863332291", "Name": "в гостиницу Астана", "Number": null, "IsPorch": 0, "Intercom": 0, "HasRamp": 0, "Apartments": null, "HouseEntId": "9571192885219031" }, "geometry": { "type": "MultiPoint", "coordinates": [ [ 71.408180484421706, 51.195739481182052 ] ] } },
{ "type": "Feature", "properties": { "IsPrimary": 0, "HouseId": "9570784863345745", "Name": "в кафе Мирас", "Number": null, "IsPorch": 0, "Intercom": 0, "HasRamp": 0, "Apartments": null, "HouseEntId": "9571192885220712" }, "geometry": { "type": "MultiPoint", "coordinates": [ [ 71.408979356203872, 51.194070728400625 ] ] } },
{ "type": "Feature", "properties": { "IsPrimary": 0, "HouseId": "9570784863345745", "Name": "в Аксу", "Number": null, "IsPorch": 0, "Intercom": 0, "HasRamp": 0, "Apartments": null, "HouseEntId": "9571192885220713" }, "geometry": { "type": "MultiPoint", "coordinates": [ [ 71.408596224735206, 51.193548298348311 ] ] } },
{ "type": "Feature", "properties": { "IsPrimary": 0, "HouseId": "9570784863345745", "Name": "в хотел люкс", "Number": null, "IsPorch": 0, "Intercom": 0, "HasRamp": 0, "Apartments": null, "HouseEntId": "9571192885220714" }, "geometry": { "type": "MultiPoint", "coordinates": [ [ 71.40874229080039, 51.193778663709232 ] ] } },
{ "type": "Feature", "properties": { "IsPrimary": 0, "HouseId": "9570784863345745", "Name": "В Аида", "Number": null, "IsPorch": 0, "Intercom": 0, "HasRamp": 0, "Apartments": null, "HouseEntId": "9571192885220715" }, "geometry": { "type": "MultiPoint", "coordinates": [ [ 71.408815234001466, 51.193868512643363 ] ] } },
{ "type": "Feature", "properties": { "IsPrimary": 1, "HouseId": "9570784863349497", "Name": "В Акжол", "Number": null, "IsPorch": 0, "Intercom": 0, "HasRamp": 0, "Apartments": null, "HouseEntId": "9571192917936579" }, "geometry": { "type": "MultiPoint", "coordinates": [ [ 71.406985275936194, 51.196033503721345 ] ] } },
{ "type": "Feature", "properties": { "IsPrimary": 0, "HouseId": "9570784863349483", "Name": "В магазин Агидель", "Number": null, "IsPorch": 0, "Intercom": 0, "HasRamp": 0, "Apartments": null, "HouseEntId": "9571192917936600" }, "geometry": { "type": "MultiPoint", "coordinates": [ [ 71.406298064743837, 51.195943152365317 ] ] } },
{ "type": "Feature", "properties": { "IsPrimary": 0, "HouseId": "9570784863349483", "Name": "В гостиницу Агидель", "Number": null, "IsPorch": 0, "Intercom": 0, "HasRamp": 0, "Apartments": null, "HouseEntId": "9571192917936622" }, "geometry": { "type": "MultiPoint", "coordinates": [ [ 71.406344866970144, 51.196006313892646 ] ] } },
{ "type": "Feature", "properties": { "IsPrimary": 1, "HouseId": "9570784863332770", "Name": "В Алкуат", "Number": null, "IsPorch": 0, "Intercom": 0, "HasRamp": 0, "Apartments": null, "HouseEntId": "9571192917936655" }, "geometry": { "type": "MultiPoint", "coordinates": [ [ 71.40439884657016, 51.196650984351429 ] ] } },
{ "type": "Feature", "properties": { "IsPrimary": 0, "HouseId": "9570784863349197", "Name": "В магазин", "Number": null, "IsPorch": 0, "Intercom": 0, "HasRamp": 0, "Apartments": null, "HouseEntId": "9571192917936709" }, "geometry": { "type": "MultiPoint", "coordinates": [ [ 71.40333622942056, 51.196199794788214 ] ] } },
{ "type": "Feature", "properties": { "IsPrimary": 0, "HouseId": "9570784863330125", "Name": "В Забаву", "Number": null, "IsPorch": 0, "Intercom": 0, "HasRamp": 0, "Apartments": null, "HouseEntId": "9571192917936767" }, "geometry": { "type": "MultiPoint", "coordinates": [ [ 71.405514733816091, 51.19482818516002 ] ] } },
{ "type": "Feature", "properties": { "IsPrimary": 0, "HouseId": "9570784863349328", "Name": "В прагу", "Number": null, "IsPorch": 0, "Intercom": 0, "HasRamp": 0, "Apartments": null, "HouseEntId": "9571192917936819" }, "geometry": { "type": "MultiPoint", "coordinates": [ [ 71.407473330630054, 51.194441999174522 ] ] } },
{ "type": "Feature", "properties": { "IsPrimary": 0, "HouseId": "9570784863349328", "Name": "В квартирное бюро", "Number": null, "IsPorch": 0, "Intercom": 0, "HasRamp": 0, "Apartments": null, "HouseEntId": "9571192917936840" }, "geometry": { "type": "MultiPoint", "coordinates": [ [ 71.407423923289429, 51.194519968471738 ] ] } },
{ "type": "Feature", "properties": { "IsPrimary": 0, "HouseId": "9570784863332464", "Name": "в Аслан", "Number": null, "IsPorch": 0, "Intercom": 0, "HasRamp": 0, "Apartments": null, "HouseEntId": "9571192917936993" }, "geometry": { "type": "MultiPoint", "coordinates": [ [ 71.406073755417381, 51.195238687180428 ] ] } },
{ "type": "Feature", "properties": { "IsPrimary": 0, "HouseId": "9570784863332464", "Name": "В Олимп", "Number": null, "IsPorch": 0, "Intercom": 0, "HasRamp": 1, "Apartments": null, "HouseEntId": "9571192917937002" }, "geometry": { "type": "MultiPoint", "coordinates": [ [ 71.40610977786028, 51.195285636849306 ] ] } },
{ "type": "Feature", "properties": { "IsPrimary": 0, "HouseId": "9570784863332464", "Name": "В кафе Бруклин", "Number": null, "IsPorch": 0, "Intercom": 0, "HasRamp": 0, "Apartments": null, "HouseEntId": "9571192917937052" }, "geometry": { "type": "MultiPoint", "coordinates": [ [ 71.406519319798306, 51.195720172341552 ] ] } },
{ "type": "Feature", "properties": { "IsPrimary": 0, "HouseId": "9570784863349345", "Name": "В магазин Марс", "Number": null, "IsPorch": 0, "Intercom": 0, "HasRamp": 0, "Apartments": null, "HouseEntId": "9571192917937094" }, "geometry": { "type": "MultiPoint", "coordinates": [ [ 71.405744792360352, 51.194345283285337 ] ] } },
{ "type": "Feature", "properties": { "IsPrimary": 0, "HouseId": "9570784863349345", "Name": "В Саю Дент", "Number": null, "IsPorch": 0, "Intercom": 0, "HasRamp": 0, "Apartments": null, "HouseEntId": "9571192917937150" }, "geometry": { "type": "MultiPoint", "coordinates": [ [ 71.406394992962987, 51.194140366528089 ] ] } },
{ "type": "Feature", "properties": { "IsPrimary": 0, "HouseId": "9570784863330064", "Name": "В гостиницу", "Number": null, "IsPorch": 0, "Intercom": 0, "HasRamp": 0, "Apartments": null, "HouseEntId": "9571192917937881" }, "geometry": { "type": "MultiPoint", "coordinates": [ [ 71.406912063240526, 51.194097694187619 ] ] } },
{ "type": "Feature", "properties": { "IsPrimary": 0, "HouseId": "9570784863349328", "Name": "В полиграфию", "Number": null, "IsPorch": 0, "Intercom": 0, "HasRamp": 0, "Apartments": null, "HouseEntId": "9571192917937918" }, "geometry": { "type": "MultiPoint", "coordinates": [ [ 71.405730688810394, 51.19498581116266 ] ] } },
{ "type": "Feature", "properties": { "IsPrimary": 0, "HouseId": "9570784863349364", "Name": "В зональную вирусологическую лабораторию", "Number": null, "IsPorch": 0, "Intercom": 0, "HasRamp": 0, "Apartments": null, "HouseEntId": "9571192917938256" }, "geometry": { "type": "MultiPoint", "coordinates": [ [ 71.403712982850706, 51.195503890257477 ] ] } },
{ "type": "Feature", "properties": { "IsPrimary": 0, "HouseId": "9570784863349364", "Name": "В лабораторию радиологии", "Number": null, "IsPorch": 0, "Intercom": 0, "HasRamp": 0, "Apartments": null, "HouseEntId": "9571192917938291" }, "geometry": { "type": "MultiPoint", "coordinates": [ [ 71.403818355233554, 51.195598070477701 ] ] } },
{ "type": "Feature", "properties": { "IsPrimary": 0, "HouseId": "9570784863330064", "Name": "в ТД Рауан", "Number": null, "IsPorch": 0, "Intercom": 0, "HasRamp": 0, "Apartments": null, "HouseEntId": "9571192917938452" }, "geometry": { "type": "MultiPoint", "coordinates": [ [ 71.407987975456336, 51.19396517323716 ] ] } },
{ "type": "Feature", "properties": { "IsPrimary": 0, "HouseId": "9570784863349091", "Name": "в автомойку самообслуживания", "Number": null, "IsPorch": 0, "Intercom": 0, "HasRamp": 0, "Apartments": null, "HouseEntId": "9571192923583954" }, "geometry": { "type": "MultiPoint", "coordinates": [ [ 71.404606896389964, 51.195171921741576 ] ] } },
{ "type": "Feature", "properties": { "IsPrimary": 0, "HouseId": "9570784863332464", "Name": "В Шагын", "Number": null, "IsPorch": 0, "Intercom": 0, "HasRamp": 1, "Apartments": null, "HouseEntId": "9571192923584210" }, "geometry": { "type": "MultiPoint", "coordinates": [ [ 71.406148405417511, 51.195335964139097 ] ] } },
{ "type": "Feature", "properties": { "IsPrimary": 0, "HouseId": "9570784863349345", "Name": "В парикмахерскую", "Number": null, "IsPorch": 0, "Intercom": 0, "HasRamp": 0, "Apartments": null, "HouseEntId": "9571192923586859" }, "geometry": { "type": "MultiPoint", "coordinates": [ [ 71.406297346091606, 51.194171104099773 ] ] } },
{ "type": "Feature", "properties": { "IsPrimary": 0, "HouseId": "9570784863345745", "Name": "В Акадиль", "Number": null, "IsPorch": 0, "Intercom": 0, "HasRamp": 0, "Apartments": null, "HouseEntId": "9571192927416719" }, "geometry": { "type": "MultiPoint", "coordinates": [ [ 71.409041160295416, 51.194091951996299 ] ] } },
{ "type": "Feature", "properties": { "IsPrimary": 0, "HouseId": "9570784863345745", "Name": "В айша магазин", "Number": null, "IsPorch": 0, "Intercom": 0, "HasRamp": 0, "Apartments": null, "HouseEntId": "9571192927416725" }, "geometry": { "type": "MultiPoint", "coordinates": [ [ 71.409124523953793, 51.194065211390068 ] ] } },
{ "type": "Feature", "properties": { "IsPrimary": 0, "HouseId": "9570784863332770", "Name": "В сауну", "Number": null, "IsPorch": 0, "Intercom": 0, "HasRamp": 0, "Apartments": null, "HouseEntId": "70030076127145342" }, "geometry": { "type": "MultiPoint", "coordinates": [ [ 71.404624862695627, 51.196604711588954 ] ] } },
{ "type": "Feature", "properties": { "IsPrimary": 0, "HouseId": "9570784863349286", "Name": "Вход 1", "Number": null, "IsPorch": 0, "Intercom": 0, "HasRamp": 0, "Apartments": null, "HouseEntId": "70030076132037862" }, "geometry": { "type": "MultiPoint", "coordinates": [ [ 71.407832297417585, 51.193818127454385 ] ] } },
{ "type": "Feature", "properties": { "IsPrimary": 0, "HouseId": "9570784863332645", "Name": "В Тамаша", "Number": null, "IsPorch": 0, "Intercom": 0, "HasRamp": 0, "Apartments": null, "HouseEntId": "70030076132102449" }, "geometry": { "type": "MultiPoint", "coordinates": [ [ 71.405774706259308, 51.196601221427379 ] ] } },
{ "type": "Feature", "properties": { "IsPrimary": 1, "HouseId": "9570784863332291", "Name": null, "Number": null, "IsPorch": 0, "Intercom": 0, "HasRamp": 0, "Apartments": null, "HouseEntId": "70030076147062527" }, "geometry": { "type": "MultiPoint", "coordinates": [ [ 71.409772029610579, 51.195178057860986 ] ] } },
{ "type": "Feature", "properties": { "IsPrimary": 0, "HouseId": "70030076132035730", "Name": "В кузовной цех", "Number": null, "IsPorch": 0, "Intercom": 0, "HasRamp": 0, "Apartments": null, "HouseEntId": "70030076147108309" }, "geometry": { "type": "MultiPoint", "coordinates": [ [ 71.405463979002548, 51.19516370271797 ] ] } },
{ "type": "Feature", "properties": { "IsPrimary": 0, "HouseId": "9570784863349133", "Name": "В окна", "Number": null, "IsPorch": 0, "Intercom": 0, "HasRamp": 0, "Apartments": null, "HouseEntId": "70030076147109028" }, "geometry": { "type": "MultiPoint", "coordinates": [ [ 71.405520752528474, 51.195212453891365 ] ] } },
{ "type": "Feature", "properties": { "IsPrimary": 0, "HouseId": "9570784863349379", "Name": "В сто", "Number": null, "IsPorch": 0, "Intercom": 0, "HasRamp": 0, "Apartments": null, "HouseEntId": "70030076162786954" }, "geometry": { "type": "MultiPoint", "coordinates": [ [ 71.402528643980148, 51.195679359168103 ] ] } },
{ "type": "Feature", "properties": { "IsPrimary": 0, "HouseId": "9570784863349383", "Name": "В терминал сервис", "Number": null, "IsPorch": 0, "Intercom": 0, "HasRamp": 0, "Apartments": null, "HouseEntId": "70030076162846094" }, "geometry": { "type": "MultiPoint", "coordinates": [ [ 71.402700042536338, 51.195754286497404 ] ] } },
{ "type": "Feature", "properties": { "IsPrimary": 0, "HouseId": "9570784863349197", "Name": "В ремонтную мастерскую", "Number": null, "IsPorch": 0, "Intercom": 0, "HasRamp": 0, "Apartments": null, "HouseEntId": "70030076174262826" }, "geometry": { "type": "MultiPoint", "coordinates": [ [ 71.403258704811549, 51.196067673938778 ] ] } },
{ "type": "Feature", "properties": { "IsPrimary": 0, "HouseId": "9570784863332697", "Name": "В хостел", "Number": null, "IsPorch": 0, "Intercom": 0, "HasRamp": 0, "Apartments": null, "HouseEntId": "70030076174262830" }, "geometry": { "type": "MultiPoint", "coordinates": [ [ 71.403836950359931, 51.196288344254974 ] ] } },
{ "type": "Feature", "properties": { "IsPrimary": 0, "HouseId": "9570784863349364", "Name": "в Комитет контроля качества и безопасности товаров", "Number": null, "IsPorch": 0, "Intercom": 0, "HasRamp": 0, "Apartments": null, "HouseEntId": "70030076211283653" }, "geometry": { "type": "MultiPoint", "coordinates": [ [ 71.403751251081829, 51.19534063658044 ] ] } },
{ "type": "Feature", "properties": { "IsPrimary": 0, "HouseId": "70030076169224999", "Name": "В Бибигон", "Number": null, "IsPorch": 0, "Intercom": 0, "HasRamp": 0, "Apartments": null, "HouseEntId": "70030076249927778" }, "geometry": { "type": "MultiPoint", "coordinates": [ [ 71.408065050907695, 51.194153764959289 ] ] } },
{ "type": "Feature", "properties": { "IsPrimary": 0, "HouseId": "9570784863349091", "Name": "в гараж", "Number": null, "IsPorch": 0, "Intercom": 0, "HasRamp": 0, "Apartments": null, "HouseEntId": "70030076319118631" }, "geometry": { "type": "MultiPoint", "coordinates": [ [ 71.404661154633118, 51.195641248075582 ] ] } },
{ "type": "Feature", "properties": { "IsPrimary": 0, "HouseId": "9570784863332291", "Name": "в Imperial mebel", "Number": null, "IsPorch": 0, "Intercom": 0, "HasRamp": 0, "Apartments": null, "HouseEntId": "70030076330925252" }, "geometry": { "type": "MultiPoint", "coordinates": [ [ 71.407553999342568, 51.195959927895281 ] ] } },
{ "type": "Feature", "properties": { "IsPrimary": 0, "HouseId": "9570784863349091", "Name": "в Байтемир", "Number": null, "IsPorch": 0, "Intercom": 0, "HasRamp": 0, "Apartments": null, "HouseEntId": "70030076393117578" }, "geometry": { "type": "MultiPoint", "coordinates": [ [ 71.404667442840093, 51.195396199189943 ] ] } },
{ "type": "Feature", "properties": { "IsPrimary": 0, "HouseId": "9570784863332394", "Name": "В перевозки жд", "Number": null, "IsPorch": 0, "Intercom": 0, "HasRamp": 0, "Apartments": null, "HouseEntId": "70030076445951019" }, "geometry": { "type": "MultiPoint", "coordinates": [ [ 71.406992731953054, 51.196267121671006 ] ] } },
{ "type": "Feature", "properties": { "IsPrimary": 0, "HouseId": "9570784863349345", "Name": "В актив ломбард", "Number": null, "IsPorch": 0, "Intercom": 0, "HasRamp": 0, "Apartments": null, "HouseEntId": "70030076445951023" }, "geometry": { "type": "MultiPoint", "coordinates": [ [ 71.406105016789269, 51.194231734744235 ] ] } },
{ "type": "Feature", "properties": { "IsPrimary": 0, "HouseId": "9570784863349328", "Name": "в Хостел", "Number": null, "IsPorch": 0, "Intercom": 0, "HasRamp": 0, "Apartments": null, "HouseEntId": "70030076474818944" }, "geometry": { "type": "MultiPoint", "coordinates": [ [ 71.406469103973933, 51.194820078665288 ] ] } },
{ "type": "Feature", "properties": { "IsPrimary": 0, "HouseId": "9570784863345745", "Name": "в СДЭК", "Number": null, "IsPorch": 0, "Intercom": 0, "HasRamp": 0, "Apartments": null, "HouseEntId": "70030076619310061" }, "geometry": { "type": "MultiPoint", "coordinates": [ [ 71.408902640078608, 51.193976263577703 ] ] } },
{ "type": "Feature", "properties": { "IsPrimary": 0, "HouseId": "70030076619386181", "Name": "В лавашок", "Number": null, "IsPorch": 0, "Intercom": 0, "HasRamp": 0, "Apartments": null, "HouseEntId": "70030076619386424" }, "geometry": { "type": "MultiPoint", "coordinates": [ [ 71.408123800727282, 51.194123252559862 ] ] } },
{ "type": "Feature", "properties": { "IsPrimary": 0, "HouseId": "9570784863332777", "Name": "в Магазин автозапчастей", "Number": null, "IsPorch": 0, "Intercom": 0, "HasRamp": 0, "Apartments": null, "HouseEntId": "70030076628567487" }, "geometry": { "type": "MultiPoint", "coordinates": [ [ 71.404198701924855, 51.196987164145227 ] ] } },
{ "type": "Feature", "properties": { "IsPrimary": 0, "HouseId": "9570784863349091", "Name": "в Бородатый портной", "Number": null, "IsPorch": 0, "Intercom": 0, "HasRamp": 0, "Apartments": null, "HouseEntId": "70030076747300049" }, "geometry": { "type": "MultiPoint", "coordinates": [ [ 71.404780450902848, 51.195228948214343 ] ] } },
{ "type": "Feature", "properties": { "IsPrimary": 0, "HouseId": "9570784863349490", "Name": "в станцую", "Number": null, "IsPorch": 0, "Intercom": 0, "HasRamp": 0, "Apartments": null, "HouseEntId": "70030076750659384" }, "geometry": { "type": "MultiPoint", "coordinates": [ [ 71.406078965646046, 51.196487059222029 ] ] } },
{ "type": "Feature", "properties": { "IsPrimary": 0, "HouseId": "9570784863332464", "Name": "в акгул", "Number": null, "IsPorch": 0, "Intercom": 0, "HasRamp": 0, "Apartments": null, "HouseEntId": "70030076750659392" }, "geometry": { "type": "MultiPoint", "coordinates": [ [ 71.406360587487626, 51.195612256602971 ] ] } },
{ "type": "Feature", "properties": { "IsPrimary": 0, "HouseId": "70030076753292947", "Name": "в магазин", "Number": null, "IsPorch": 0, "Intercom": 0, "HasRamp": 0, "Apartments": null, "HouseEntId": "70030076753293400" }, "geometry": { "type": "MultiPoint", "coordinates": [ [ 71.404438641937233, 51.195443936819146 ] ] } },
{ "type": "Feature", "properties": { "IsPrimary": 0, "HouseId": "9570784863349133", "Name": "в Reklama city", "Number": null, "IsPorch": 0, "Intercom": 0, "HasRamp": 0, "Apartments": null, "HouseEntId": "70030076812993742" }, "geometry": { "type": "MultiPoint", "coordinates": [ [ 71.405585610892004, 51.195395692540295 ] ] } },
{ "type": "Feature", "properties": { "IsPrimary": 0, "HouseId": "9570784863349328", "Name": "в Столовую", "Number": null, "IsPorch": 0, "Intercom": 0, "HasRamp": 0, "Apartments": null, "HouseEntId": "70030076813870563" }, "geometry": { "type": "MultiPoint", "coordinates": [ [ 71.406237158967571, 51.194892980771378 ] ] } },
{ "type": "Feature", "properties": { "IsPrimary": 0, "HouseId": "9570784863349197", "Name": "в СТО", "Number": null, "IsPorch": 0, "Intercom": 0, "HasRamp": 0, "Apartments": null, "HouseEntId": "70030076943302798" }, "geometry": { "type": "MultiPoint", "coordinates": [ [ 71.403326168289382, 51.196160727137212 ] ] } },
{ "type": "Feature", "properties": { "IsPrimary": 0, "HouseId": "9570784863330064", "Name": "в Хостел", "Number": null, "IsPorch": 0, "Intercom": 0, "HasRamp": 0, "Apartments": null, "HouseEntId": "70030076945071778" }, "geometry": { "type": "MultiPoint", "coordinates": [ [ 71.407423024974136, 51.194226442936305 ] ] } },
{ "type": "Feature", "properties": { "IsPrimary": 0, "HouseId": "9570784863349374", "Name": "в Aqualab", "Number": null, "IsPorch": 0, "Intercom": 0, "HasRamp": 0, "Apartments": null, "HouseEntId": "70030076985566747" }, "geometry": { "type": "MultiPoint", "coordinates": [ [ 71.404694482130154, 51.194714581513736 ] ] } },
{ "type": "Feature", "properties": { "IsPrimary": 0, "HouseId": "70030076986939367", "Name": "в сазан", "Number": null, "IsPorch": 0, "Intercom": 0, "HasRamp": 0, "Apartments": null, "HouseEntId": "70030076986940160" }, "geometry": { "type": "MultiPoint", "coordinates": [ [ 71.40814823490301, 51.19414971165277 ] ] } },
{ "type": "Feature", "properties": { "IsPrimary": 0, "HouseId": "9570784863345745", "Name": "в ломбард", "Number": null, "IsPorch": 0, "Intercom": 0, "HasRamp": 0, "Apartments": null, "HouseEntId": "70030076996120948" }, "geometry": { "type": "MultiPoint", "coordinates": [ [ 71.408666562821949, 51.193685324217419 ] ] } },
{ "type": "Feature", "properties": { "IsPrimary": 0, "HouseId": "9570784863349379", "Name": "в шинку", "Number": null, "IsPorch": 0, "Intercom": 0, "HasRamp": 0, "Apartments": null, "HouseEntId": "70030077016617793" }, "geometry": { "type": "MultiPoint", "coordinates": [ [ 71.402840089889139, 51.195508562681795 ] ] } },
{ "type": "Feature", "properties": { "IsPrimary": 0, "HouseId": "9570784863332777", "Name": "в Intellect wood", "Number": null, "IsPorch": 0, "Intercom": 0, "HasRamp": 0, "Apartments": null, "HouseEntId": "70030077082655276" }, "geometry": { "type": "MultiPoint", "coordinates": [ [ 71.404061529180964, 51.197027244358871 ] ] } },
{ "type": "Feature", "properties": { "IsPrimary": 0, "HouseId": "9570784863332291", "Name": "В магазин", "Number": null, "IsPorch": 0, "Intercom": 0, "HasRamp": 0, "Apartments": null, "HouseEntId": "70030077093621820" }, "geometry": { "type": "MultiPoint", "coordinates": [ [ 71.408084095191725, 51.195769767335378 ] ] } },
{ "type": "Feature", "properties": { "IsPrimary": 0, "HouseId": "9570784863349328", "Name": "В наобгон", "Number": null, "IsPorch": 0, "Intercom": 0, "HasRamp": 0, "Apartments": null, "HouseEntId": "70030077093621840" }, "geometry": { "type": "MultiPoint", "coordinates": [ [ 71.407379097356753, 51.194534042338049 ] ] } },
{ "type": "Feature", "properties": { "IsPrimary": 0, "HouseId": "70030077093639914", "Name": "в цветы", "Number": null, "IsPorch": 0, "Intercom": 0, "HasRamp": 0, "Apartments": null, "HouseEntId": "70030077093640328" }, "geometry": { "type": "MultiPoint", "coordinates": [ [ 71.408172130089568, 51.194179210708654 ] ] } },
{ "type": "Feature", "properties": { "IsPrimary": 0, "HouseId": "9570784863345745", "Name": "В самса", "Number": null, "IsPorch": 0, "Intercom": 0, "HasRamp": 0, "Apartments": null, "HouseEntId": "70030077129113592" }, "geometry": { "type": "MultiPoint", "coordinates": [ [ 71.408619041943425, 51.193626832123456 ] ] } },
{ "type": "Feature", "properties": { "IsPrimary": 0, "HouseId": "70030076169927394", "Name": null, "Number": "1", "IsPorch": 1, "Intercom": 0, "HasRamp": 0, "Apartments": "1-6", "HouseEntId": "70030076249980117" }, "geometry": { "type": "MultiPoint", "coordinates": [ [ 71.403663665341625, 51.196570260304973 ] ] } },
{ "type": "Feature", "properties": { "IsPrimary": 0, "HouseId": "9570784863349481", "Name": null, "Number": "3", "IsPorch": 1, "Intercom": 1, "HasRamp": 1, "Apartments": "41-60", "HouseEntId": "70030076162846355" }, "geometry": { "type": "MultiPoint", "coordinates": [ [ 71.405353755717158, 51.19622270620502 ] ] } },
{ "type": "Feature", "properties": { "IsPrimary": 0, "HouseId": "9570784863349481", "Name": null, "Number": "2", "IsPorch": 1, "Intercom": 1, "HasRamp": 1, "Apartments": "21-40", "HouseEntId": "70030076162846381" }, "geometry": { "type": "MultiPoint", "coordinates": [ [ 71.405042848797336, 51.196313563652396 ] ] } },
{ "type": "Feature", "properties": { "IsPrimary": 0, "HouseId": "9570784863349481", "Name": null, "Number": "1", "IsPorch": 1, "Intercom": 1, "HasRamp": 1, "Apartments": "1-20", "HouseEntId": "70030076162846444" }, "geometry": { "type": "MultiPoint", "coordinates": [ [ 71.404794913778929, 51.196386013049853 ] ] } },
{ "type": "Feature", "properties": { "IsPrimary": 0, "HouseId": "9570784863349481", "Name": null, "Number": "4", "IsPorch": 1, "Intercom": 1, "HasRamp": 1, "Apartments": "61-80", "HouseEntId": "70030076162787045" }, "geometry": { "type": "MultiPoint", "coordinates": [ [ 71.405587856680199, 51.19615425338781 ] ] } },
{ "type": "Feature", "properties": { "IsPrimary": 0, "HouseId": "9570784863345745", "Name": null, "Number": "1", "IsPorch": 1, "Intercom": 1, "HasRamp": 0, "Apartments": "1-20", "HouseEntId": "70030076162787060" }, "geometry": { "type": "MultiPoint", "coordinates": [ [ 71.409120840861121, 51.194007676812056 ] ] } },
{ "type": "Feature", "properties": { "IsPrimary": 0, "HouseId": "9570784863345745", "Name": null, "Number": "2", "IsPorch": 1, "Intercom": 1, "HasRamp": 0, "Apartments": "21-44", "HouseEntId": "70030076162787062" }, "geometry": { "type": "MultiPoint", "coordinates": [ [ 71.409025349946418, 51.193890074109646 ] ] } },
{ "type": "Feature", "properties": { "IsPrimary": 0, "HouseId": "9570784863345745", "Name": null, "Number": "3", "IsPorch": 1, "Intercom": 1, "HasRamp": 0, "Apartments": "45-60", "HouseEntId": "70030076162787066" }, "geometry": { "type": "MultiPoint", "coordinates": [ [ 71.408907850307259, 51.193745167351224 ] ] } },
{ "type": "Feature", "properties": { "IsPrimary": 0, "HouseId": "9570784863345745", "Name": null, "Number": "4", "IsPorch": 1, "Intercom": 1, "HasRamp": 0, "Apartments": "61-80", "HouseEntId": "70030076162787069" }, "geometry": { "type": "MultiPoint", "coordinates": [ [ 71.408775528465895, 51.193582245222366 ] ] } },
{ "type": "Feature", "properties": { "IsPrimary": 0, "HouseId": "9570784863349328", "Name": null, "Number": "8", "IsPorch": 1, "Intercom": 1, "HasRamp": 0, "Apartments": "113-130", "HouseEntId": "70030076159633354" }, "geometry": { "type": "MultiPoint", "coordinates": [ [ 71.405803093022286, 51.194908855963732 ] ] } },
{ "type": "Feature", "properties": { "IsPrimary": 0, "HouseId": "9570784863349345", "Name": null, "Number": "1", "IsPorch": 1, "Intercom": 1, "HasRamp": 0, "Apartments": "1-20", "HouseEntId": "70030076159633359" }, "geometry": { "type": "MultiPoint", "coordinates": [ [ 71.406611127620351, 51.194192946903804 ] ] } },
{ "type": "Feature", "properties": { "IsPrimary": 0, "HouseId": "9570784863349345", "Name": null, "Number": "2", "IsPorch": 1, "Intercom": 1, "HasRamp": 0, "Apartments": "21-35", "HouseEntId": "70030076159633364" }, "geometry": { "type": "MultiPoint", "coordinates": [ [ 71.406404515104995, 51.194258024887475 ] ] } },
{ "type": "Feature", "properties": { "IsPrimary": 0, "HouseId": "9570784863332464", "Name": null, "Number": "1", "IsPorch": 1, "Intercom": 1, "HasRamp": 1, "Apartments": "1-18", "HouseEntId": "70030076159633375" }, "geometry": { "type": "MultiPoint", "coordinates": [ [ 71.40635465860673, 51.195852631950558 ] ] } },
{ "type": "Feature", "properties": { "IsPrimary": 0, "HouseId": "9570784863349345", "Name": null, "Number": "3", "IsPorch": 1, "Intercom": 1, "HasRamp": 0, "Apartments": "36-50", "HouseEntId": "70030076159636674" }, "geometry": { "type": "MultiPoint", "coordinates": [ [ 71.406148674912089, 51.194338696689456 ] ] } },
{ "type": "Feature", "properties": { "IsPrimary": 0, "HouseId": "9570784863349345", "Name": null, "Number": "4", "IsPorch": 1, "Intercom": 1, "HasRamp": 0, "Apartments": "51-70", "HouseEntId": "70030076159636799" }, "geometry": { "type": "MultiPoint", "coordinates": [ [ 71.405877293864762, 51.194424209771256 ] ] } },
{ "type": "Feature", "properties": { "IsPrimary": 0, "HouseId": "9570784863349328", "Name": null, "Number": "1", "IsPorch": 1, "Intercom": 1, "HasRamp": 0, "Apartments": "1-16", "HouseEntId": "70030076159637459" }, "geometry": { "type": "MultiPoint", "coordinates": [ [ 71.407321066189397, 51.19443175337981 ] ] } },
{ "type": "Feature", "properties": { "IsPrimary": 0, "HouseId": "9570784863349328", "Name": null, "Number": "7", "IsPorch": 1, "Intercom": 1, "HasRamp": 0, "Apartments": "97-112", "HouseEntId": "70030076159637756" }, "geometry": { "type": "MultiPoint", "coordinates": [ [ 71.405983744225935, 51.19485205427506 ] ] } },
{ "type": "Feature", "properties": { "IsPrimary": 0, "HouseId": "9570784863349328", "Name": null, "Number": "6", "IsPorch": 1, "Intercom": 1, "HasRamp": 0, "Apartments": "81-96", "HouseEntId": "70030076159637996" }, "geometry": { "type": "MultiPoint", "coordinates": [ [ 71.406159544527043, 51.194796828780177 ] ] } },
{ "type": "Feature", "properties": { "IsPrimary": 0, "HouseId": "9570784863349328", "Name": null, "Number": "5", "IsPorch": 1, "Intercom": 1, "HasRamp": 0, "Apartments": "65-80", "HouseEntId": "70030076159638068" }, "geometry": { "type": "MultiPoint", "coordinates": [ [ 71.406370558787273, 51.194730513062765 ] ] } },
{ "type": "Feature", "properties": { "IsPrimary": 0, "HouseId": "9570784863349328", "Name": null, "Number": "2", "IsPorch": 1, "Intercom": 1, "HasRamp": 0, "Apartments": "17-32", "HouseEntId": "70030076159638151" }, "geometry": { "type": "MultiPoint", "coordinates": [ [ 71.407050403794287, 51.194516815925091 ] ] } },
{ "type": "Feature", "properties": { "IsPrimary": 0, "HouseId": "9570784863349328", "Name": null, "Number": "3", "IsPorch": 1, "Intercom": 1, "HasRamp": 0, "Apartments": "33-48", "HouseEntId": "70030076159658946" }, "geometry": { "type": "MultiPoint", "coordinates": [ [ 71.406843072626728, 51.194581949746713 ] ] } },
{ "type": "Feature", "properties": { "IsPrimary": 0, "HouseId": "9570784863349328", "Name": null, "Number": "4", "IsPorch": 1, "Intercom": 1, "HasRamp": 0, "Apartments": "49-64", "HouseEntId": "70030076159659207" }, "geometry": { "type": "MultiPoint", "coordinates": [ [ 71.406608971663672, 51.194655527773271 ] ] } },
{ "type": "Feature", "properties": { "IsPrimary": 0, "HouseId": "9570784863332464", "Name": null, "Number": "2", "IsPorch": 1, "Intercom": 1, "HasRamp": 1, "Apartments": "19-38", "HouseEntId": "70030076159659618" }, "geometry": { "type": "MultiPoint", "coordinates": [ [ 71.406250184539203, 51.195716625818946 ] ] } },
{ "type": "Feature", "properties": { "IsPrimary": 0, "HouseId": "9570784863332464", "Name": null, "Number": "3", "IsPorch": 1, "Intercom": 1, "HasRamp": 1, "Apartments": "39-58", "HouseEntId": "70030076159659667" }, "geometry": { "type": "MultiPoint", "coordinates": [ [ 71.406119210170772, 51.195546110941876 ] ] } },
{ "type": "Feature", "properties": { "IsPrimary": 0, "HouseId": "9570784863332464", "Name": null, "Number": "4", "IsPorch": 1, "Intercom": 1, "HasRamp": 1, "Apartments": "59-76", "HouseEntId": "70030076159659754" }, "geometry": { "type": "MultiPoint", "coordinates": [ [ 71.405958232071853, 51.19533652708386 ] ] } }
]
}
