{
"type": "FeatureCollection",
"name": "House",
"crs": { "type": "name", "properties": { "name": "urn:ogc:def:crs:OGC:1.3:CRS84" } },
"features": [
{ "type": "Feature", "properties": { "Name": null, "Type": "Киоски", "Caption": null, "Purpose": "Киоск", "PostIndex": null, "Elevation": 1, "Entrances": null, "Apartments": null, "District": "Сарыарка", "DistrictId": "70030076297673516", "CreateDate": "2018-10-19", "UpdateDate": "2025-09-02", "HouseId": "70030076169224999", "City": "Астана", "CityId": "9570771978420226", "Okato": null, "Oktmo": null, "Street": "Биржан сал", "StreetId1": "9570887942537681", "Number": "7а киоск", "Street2": null, "StreetId2": null, "Number2": null, "Street3": null, "StreetId3": null, "Number3": null, "Street4": null, "StreetId4": null, "Number4": null, "FIAS": null, "FIAS2": null, "FIAS3": null, "FIAS4": null, "GAR": null, "GAR2": null, "GAR3": null, "GAR4": null }, "geometry": { "type": "MultiPolygon", "coordinates": [ [ [ [ 71.408044030330046, 51.194160520469353 ], [ 71.408082118898093, 51.194148247958672 ], [ 71.408062625456424, 51.194124209591159 ], [ 71.408024447056846, 51.19413648210822 ], [ 71.408044030330046, 51.194160520469353 ] ] ] ] } },
{ "type": "Feature", "properties": { "Name": null, "Type": "Киоски", "Caption": null, "Purpose": "Киоск", "PostIndex": null, "Elevation": 1, "Entrances": null, "Apartments": null, "District": "Сарайшык", "DistrictId": "70030076987083136", "CreateDate": "2019-04-26", "UpdateDate": "2026-04-22", "HouseId": "70030076178108152", "City": "Астана", "CityId": "9570771978420226", "Okato": null, "Oktmo": null, "Street": null, "StreetId1": null, "Number": null, "Street2": null, "StreetId2": null, "Number2": null, "Street3": null, "StreetId3": null, "Number3": null, "Street4": null, "StreetId4": null, "Number4": null, "FIAS": null, "FIAS2": null, "FIAS3": null, "FIAS4": null, "GAR": null, "GAR2": null, "GAR3": null, "GAR4": null }, "geometry": { "type": "MultiPolygon", "coordinates": [ [ [ [ 71.456579376310344, 51.119567873437212 ], [ 71.456573177934857, 51.119550280689317 ], [ 71.456545330161063, 51.119554227780775 ], [ 71.456551528536508, 51.119571707753188 ], [ 71.456579376310344, 51.119567873437212 ] ] ] ] } },
{ "type": "Feature", "properties": { "Name": null, "Type": "Киоски", "Caption": null, "Purpose": "Киоск", "PostIndex": null, "Elevation": 1, "Entrances": null, "Apartments": null, "District": "Сарайшык", "DistrictId": "70030076987083136", "CreateDate": "2021-05-24", "UpdateDate": "2025-04-04", "HouseId": "70030076282085968", "City": "Астана", "CityId": "9570771978420226", "Okato": null, "Oktmo": null, "Street": "Ахмет Байтурсынулы", "StreetId1": "9570887942540595", "Number": "1а киоск", "Street2": null, "StreetId2": null, "Number2": null, "Street3": null, "StreetId3": null, "Number3": null, "Street4": null, "StreetId4": null, "Number4": null, "FIAS": null, "FIAS2": null, "FIAS3": null, "FIAS4": null, "GAR": null, "GAR2": null, "GAR3": null, "GAR4": null }, "geometry": { "type": "MultiPolygon", "coordinates": [ [ [ [ 71.459647572163249, 51.128293276191734 ], [ 71.459658890935813, 51.128267343062682 ], [ 71.459617568432748, 51.128260239637832 ], [ 71.459606249660169, 51.128286116394513 ], [ 71.459647572163249, 51.128293276191734 ] ] ] ] } },
{ "type": "Feature", "properties": { "Name": null, "Type": "Киоски", "Caption": null, "Purpose": "Киоск", "PostIndex": null, "Elevation": 1, "Entrances": null, "Apartments": null, "District": "Сарайшык", "DistrictId": "70030076987083136", "CreateDate": "2021-05-31", "UpdateDate": "2025-07-02", "HouseId": "70030076284065471", "City": "Астана", "CityId": "9570771978420226", "Okato": null, "Oktmo": null, "Street": null, "StreetId1": null, "Number": null, "Street2": null, "StreetId2": null, "Number2": null, "Street3": null, "StreetId3": null, "Number3": null, "Street4": null, "StreetId4": null, "Number4": null, "FIAS": null, "FIAS2": null, "FIAS3": null, "FIAS4": null, "GAR": null, "GAR2": null, "GAR3": null, "GAR4": null }, "geometry": { "type": "MultiPolygon", "coordinates": [ [ [ [ 71.463612376501231, 51.127573908342001 ], [ 71.463601956043931, 51.127547749299964 ], [ 71.463560364046273, 51.127554232684609 ], [ 71.463570874335105, 51.12758044810019 ], [ 71.463612376501231, 51.127573908342001 ] ] ] ] } },
{ "type": "Feature", "properties": { "Name": null, "Type": "Киоски", "Caption": null, "Purpose": "Киоск", "PostIndex": null, "Elevation": 1, "Entrances": null, "Apartments": null, "District": "Алматы", "DistrictId": "9570759093518343", "CreateDate": "2022-06-29", "UpdateDate": "2026-03-20", "HouseId": "70030076412407862", "City": "Астана", "CityId": "9570771978420226", "Okato": null, "Oktmo": null, "Street": "проспект Бауыржан Момышулы", "StreetId1": "9570887942540534", "Number": "2Б киоск", "Street2": null, "StreetId2": null, "Number2": null, "Street3": null, "StreetId3": null, "Number3": null, "Street4": null, "StreetId4": null, "Number4": null, "FIAS": null, "FIAS2": null, "FIAS3": null, "FIAS4": null, "GAR": null, "GAR2": null, "GAR3": null, "GAR4": null }, "geometry": { "type": "MultiPolygon", "coordinates": [ [ [ [ 71.45996072487128, 51.132135672099402 ], [ 71.459950484077041, 51.132109515641147 ], [ 71.459908892079383, 51.132116054757091 ], [ 71.459919132873637, 51.132142211211651 ], [ 71.45996072487128, 51.132135672099402 ] ] ] ] } },
{ "type": "Feature", "properties": { "Name": null, "Type": "Киоски", "Caption": null, "Purpose": "Киоск", "PostIndex": null, "Elevation": 1, "Entrances": null, "Apartments": null, "District": "Сарайшык", "DistrictId": "70030076987083136", "CreateDate": "2023-02-02", "UpdateDate": "2025-04-04", "HouseId": "70030076527616525", "City": "Астана", "CityId": "9570771978420226", "Okato": null, "Oktmo": null, "Street": null, "StreetId1": null, "Number": null, "Street2": null, "StreetId2": null, "Number2": null, "Street3": null, "StreetId3": null, "Number3": null, "Street4": null, "StreetId4": null, "Number4": null, "FIAS": null, "FIAS2": null, "FIAS3": null, "FIAS4": null, "GAR": null, "GAR2": null, "GAR3": null, "GAR4": null }, "geometry": { "type": "MultiPolygon", "coordinates": [ [ [ [ 71.463577162542094, 51.128067319221458 ], [ 71.463586684684103, 51.128093647098993 ], [ 71.463628456344821, 51.128087614802901 ], [ 71.463618934202799, 51.12806128692192 ], [ 71.463577162542094, 51.128067319221458 ] ] ] ] } },
{ "type": "Feature", "properties": { "Name": null, "Type": "Киоски", "Caption": null, "Purpose": "Киоск", "PostIndex": null, "Elevation": 1, "Entrances": null, "Apartments": null, "District": "Сарайшык", "DistrictId": "70030076987083136", "CreateDate": "2023-02-08", "UpdateDate": "2025-07-02", "HouseId": "70030076535422701", "City": "Астана", "CityId": "9570771978420226", "Okato": null, "Oktmo": null, "Street": null, "StreetId1": null, "Number": null, "Street2": null, "StreetId2": null, "Number2": null, "Street3": null, "StreetId3": null, "Number3": null, "Street4": null, "StreetId4": null, "Number4": null, "FIAS": null, "FIAS2": null, "FIAS3": null, "FIAS4": null, "GAR": null, "GAR2": null, "GAR3": null, "GAR4": null }, "geometry": { "type": "MultiPolygon", "coordinates": [ [ [ [ 71.467450967541794, 51.126404968067568 ], [ 71.467434438540565, 51.126380105073302 ], [ 71.467394912668055, 51.12639047875053 ], [ 71.467411351837768, 51.126415398117864 ], [ 71.467450967541794, 51.126404968067568 ] ] ] ] } },
{ "type": "Feature", "properties": { "Name": null, "Type": "Киоски", "Caption": null, "Purpose": "Киоск", "PostIndex": null, "Elevation": 1, "Entrances": null, "Apartments": null, "District": "Сарайшык", "DistrictId": "70030076987083136", "CreateDate": "2023-05-16", "UpdateDate": "2023-05-16", "HouseId": "70030076607692828", "City": "Астана", "CityId": "9570771978420226", "Okato": null, "Oktmo": null, "Street": null, "StreetId1": null, "Number": null, "Street2": null, "StreetId2": null, "Number2": null, "Street3": null, "StreetId3": null, "Number3": null, "Street4": null, "StreetId4": null, "Number4": null, "FIAS": null, "FIAS2": null, "FIAS3": null, "FIAS4": null, "GAR": null, "GAR2": null, "GAR3": null, "GAR4": null }, "geometry": { "type": "MultiPolygon", "coordinates": [ [ [ [ 71.457321025408888, 51.12779924757973 ], [ 71.457289853868545, 51.127780755934864 ], [ 71.457260478958744, 51.127800431495764 ], [ 71.457291650499116, 51.127818866755803 ], [ 71.457321025408888, 51.12779924757973 ] ] ] ] } },
{ "type": "Feature", "properties": { "Name": null, "Type": "Киоски", "Caption": null, "Purpose": "Киоск", "PostIndex": null, "Elevation": 1, "Entrances": null, "Apartments": null, "District": "Сарайшык", "DistrictId": "70030076987083136", "CreateDate": "2023-05-16", "UpdateDate": "2023-05-16", "HouseId": "70030076607693240", "City": "Астана", "CityId": "9570771978420226", "Okato": null, "Oktmo": null, "Street": null, "StreetId1": null, "Number": null, "Street2": null, "StreetId2": null, "Number2": null, "Street3": null, "StreetId3": null, "Number3": null, "Street4": null, "StreetId4": null, "Number4": null, "FIAS": null, "FIAS2": null, "FIAS3": null, "FIAS4": null, "GAR": null, "GAR2": null, "GAR3": null, "GAR4": null }, "geometry": { "type": "MultiPolygon", "coordinates": [ [ [ [ 71.457249250017696, 51.127580109836863 ], [ 71.457243231305299, 51.127553387025799 ], [ 71.457200830823879, 51.127557051547214 ], [ 71.457206759704775, 51.127583774356161 ], [ 71.457249250017696, 51.127580109836863 ] ] ] ] } },
{ "type": "Feature", "properties": { "Name": null, "Type": "Киоски", "Caption": null, "Purpose": "Киоск", "PostIndex": null, "Elevation": 1, "Entrances": null, "Apartments": null, "District": "Сарайшык", "DistrictId": "70030076987083136", "CreateDate": "2023-05-16", "UpdateDate": "2023-05-16", "HouseId": "70030076607693948", "City": "Астана", "CityId": "9570771978420226", "Okato": null, "Oktmo": null, "Street": null, "StreetId1": null, "Number": null, "Street2": null, "StreetId2": null, "Number2": null, "Street3": null, "StreetId3": null, "Number3": null, "Street4": null, "StreetId4": null, "Number4": null, "FIAS": null, "FIAS2": null, "FIAS3": null, "FIAS4": null, "GAR": null, "GAR2": null, "GAR3": null, "GAR4": null }, "geometry": { "type": "MultiPolygon", "coordinates": [ [ [ [ 71.45720666987323, 51.127342366478906 ], [ 71.457164269391825, 51.127346256527105 ], [ 71.457170288104223, 51.127372923080529 ], [ 71.457212688585628, 51.127369145789544 ], [ 71.45720666987323, 51.127342366478906 ] ] ] ] } },
{ "type": "Feature", "properties": { "Name": null, "Type": "Киоски", "Caption": null, "Purpose": "Киоск", "PostIndex": null, "Elevation": 1, "Entrances": null, "Apartments": null, "District": "Сарайшык", "DistrictId": "70030076987083136", "CreateDate": "2023-05-16", "UpdateDate": "2023-05-16", "HouseId": "70030076607694423", "City": "Астана", "CityId": "9570771978420226", "Okato": null, "Oktmo": null, "Street": null, "StreetId1": null, "Number": null, "Street2": null, "StreetId2": null, "Number2": null, "Street3": null, "StreetId3": null, "Number3": null, "Street4": null, "StreetId4": null, "Number4": null, "FIAS": null, "FIAS2": null, "FIAS3": null, "FIAS4": null, "GAR": null, "GAR2": null, "GAR3": null, "GAR4": null }, "geometry": { "type": "MultiPolygon", "coordinates": [ [ [ [ 71.457204603748082, 51.127312768275409 ], [ 71.45719858503567, 51.127286101687247 ], [ 71.457156184554265, 51.127289878985032 ], [ 71.457162203266662, 51.127316545571006 ], [ 71.457204603748082, 51.127312768275409 ] ] ] ] } },
{ "type": "Feature", "properties": { "Name": null, "Type": "Киоски", "Caption": null, "Purpose": "Киоск", "PostIndex": null, "Elevation": 1, "Entrances": null, "Apartments": null, "District": "Сарайшык", "DistrictId": "70030076987083136", "CreateDate": "2023-05-16", "UpdateDate": "2023-05-16", "HouseId": "70030076607694924", "City": "Астана", "CityId": "9570771978420226", "Okato": null, "Oktmo": null, "Street": null, "StreetId1": null, "Number": null, "Street2": null, "StreetId2": null, "Number2": null, "Street3": null, "StreetId3": null, "Number3": null, "Street4": null, "StreetId4": null, "Number4": null, "FIAS": null, "FIAS2": null, "FIAS3": null, "FIAS4": null, "GAR": null, "GAR2": null, "GAR3": null, "GAR4": null }, "geometry": { "type": "MultiPolygon", "coordinates": [ [ [ [ 71.457199124024839, 51.127214220215421 ], [ 71.457158610005521, 51.127205312542877 ], [ 71.457144506455563, 51.127230795247087 ], [ 71.457185020474881, 51.1272397029147 ], [ 71.457199124024839, 51.127214220215421 ] ] ] ] } },
{ "type": "Feature", "properties": { "Name": null, "Type": "Киоски", "Caption": null, "Purpose": "Киоск", "PostIndex": null, "Elevation": 1, "Entrances": null, "Apartments": null, "District": "Алматы", "DistrictId": "9570759093518343", "CreateDate": "2023-06-29", "UpdateDate": "2023-06-29", "HouseId": "70030076633125841", "City": "Астана", "CityId": "9570771978420226", "Okato": null, "Oktmo": null, "Street": "Сарайшык", "StreetId1": "9570887942538389", "Number": "1/1д", "Street2": null, "StreetId2": null, "Number2": null, "Street3": null, "StreetId3": null, "Number3": null, "Street4": null, "StreetId4": null, "Number4": null, "FIAS": null, "FIAS2": null, "FIAS3": null, "FIAS4": null, "GAR": null, "GAR2": null, "GAR3": null, "GAR4": null }, "geometry": { "type": "MultiPolygon", "coordinates": [ [ [ [ 71.449498136588673, 51.131162066873848 ], [ 71.449567306865546, 51.131151074166823 ], [ 71.44955688640826, 51.131124860777987 ], [ 71.449487626299842, 51.131135909864128 ], [ 71.449498136588673, 51.131162066873848 ] ] ] ] } },
{ "type": "Feature", "properties": { "Name": null, "Type": "Киоски", "Caption": null, "Purpose": "Киоск", "PostIndex": null, "Elevation": 1, "Entrances": null, "Apartments": null, "District": "Алматы", "DistrictId": "9570759093518343", "CreateDate": "2023-08-22", "UpdateDate": "2025-12-12", "HouseId": "70030076676078750", "City": "Астана", "CityId": "9570771978420226", "Okato": null, "Oktmo": null, "Street": "проспект Бауыржан Момышулы", "StreetId1": "9570887942540534", "Number": "2/5а киоск", "Street2": null, "StreetId2": null, "Number2": null, "Street3": null, "StreetId3": null, "Number3": null, "Street4": null, "StreetId4": null, "Number4": null, "FIAS": null, "FIAS2": null, "FIAS3": null, "FIAS4": null, "GAR": null, "GAR2": null, "GAR3": null, "GAR4": null }, "geometry": { "type": "MultiPolygon", "coordinates": [ [ [ [ 71.46587253775607, 51.135680411590251 ], [ 71.465833461041214, 51.135669363591447 ], [ 71.46581585406166, 51.135693996115748 ], [ 71.465854930776501, 51.135704987741349 ], [ 71.46587253775607, 51.135680411590251 ] ] ] ] } },
{ "type": "Feature", "properties": { "Name": null, "Type": "Киоски", "Caption": null, "Purpose": "Киоск", "PostIndex": null, "Elevation": 1, "Entrances": null, "Apartments": null, "District": "Сарайшык", "DistrictId": "70030076987083136", "CreateDate": "2025-08-26", "UpdateDate": "2025-08-26", "HouseId": "70030077092097288", "City": "Астана", "CityId": "9570771978420226", "Okato": null, "Oktmo": null, "Street": "Ахмет Байтурсынулы", "StreetId1": "9570887942540595", "Number": "1/1в", "Street2": null, "StreetId2": null, "Number2": null, "Street3": null, "StreetId3": null, "Number3": null, "Street4": null, "StreetId4": null, "Number4": null, "FIAS": null, "FIAS2": null, "FIAS3": null, "FIAS4": null, "GAR": null, "GAR2": null, "GAR3": null, "GAR4": null }, "geometry": { "type": "MultiPolygon", "coordinates": [ [ [ [ 71.458230569634068, 51.127112063766525 ], [ 71.458254464820627, 51.127134445745135 ], [ 71.458289948274356, 51.12711928012353 ], [ 71.458265963256267, 51.127096954515395 ], [ 71.458230569634068, 51.127112063766525 ] ] ] ] } },
{ "type": "Feature", "properties": { "Name": null, "Type": "Киоски", "Caption": null, "Purpose": "Киоск", "PostIndex": null, "Elevation": 1, "Entrances": null, "Apartments": null, "District": "Сарайшык", "DistrictId": "70030076987083136", "CreateDate": "2025-08-26", "UpdateDate": "2025-08-26", "HouseId": "70030077092097742", "City": "Астана", "CityId": "9570771978420226", "Okato": null, "Oktmo": null, "Street": "Ахмет Байтурсынулы", "StreetId1": "9570887942540595", "Number": "1/1г", "Street2": null, "StreetId2": null, "Number2": null, "Street3": null, "StreetId3": null, "Number3": null, "Street4": null, "StreetId4": null, "Number4": null, "FIAS": null, "FIAS2": null, "FIAS3": null, "FIAS4": null, "GAR": null, "GAR2": null, "GAR3": null, "GAR4": null }, "geometry": { "type": "MultiPolygon", "coordinates": [ [ [ [ 71.45831105868352, 51.127187609948059 ], [ 71.458335313196187, 51.127209822757045 ], [ 71.458370616986855, 51.127194600782509 ], [ 71.458346362474202, 51.12717233158849 ], [ 71.45831105868352, 51.127187609948059 ] ] ] ] } },
{ "type": "Feature", "properties": { "Name": null, "Type": "Киоски", "Caption": null, "Purpose": "Киоск", "PostIndex": null, "Elevation": 1, "Entrances": null, "Apartments": null, "District": "Сарайшык", "DistrictId": "70030076987083136", "CreateDate": "2026-05-06", "UpdateDate": "2026-05-06", "HouseId": "70030077155499576", "City": "Астана", "CityId": "9570771978420226", "Okato": null, "Oktmo": null, "Street": null, "StreetId1": null, "Number": null, "Street2": null, "StreetId2": null, "Number2": null, "Street3": null, "StreetId3": null, "Number3": null, "Street4": null, "StreetId4": null, "Number4": null, "FIAS": null, "FIAS2": null, "FIAS3": null, "FIAS4": null, "GAR": null, "GAR2": null, "GAR3": null, "GAR4": null }, "geometry": { "type": "MultiPolygon", "coordinates": [ [ [ [ 71.457698497491279, 51.127202042637343 ], [ 71.457741347130337, 51.127203057435644 ], [ 71.457742964097847, 51.127176165273283 ], [ 71.457700114458802, 51.127175094096671 ], [ 71.457698497491279, 51.127202042637343 ] ] ] ] } },
{ "type": "Feature", "properties": { "Name": null, "Type": "Киоски", "Caption": null, "Purpose": "Киоск", "PostIndex": null, "Elevation": 1, "Entrances": null, "Apartments": null, "District": "Сарайшык", "DistrictId": "70030076987083136", "CreateDate": "2026-05-06", "UpdateDate": "2026-05-06", "HouseId": "70030077155492807", "City": "Астана", "CityId": "9570771978420226", "Okato": null, "Oktmo": null, "Street": null, "StreetId1": null, "Number": null, "Street2": null, "StreetId2": null, "Number2": null, "Street3": null, "StreetId3": null, "Number3": null, "Street4": null, "StreetId4": null, "Number4": null, "FIAS": null, "FIAS2": null, "FIAS3": null, "FIAS4": null, "GAR": null, "GAR2": null, "GAR3": null, "GAR4": null }, "geometry": { "type": "MultiPolygon", "coordinates": [ [ [ [ 71.457213407237845, 51.12761433079806 ], [ 71.45721924628721, 51.127641053573868 ], [ 71.457261736600145, 51.12763738905911 ], [ 71.457255897550809, 51.127610666281193 ], [ 71.457213407237845, 51.12761433079806 ] ] ] ] } },
{ "type": "Feature", "properties": { "Name": null, "Type": "Административные сооружения", "Caption": null, "Purpose": "Торговый павильон", "PostIndex": null, "Elevation": 1, "Entrances": null, "Apartments": null, "District": "Сарайшык", "DistrictId": "70030076987083136", "CreateDate": "2026-05-01", "UpdateDate": "2026-05-01", "HouseId": "70030077154217343", "City": "Астана", "CityId": "9570771978420226", "Okato": null, "Oktmo": null, "Street": "Ахмет Байтурсынулы", "StreetId1": "9570887942540595", "Number": "1д", "Street2": null, "StreetId2": null, "Number2": null, "Street3": null, "StreetId3": null, "Number3": null, "Street4": null, "StreetId4": null, "Number4": null, "FIAS": null, "FIAS2": null, "FIAS3": null, "FIAS4": null, "GAR": null, "GAR2": null, "GAR3": null, "GAR4": null }, "geometry": { "type": "MultiPolygon", "coordinates": [ [ [ [ 71.457017394842865, 51.127882854527904 ], [ 71.457047668067929, 51.127902079030655 ], [ 71.457078031124553, 51.127883136412159 ], [ 71.45704775789946, 51.127863911901528 ], [ 71.457017394842865, 51.127882854527904 ] ] ] ] } },
{ "type": "Feature", "properties": { "Name": null, "Type": "Административные сооружения", "Caption": null, "Purpose": "Кафе, бар", "PostIndex": null, "Elevation": 2, "Entrances": null, "Apartments": null, "District": "Алматы", "DistrictId": "9570759093518343", "CreateDate": "2025-12-15", "UpdateDate": "2026-05-20", "HouseId": "70030077122783946", "City": "Астана", "CityId": "9570771978420226", "Okato": null, "Oktmo": null, "Street": "проспект Бауыржан Момышулы", "StreetId1": "9570887942540534", "Number": "2/5а", "Street2": null, "StreetId2": null, "Number2": null, "Street3": null, "StreetId3": null, "Number3": null, "Street4": null, "StreetId4": null, "Number4": null, "FIAS": null, "FIAS2": null, "FIAS3": null, "FIAS4": null, "GAR": null, "GAR2": null, "GAR3": null, "GAR4": null }, "geometry": { "type": "MultiPolygon", "coordinates": [ [ [ [ 71.465611666997575, 51.136010215683839 ], [ 71.465795013147044, 51.135756281959523 ], [ 71.4657430006921, 51.13574145737266 ], [ 71.465559654542616, 51.135995391178504 ], [ 71.465611666997575, 51.136010215683839 ] ] ] ] } },
{ "type": "Feature", "properties": { "Name": null, "Type": "Административные сооружения", "Caption": null, "Purpose": "Торговый павильон", "PostIndex": null, "Elevation": 1, "Entrances": null, "Apartments": null, "District": "Сарайшык", "DistrictId": "70030076987083136", "CreateDate": "2025-11-19", "UpdateDate": "2026-05-04", "HouseId": "70030077116295990", "City": "Астана", "CityId": "9570771978420226", "Okato": null, "Oktmo": null, "Street": "Ахмет Байтурсынулы", "StreetId1": "9570887942540595", "Number": "1/2а", "Street2": null, "StreetId2": null, "Number2": null, "Street3": null, "StreetId3": null, "Number3": null, "Street4": null, "StreetId4": null, "Number4": null, "FIAS": null, "FIAS2": null, "FIAS3": null, "FIAS4": null, "GAR": null, "GAR2": null, "GAR3": null, "GAR4": null }, "geometry": { "type": "MultiPolygon", "coordinates": [ [ [ [ 71.457751318429999, 51.126336975357624 ], [ 71.457751318429999, 51.126292154237873 ], [ 71.457679992196432, 51.126292154237873 ], [ 71.457679992196432, 51.126336975357624 ], [ 71.457751318429999, 51.126336975357624 ] ] ] ] } },
{ "type": "Feature", "properties": { "Name": null, "Type": "Административные сооружения", "Caption": null, "Purpose": "Торговый павильон", "PostIndex": "010010", "Elevation": 1, "Entrances": null, "Apartments": null, "District": "Сарайшык", "DistrictId": "70030076987083136", "CreateDate": "2025-10-26", "UpdateDate": "2026-04-21", "HouseId": "70030077110317614", "City": "Астана", "CityId": "9570771978420226", "Okato": null, "Oktmo": null, "Street": "Жумекен Нажимеденов", "StreetId1": "9570887942538475", "Number": "4а", "Street2": null, "StreetId2": null, "Number2": null, "Street3": null, "StreetId3": null, "Number3": null, "Street4": null, "StreetId4": null, "Number4": null, "FIAS": null, "FIAS2": null, "FIAS3": null, "FIAS4": null, "GAR": null, "GAR2": null, "GAR3": null, "GAR4": null }, "geometry": { "type": "MultiPolygon", "coordinates": [ [ [ [ 71.458310789188928, 51.119662885437499 ], [ 71.458379959465816, 51.119652059154156 ], [ 71.458369628840046, 51.119625952012541 ], [ 71.458300458563173, 51.119636778301988 ], [ 71.458310789188928, 51.119662885437499 ] ] ] ] } },
{ "type": "Feature", "properties": { "Name": null, "Type": "Административные сооружения", "Caption": null, "Purpose": "Торговый павильон", "PostIndex": null, "Elevation": 1, "Entrances": null, "Apartments": null, "District": "Сарыарка", "DistrictId": "70030076297673516", "CreateDate": "2025-09-02", "UpdateDate": "2026-03-16", "HouseId": "70030077093639914", "City": "Астана", "CityId": "9570771978420226", "Okato": null, "Oktmo": null, "Street": "Биржан сал", "StreetId1": "9570887942537681", "Number": "7а/2", "Street2": null, "StreetId2": null, "Number2": null, "Street3": null, "StreetId3": null, "Number3": null, "Street4": null, "StreetId4": null, "Number4": null, "FIAS": null, "FIAS2": null, "FIAS3": null, "FIAS4": null, "GAR": null, "GAR2": null, "GAR3": null, "GAR4": null }, "geometry": { "type": "MultiPolygon", "coordinates": [ [ [ [ 71.408143024674359, 51.194203080159916 ], [ 71.408181472568529, 51.194191032844081 ], [ 71.408162428284498, 51.194166938202969 ], [ 71.408123980390343, 51.19417892922921 ], [ 71.408143024674359, 51.194203080159916 ] ] ] ] } },
{ "type": "Feature", "properties": { "Name": null, "Type": "Административные сооружения", "Caption": null, "Purpose": "Торговый павильон", "PostIndex": null, "Elevation": 1, "Entrances": null, "Apartments": null, "District": "Сарайшык", "DistrictId": "70030076987083136", "CreateDate": "2025-07-02", "UpdateDate": "2025-12-03", "HouseId": "70030077068783723", "City": "Астана", "CityId": "9570771978420226", "Okato": null, "Oktmo": null, "Street": "проспект Ракымжан Кошкарбаев", "StreetId1": "9570887942538806", "Number": "8а", "Street2": null, "StreetId2": null, "Number2": null, "Street3": null, "StreetId3": null, "Number3": null, "Street4": null, "StreetId4": null, "Number4": null, "FIAS": null, "FIAS2": null, "FIAS3": null, "FIAS4": null, "GAR": null, "GAR2": null, "GAR3": null, "GAR4": null }, "geometry": { "type": "MultiPolygon", "coordinates": [ [ [ [ 71.464487066093383, 51.127248272314844 ], [ 71.464553002435224, 51.127230964380033 ], [ 71.464530993710767, 51.127197814310883 ], [ 71.464465057368912, 51.127215122258121 ], [ 71.464487066093383, 51.127248272314844 ] ] ] ] } },
{ "type": "Feature", "properties": { "Name": null, "Type": "Административные сооружения", "Caption": null, "Purpose": "Торговый павильон", "PostIndex": null, "Elevation": 1, "Entrances": null, "Apartments": null, "District": "Алматы", "DistrictId": "9570759093518343", "CreateDate": "2025-06-24", "UpdateDate": "2026-06-18", "HouseId": "70030077064953773", "City": "Астана", "CityId": "9570771978420226", "Okato": null, "Oktmo": null, "Street": "Сарайшык", "StreetId1": "9570887942538389", "Number": "1г", "Street2": null, "StreetId2": null, "Number2": null, "Street3": null, "StreetId3": null, "Number3": null, "Street4": null, "StreetId4": null, "Number4": null, "FIAS": null, "FIAS2": null, "FIAS3": null, "FIAS4": null, "GAR": null, "GAR2": null, "GAR3": null, "GAR4": null }, "geometry": { "type": "MultiPolygon", "coordinates": [ [ [ [ 71.44838880704431, 51.131316753714607 ], [ 71.448402371605098, 51.131351704751175 ], [ 71.448457887489667, 51.131343079739779 ], [ 71.448444233097334, 51.131308185069344 ], [ 71.44838880704431, 51.131316753714607 ] ] ] ] } },
{ "type": "Feature", "properties": { "Name": null, "Type": "Административные сооружения", "Caption": null, "Purpose": "Административное здание", "PostIndex": null, "Elevation": 1, "Entrances": null, "Apartments": null, "District": "Сарайшык", "DistrictId": "70030076987083136", "CreateDate": "2025-06-13", "UpdateDate": "2026-05-04", "HouseId": "70030077060641629", "City": "Астана", "CityId": "9570771978420226", "Okato": null, "Oktmo": null, "Street": "Ахмет Байтурсынулы", "StreetId1": "9570887942540595", "Number": "1г", "Street2": null, "StreetId2": null, "Number2": null, "Street3": null, "StreetId3": null, "Number3": null, "Street4": null, "StreetId4": null, "Number4": null, "FIAS": null, "FIAS2": null, "FIAS3": null, "FIAS4": null, "GAR": null, "GAR2": null, "GAR3": null, "GAR4": null }, "geometry": { "type": "MultiPolygon", "coordinates": [ [ [ [ 71.456553594661671, 51.127633442658279 ], [ 71.45658287973994, 51.127613710649086 ], [ 71.456551618368053, 51.12759533168434 ], [ 71.456522333289797, 51.127615007324223 ], [ 71.456553594661671, 51.127633442658279 ] ] ] ] } },
{ "type": "Feature", "properties": { "Name": null, "Type": "Административные сооружения", "Caption": null, "Purpose": "Торговый павильон", "PostIndex": null, "Elevation": 1, "Entrances": null, "Apartments": null, "District": "Сарайшык", "DistrictId": "70030076987083136", "CreateDate": "2024-08-27", "UpdateDate": "2026-04-08", "HouseId": "70030076945125036", "City": "Астана", "CityId": "9570771978420226", "Okato": null, "Oktmo": null, "Street": "проспект Ракымжан Кошкарбаев", "StreetId1": "9570887942538806", "Number": "2Б", "Street2": null, "StreetId2": null, "Number2": null, "Street3": null, "StreetId3": null, "Number3": null, "Street4": null, "StreetId4": null, "Number4": null, "FIAS": null, "FIAS2": null, "FIAS3": null, "FIAS4": null, "GAR": null, "GAR2": null, "GAR3": null, "GAR4": null }, "geometry": { "type": "MultiPolygon", "coordinates": [ [ [ [ 71.461087122406042, 51.127592963841735 ], [ 71.461076881611802, 51.127566804810506 ], [ 71.461035199782614, 51.127573175438009 ], [ 71.461045440576868, 51.127599390842832 ], [ 71.461087122406042, 51.127592963841735 ] ] ] ] } },
{ "type": "Feature", "properties": { "Name": null, "Type": "Административные сооружения", "Caption": null, "Purpose": "Торговый павильон", "PostIndex": null, "Elevation": 1, "Entrances": null, "Apartments": null, "District": "Сарыарка", "DistrictId": "70030076297673516", "CreateDate": "2024-11-06", "UpdateDate": "2026-03-16", "HouseId": "70030076986939367", "City": "Астана", "CityId": "9570771978420226", "Okato": null, "Oktmo": null, "Street": "Биржан сал", "StreetId1": "9570887942537681", "Number": "7а/1", "Street2": null, "StreetId2": null, "Number2": null, "Street3": null, "StreetId3": null, "Number3": null, "Street4": null, "StreetId4": null, "Number4": null, "FIAS": null, "FIAS2": null, "FIAS3": null, "FIAS4": null, "GAR": null, "GAR2": null, "GAR3": null, "GAR4": null }, "geometry": { "type": "MultiPolygon", "coordinates": [ [ [ [ 71.408099097056962, 51.194148247958672 ], [ 71.408118321004039, 51.194172342609555 ], [ 71.408156679066678, 51.194160407877519 ], [ 71.408137544951117, 51.194136313220405 ], [ 71.408099097056962, 51.194148247958672 ] ] ] ] } },
{ "type": "Feature", "properties": { "Name": null, "Type": "Административные сооружения", "Caption": null, "Purpose": "Торговый павильон", "PostIndex": null, "Elevation": 1, "Entrances": null, "Apartments": null, "District": "Сарайшык", "DistrictId": "70030076987083136", "CreateDate": "2024-02-22", "UpdateDate": "2026-04-08", "HouseId": "70030076828277873", "City": "Косшы (Акмолинская обл.)", "CityId": "9570771978420241", "Okato": null, "Oktmo": null, "Street": "Ахмета Байтурсынова", "StreetId1": null, "Number": "3а", "Street2": null, "StreetId2": null, "Number2": null, "Street3": null, "StreetId3": null, "Number3": null, "Street4": null, "StreetId4": null, "Number4": null, "FIAS": null, "FIAS2": null, "FIAS3": null, "FIAS4": null, "GAR": null, "GAR2": null, "GAR3": null, "GAR4": null }, "geometry": { "type": "MultiPolygon", "coordinates": [ [ [ [ 71.460883743825718, 51.127650243048031 ], [ 71.46085634520955, 51.127608693079672 ], [ 71.460816729505524, 51.127619066480975 ], [ 71.460844128121693, 51.127660560062886 ], [ 71.460883743825718, 51.127650243048031 ] ] ] ] } },
{ "type": "Feature", "properties": { "Name": null, "Type": "Административные сооружения", "Caption": null, "Purpose": "Торговый павильон", "PostIndex": null, "Elevation": 1, "Entrances": null, "Apartments": null, "District": "Сарайшык", "DistrictId": "70030076987083136", "CreateDate": "2024-05-29", "UpdateDate": "2026-05-04", "HouseId": "70030076888675105", "City": "Астана", "CityId": "9570771978420226", "Okato": null, "Oktmo": null, "Street": "Ахмет Байтурсынулы", "StreetId1": "9570887942540595", "Number": "1в", "Street2": null, "StreetId2": null, "Number2": null, "Street3": null, "StreetId3": null, "Number3": null, "Street4": null, "StreetId4": null, "Number4": null, "FIAS": null, "FIAS2": null, "FIAS3": null, "FIAS4": null, "GAR": null, "GAR2": null, "GAR3": null, "GAR4": null }, "geometry": { "type": "MultiPolygon", "coordinates": [ [ [ [ 71.457002482809131, 51.127437136980042 ], [ 71.457000686178588, 51.127432344901059 ], [ 71.456997631906603, 51.127427778331231 ], [ 71.456993589487837, 51.127423550025441 ], [ 71.456988469090703, 51.127419829116 ], [ 71.45698254020985, 51.127416615603067 ], [ 71.456975802845207, 51.127414078619026 ], [ 71.456968616322939, 51.127412161786545 ], [ 71.456960980643018, 51.127411034237987 ], [ 71.45695316530005, 51.127410639595972 ], [ 71.456945349957081, 51.127411034237987 ], [ 71.45693771427716, 51.127412161786545 ], [ 71.456930527754892, 51.127414078619026 ], [ 71.456923790390263, 51.127416615603067 ], [ 71.456917861509382, 51.127419829116 ], [ 71.456912741112276, 51.127423550025441 ], [ 71.456908698693482, 51.127427778331231 ], [ 71.456905644421525, 51.127432344901059 ], [ 71.456903847790954, 51.127437136980042 ], [ 71.456903218970254, 51.127442041813303 ], [ 71.456903847790954, 51.127446946646032 ], [ 71.456905644421525, 51.127451795100868 ], [ 71.456908698693482, 51.127456305290956 ], [ 71.456912741112276, 51.127460533593748 ], [ 71.456917861509382, 51.127464254499905 ], [ 71.456923790390263, 51.127467468009513 ], [ 71.456930527754892, 51.127470004990627 ], [ 71.45693771427716, 51.127471921820721 ], [ 71.456945349957081, 51.127473105745146 ], [ 71.45695316530005, 51.127473500386614 ], [ 71.456960980643018, 51.127473105745146 ], [ 71.456968616322939, 51.127471921820721 ], [ 71.456975802845207, 51.127470004990627 ], [ 71.45698254020985, 51.127467468009513 ], [ 71.456988469090703, 51.127464254499905 ], [ 71.456993589487837, 51.127460533593748 ], [ 71.456997631906603, 51.127456305290956 ], [ 71.457000686178588, 51.127451795100868 ], [ 71.457002482809131, 51.127446946646032 ], [ 71.457003111629845, 51.127442041813303 ], [ 71.457002482809131, 51.127437136980042 ] ] ], [ [ [ 71.456896840931748, 51.127393500854367 ], [ 71.456894235817401, 51.127388821525777 ], [ 71.456890013735588, 51.127384536838939 ], [ 71.456884354349285, 51.127380985058757 ], [ 71.45687761698467, 51.127378335317822 ], [ 71.456870160967796, 51.127376700371208 ], [ 71.456862255793311, 51.127376136596489 ], [ 71.456854350618798, 51.127376700371208 ], [ 71.456846894601952, 51.127378335317822 ], [ 71.456840157237309, 51.127380985058757 ], [ 71.456834497851005, 51.127384536838939 ], [ 71.456830275769178, 51.127388821525777 ], [ 71.45682767065486, 51.127393500854367 ], [ 71.456826772339582, 51.127398462069678 ], [ 71.45682767065486, 51.127403423284484 ], [ 71.456830275769178, 51.127408102611597 ], [ 71.456834497851005, 51.127412387296246 ], [ 71.456840157237309, 51.127415939074005 ], [ 71.456846894601952, 51.127418588812787 ], [ 71.456854350618798, 51.12742022375793 ], [ 71.456862255793311, 51.127420787532095 ], [ 71.456870160967796, 51.12742022375793 ], [ 71.45687761698467, 51.127418588812787 ], [ 71.456884354349285, 51.127415939074005 ], [ 71.456890013735588, 51.127412387296246 ], [ 71.456894235817401, 51.127408102611597 ], [ 71.456896840931748, 51.127403423284484 ], [ 71.456897739247026, 51.127398462069678 ], [ 71.456896840931748, 51.127393500854367 ] ] ], [ [ [ 71.456826952002629, 51.127349470044926 ], [ 71.456824346888297, 51.127344790711888 ], [ 71.45682012480647, 51.127340506020964 ], [ 71.456814465420166, 51.1273369542374 ], [ 71.456807728055537, 51.127334304493921 ], [ 71.456800272038706, 51.127332669545751 ], [ 71.456792366864192, 51.127332105770506 ], [ 71.456784461689693, 51.127332669545751 ], [ 71.456777005672848, 51.127334304493921 ], [ 71.456770268308205, 51.1273369542374 ], [ 71.456764608921915, 51.127340506020964 ], [ 71.456760386840074, 51.127344790711888 ], [ 71.456757781725756, 51.127349470044926 ], [ 71.456756883410463, 51.127354431264997 ], [ 71.456757781725756, 51.127359392484507 ], [ 71.456760386840074, 51.127364071816082 ], [ 71.456764608921915, 51.12736835650481 ], [ 71.456770268308205, 51.127371908285959 ], [ 71.456777005672848, 51.12737455802727 ], [ 71.456784461689693, 51.127376192973969 ], [ 71.456792366864192, 51.127376756748674 ], [ 71.456800272038706, 51.127376192973969 ], [ 71.456807728055537, 51.12737455802727 ], [ 71.456814465420166, 51.127371908285959 ], [ 71.45682012480647, 51.12736835650481 ], [ 71.456824346888297, 51.127364071816082 ], [ 71.456826952002629, 51.127359392484507 ], [ 71.456827850317922, 51.127354431264997 ], [ 71.456826952002629, 51.127349470044926 ] ] ], [ [ [ 71.457057639367591, 51.127493570719693 ], [ 71.457055034253258, 51.127488835023911 ], [ 71.457050812171431, 51.127484606723698 ], [ 71.457045152785142, 51.127481054951204 ], [ 71.457038415420513, 51.127478405216003 ], [ 71.457030959403667, 51.127476770272935 ], [ 71.457023054229154, 51.127476206499452 ], [ 71.457015149054655, 51.127476770272935 ], [ 71.457007693037795, 51.127478405216003 ], [ 71.457000955673166, 51.127481054951204 ], [ 71.456995296286877, 51.127484606723698 ], [ 71.45699107420505, 51.127488835023911 ], [ 71.456988469090703, 51.127493570719693 ], [ 71.456987570775425, 51.127498531924282 ], [ 71.456988469090703, 51.127503493128323 ], [ 71.45699107420505, 51.127508172445289 ], [ 71.456995296286877, 51.127512400743349 ], [ 71.457000955673166, 51.127516008890709 ], [ 71.457007693037795, 51.127518658623764 ], [ 71.457015149054655, 51.127520293565368 ], [ 71.457023054229154, 51.127520857338311 ], [ 71.457030959403667, 51.127520293565368 ], [ 71.457038415420513, 51.127518658623764 ], [ 71.457045152785142, 51.127516008890709 ], [ 71.457050812171431, 51.127512400743349 ], [ 71.457055034253258, 51.127508172445289 ], [ 71.457057639367591, 51.127503493128323 ], [ 71.457058537682869, 51.127498531924282 ], [ 71.457057639367591, 51.127493570719693 ] ] ], [ [ [ 71.457128336780457, 51.127537319505372 ], [ 71.457125731666139, 51.127532583814073 ], [ 71.457121509584297, 51.127528355517867 ], [ 71.457115850197994, 51.127524803748756 ], [ 71.457109112833365, 51.12752215401607 ], [ 71.457101656816505, 51.12752051907453 ], [ 71.45709375164202, 51.127519955301587 ], [ 71.457085846467507, 51.12752051907453 ], [ 71.457078390450661, 51.12752215401607 ], [ 71.457071653086032, 51.127524803748756 ], [ 71.457065993699743, 51.127528355517867 ], [ 71.457061771617902, 51.127532583814073 ], [ 71.457059166503583, 51.127537319505372 ], [ 71.457058268188291, 51.127542280705271 ], [ 71.457059166503583, 51.127547241904608 ], [ 71.457061771617902, 51.127551921217155 ], [ 71.457065993699743, 51.1275561495112 ], [ 71.457071653086032, 51.127559757655156 ], [ 71.457078390450661, 51.127562407385696 ], [ 71.457085846467507, 51.127564042325744 ], [ 71.45709375164202, 51.127564606098154 ], [ 71.457101656816505, 51.127564042325744 ], [ 71.457109112833365, 51.127562407385696 ], [ 71.457115850197994, 51.127559757655156 ], [ 71.457121509584297, 51.1275561495112 ], [ 71.457125731666139, 51.127551921217155 ], [ 71.457128336780457, 51.127547241904608 ], [ 71.457129235095735, 51.127542280705271 ], [ 71.457128336780457, 51.127537319505372 ] ] ] ] } },
{ "type": "Feature", "properties": { "Name": null, "Type": "Административные сооружения", "Caption": null, "Purpose": "Торговый павильон", "PostIndex": null, "Elevation": 1, "Entrances": null, "Apartments": null, "District": "Алматы", "DistrictId": "9570759093518343", "CreateDate": "2024-01-05", "UpdateDate": "2026-06-02", "HouseId": "70030076790964945", "City": "Астана", "CityId": "9570771978420226", "Okato": null, "Oktmo": null, "Street": "проспект Тауелсиздик", "StreetId1": "9570887942537473", "Number": "35а", "Street2": null, "StreetId2": null, "Number2": null, "Street3": null, "StreetId3": null, "Number3": null, "Street4": null, "StreetId4": null, "Number4": null, "FIAS": null, "FIAS2": null, "FIAS3": null, "FIAS4": null, "GAR": null, "GAR2": null, "GAR3": null, "GAR4": null }, "geometry": { "type": "MultiPolygon", "coordinates": [ [ [ [ 71.465573668261058, 51.13660696853038 ], [ 71.465549952737547, 51.136639717282655 ], [ 71.465653977647435, 51.136669591339341 ], [ 71.465677693170946, 51.136636955340585 ], [ 71.465573668261058, 51.13660696853038 ] ] ] ] } },
{ "type": "Feature", "properties": { "Name": null, "Type": "Административные сооружения", "Caption": null, "Purpose": "Торговый павильон", "PostIndex": "010000", "Elevation": 1, "Entrances": null, "Apartments": null, "District": "Есиль", "DistrictId": "9570759093518340", "CreateDate": "2023-11-14", "UpdateDate": "2026-04-01", "HouseId": "70030076737725378", "City": "Астана", "CityId": "9570771978420226", "Okato": null, "Oktmo": null, "Street": "проспект Мангилик Ел", "StreetId1": "9570887942538656", "Number": "10а", "Street2": null, "StreetId2": null, "Number2": null, "Street3": null, "StreetId3": null, "Number3": null, "Street4": null, "StreetId4": null, "Number4": null, "FIAS": null, "FIAS2": null, "FIAS3": null, "FIAS4": null, "GAR": null, "GAR2": null, "GAR3": null, "GAR4": null }, "geometry": { "type": "MultiPolygon", "coordinates": [ [ [ [ 71.440060885371352, 51.130422505535556 ], [ 71.440042200413444, 51.130378984978051 ], [ 71.440000788078848, 51.130385975329439 ], [ 71.440019473036756, 51.130429552254085 ], [ 71.440060885371352, 51.130422505535556 ] ] ] ] } },
{ "type": "Feature", "properties": { "Name": null, "Type": "Административные сооружения", "Caption": null, "Purpose": "Кафе, бар", "PostIndex": null, "Elevation": 1, "Entrances": null, "Apartments": null, "District": "Сарыарка", "DistrictId": "70030076297673516", "CreateDate": "2023-06-06", "UpdateDate": "2026-03-16", "HouseId": "70030076619386181", "City": "Астана", "CityId": "9570771978420226", "Okato": null, "Oktmo": null, "Street": "Биржан сал", "StreetId1": "9570887942537681", "Number": "7в", "Street2": null, "StreetId2": null, "Number2": null, "Street3": null, "StreetId3": null, "Number3": null, "Street4": null, "StreetId4": null, "Number4": null, "FIAS": null, "FIAS2": null, "FIAS3": null, "FIAS4": null, "GAR": null, "GAR2": null, "GAR3": null, "GAR4": null }, "geometry": { "type": "MultiPolygon", "coordinates": [ [ [ [ 71.408093078344578, 51.194144813906938 ], [ 71.408131346575672, 51.194132541392086 ], [ 71.408111853134002, 51.194108503016373 ], [ 71.408073584902908, 51.19412077553762 ], [ 71.408093078344578, 51.194144813906938 ] ] ] ] } },
{ "type": "Feature", "properties": { "Name": null, "Type": "Административные сооружения", "Caption": null, "Purpose": "Административное здание", "PostIndex": null, "Elevation": 1, "Entrances": null, "Apartments": null, "District": "Сарайшык", "DistrictId": "70030076987083136", "CreateDate": "2023-05-24", "UpdateDate": "2026-05-04", "HouseId": "70030076612016845", "City": "Астана", "CityId": "9570771978420226", "Okato": null, "Oktmo": null, "Street": "Ахмет Байтурсынулы", "StreetId1": "9570887942540595", "Number": "1/1а", "Street2": null, "StreetId2": null, "Number2": null, "Street3": null, "StreetId3": null, "Number3": null, "Street4": null, "StreetId4": null, "Number4": null, "FIAS": null, "FIAS2": null, "FIAS3": null, "FIAS4": null, "GAR": null, "GAR2": null, "GAR3": null, "GAR4": null }, "geometry": { "type": "MultiPolygon", "coordinates": [ [ [ [ 71.4576388493564, 51.12716207084231 ], [ 71.457634627274587, 51.127135235033847 ], [ 71.457563570535612, 51.127139688877087 ], [ 71.457567792617439, 51.127166468305234 ], [ 71.4576388493564, 51.12716207084231 ] ] ] ] } },
{ "type": "Feature", "properties": { "Name": null, "Type": "Административные сооружения", "Caption": null, "Purpose": "Декоративное сооружение", "PostIndex": null, "Elevation": 1, "Entrances": null, "Apartments": null, "District": "Сарайшык", "DistrictId": "70030076987083136", "CreateDate": "2023-05-16", "UpdateDate": "2026-05-04", "HouseId": "70030076607687329", "City": "Астана", "CityId": "9570771978420226", "Okato": null, "Oktmo": null, "Street": null, "StreetId1": null, "Number": null, "Street2": null, "StreetId2": null, "Number2": null, "Street3": null, "StreetId3": null, "Number3": null, "Street4": null, "StreetId4": null, "Number4": null, "FIAS": null, "FIAS2": null, "FIAS3": null, "FIAS4": null, "GAR": null, "GAR2": null, "GAR3": null, "GAR4": null }, "geometry": { "type": "MultiPolygon", "coordinates": [ [ [ [ 71.456896751100217, 51.127768014736255 ], [ 71.456866298212077, 51.127787013778935 ], [ 71.456997092917433, 51.127869944226838 ], [ 71.457027455974043, 51.127851001595168 ], [ 71.456896751100217, 51.127768014736255 ] ] ] ] } },
{ "type": "Feature", "properties": { "Name": null, "Type": "Административные сооружения", "Caption": null, "Purpose": "Декоративное сооружение", "PostIndex": null, "Elevation": 1, "Entrances": null, "Apartments": null, "District": "Сарайшык", "DistrictId": "70030076987083136", "CreateDate": "2023-05-16", "UpdateDate": "2026-05-04", "HouseId": "70030076607688241", "City": "Астана", "CityId": "9570771978420226", "Okato": null, "Oktmo": null, "Street": null, "StreetId1": null, "Number": null, "Street2": null, "StreetId2": null, "Number2": null, "Street3": null, "StreetId3": null, "Number3": null, "Street4": null, "StreetId4": null, "Number4": null, "FIAS": null, "FIAS2": null, "FIAS3": null, "FIAS4": null, "GAR": null, "GAR2": null, "GAR3": null, "GAR4": null }, "geometry": { "type": "MultiPolygon", "coordinates": [ [ [ [ 71.456807278897912, 51.127715865988428 ], [ 71.456768112351526, 51.127742081312263 ], [ 71.456840965721057, 51.127785153338898 ], [ 71.456880132267443, 51.127759050793514 ], [ 71.456807278897912, 51.127715865988428 ] ] ] ] } },
{ "type": "Feature", "properties": { "Name": null, "Type": "Административные сооружения", "Caption": null, "Purpose": "Декоративное сооружение", "PostIndex": null, "Elevation": 1, "Entrances": null, "Apartments": null, "District": "Сарайшык", "DistrictId": "70030076987083136", "CreateDate": "2023-05-16", "UpdateDate": "2026-05-04", "HouseId": "70030076607689461", "City": "Астана", "CityId": "9570771978420226", "Okato": null, "Oktmo": null, "Street": null, "StreetId1": null, "Number": null, "Street2": null, "StreetId2": null, "Number2": null, "Street3": null, "StreetId3": null, "Number3": null, "Street4": null, "StreetId4": null, "Number4": null, "FIAS": null, "FIAS2": null, "FIAS3": null, "FIAS4": null, "GAR": null, "GAR2": null, "GAR3": null, "GAR4": null }, "geometry": { "type": "MultiPolygon", "coordinates": [ [ [ [ 71.456694181003641, 51.127652667264854 ], [ 71.456664806093841, 51.127672342880302 ], [ 71.456748079920686, 51.127721616447829 ], [ 71.456777364998956, 51.127701940853377 ], [ 71.456694181003641, 51.127652667264854 ] ] ] ] } },
{ "type": "Feature", "properties": { "Name": null, "Type": "Административные сооружения", "Caption": null, "Purpose": "Государственное учреждение", "PostIndex": null, "Elevation": 1, "Entrances": null, "Apartments": null, "District": "Сарайшык", "DistrictId": "70030076987083136", "CreateDate": "2023-05-12", "UpdateDate": "2026-05-04", "HouseId": "70030076605502783", "City": "Астана", "CityId": "9570771978420226", "Okato": null, "Oktmo": null, "Street": "проспект Тауелсиздик", "StreetId1": "9570887942537473", "Number": "57а", "Street2": null, "StreetId2": null, "Number2": null, "Street3": null, "StreetId3": null, "Number3": null, "Street4": null, "StreetId4": null, "Number4": null, "FIAS": null, "FIAS2": null, "FIAS3": null, "FIAS4": null, "GAR": null, "GAR2": null, "GAR3": null, "GAR4": null }, "geometry": { "type": "MultiPolygon", "coordinates": [ [ [ [ 71.467413687457508, 51.122003671312008 ], [ 71.467455279455166, 51.121997299916309 ], [ 71.467435247024326, 51.121944862732533 ], [ 71.467393565195138, 51.121951177751363 ], [ 71.467413687457508, 51.122003671312008 ] ] ] ] } },
{ "type": "Feature", "properties": { "Name": null, "Type": "Административные сооружения", "Caption": null, "Purpose": "Торговый павильон", "PostIndex": null, "Elevation": 1, "Entrances": null, "Apartments": null, "District": "Алматы", "DistrictId": "9570759093518343", "CreateDate": "2021-11-01", "UpdateDate": "2026-05-20", "HouseId": "70030076321612549", "City": "Астана", "CityId": "9570771978420226", "Okato": null, "Oktmo": null, "Street": "проспект Тауелсиздик", "StreetId1": "9570887942537473", "Number": "43/3а", "Street2": null, "StreetId2": null, "Number2": null, "Street3": null, "StreetId3": null, "Number3": null, "Street4": null, "StreetId4": null, "Number4": null, "FIAS": null, "FIAS2": null, "FIAS3": null, "FIAS4": null, "GAR": null, "GAR2": null, "GAR3": null, "GAR4": null }, "geometry": { "type": "MultiPolygon", "coordinates": [ [ [ [ 71.466014561402503, 51.135000729273877 ], [ 71.465996505265281, 51.135025136682358 ], [ 71.466035402317075, 51.135036579412144 ], [ 71.466053458454297, 51.135012115641572 ], [ 71.466014561402503, 51.135000729273877 ] ] ] ] } },
{ "type": "Feature", "properties": { "Name": null, "Type": "Административные сооружения", "Caption": null, "Purpose": "Административное здание", "PostIndex": null, "Elevation": 1, "Entrances": null, "Apartments": null, "District": "Сарайшык", "DistrictId": "70030076987083136", "CreateDate": "2021-09-02", "UpdateDate": "2026-04-21", "HouseId": "70030076307859610", "City": "Астана", "CityId": "9570771978420226", "Okato": null, "Oktmo": null, "Street": "Шамши Калдаяков", "StreetId1": "9570887942538294", "Number": "11п", "Street2": null, "StreetId2": null, "Number2": null, "Street3": null, "StreetId3": null, "Number3": null, "Street4": null, "StreetId4": null, "Number4": null, "FIAS": null, "FIAS2": null, "FIAS3": null, "FIAS4": null, "GAR": null, "GAR2": null, "GAR3": null, "GAR4": null }, "geometry": { "type": "MultiPolygon", "coordinates": [ [ [ [ 71.461157819818894, 51.118785779102858 ], [ 71.461190249000651, 51.118809349262598 ], [ 71.461239117352093, 51.118834667435117 ], [ 71.461287446714394, 51.118852824334276 ], [ 71.461343052430493, 51.118866639361457 ], [ 71.461401353092427, 51.118874702824399 ], [ 71.461461091058823, 51.118876676399026 ], [ 71.461490825294732, 51.118875435866407 ], [ 71.461784843887216, 51.118986294240401 ], [ 71.461910069037827, 51.118966614924865 ], [ 71.461453365547371, 51.118794350071433 ], [ 71.461435848399347, 51.118792940372749 ], [ 71.461392729265697, 51.118782001109629 ], [ 71.461355089855289, 51.118764690002379 ], [ 71.461325535282455, 51.118742134804044 ], [ 71.461306041840785, 51.118715519655858 ], [ 71.461297507845572, 51.118686761745451 ], [ 71.461132307664826, 51.118762660034982 ], [ 71.461157819818894, 51.118785779102858 ] ] ], [ [ [ 71.463833182398062, 51.118206840328035 ], [ 71.464829414048154, 51.118053406521497 ], [ 71.464809561280376, 51.118000964861068 ], [ 71.463781798763804, 51.118155977726097 ], [ 71.463575904900694, 51.11837177687265 ], [ 71.463649387090953, 51.118399519987427 ], [ 71.463833182398062, 51.118206840328035 ] ] ], [ [ [ 71.46321828558608, 51.118761081171385 ], [ 71.463203643046953, 51.118724203413521 ], [ 71.462967835284886, 51.118761193947364 ], [ 71.463041407306648, 51.118788936828302 ], [ 71.46321828558608, 51.118761081171385 ] ] ], [ [ [ 71.465703295156544, 51.118384633440108 ], [ 71.465784952015881, 51.118594116041777 ], [ 71.465868136011196, 51.118581315920814 ], [ 71.465786479151859, 51.11837177687265 ], [ 71.465703295156544, 51.118384633440108 ] ] ] ] } },
{ "type": "Feature", "properties": { "Name": null, "Type": "Административные сооружения", "Caption": null, "Purpose": "Торговый павильон", "PostIndex": null, "Elevation": 1, "Entrances": null, "Apartments": null, "District": "Алматы", "DistrictId": "9570759093518343", "CreateDate": "2020-10-16", "UpdateDate": "2026-05-20", "HouseId": "70030076242253945", "City": "Астана", "CityId": "9570771978420226", "Okato": null, "Oktmo": null, "Street": "проспект Бауыржан Момышулы", "StreetId1": "9570887942540534", "Number": "2/5 киоск", "Street2": null, "StreetId2": null, "Number2": null, "Street3": null, "StreetId3": null, "Number3": null, "Street4": null, "StreetId4": null, "Number4": null, "FIAS": null, "FIAS2": null, "FIAS3": null, "FIAS4": null, "GAR": null, "GAR2": null, "GAR3": null, "GAR4": null }, "geometry": { "type": "MultiPolygon", "coordinates": [ [ [ [ 71.46589382782831, 51.135716035731626 ], [ 71.465911524639409, 51.135691459586404 ], [ 71.46587253775607, 51.135680411590251 ], [ 71.465854930776501, 51.135704987741349 ], [ 71.46589382782831, 51.135716035731626 ] ] ] ] } },
{ "type": "Feature", "properties": { "Name": null, "Type": "Административные сооружения", "Caption": null, "Purpose": "Административное здание", "PostIndex": null, "Elevation": 4, "Entrances": null, "Apartments": null, "District": "Алматы", "DistrictId": "9570759093518343", "CreateDate": "2020-04-24", "UpdateDate": "2026-05-20", "HouseId": "70030076206477511", "City": "Астана", "CityId": "9570771978420226", "Okato": null, "Oktmo": null, "Street": "проспект Бауыржан Момышулы", "StreetId1": "9570887942540534", "Number": "2/11", "Street2": null, "StreetId2": null, "Number2": null, "Street3": null, "StreetId3": null, "Number3": null, "Street4": null, "StreetId4": null, "Number4": null, "FIAS": null, "FIAS2": null, "FIAS3": null, "FIAS4": null, "GAR": null, "GAR2": null, "GAR3": null, "GAR4": null }, "geometry": { "type": "MultiPolygon", "coordinates": [ [ [ [ 71.464615525178999, 51.135679284243551 ], [ 71.464721526382533, 51.135533743554134 ], [ 71.464147592747508, 51.1353681918714 ], [ 71.464059108692027, 51.135489607770296 ], [ 71.464154958932824, 51.135517227869848 ], [ 71.464137262121753, 51.135541296800284 ], [ 71.464615525178999, 51.135679284243551 ] ] ] ] } },
{ "type": "Feature", "properties": { "Name": null, "Type": "Административные сооружения", "Caption": null, "Purpose": "Административное здание", "PostIndex": null, "Elevation": 3, "Entrances": null, "Apartments": null, "District": "Алматы", "DistrictId": "9570759093518343", "CreateDate": "2020-04-27", "UpdateDate": "2026-04-15", "HouseId": "70030076206661781", "City": "Астана", "CityId": "9570771978420226", "Okato": null, "Oktmo": null, "Street": "А351", "StreetId1": "70030076321254445", "Number": "7", "Street2": null, "StreetId2": null, "Number2": null, "Street3": null, "StreetId3": null, "Number3": null, "Street4": null, "StreetId4": null, "Number4": null, "FIAS": null, "FIAS2": null, "FIAS3": null, "FIAS4": null, "GAR": null, "GAR2": null, "GAR3": null, "GAR4": null }, "geometry": { "type": "MultiPolygon", "coordinates": [ [ [ [ 71.462197979086397, 51.133430961966233 ], [ 71.462306675235766, 51.133239190555543 ], [ 71.462004841300299, 51.133171489758567 ], [ 71.461896773971617, 51.133362134047147 ], [ 71.462197979086397, 51.133430961966233 ] ] ] ] } },
{ "type": "Feature", "properties": { "Name": null, "Type": "Административные сооружения", "Caption": null, "Purpose": "Гостиница", "PostIndex": "010004", "Elevation": 5, "Entrances": null, "Apartments": null, "District": "Алматы", "DistrictId": "9570759093518343", "CreateDate": "2019-01-22", "UpdateDate": "2026-04-01", "HouseId": "70030076172881065", "City": null, "CityId": null, "Okato": null, "Oktmo": null, "Street": "переулок Аркат", "StreetId1": "9570887942540613", "Number": "1", "Street2": null, "StreetId2": null, "Number2": null, "Street3": null, "StreetId3": null, "Number3": null, "Street4": null, "StreetId4": null, "Number4": null, "FIAS": null, "FIAS2": null, "FIAS3": null, "FIAS4": null, "GAR": null, "GAR2": null, "GAR3": null, "GAR4": null }, "geometry": { "type": "MultiPolygon", "coordinates": [ [ [ [ 71.466065495879093, 51.132630781746386 ], [ 71.466164220728814, 51.132501128133491 ], [ 71.465880712425147, 51.132415725663535 ], [ 71.465936228309715, 51.132342668375763 ], [ 71.465730154783543, 51.132280547041688 ], [ 71.465575914049253, 51.13248325845484 ], [ 71.466065495879093, 51.132630781746386 ] ] ] ] } },
{ "type": "Feature", "properties": { "Name": null, "Type": "Административные сооружения", "Caption": null, "Purpose": "Административное здание", "PostIndex": null, "Elevation": 1, "Entrances": null, "Apartments": null, "District": "Сарайшык", "DistrictId": "70030076987083136", "CreateDate": "2016-07-18", "UpdateDate": "2026-05-04", "HouseId": "9570784905525693", "City": "Астана", "CityId": "9570771978420226", "Okato": null, "Oktmo": null, "Street": "Ахмет Байтурсынулы", "StreetId1": "9570887942540595", "Number": "1Б", "Street2": null, "StreetId2": null, "Number2": null, "Street3": null, "StreetId3": null, "Number3": null, "Street4": null, "StreetId4": null, "Number4": null, "FIAS": null, "FIAS2": null, "FIAS3": null, "FIAS4": null, "GAR": null, "GAR2": null, "GAR3": null, "GAR4": null }, "geometry": { "type": "MultiPolygon", "coordinates": [ [ [ [ 71.45793080182375, 51.127828901848389 ], [ 71.457893521739479, 51.127815596893697 ], [ 71.457858128117266, 51.127854666092965 ], [ 71.457895408201566, 51.127868027413264 ], [ 71.45793080182375, 51.127828901848389 ] ] ] ] } },
{ "type": "Feature", "properties": { "Name": null, "Type": "Административные сооружения", "Caption": null, "Purpose": "Административное здание", "PostIndex": null, "Elevation": 2, "Entrances": null, "Apartments": null, "District": "Алматы", "DistrictId": "9570759093518343", "CreateDate": "2016-04-29", "UpdateDate": "2026-03-05", "HouseId": "9570784897541398", "City": "Астана", "CityId": "9570771978420226", "Okato": null, "Oktmo": null, "Street": "переулок Тарлан", "StreetId1": "9570887942540614", "Number": "2/1", "Street2": null, "StreetId2": null, "Number2": null, "Street3": null, "StreetId3": null, "Number3": null, "Street4": null, "StreetId4": null, "Number4": null, "FIAS": null, "FIAS2": null, "FIAS3": null, "FIAS4": null, "GAR": null, "GAR2": null, "GAR3": null, "GAR4": null }, "geometry": { "type": "MultiPolygon", "coordinates": [ [ [ [ 71.464670951232037, 51.1307900045664 ], [ 71.464779827044453, 51.130637119912961 ], [ 71.464622442206689, 51.130592753954538 ], [ 71.464513566394245, 51.13074563875486 ], [ 71.464670951232037, 51.1307900045664 ] ] ] ] } },
{ "type": "Feature", "properties": { "Name": null, "Type": "Административные сооружения", "Caption": null, "Purpose": "Государственное учреждение", "PostIndex": null, "Elevation": 25, "Entrances": null, "Apartments": null, "District": "Есиль", "DistrictId": "9570759093518340", "CreateDate": "2015-12-28", "UpdateDate": "2023-08-02", "HouseId": "9570784863380638", "City": "Астана", "CityId": "9570771978420226", "Okato": null, "Oktmo": null, "Street": "проспект Мангилик Ел", "StreetId1": "9570887942538656", "Number": "10", "Street2": null, "StreetId2": null, "Number2": null, "Street3": null, "StreetId3": null, "Number3": null, "Street4": null, "StreetId4": null, "Number4": null, "FIAS": null, "FIAS2": null, "FIAS3": null, "FIAS4": null, "GAR": null, "GAR2": null, "GAR3": null, "GAR4": null }, "geometry": { "type": "MultiPolygon", "coordinates": [ [ [ [ 71.438912658775209, 51.126400570532141 ], [ 71.43896206611582, 51.12643462323144 ], [ 71.439009676825876, 51.126452720765059 ], [ 71.439024588859596, 51.126458471381731 ], [ 71.439095286272462, 51.126470367262954 ], [ 71.439168409136585, 51.126469239691417 ], [ 71.439238118402642, 51.126455145044723 ], [ 71.439298664852771, 51.126429323640821 ], [ 71.439345197584487, 51.126393692334865 ], [ 71.439351575623007, 51.126384164338589 ], [ 71.439373853842056, 51.126351351933998 ], [ 71.439382477668786, 51.126305628767753 ], [ 71.439370170749399, 51.126260187450427 ], [ 71.439338100893735, 51.126218861747091 ], [ 71.439288783384654, 51.126184752509801 ], [ 71.439226170809349, 51.126160904218182 ], [ 71.439155473396497, 51.126148951878264 ], [ 71.43908235053236, 51.12615013583661 ], [ 71.439012641266302, 51.126164286955337 ], [ 71.438952184647704, 51.126190052128479 ], [ 71.438905562084443, 51.126225683591528 ], [ 71.438876905826888, 51.126268024107603 ], [ 71.438868371831688, 51.126313803689811 ], [ 71.438880588919545, 51.126359244954415 ], [ 71.438912658775209, 51.126400570532141 ] ] ] ] } },
{ "type": "Feature", "properties": { "Name": null, "Type": "Административные сооружения", "Caption": null, "Purpose": "Административное здание", "PostIndex": null, "Elevation": 4, "Entrances": null, "Apartments": null, "District": "Алматы", "DistrictId": "9570759093518343", "CreateDate": "2015-07-27", "UpdateDate": "2026-05-20", "HouseId": "9570784863380452", "City": "Астана", "CityId": "9570771978420226", "Okato": null, "Oktmo": null, "Street": "проспект Бауыржан Момышулы", "StreetId1": "9570887942540534", "Number": "2д", "Street2": null, "StreetId2": null, "Number2": null, "Street3": null, "StreetId3": null, "Number3": null, "Street4": null, "StreetId4": null, "Number4": null, "FIAS": null, "FIAS2": null, "FIAS3": null, "FIAS4": null, "GAR": null, "GAR2": null, "GAR3": null, "GAR4": null }, "geometry": { "type": "MultiPolygon", "coordinates": [ [ [ [ 71.463161871386234, 51.135105968515745 ], [ 71.462875488473671, 51.135024403896608 ], [ 71.462734183479469, 51.135220902796682 ], [ 71.463020566392046, 51.135302467068712 ], [ 71.463161871386234, 51.135105968515745 ] ] ] ] } },
{ "type": "Feature", "properties": { "Name": null, "Type": "Административные сооружения", "Caption": null, "Purpose": "Ресторан", "PostIndex": null, "Elevation": 2, "Entrances": null, "Apartments": null, "District": "Алматы", "DistrictId": "9570759093518343", "CreateDate": "2014-12-10", "UpdateDate": "2026-05-20", "HouseId": "9570784863369205", "City": "Астана", "CityId": "9570771978420226", "Okato": null, "Oktmo": null, "Street": "проспект Бауыржан Момышулы", "StreetId1": "9570887942540534", "Number": "2/4", "Street2": null, "StreetId2": null, "Number2": null, "Street3": null, "StreetId3": null, "Number3": null, "Street4": null, "StreetId4": null, "Number4": null, "FIAS": null, "FIAS2": null, "FIAS3": null, "FIAS4": null, "GAR": null, "GAR2": null, "GAR3": null, "GAR4": null }, "geometry": { "type": "MultiPolygon", "coordinates": [ [ [ [ 71.463359141422629, 51.13542512322865 ], [ 71.463389863805347, 51.135448628530916 ], [ 71.463427233721177, 51.135467962619494 ], [ 71.463470083360235, 51.135482449088727 ], [ 71.463516705923467, 51.135491129694572 ], [ 71.463564945454237, 51.13549411717544 ], [ 71.463613184984979, 51.135491129694572 ], [ 71.463659807548225, 51.135482449088727 ], [ 71.463702657187284, 51.135467962619494 ], [ 71.4637400271031, 51.135448628530916 ], [ 71.463770749485818, 51.13542512322865 ], [ 71.463793746357084, 51.135398179486145 ], [ 71.463807580412464, 51.135368811916273 ], [ 71.463812341483475, 51.135338486075945 ], [ 71.463807580412464, 51.135308103847905 ], [ 71.463793746357084, 51.135278792588558 ], [ 71.463770749485818, 51.135251848760674 ], [ 71.463742632217418, 51.135229696187473 ], [ 71.463702657187284, 51.135209009169309 ], [ 71.463659807548225, 51.135194522614292 ], [ 71.463613184984979, 51.135185841952683 ], [ 71.463564945454237, 51.135182854451891 ], [ 71.463516705923467, 51.135185841952683 ], [ 71.463466400267563, 51.135195762708669 ], [ 71.463427233721177, 51.135209009169309 ], [ 71.463389863805347, 51.135228343358229 ], [ 71.463359141422629, 51.135251848760674 ], [ 71.463336144551363, 51.135278792588558 ], [ 71.463322310495997, 51.135308103847905 ], [ 71.463317549424971, 51.135338486075945 ], [ 71.463322310495997, 51.135368811916273 ], [ 71.463336144551363, 51.135398179486145 ], [ 71.463359141422629, 51.13542512322865 ] ] ] ] } },
{ "type": "Feature", "properties": { "Name": null, "Type": "Административные сооружения", "Caption": null, "Purpose": "Административное здание", "PostIndex": null, "Elevation": 2, "Entrances": null, "Apartments": null, "District": "Алматы", "DistrictId": "9570759093518343", "CreateDate": "2014-12-09", "UpdateDate": "2026-06-16", "HouseId": "9570784863367259", "City": "Астана", "CityId": "9570771978420226", "Okato": null, "Oktmo": null, "Street": "Акыртас", "StreetId1": "9570887942537761", "Number": "6/1", "Street2": null, "StreetId2": null, "Number2": null, "Street3": null, "StreetId3": null, "Number3": null, "Street4": null, "StreetId4": null, "Number4": null, "FIAS": null, "FIAS2": null, "FIAS3": null, "FIAS4": null, "GAR": null, "GAR2": null, "GAR3": null, "GAR4": null }, "geometry": { "type": "MultiPolygon", "coordinates": [ [ [ [ 71.46938117759278, 51.130099313681121 ], [ 71.468990051118098, 51.129989045717764 ], [ 71.468721454848122, 51.130366357243851 ], [ 71.468569459902056, 51.130579618916741 ], [ 71.468960586376767, 51.130689941843436 ], [ 71.46938117759278, 51.130099313681121 ] ] ] ] } },
{ "type": "Feature", "properties": { "Name": null, "Type": "Административные сооружения", "Caption": null, "Purpose": "Магазин", "PostIndex": null, "Elevation": 1, "Entrances": null, "Apartments": null, "District": "Алматы", "DistrictId": "9570759093518343", "CreateDate": "2014-12-08", "UpdateDate": "2026-03-05", "HouseId": "9570784863355763", "City": "Астана", "CityId": "9570771978420226", "Okato": null, "Oktmo": null, "Street": "Акыртас", "StreetId1": "9570887942537761", "Number": "7/1", "Street2": null, "StreetId2": null, "Number2": null, "Street3": null, "StreetId3": null, "Number3": null, "Street4": null, "StreetId4": null, "Number4": null, "FIAS": null, "FIAS2": null, "FIAS3": null, "FIAS4": null, "GAR": null, "GAR2": null, "GAR3": null, "GAR4": null }, "geometry": { "type": "MultiPolygon", "coordinates": [ [ [ [ 71.466995072535099, 51.130679061770913 ], [ 71.467086341367974, 51.130704768052126 ], [ 71.467115536614713, 51.130663784566309 ], [ 71.467024267781852, 51.13063807826228 ], [ 71.466995072535099, 51.130679061770913 ] ] ] ] } },
{ "type": "Feature", "properties": { "Name": null, "Type": "Административные сооружения", "Caption": null, "Purpose": "Административное здание", "PostIndex": null, "Elevation": 1, "Entrances": null, "Apartments": null, "District": "Алматы", "DistrictId": "9570759093518343", "CreateDate": "2014-12-08", "UpdateDate": "2026-06-16", "HouseId": "9570784863355834", "City": "Астана", "CityId": "9570771978420226", "Okato": null, "Oktmo": null, "Street": "Акыртас", "StreetId1": "9570887942537761", "Number": "6", "Street2": null, "StreetId2": null, "Number2": null, "Street3": null, "StreetId3": null, "Number3": null, "Street4": null, "StreetId4": null, "Number4": null, "FIAS": null, "FIAS2": null, "FIAS3": null, "FIAS4": null, "GAR": null, "GAR2": null, "GAR3": null, "GAR4": null }, "geometry": { "type": "MultiPolygon", "coordinates": [ [ [ [ 71.468550685112618, 51.130506107734959 ], [ 71.467846675424454, 51.130307559310999 ], [ 71.467800052861207, 51.130373178475701 ], [ 71.46850388288631, 51.130571726617546 ], [ 71.468550685112618, 51.130506107734959 ] ] ] ] } },
{ "type": "Feature", "properties": { "Name": null, "Type": "Административные сооружения", "Caption": null, "Purpose": "Административное здание", "PostIndex": null, "Elevation": 1, "Entrances": null, "Apartments": null, "District": "Алматы", "DistrictId": "9570759093518343", "CreateDate": "2014-12-08", "UpdateDate": "2026-06-16", "HouseId": "9570784863355862", "City": "Астана", "CityId": "9570771978420226", "Okato": null, "Oktmo": null, "Street": "Акыртас", "StreetId1": "9570887942537761", "Number": "6/2", "Street2": null, "StreetId2": null, "Number2": null, "Street3": null, "StreetId3": null, "Number3": null, "Street4": null, "StreetId4": null, "Number4": null, "FIAS": null, "FIAS2": null, "FIAS3": null, "FIAS4": null, "GAR": null, "GAR2": null, "GAR3": null, "GAR4": null }, "geometry": { "type": "MultiPolygon", "coordinates": [ [ [ [ 71.468546912188415, 51.129864120140546 ], [ 71.468278136255407, 51.130241432687278 ], [ 71.468721454848122, 51.130366357243851 ], [ 71.468990051118098, 51.129989045717764 ], [ 71.468546912188415, 51.129864120140546 ] ] ] ] } },
{ "type": "Feature", "properties": { "Name": null, "Type": "Административные сооружения", "Caption": null, "Purpose": "Административное здание", "PostIndex": null, "Elevation": 1, "Entrances": null, "Apartments": null, "District": "Алматы", "DistrictId": "9570759093518343", "CreateDate": "2014-12-08", "UpdateDate": "2026-06-16", "HouseId": "9570784863355863", "City": "Астана", "CityId": "9570771978420226", "Okato": null, "Oktmo": null, "Street": "Акыртас", "StreetId1": "9570887942537761", "Number": "6/3", "Street2": null, "StreetId2": null, "Number2": null, "Street3": null, "StreetId3": null, "Number3": null, "Street4": null, "StreetId4": null, "Number4": null, "FIAS": null, "FIAS2": null, "FIAS3": null, "FIAS4": null, "GAR": null, "GAR2": null, "GAR3": null, "GAR4": null }, "geometry": { "type": "MultiPolygon", "coordinates": [ [ [ [ 71.468203576086836, 51.130018134837961 ], [ 71.468047179395882, 51.129973993782102 ], [ 71.467895274281318, 51.130187313640903 ], [ 71.468051760803831, 51.130231398118895 ], [ 71.468203576086836, 51.130018134837961 ] ] ] ] } },
{ "type": "Feature", "properties": { "Name": null, "Type": "Административные сооружения", "Caption": null, "Purpose": "Административное здание", "PostIndex": null, "Elevation": 1, "Entrances": null, "Apartments": null, "District": "Алматы", "DistrictId": "9570759093518343", "CreateDate": "2014-12-08", "UpdateDate": "2026-06-16", "HouseId": "9570784863355883", "City": "Астана", "CityId": "9570771978420226", "Okato": null, "Oktmo": null, "Street": "Акыртас", "StreetId1": "9570887942537761", "Number": "6/6", "Street2": null, "StreetId2": null, "Number2": null, "Street3": null, "StreetId3": null, "Number3": null, "Street4": null, "StreetId4": null, "Number4": null, "FIAS": null, "FIAS2": null, "FIAS3": null, "FIAS4": null, "GAR": null, "GAR2": null, "GAR3": null, "GAR4": null }, "geometry": { "type": "MultiPolygon", "coordinates": [ [ [ [ 71.469471188784254, 51.129795005032506 ], [ 71.4695538337904, 51.12967892975292 ], [ 71.469293052863421, 51.129605473512179 ], [ 71.469176182044933, 51.12976946736854 ], [ 71.469436962971926, 51.129843036097334 ], [ 71.469471188784254, 51.129795005032506 ] ] ] ] } },
{ "type": "Feature", "properties": { "Name": null, "Type": "Административные сооружения", "Caption": null, "Purpose": "Магазин", "PostIndex": null, "Elevation": 1, "Entrances": null, "Apartments": null, "District": "Алматы", "DistrictId": "9570759093518343", "CreateDate": "2014-12-08", "UpdateDate": "2026-03-05", "HouseId": "9570784863356097", "City": "Астана", "CityId": "9570771978420226", "Okato": null, "Oktmo": null, "Street": "Шертер", "StreetId1": "9570887942540612", "Number": "14/1", "Street2": null, "StreetId2": null, "Number2": null, "Street3": null, "StreetId3": null, "Number3": null, "Street4": null, "StreetId4": null, "Number4": null, "FIAS": null, "FIAS2": null, "FIAS3": null, "FIAS4": null, "GAR": null, "GAR2": null, "GAR3": null, "GAR4": null }, "geometry": { "type": "MultiPolygon", "coordinates": [ [ [ [ 71.466653982221729, 51.132354224513072 ], [ 71.466596130717434, 51.132335621949146 ], [ 71.466524894315413, 51.132315835577458 ], [ 71.466494351595742, 51.132356479368816 ], [ 71.466623619165134, 51.132394868270637 ], [ 71.466653982221729, 51.132354224513072 ] ] ] ] } },
{ "type": "Feature", "properties": { "Name": null, "Type": "Административные сооружения", "Caption": null, "Purpose": "Административное здание", "PostIndex": null, "Elevation": 3, "Entrances": null, "Apartments": null, "District": "Алматы", "DistrictId": "9570759093518343", "CreateDate": "2014-12-08", "UpdateDate": "2026-03-05", "HouseId": "9570784863356126", "City": "Астана", "CityId": "9570771978420226", "Okato": null, "Oktmo": null, "Street": "Шертер", "StreetId1": "9570887942540612", "Number": "18", "Street2": null, "StreetId2": null, "Number2": null, "Street3": null, "StreetId3": null, "Number3": null, "Street4": null, "StreetId4": null, "Number4": null, "FIAS": null, "FIAS2": null, "FIAS3": null, "FIAS4": null, "GAR": null, "GAR2": null, "GAR3": null, "GAR4": null }, "geometry": { "type": "MultiPolygon", "coordinates": [ [ [ [ 71.467564963751357, 51.1326312890859 ], [ 71.467654076627554, 51.132508738246905 ], [ 71.467316399912249, 51.132411385071734 ], [ 71.467227197204522, 51.13253399254026 ], [ 71.467564963751357, 51.1326312890859 ] ] ] ] } },
{ "type": "Feature", "properties": { "Name": null, "Type": "Административные сооружения", "Caption": null, "Purpose": "Государственное учреждение", "PostIndex": null, "Elevation": 3, "Entrances": null, "Apartments": null, "District": "Есиль", "DistrictId": "9570759093518340", "CreateDate": "2014-12-04", "UpdateDate": "2024-09-16", "HouseId": "9570784863337313", "City": "Астана", "CityId": "9570771978420226", "Okato": null, "Oktmo": null, "Street": "Динмухамед Конаев", "StreetId1": "9570887942538277", "Number": "39", "Street2": null, "StreetId2": null, "Number2": null, "Street3": null, "StreetId3": null, "Number3": null, "Street4": null, "StreetId4": null, "Number4": null, "FIAS": null, "FIAS2": null, "FIAS3": null, "FIAS4": null, "GAR": null, "GAR2": null, "GAR3": null, "GAR4": null }, "geometry": { "type": "MultiPolygon", "coordinates": [ [ [ [ 71.443282962632438, 51.1291644517378 ], [ 71.443701487723303, 51.130229030411421 ], [ 71.444561355113265, 51.130095254742358 ], [ 71.444142740190856, 51.129030616609533 ], [ 71.443282962632438, 51.1291644517378 ] ] ] ] } },
{ "type": "Feature", "properties": { "Name": null, "Type": "Административные сооружения", "Caption": null, "Purpose": "Ресторан", "PostIndex": null, "Elevation": 2, "Entrances": null, "Apartments": null, "District": "Алматы", "DistrictId": "9570759093518343", "CreateDate": "2014-12-04", "UpdateDate": "2026-06-16", "HouseId": "9570784863337323", "City": "Астана", "CityId": "9570771978420226", "Okato": null, "Oktmo": null, "Street": "проспект Ракымжан Кошкарбаев", "StreetId1": "9570887942538806", "Number": "1/1", "Street2": null, "StreetId2": null, "Number2": null, "Street3": null, "StreetId3": null, "Number3": null, "Street4": null, "StreetId4": null, "Number4": null, "FIAS": null, "FIAS2": null, "FIAS3": null, "FIAS4": null, "GAR": null, "GAR2": null, "GAR3": null, "GAR4": null }, "geometry": { "type": "MultiPolygon", "coordinates": [ [ [ [ 71.465530638958938, 51.12887834626364 ], [ 71.465641670728047, 51.128860869812712 ], [ 71.465662421811118, 51.128913186394485 ], [ 71.465828699970203, 51.128887253613506 ], [ 71.465739048104851, 51.128660397534773 ], [ 71.465323128128304, 51.128725455281653 ], [ 71.4653920289106, 51.128900050878983 ], [ 71.465530638958938, 51.12887834626364 ] ] ] ] } },
{ "type": "Feature", "properties": { "Name": null, "Type": "Административные сооружения", "Caption": null, "Purpose": "Государственное учреждение", "PostIndex": null, "Elevation": 5, "Entrances": null, "Apartments": null, "District": "Алматы", "DistrictId": "9570759093518343", "CreateDate": "2014-12-04", "UpdateDate": "2026-06-16", "HouseId": "9570784863337398", "City": "Астана", "CityId": "9570771978420226", "Okato": null, "Oktmo": null, "Street": "проспект Ракымжан Кошкарбаев", "StreetId1": "9570887942538806", "Number": "3", "Street2": null, "StreetId2": null, "Number2": null, "Street3": null, "StreetId3": null, "Number3": null, "Street4": null, "StreetId4": null, "Number4": null, "FIAS": null, "FIAS2": null, "FIAS3": null, "FIAS4": null, "GAR": null, "GAR2": null, "GAR3": null, "GAR4": null }, "geometry": { "type": "MultiPolygon", "coordinates": [ [ [ [ 71.469817938483928, 51.128975143131804 ], [ 71.469734664657082, 51.128988335001466 ], [ 71.469651660324843, 51.129001695993786 ], [ 71.469588418928836, 51.128845028249863 ], [ 71.468979271334675, 51.128942332567888 ], [ 71.469035416039944, 51.129081410863527 ], [ 71.469060029878719, 51.129142634496091 ], [ 71.469070719830597, 51.129168849010078 ], [ 71.469555360926364, 51.129091502057172 ], [ 71.469583568026295, 51.129161181970957 ], [ 71.46987426285223, 51.129114672331418 ], [ 71.469863662731882, 51.129088457786693 ], [ 71.469822160565769, 51.129095053705804 ], [ 71.469804553586172, 51.129051531897353 ], [ 71.469846055752328, 51.129044879596599 ], [ 71.469817938483928, 51.128975143131804 ] ] ], [ [ [ 71.469804553586172, 51.129051531897353 ], [ 71.469822160565769, 51.129095053705804 ], [ 71.469863662731882, 51.129088457786693 ], [ 71.46987426285223, 51.129114672331418 ], [ 71.469583568026295, 51.129161181970957 ], [ 71.469098657435936, 51.129238472431972 ], [ 71.469070719830597, 51.129168849010078 ], [ 71.469060029878719, 51.129142634496091 ], [ 71.468908034932639, 51.129167045000983 ], [ 71.468971276328645, 51.129323880777832 ], [ 71.469968226630954, 51.1291644517378 ], [ 71.469915226029201, 51.129033830010158 ], [ 71.469846055752328, 51.129044879596599 ], [ 71.469804553586172, 51.129051531897353 ] ] ], [ [ [ 71.469344975486834, 51.128790682064121 ], [ 71.469303563152238, 51.128797503528695 ], [ 71.469314073441055, 51.12882360548717 ], [ 71.469147974945031, 51.128850158436272 ], [ 71.469137464656214, 51.128824056492817 ], [ 71.468901926388725, 51.12886165907193 ], [ 71.46879125394571, 51.128879473776365 ], [ 71.468882792273163, 51.129105990526874 ], [ 71.469035416039944, 51.129081410863527 ], [ 71.468979271334675, 51.128942332567888 ], [ 71.469588418928836, 51.128845028249863 ], [ 71.469651660324843, 51.129001695993786 ], [ 71.469734664657082, 51.128988335001466 ], [ 71.469635939807375, 51.128744397554669 ], [ 71.469344975486834, 51.128790682064121 ] ] ], [ [ [ 71.469070719830597, 51.129168849010078 ], [ 71.469098657435936, 51.129238472431972 ], [ 71.469583568026295, 51.129161181970957 ], [ 71.469555360926364, 51.129091502057172 ], [ 71.469070719830597, 51.129168849010078 ] ] ], [ [ [ 71.469137464656214, 51.128824056492817 ], [ 71.469147974945031, 51.128850158436272 ], [ 71.469314073441055, 51.12882360548717 ], [ 71.469303563152238, 51.128797503528695 ], [ 71.469344975486834, 51.128790682064121 ], [ 71.469316768386904, 51.128720945215498 ], [ 71.469081499613992, 51.128758604254344 ], [ 71.469092099734368, 51.128784762610564 ], [ 71.468884319409142, 51.128818137043538 ], [ 71.468901926388725, 51.12886165907193 ], [ 71.469137464656214, 51.128824056492817 ] ] ] ] } },
{ "type": "Feature", "properties": { "Name": null, "Type": "Административные сооружения", "Caption": null, "Purpose": "Административное здание", "PostIndex": null, "Elevation": 2, "Entrances": null, "Apartments": null, "District": "Алматы", "DistrictId": "9570759093518343", "CreateDate": "2014-12-04", "UpdateDate": "2026-06-16", "HouseId": "9570784863337595", "City": "Астана", "CityId": "9570771978420226", "Okato": null, "Oktmo": null, "Street": "Акыртас", "StreetId1": "9570887942537761", "Number": "6/4", "Street2": null, "StreetId2": null, "Number2": null, "Street3": null, "StreetId3": null, "Number3": null, "Street4": null, "StreetId4": null, "Number4": null, "FIAS": null, "FIAS2": null, "FIAS3": null, "FIAS4": null, "GAR": null, "GAR2": null, "GAR3": null, "GAR4": null }, "geometry": { "type": "MultiPolygon", "coordinates": [ [ [ [ 71.467142036915604, 51.12968400347205 ], [ 71.466989502980354, 51.129707793569935 ], [ 71.467006660802269, 51.129751483883666 ], [ 71.467048252799913, 51.129744888058305 ], [ 71.46713053847995, 51.129954262772856 ], [ 71.46714787596494, 51.129997952853408 ], [ 71.467258907734049, 51.129980645949026 ], [ 71.467142036915604, 51.12968400347205 ] ] ], [ [ [ 71.467006660802269, 51.129751483883666 ], [ 71.466937221030818, 51.129762138676483 ], [ 71.467020045700011, 51.129971626061433 ], [ 71.46713053847995, 51.129954262772856 ], [ 71.467048252799913, 51.129744888058305 ], [ 71.467006660802269, 51.129751483883666 ] ] ] ] } },
{ "type": "Feature", "properties": { "Name": null, "Type": "Административные сооружения", "Caption": null, "Purpose": "Административное здание", "PostIndex": null, "Elevation": 2, "Entrances": null, "Apartments": null, "District": "Алматы", "DistrictId": "9570759093518343", "CreateDate": "2014-12-04", "UpdateDate": "2026-06-16", "HouseId": "9570784863337567", "City": "Астана", "CityId": "9570771978420226", "Okato": null, "Oktmo": null, "Street": "Акыртас", "StreetId1": "9570887942537761", "Number": "6/5", "Street2": null, "StreetId2": null, "Number2": null, "Street3": null, "StreetId3": null, "Number3": null, "Street4": null, "StreetId4": null, "Number4": null, "FIAS": null, "FIAS2": null, "FIAS3": null, "FIAS4": null, "GAR": null, "GAR2": null, "GAR3": null, "GAR4": null }, "geometry": { "type": "MultiPolygon", "coordinates": [ [ [ [ 71.467020315194603, 51.129374223709036 ], [ 71.466968572234208, 51.129243264323541 ], [ 71.467038101837218, 51.12923255303582 ], [ 71.467010613389533, 51.12916270410382 ], [ 71.466940993955021, 51.129173471783048 ], [ 71.466910091909241, 51.129095053705804 ], [ 71.466951324580762, 51.129088570537448 ], [ 71.466910002077711, 51.128983824960969 ], [ 71.466743634087067, 51.129009870438672 ], [ 71.466784956590146, 51.129114615956077 ], [ 71.466743723918611, 51.129121042745432 ], [ 71.466853947203973, 51.12940021259157 ], [ 71.467020315194603, 51.129374223709036 ] ] ] ] } },
{ "type": "Feature", "properties": { "Name": null, "Type": "Административные сооружения", "Caption": null, "Purpose": "Государственное учреждение", "PostIndex": null, "Elevation": 3, "Entrances": null, "Apartments": null, "District": "Сарыарка", "DistrictId": "70030076297673516", "CreateDate": "2014-12-05", "UpdateDate": "2026-03-16", "HouseId": "9570784863349364", "City": "Астана", "CityId": "9570771978420226", "Okato": null, "Oktmo": null, "Street": "Карасай батыра", "StreetId1": "9570887942537724", "Number": "2а", "Street2": null, "StreetId2": null, "Number2": null, "Street3": null, "StreetId3": null, "Number3": null, "Street4": null, "StreetId4": null, "Number4": null, "FIAS": null, "FIAS2": null, "FIAS3": null, "FIAS4": null, "GAR": null, "GAR2": null, "GAR3": null, "GAR4": null }, "geometry": { "type": "MultiPolygon", "coordinates": [ [ [ [ 71.403531253668746, 51.195561535555591 ], [ 71.40404212557084, 51.195399464265201 ], [ 71.403945377014722, 51.195279106682399 ], [ 71.403434505112642, 51.195441065807479 ], [ 71.403531253668746, 51.195561535555591 ] ] ], [ [ [ 71.404192503549396, 51.195700863492974 ], [ 71.404050569734508, 51.195524381367804 ], [ 71.403769666545159, 51.195613551368155 ], [ 71.403911600360047, 51.195790033151773 ], [ 71.404192503549396, 51.195700863492974 ] ] ] ] } },
{ "type": "Feature", "properties": { "Name": null, "Type": "Административные сооружения", "Caption": null, "Purpose": "Административное здание", "PostIndex": null, "Elevation": 1, "Entrances": null, "Apartments": null, "District": "Сарыарка", "DistrictId": "70030076297673516", "CreateDate": "2014-12-05", "UpdateDate": "2026-03-16", "HouseId": "9570784863349383", "City": "Астана", "CityId": "9570771978420226", "Okato": null, "Oktmo": null, "Street": "Карасай батыра", "StreetId1": "9570887942537724", "Number": "2 к3", "Street2": null, "StreetId2": null, "Number2": null, "Street3": null, "StreetId3": null, "Number3": null, "Street4": null, "StreetId4": null, "Number4": null, "FIAS": null, "FIAS2": null, "FIAS3": null, "FIAS4": null, "GAR": null, "GAR2": null, "GAR3": null, "GAR4": null }, "geometry": { "type": "MultiPolygon", "coordinates": [ [ [ [ 71.402483728215927, 51.19582296508441 ], [ 71.402866859684607, 51.195701257551185 ], [ 71.402834610165925, 51.195661176184018 ], [ 71.402815116724256, 51.195637138605825 ], [ 71.402559905352035, 51.195718314639272 ], [ 71.402432164918636, 51.195758790014445 ], [ 71.402483728215927, 51.19582296508441 ] ] ] ] } },
{ "type": "Feature", "properties": { "Name": null, "Type": "Административные сооружения", "Caption": null, "Purpose": "Административное здание", "PostIndex": null, "Elevation": 2, "Entrances": null, "Apartments": null, "District": "Сарыарка", "DistrictId": "70030076297673516", "CreateDate": "2014-12-05", "UpdateDate": "2026-03-16", "HouseId": "9570784863349374", "City": "Астана", "CityId": "9570771978420226", "Okato": null, "Oktmo": null, "Street": "Карасай батыра", "StreetId1": "9570887942537724", "Number": "2", "Street2": null, "StreetId2": null, "Number2": null, "Street3": null, "StreetId3": null, "Number3": null, "Street4": null, "StreetId4": null, "Number4": null, "FIAS": null, "FIAS2": null, "FIAS3": null, "FIAS4": null, "GAR": null, "GAR2": null, "GAR3": null, "GAR4": null }, "geometry": { "type": "MultiPolygon", "coordinates": [ [ [ [ 71.401662398551665, 51.196153746746511 ], [ 71.40245435330614, 51.195902789739669 ], [ 71.402357784413113, 51.195782377177743 ], [ 71.402064214978253, 51.195875430952384 ], [ 71.401565829658622, 51.196033391134087 ], [ 71.401662398551665, 51.196153746746511 ] ] ], [ [ [ 71.404540960048095, 51.194762826505759 ], [ 71.40465630373059, 51.194907561178759 ], [ 71.404963347894679, 51.194810902561912 ], [ 71.404886452106382, 51.194714468923259 ], [ 71.404848004212198, 51.194666280175888 ], [ 71.404540960048095, 51.194762826505759 ] ] ] ] } },
{ "type": "Feature", "properties": { "Name": null, "Type": "Административные сооружения", "Caption": null, "Purpose": "Административное здание", "PostIndex": null, "Elevation": 1, "Entrances": null, "Apartments": null, "District": "Сарыарка", "DistrictId": "70030076297673516", "CreateDate": "2014-12-05", "UpdateDate": "2026-03-16", "HouseId": "9570784863349133", "City": "Астана", "CityId": "9570771978420226", "Okato": null, "Oktmo": null, "Street": "Карасай батыра", "StreetId1": "9570887942537724", "Number": "1/1", "Street2": null, "StreetId2": null, "Number2": null, "Street3": null, "StreetId3": null, "Number3": null, "Street4": null, "StreetId4": null, "Number4": null, "FIAS": null, "FIAS2": null, "FIAS3": null, "FIAS4": null, "GAR": null, "GAR2": null, "GAR3": null, "GAR4": null }, "geometry": { "type": "MultiPolygon", "coordinates": [ [ [ [ 71.405763207823668, 51.195377453149838 ], [ 71.405788809809266, 51.19540954096157 ], [ 71.405865705597591, 51.195385390663233 ], [ 71.405686401866873, 51.195160381331299 ], [ 71.405456073828034, 51.195232832542104 ], [ 71.405609595910093, 51.19542575374215 ], [ 71.405763207823668, 51.195377453149838 ] ] ] ] } },
{ "type": "Feature", "properties": { "Name": null, "Type": "Административные сооружения", "Caption": null, "Purpose": "Административное здание", "PostIndex": null, "Elevation": 2, "Entrances": null, "Apartments": null, "District": "Сарыарка", "DistrictId": "70030076297673516", "CreateDate": "2014-12-05", "UpdateDate": "2026-03-16", "HouseId": "9570784863349490", "City": "Астана", "CityId": "9570771978420226", "Okato": null, "Oktmo": null, "Street": "Гете", "StreetId1": "9570887942537512", "Number": "5/1", "Street2": null, "StreetId2": null, "Number2": null, "Street3": null, "StreetId3": null, "Number3": null, "Street4": null, "StreetId4": null, "Number4": null, "FIAS": null, "FIAS2": null, "FIAS3": null, "FIAS4": null, "GAR": null, "GAR2": null, "GAR3": null, "GAR4": null }, "geometry": { "type": "MultiPolygon", "coordinates": [ [ [ [ 71.406758451326937, 51.196288287961664 ], [ 71.406670146934516, 51.196195685368274 ], [ 71.406031175272929, 51.196437014655274 ], [ 71.40611956949688, 51.196529504177562 ], [ 71.406758451326937, 51.196288287961664 ] ] ] ] } },
{ "type": "Feature", "properties": { "Name": null, "Type": "Административные сооружения", "Caption": null, "Purpose": "Кафе, бар", "PostIndex": null, "Elevation": 1, "Entrances": null, "Apartments": null, "District": "Сарыарка", "DistrictId": "70030076297673516", "CreateDate": "2014-12-05", "UpdateDate": "2026-03-16", "HouseId": "9570784863349497", "City": "Астана", "CityId": "9570771978420226", "Okato": null, "Oktmo": null, "Street": "Гете", "StreetId1": "9570887942537512", "Number": "1/2", "Street2": null, "StreetId2": null, "Number2": null, "Street3": null, "StreetId3": null, "Number3": null, "Street4": null, "StreetId4": null, "Number4": null, "FIAS": null, "FIAS2": null, "FIAS3": null, "FIAS4": null, "GAR": null, "GAR2": null, "GAR3": null, "GAR4": null }, "geometry": { "type": "MultiPolygon", "coordinates": [ [ [ [ 71.407054446213067, 51.196120815050321 ], [ 71.406919878583508, 51.195950864606353 ], [ 71.406727998438825, 51.196011098853312 ], [ 71.406862476236853, 51.196181049075086 ], [ 71.407054446213067, 51.196120815050321 ] ] ] ] } },
{ "type": "Feature", "properties": { "Name": null, "Type": "Административные сооружения", "Caption": null, "Purpose": "Административное здание", "PostIndex": null, "Elevation": 2, "Entrances": null, "Apartments": null, "District": "Сарыарка", "DistrictId": "70030076297673516", "CreateDate": "2014-12-05", "UpdateDate": "2026-03-16", "HouseId": "9570784863349197", "City": "Астана", "CityId": "9570771978420226", "Okato": null, "Oktmo": null, "Street": "Уланбел", "StreetId1": "9570887942537723", "Number": "5а", "Street2": null, "StreetId2": null, "Number2": null, "Street3": null, "StreetId3": null, "Number3": null, "Street4": null, "StreetId4": null, "Number4": null, "FIAS": null, "FIAS2": null, "FIAS3": null, "FIAS4": null, "GAR": null, "GAR2": null, "GAR3": null, "GAR4": null }, "geometry": { "type": "MultiPolygon", "coordinates": [ [ [ [ 71.403201032970301, 51.1962944239324 ], [ 71.40322385017852, 51.19638319839008 ], [ 71.403379168891149, 51.196367211119266 ], [ 71.403306315521604, 51.196083267258572 ], [ 71.403263735377138, 51.196087545569213 ], [ 71.403252416604559, 51.196043242517369 ], [ 71.403181809023224, 51.196050504392822 ], [ 71.40324334362019, 51.196290201934268 ], [ 71.403201032970301, 51.1962944239324 ] ] ] ] } },
{ "type": "Feature", "properties": { "Name": null, "Type": "Административные сооружения", "Caption": null, "Purpose": "Административное здание", "PostIndex": null, "Elevation": 2, "Entrances": null, "Apartments": null, "District": "Алматы", "DistrictId": "9570759093518343", "CreateDate": "2014-12-02", "UpdateDate": "2026-03-05", "HouseId": "9570784863324601", "City": "Астана", "CityId": "9570771978420226", "Okato": null, "Oktmo": null, "Street": "Балталы", "StreetId1": "9570887942540610", "Number": "8", "Street2": null, "StreetId2": null, "Number2": null, "Street3": null, "StreetId3": null, "Number3": null, "Street4": null, "StreetId4": null, "Number4": null, "FIAS": null, "FIAS2": null, "FIAS3": null, "FIAS4": null, "GAR": null, "GAR2": null, "GAR3": null, "GAR4": null }, "geometry": { "type": "MultiPolygon", "coordinates": [ [ [ [ 71.468594972056124, 51.132406255280898 ], [ 71.468573861646945, 51.132439683468078 ], [ 71.468773018145427, 51.132489515661703 ], [ 71.468868059902491, 51.132339229719712 ], [ 71.468429951538425, 51.132229643563171 ], [ 71.468356110022071, 51.132346445259984 ], [ 71.468594972056124, 51.132406255280898 ] ] ] ] } },
{ "type": "Feature", "properties": { "Name": null, "Type": "Административные сооружения", "Caption": null, "Purpose": "Административное здание", "PostIndex": null, "Elevation": 3, "Entrances": null, "Apartments": null, "District": "Сарыарка", "DistrictId": "70030076297673516", "CreateDate": "2014-12-03", "UpdateDate": "2026-03-16", "HouseId": "9570784863330064", "City": "Астана", "CityId": "9570771978420226", "Okato": null, "Oktmo": null, "Street": "Биржан сал", "StreetId1": "9570887942537681", "Number": "7а", "Street2": null, "StreetId2": null, "Number2": null, "Street3": null, "StreetId3": null, "Number3": null, "Street4": null, "StreetId4": null, "Number4": null, "FIAS": null, "FIAS2": null, "FIAS3": null, "FIAS4": null, "GAR": null, "GAR2": null, "GAR3": null, "GAR4": null }, "geometry": { "type": "MultiPolygon", "coordinates": [ [ [ [ 71.407039354516286, 51.194359526092008 ], [ 71.40714131330104, 51.194326762000507 ], [ 71.407089300846081, 51.194262810029706 ], [ 71.407178503553794, 51.194234211760524 ], [ 71.407100439955613, 51.194138227282401 ], [ 71.407035401929036, 51.194058118089814 ], [ 71.406806062037006, 51.194131696952873 ], [ 71.406903529245326, 51.194251776053939 ], [ 71.406941797476435, 51.19423950356758 ], [ 71.407039354516286, 51.194359526092008 ] ] ], [ [ [ 71.407100439955613, 51.194138227282401 ], [ 71.407178503553794, 51.194234211760524 ], [ 71.407223958307171, 51.194290169774554 ], [ 71.407555526478532, 51.194184052154952 ], [ 71.407431918295458, 51.194031996720739 ], [ 71.407100439955613, 51.194138227282401 ] ] ], [ [ [ 71.407431918295458, 51.194031996720739 ], [ 71.407555526478532, 51.194184052154952 ], [ 71.407574930088671, 51.194208090491259 ], [ 71.407982855059203, 51.194077483922854 ], [ 71.40802103345878, 51.194065211390068 ], [ 71.408059301689875, 51.194052995150066 ], [ 71.407916200065117, 51.193876788194288 ], [ 71.407431918295458, 51.194031996720739 ] ] ] ] } },
{ "type": "Feature", "properties": { "Name": null, "Type": "Административные сооружения", "Caption": null, "Purpose": "Административное здание", "PostIndex": null, "Elevation": 1, "Entrances": null, "Apartments": null, "District": "Сарыарка", "DistrictId": "70030076297673516", "CreateDate": "2014-12-03", "UpdateDate": "2026-03-16", "HouseId": "9570784863330125", "City": "Астана", "CityId": "9570771978420226", "Okato": null, "Oktmo": null, "Street": "Карасай батыра", "StreetId1": "9570887942537724", "Number": "2д", "Street2": null, "StreetId2": null, "Number2": null, "Street3": null, "StreetId3": null, "Number3": null, "Street4": null, "StreetId4": null, "Number4": null, "FIAS": null, "FIAS2": null, "FIAS3": null, "FIAS4": null, "GAR": null, "GAR2": null, "GAR3": null, "GAR4": null }, "geometry": { "type": "MultiPolygon", "coordinates": [ [ [ [ 71.405060994766075, 51.194860892599898 ], [ 71.405092974790179, 51.194901087253264 ], [ 71.405194933574933, 51.194868830202296 ], [ 71.405265541156268, 51.194957325932116 ], [ 71.405137800722869, 51.194997520501353 ], [ 71.405157114501478, 51.195021614708118 ], [ 71.405265990313907, 51.195017505183095 ], [ 71.405285124429454, 51.195041655674231 ], [ 71.405323392660577, 51.195029664872521 ], [ 71.40534252677611, 51.195053815357291 ], [ 71.405546174851025, 51.19498969551092 ], [ 71.405624058786159, 51.194965263517879 ], [ 71.405393281589681, 51.194675906670341 ], [ 71.405040064019943, 51.194786751949813 ], [ 71.404963347894679, 51.194810902561912 ], [ 71.40465630373059, 51.194907561178759 ], [ 71.404523353068527, 51.194949557229805 ], [ 71.404555422924162, 51.194989751805828 ], [ 71.404632139049426, 51.194965601287464 ], [ 71.404651452828048, 51.194989751805828 ], [ 71.405060994766075, 51.194860892599898 ] ] ] ] } },
{ "type": "Feature", "properties": { "Name": null, "Type": "Административные сооружения", "Caption": null, "Purpose": "Административное здание", "PostIndex": null, "Elevation": 1, "Entrances": null, "Apartments": null, "District": "Сарыарка", "DistrictId": "70030076297673516", "CreateDate": "2014-12-03", "UpdateDate": "2026-03-16", "HouseId": "9570784863330108", "City": "Астана", "CityId": "9570771978420226", "Okato": null, "Oktmo": null, "Street": "Карасай батыра", "StreetId1": "9570887942537724", "Number": "1Б", "Street2": null, "StreetId2": null, "Number2": null, "Street3": null, "StreetId3": null, "Number3": null, "Street4": null, "StreetId4": null, "Number4": null, "FIAS": null, "FIAS2": null, "FIAS3": null, "FIAS4": null, "GAR": null, "GAR2": null, "GAR3": null, "GAR4": null }, "geometry": { "type": "MultiPolygon", "coordinates": [ [ [ [ 71.405040064019943, 51.194786751949813 ], [ 71.404963347894679, 51.194690318260612 ], [ 71.404886452106382, 51.194714468923259 ], [ 71.404963347894679, 51.194810902561912 ], [ 71.405040064019943, 51.194786751949813 ] ] ] ] } },
{ "type": "Feature", "properties": { "Name": null, "Type": "Административные сооружения", "Caption": null, "Purpose": "Административное здание", "PostIndex": null, "Elevation": 1, "Entrances": null, "Apartments": null, "District": "Сарыарка", "DistrictId": "70030076297673516", "CreateDate": "2014-12-03", "UpdateDate": "2026-03-16", "HouseId": "9570784863332394", "City": "Астана", "CityId": "9570771978420226", "Okato": null, "Oktmo": null, "Street": "Гете", "StreetId1": "9570887942537512", "Number": "1/4", "Street2": null, "StreetId2": null, "Number2": null, "Street3": null, "StreetId3": null, "Number3": null, "Street4": null, "StreetId4": null, "Number4": null, "FIAS": null, "FIAS2": null, "FIAS3": null, "FIAS4": null, "GAR": null, "GAR2": null, "GAR3": null, "GAR4": null }, "geometry": { "type": "MultiPolygon", "coordinates": [ [ [ [ 71.407208956441934, 51.196138547505036 ], [ 71.407096487368364, 51.1961738998071 ], [ 71.406953116249014, 51.196218990840919 ], [ 71.407014830509027, 51.19629391729265 ], [ 71.40686148809003, 51.196342273217454 ], [ 71.406951050123851, 51.196454746988287 ], [ 71.407360502230361, 51.196326004466115 ], [ 71.407208956441934, 51.196138547505036 ] ] ] ] } },
{ "type": "Feature", "properties": { "Name": null, "Type": "Административные сооружения", "Caption": null, "Purpose": "Административное здание", "PostIndex": null, "Elevation": 2, "Entrances": null, "Apartments": null, "District": "Сарыарка", "DistrictId": "70030076297673516", "CreateDate": "2014-12-03", "UpdateDate": "2026-03-16", "HouseId": "9570784863332645", "City": "Астана", "CityId": "9570771978420226", "Okato": null, "Oktmo": null, "Street": "Гете", "StreetId1": "9570887942537512", "Number": "1а", "Street2": null, "StreetId2": null, "Number2": null, "Street3": null, "StreetId3": null, "Number3": null, "Street4": null, "StreetId4": null, "Number4": null, "FIAS": null, "FIAS2": null, "FIAS3": null, "FIAS4": null, "GAR": null, "GAR2": null, "GAR3": null, "GAR4": null }, "geometry": { "type": "MultiPolygon", "coordinates": [ [ [ [ 71.406098459087701, 51.196728724739465 ], [ 71.405994973166969, 51.196610509760042 ], [ 71.405919694346167, 51.196636460788653 ], [ 71.405885468533853, 51.196597224629109 ], [ 71.405797613299058, 51.196627397632824 ], [ 71.405756200964461, 51.196580055280492 ], [ 71.40560573315436, 51.19663201365028 ], [ 71.405530454333544, 51.196657852081067 ], [ 71.405571866668154, 51.196705306939066 ], [ 71.405534317089277, 51.196718310574894 ], [ 71.405636994526247, 51.19683573718072 ], [ 71.405672118653854, 51.196875930111268 ], [ 71.406098459087701, 51.196728724739465 ] ] ], [ [ [ 71.40560573315436, 51.19663201365028 ], [ 71.405578334538205, 51.196600545912197 ], [ 71.405653703190538, 51.196574482277434 ], [ 71.405570878521331, 51.196479966294625 ], [ 71.405382861132367, 51.196544872169071 ], [ 71.405465506138512, 51.196639388018724 ], [ 71.405503055717389, 51.196626496946436 ], [ 71.405530454333544, 51.196657852081067 ], [ 71.40560573315436, 51.19663201365028 ] ] ] ] } },
{ "type": "Feature", "properties": { "Name": null, "Type": "Административные сооружения", "Caption": null, "Purpose": "Административное здание", "PostIndex": null, "Elevation": 4, "Entrances": null, "Apartments": null, "District": "Сарыарка", "DistrictId": "70030076297673516", "CreateDate": "2014-12-03", "UpdateDate": "2026-03-16", "HouseId": "9570784863332770", "City": "Астана", "CityId": "9570771978420226", "Okato": null, "Oktmo": null, "Street": "Гете", "StreetId1": "9570887942537512", "Number": "1/1", "Street2": null, "StreetId2": null, "Number2": null, "Street3": null, "StreetId3": null, "Number3": null, "Street4": null, "StreetId4": null, "Number4": null, "FIAS": null, "FIAS2": null, "FIAS3": null, "FIAS4": null, "GAR": null, "GAR2": null, "GAR3": null, "GAR4": null }, "geometry": { "type": "MultiPolygon", "coordinates": [ [ [ [ 71.404722958724662, 51.196737224947732 ], [ 71.404552548315252, 51.19650698696465 ], [ 71.404319076172925, 51.196575214085946 ], [ 71.40437926329696, 51.196656726223814 ], [ 71.404418160348754, 51.196645242478318 ], [ 71.404587223285219, 51.196873565822202 ], [ 71.404742721660909, 51.196828025087783 ], [ 71.40478179837578, 51.196816653970323 ], [ 71.404722958724662, 51.196737224947732 ] ] ], [ [ [ 71.404707956859411, 51.197036588898044 ], [ 71.404863634898163, 51.196991048324769 ], [ 71.404742721660909, 51.196828025087783 ], [ 71.404587223285219, 51.196873565822202 ], [ 71.404707956859411, 51.197036588898044 ] ] ] ] } },
{ "type": "Feature", "properties": { "Name": null, "Type": "Административные сооружения", "Caption": null, "Purpose": "Административное здание", "PostIndex": null, "Elevation": 1, "Entrances": null, "Apartments": null, "District": "Сарыарка", "DistrictId": "70030076297673516", "CreateDate": "2014-12-03", "UpdateDate": "2026-03-16", "HouseId": "9570784863332697", "City": "Астана", "CityId": "9570771978420226", "Okato": null, "Oktmo": null, "Street": "Уланбел", "StreetId1": "9570887942537723", "Number": "5", "Street2": null, "StreetId2": null, "Number2": null, "Street3": null, "StreetId3": null, "Number3": null, "Street4": null, "StreetId4": null, "Number4": null, "FIAS": null, "FIAS2": null, "FIAS3": null, "FIAS4": null, "GAR": null, "GAR2": null, "GAR3": null, "GAR4": null }, "geometry": { "type": "MultiPolygon", "coordinates": [ [ [ [ 71.403559730263254, 51.196276016017741 ], [ 71.403685853729144, 51.196318404874411 ], [ 71.403828416364732, 51.196276691537676 ], [ 71.403846382670409, 51.196301122835301 ], [ 71.403976189228985, 51.196263350017126 ], [ 71.403958133091777, 51.196238749819365 ], [ 71.404022991455278, 51.196219891535272 ], [ 71.40387809319995, 51.196024271565989 ], [ 71.403540865642299, 51.196122954203943 ], [ 71.403519306075481, 51.196093681566694 ], [ 71.403441422140332, 51.196116311568659 ], [ 71.403559730263254, 51.196276016017741 ] ] ] ] } },
{ "type": "Feature", "properties": { "Name": null, "Type": "Административные сооружения", "Caption": null, "Purpose": "Административное здание", "PostIndex": null, "Elevation": 3, "Entrances": null, "Apartments": null, "District": "Алматы", "DistrictId": "9570759093518343", "CreateDate": "2014-12-04", "UpdateDate": "2026-04-15", "HouseId": "9570784863334836", "City": "Астана", "CityId": "9570771978420226", "Okato": null, "Oktmo": null, "Street": "Дауылпаз", "StreetId1": "9570887942541699", "Number": "11", "Street2": null, "StreetId2": null, "Number2": null, "Street3": null, "StreetId3": null, "Number3": null, "Street4": null, "StreetId4": null, "Number4": null, "FIAS": null, "FIAS2": null, "FIAS3": null, "FIAS4": null, "GAR": null, "GAR2": null, "GAR3": null, "GAR4": null }, "geometry": { "type": "MultiPolygon", "coordinates": [ [ [ [ 71.461646503333469, 51.134102212001075 ], [ 71.461411863381258, 51.134036034441635 ], [ 71.461154585883875, 51.13439690955542 ], [ 71.461389225836101, 51.134463086597663 ], [ 71.461646503333469, 51.134102212001075 ] ] ], [ [ [ 71.461389225836101, 51.134463086597663 ], [ 71.461154585883875, 51.13439690955542 ], [ 71.461143356942827, 51.134412185525029 ], [ 71.46138509358579, 51.13458895800143 ], [ 71.461547598820673, 51.134441046383742 ], [ 71.461711631191562, 51.134120588376391 ], [ 71.461646503333469, 51.134102212001075 ], [ 71.461389225836101, 51.134463086597663 ] ] ] ] } },
{ "type": "Feature", "properties": { "Name": "Дом министерств", "Type": "Административные сооружения", "Caption": null, "Purpose": "Государственное учреждение", "PostIndex": null, "Elevation": 13, "Entrances": null, "Apartments": null, "District": "Есиль", "DistrictId": "9570759093518340", "CreateDate": "2014-12-01", "UpdateDate": "2025-01-14", "HouseId": "9570784863323811", "City": "Астана", "CityId": "9570771978420226", "Okato": null, "Oktmo": null, "Street": "проспект Мангилик Ел", "StreetId1": "9570887942538656", "Number": "8", "Street2": null, "StreetId2": null, "Number2": null, "Street3": null, "StreetId3": null, "Number3": null, "Street4": null, "StreetId4": null, "Number4": null, "FIAS": null, "FIAS2": null, "FIAS3": null, "FIAS4": null, "GAR": null, "GAR2": null, "GAR3": null, "GAR4": null }, "geometry": { "type": "MultiPolygon", "coordinates": [ [ [ [ 71.439389304864946, 51.124347439546334 ], [ 71.439415894997353, 51.12422920808558 ], [ 71.439423620508791, 51.124195830336575 ], [ 71.439511475743586, 51.123902195316234 ], [ 71.439620082061438, 51.12361137753269 ], [ 71.439749708956924, 51.12332433554031 ], [ 71.439899547946325, 51.123040900261238 ], [ 71.440008333927238, 51.122862730387176 ], [ 71.439892810581696, 51.122834877186527 ], [ 71.440045524179993, 51.122602240283854 ], [ 71.439878168042583, 51.122556175106247 ], [ 71.439747193674137, 51.122520202512099 ], [ 71.439653768884583, 51.122654733104667 ], [ 71.439487131399389, 51.122927514386085 ], [ 71.439319685430434, 51.123240945870528 ], [ 71.439184668643236, 51.123540448838583 ], [ 71.439071301254373, 51.123843727444367 ], [ 71.438979673095389, 51.124149710366694 ], [ 71.438918407993015, 51.124421186055294 ], [ 71.439389304864946, 51.124347439546334 ] ] ], [ [ [ 71.438862892108446, 51.124768153906516 ], [ 71.438838008775079, 51.125079204930337 ], [ 71.43883531382923, 51.125390817658484 ], [ 71.4388548072709, 51.125701808109731 ], [ 71.438896848426197, 51.126012063538369 ], [ 71.438911760459916, 51.12608360860682 ], [ 71.438671191626824, 51.126103454027771 ], [ 71.438760843492176, 51.126533567604326 ], [ 71.438963233925676, 51.12650160098395 ], [ 71.439009676825876, 51.126452720765059 ], [ 71.43896206611582, 51.12643462323144 ], [ 71.438912658775209, 51.126400570532141 ], [ 71.438880588919545, 51.126359244954415 ], [ 71.438868371831688, 51.126313803689811 ], [ 71.438876905826888, 51.126268024107603 ], [ 71.438905562084443, 51.126225683591528 ], [ 71.438952184647704, 51.126190052128479 ], [ 71.439012641266302, 51.126164286955337 ], [ 71.43908235053236, 51.12615013583661 ], [ 71.439155473396497, 51.126148951878264 ], [ 71.439226170809349, 51.126160904218182 ], [ 71.439288783384654, 51.126184752509801 ], [ 71.439338100893735, 51.126218861747091 ], [ 71.439370170749399, 51.126260187450427 ], [ 71.439382477668786, 51.126305628767753 ], [ 71.439373853842056, 51.126351351933998 ], [ 71.439351575623007, 51.126384164338589 ], [ 71.439455870027501, 51.126423573020517 ], [ 71.439555493192515, 51.126407787000318 ], [ 71.43947805841502, 51.126036757593447 ], [ 71.439308097163263, 51.126050739609617 ], [ 71.439294532602474, 51.125985001545054 ], [ 71.439253928751626, 51.125686190981469 ], [ 71.439235243793718, 51.125386532786308 ], [ 71.439237669245003, 51.12508613970364 ], [ 71.439258240664984, 51.124828255645156 ], [ 71.439429459558156, 51.124833724561221 ], [ 71.439450030978151, 51.124699425837505 ], [ 71.439279351074177, 51.124689108161206 ], [ 71.439295251254691, 51.124584352607002 ], [ 71.438880948245668, 51.124649359714624 ], [ 71.438862892108446, 51.124768153906516 ] ] ], [ [ [ 71.442519843798564, 51.130419123110279 ], [ 71.442417256193124, 51.130362918440646 ], [ 71.442059367383933, 51.130147851796274 ], [ 71.441717288923741, 51.129922636766175 ], [ 71.441391469970199, 51.12968823157091 ], [ 71.441083168164681, 51.129444692445531 ], [ 71.440860475805749, 51.129251495100853 ], [ 71.440695994277235, 51.129277202176688 ], [ 71.440649012387865, 51.129235822797604 ], [ 71.440524775384077, 51.129117096471376 ], [ 71.44049297502302, 51.129086653774465 ], [ 71.440654761605686, 51.129061341220442 ], [ 71.440513815937607, 51.128926772910873 ], [ 71.440260491027487, 51.128659157264885 ], [ 71.44022177363874, 51.128613661887087 ], [ 71.440026749390555, 51.128384605791162 ], [ 71.4398128605214, 51.128103738508457 ], [ 71.439619453240738, 51.127817119070912 ], [ 71.439395952398058, 51.12787676582743 ], [ 71.439591605466916, 51.128166767485304 ], [ 71.439810255407096, 51.128453892138388 ], [ 71.440049207272665, 51.128734475412628 ], [ 71.440308191569073, 51.129008066423381 ], [ 71.440436560823173, 51.129130795678442 ], [ 71.440560797826976, 51.129249578344627 ], [ 71.440586309981043, 51.129273932417853 ], [ 71.440889940547066, 51.129537316389232 ], [ 71.44120515938026, 51.129786266981291 ], [ 71.441538075024553, 51.130025914483291 ], [ 71.441887699333137, 51.130256033544136 ], [ 71.442253493316827, 51.130476004195764 ], [ 71.442363177613032, 51.130536098507307 ], [ 71.442519843798564, 51.130419123110279 ] ] ], [ [ [ 71.439261384768486, 51.122871638897209 ], [ 71.439087740424071, 51.123195952598749 ], [ 71.438949669364902, 51.123502165340788 ], [ 71.438833876524768, 51.123812210016979 ], [ 71.438740092409105, 51.124124958921328 ], [ 71.438668945838614, 51.124440186474693 ], [ 71.438620796139389, 51.124757046916237 ], [ 71.438595283985308, 51.125074976409536 ], [ 71.438592409376412, 51.125393467513454 ], [ 71.438612621470298, 51.125711505385297 ], [ 71.438655650772404, 51.126028639001454 ], [ 71.438671191626824, 51.126103454027771 ], [ 71.438911760459916, 51.12608360860682 ], [ 71.438896848426197, 51.126012063538369 ], [ 71.4388548072709, 51.125701808109731 ], [ 71.43883531382923, 51.125390817658484 ], [ 71.438838008775079, 51.125079204930337 ], [ 71.438862892108446, 51.124768153906516 ], [ 71.438880948245668, 51.124649359714624 ], [ 71.438719251494518, 51.124674674686688 ], [ 71.438753926464486, 51.124446952200778 ], [ 71.438918407993015, 51.124421186055294 ], [ 71.438979673095389, 51.124149710366694 ], [ 71.439071301254373, 51.123843727444367 ], [ 71.439184668643236, 51.123540448838583 ], [ 71.439319685430434, 51.123240945870528 ], [ 71.439487131399389, 51.122927514386085 ], [ 71.439261384768486, 51.122871638897209 ] ] ], [ [ [ 71.441083168164681, 51.129444692445531 ], [ 71.441391469970199, 51.12968823157091 ], [ 71.441717288923741, 51.129922636766175 ], [ 71.442059367383933, 51.130147851796274 ], [ 71.442417256193124, 51.130362918440646 ], [ 71.442519843798564, 51.130419123110279 ], [ 71.442790236699096, 51.130567554973162 ], [ 71.442994423763167, 51.130669703779013 ], [ 71.44308353663935, 51.130599180538184 ], [ 71.443190256495129, 51.130514732902682 ], [ 71.443022181705459, 51.130430454233988 ], [ 71.443066558480496, 51.130395333378821 ], [ 71.442932260345501, 51.130328248525053 ], [ 71.442673635375229, 51.130186242534137 ], [ 71.442328502643065, 51.129978841971649 ], [ 71.442001965037278, 51.12975875620284 ], [ 71.441687554687832, 51.129532524528166 ], [ 71.441405573520157, 51.129309899752499 ], [ 71.4414838167814, 51.129270662658783 ], [ 71.441439350174832, 51.129235484546392 ], [ 71.44132724042737, 51.129252904480389 ], [ 71.44124872767155, 51.129191004490934 ], [ 71.440860475805749, 51.129251495100853 ], [ 71.441083168164681, 51.129444692445531 ] ] ], [ [ [ 71.440947881882892, 51.128909521980667 ], [ 71.44109799036687, 51.128847452403967 ], [ 71.441003667262038, 51.128757420362888 ], [ 71.44086056563728, 51.128816840402173 ], [ 71.44059619144916, 51.128539640191498 ], [ 71.440557563891957, 51.128494144695971 ], [ 71.440370714312849, 51.128274671991925 ], [ 71.44016428146054, 51.128003782718558 ], [ 71.439974377609502, 51.127722292972429 ], [ 71.439619453240738, 51.127817119070912 ], [ 71.4398128605214, 51.128103738508457 ], [ 71.440026749390555, 51.128384605791162 ], [ 71.44022177363874, 51.128613661887087 ], [ 71.440260491027487, 51.128659157264885 ], [ 71.440513815937607, 51.128926772910873 ], [ 71.440654761605686, 51.129061341220442 ], [ 71.441042923639955, 51.129000512108547 ], [ 71.440947881882892, 51.128909521980667 ] ] ], [ [ [ 71.4395927732768, 51.12421330855274 ], [ 71.439679101375603, 51.123924522468592 ], [ 71.439786000894401, 51.123638384534637 ], [ 71.439913471833236, 51.123356078830113 ], [ 71.440060795539836, 51.123077323511659 ], [ 71.440168144216287, 51.12290152186133 ], [ 71.440008333927238, 51.122862730387176 ], [ 71.439899547946325, 51.123040900261238 ], [ 71.439749708956924, 51.12332433554031 ], [ 71.439620082061438, 51.12361137753269 ], [ 71.439511475743586, 51.123902195316234 ], [ 71.439423620508791, 51.124195830336575 ], [ 71.439415894997353, 51.12422920808558 ], [ 71.439585676586049, 51.124244431037411 ], [ 71.4395927732768, 51.12421330855274 ] ] ], [ [ [ 71.442789158720743, 51.130106473197259 ], [ 71.442449685374882, 51.129902511114281 ], [ 71.442128537660807, 51.129685920210257 ], [ 71.441819157876949, 51.129463352548939 ], [ 71.441539691992062, 51.129242700571623 ], [ 71.4414838167814, 51.129270662658783 ], [ 71.441405573520157, 51.129309899752499 ], [ 71.441687554687832, 51.129532524528166 ], [ 71.442001965037278, 51.12975875620284 ], [ 71.442328502643065, 51.129978841971649 ], [ 71.442673635375229, 51.130186242534137 ], [ 71.442932260345501, 51.130328248525053 ], [ 71.443045088745208, 51.130246900962398 ], [ 71.442789158720743, 51.130106473197259 ] ] ], [ [ [ 71.44016428146054, 51.128003782718558 ], [ 71.440370714312849, 51.128274671991925 ], [ 71.440557563891957, 51.128494144695971 ], [ 71.44059619144916, 51.128539640191498 ], [ 71.44086056563728, 51.128816840402173 ], [ 71.441003667262038, 51.128757420362888 ], [ 71.44074531178633, 51.128486533920963 ], [ 71.440523517742676, 51.128225850025906 ], [ 71.440320498488475, 51.127959301476849 ], [ 71.440193476707279, 51.127771171847741 ], [ 71.440165628933485, 51.127729847496326 ], [ 71.440132121773388, 51.127680235674973 ], [ 71.439974377609502, 51.127722292972429 ], [ 71.44016428146054, 51.128003782718558 ] ] ], [ [ [ 71.439464853180354, 51.125973331055555 ], [ 71.439429100232019, 51.12571032141571 ], [ 71.43942011707918, 51.125602467297618 ], [ 71.439406642349937, 51.125384615869685 ], [ 71.439409067801193, 51.125089127857656 ], [ 71.439429459558156, 51.124833724561221 ], [ 71.439258240664984, 51.124828255645156 ], [ 71.439237669245003, 51.12508613970364 ], [ 71.439235243793718, 51.125386532786308 ], [ 71.439253928751626, 51.125686190981469 ], [ 71.439294532602474, 51.125985001545054 ], [ 71.439308097163263, 51.126050739609617 ], [ 71.43947805841502, 51.126036757593447 ], [ 71.439464853180354, 51.125973331055555 ] ] ], [ [ [ 71.439429190063564, 51.122596771103602 ], [ 71.439261384768486, 51.122871638897209 ], [ 71.439487131399389, 51.122927514386085 ], [ 71.439653768884583, 51.122654733104667 ], [ 71.439747193674137, 51.122520202512099 ], [ 71.439681796321437, 51.122502159821096 ], [ 71.439787258535802, 51.122350544554912 ], [ 71.439892900413227, 51.122215336471221 ], [ 71.439828850533473, 51.122053176462778 ], [ 71.439631760160125, 51.122305155730238 ], [ 71.439524860641328, 51.122459026484378 ], [ 71.439429190063564, 51.122596771103602 ] ] ], [ [ [ 71.443031075026752, 51.130883358663418 ], [ 71.443401899576045, 51.131052139685899 ], [ 71.443338029359353, 51.130889785206641 ], [ 71.44313474061056, 51.130797389468626 ], [ 71.44295004698813, 51.130704880798945 ], [ 71.442994423763167, 51.130669703779013 ], [ 71.442790236699096, 51.130567554973162 ], [ 71.442519843798564, 51.130419123110279 ], [ 71.442363177613032, 51.130536098507307 ], [ 71.442634917986453, 51.130685093728538 ], [ 71.442843237300849, 51.130789328086735 ], [ 71.443031075026752, 51.130883358663418 ] ] ], [ [ [ 71.443083985797017, 51.130714407903888 ], [ 71.443129171055787, 51.130678723530281 ], [ 71.443157737481826, 51.130751332463682 ], [ 71.443311259563885, 51.130822080965224 ], [ 71.443256462331547, 51.130682726044334 ], [ 71.44308353663935, 51.130599180538184 ], [ 71.442994423763167, 51.130669703779013 ], [ 71.443083985797017, 51.130714407903888 ] ] ], [ [ [ 71.439878168042583, 51.122556175106247 ], [ 71.439973209799632, 51.122419050584718 ], [ 71.439919580377151, 51.122282940562542 ], [ 71.439841786273576, 51.122384092787968 ], [ 71.439878707031724, 51.122477689410182 ], [ 71.439793007753622, 51.122454121121962 ], [ 71.439747193674137, 51.122520202512099 ], [ 71.439878168042583, 51.122556175106247 ] ] ], [ [ [ 71.439892900413227, 51.122215336471221 ], [ 71.439787258535802, 51.122350544554912 ], [ 71.439681796321437, 51.122502159821096 ], [ 71.439747193674137, 51.122520202512099 ], [ 71.439793007753622, 51.122454121121962 ], [ 71.439878707031724, 51.122477689410182 ], [ 71.439841786273576, 51.122384092787968 ], [ 71.439919580377151, 51.122282940562542 ], [ 71.439892900413227, 51.122215336471221 ] ] ], [ [ [ 71.44313474061056, 51.130797389468626 ], [ 71.443338029359353, 51.130889785206641 ], [ 71.443311259563885, 51.130822080965224 ], [ 71.443157737481826, 51.130751332463682 ], [ 71.443129171055787, 51.130678723530281 ], [ 71.443083985797017, 51.130714407903888 ], [ 71.442994423763167, 51.130669703779013 ], [ 71.44295004698813, 51.130704880798945 ], [ 71.44313474061056, 51.130797389468626 ] ] ], [ [ [ 71.440045524179993, 51.122602240283854 ], [ 71.439973209799632, 51.122419050584718 ], [ 71.439878168042583, 51.122556175106247 ], [ 71.440045524179993, 51.122602240283854 ] ] ], [ [ [ 71.443256462331547, 51.130682726044334 ], [ 71.443190256495129, 51.130514732902682 ], [ 71.44308353663935, 51.130599180538184 ], [ 71.443256462331547, 51.130682726044334 ] ] ] ] } },
{ "type": "Feature", "properties": { "Name": "Қазақстан Республикасының Үкіметі", "Type": "Административные сооружения", "Caption": null, "Purpose": "Государственное учреждение", "PostIndex": null, "Elevation": 20, "Entrances": null, "Apartments": null, "District": "Есиль", "DistrictId": "9570759093518340", "CreateDate": "2014-12-01", "UpdateDate": "2023-09-04", "HouseId": "9570784863324136", "City": "Астана", "CityId": "9570771978420226", "Okato": null, "Oktmo": null, "Street": "проспект Мангилик Ел", "StreetId1": "9570887942538656", "Number": "6", "Street2": null, "StreetId2": null, "Number2": null, "Street3": null, "StreetId3": null, "Number3": null, "Street4": null, "StreetId4": null, "Number4": null, "FIAS": null, "FIAS2": null, "FIAS3": null, "FIAS4": null, "GAR": null, "GAR2": null, "GAR3": null, "GAR4": null }, "geometry": { "type": "MultiPolygon", "coordinates": [ [ [ [ 71.440764535733408, 51.124996889655677 ], [ 71.440733993013751, 51.12496937602431 ], [ 71.440695545119596, 51.124945978148673 ], [ 71.440650988681497, 51.124927203459173 ], [ 71.440601581340871, 51.124914123190507 ], [ 71.440549479054383, 51.124906850108488 ], [ 71.440495939463432, 51.124905778879253 ], [ 71.440442849030163, 51.124910853122756 ], [ 71.440392453542728, 51.124922072836981 ], [ 71.44034619030559, 51.124938817832565 ], [ 71.440305406791694, 51.124960693440521 ], [ 71.440271989463113, 51.124986966708555 ], [ 71.440246387477529, 51.125016622782844 ], [ 71.440230217802409, 51.12504870319156 ], [ 71.440183146081523, 51.125208766620304 ], [ 71.44015017791061, 51.125350787916041 ], [ 71.440125114914167, 51.125493034294159 ], [ 71.440111909679487, 51.125603256612528 ], [ 71.43942011707918, 51.125602467297618 ], [ 71.439429100232019, 51.12571032141571 ], [ 71.440103285852757, 51.125711054349253 ], [ 71.44009906377093, 51.125779047980622 ], [ 71.440097356971876, 51.125922477004032 ], [ 71.44010418416805, 51.126065623686728 ], [ 71.440118377549553, 51.126208713546887 ], [ 71.441379612208436, 51.126010541301675 ], [ 71.44099881635951, 51.12505118392523 ], [ 71.440776124000578, 51.125012901679511 ], [ 71.440764535733408, 51.124996889655677 ] ], [ [ 71.440863260583129, 51.125600212112118 ], [ 71.44096081762298, 51.125585045986753 ], [ 71.44099540276143, 51.125672208854937 ], [ 71.440943569969534, 51.125726615089654 ], [ 71.440964321052604, 51.125778991601194 ], [ 71.441050649151393, 51.125811522515484 ], [ 71.441085234289829, 51.125899079611209 ], [ 71.440946893736083, 51.125920672868141 ], [ 71.440860296142702, 51.125887916513562 ], [ 71.440777201978904, 51.125900996506488 ], [ 71.44072518952396, 51.125955458850918 ], [ 71.44058648964409, 51.12597733397741 ], [ 71.440562235131409, 51.125916388045113 ], [ 71.440313132303146, 51.125955627988539 ], [ 71.440311515335623, 51.125920898385132 ], [ 71.440313132303146, 51.125782205228063 ], [ 71.440314749270655, 51.12575756741635 ], [ 71.440447340606582, 51.125807745096814 ], [ 71.440657905709188, 51.12558707565438 ], [ 71.440344842832673, 51.125468734606997 ], [ 71.440362629475288, 51.125367927415645 ], [ 71.440378349992756, 51.12529998955911 ], [ 71.440401526527083, 51.125306247739289 ], [ 71.440467103542829, 51.125315381298016 ], [ 71.440534297526099, 51.12531662165771 ], [ 71.440600862688655, 51.125310250718954 ], [ 71.440664193916177, 51.125296212098597 ], [ 71.44073210655165, 51.125269882626419 ], [ 71.440863260583129, 51.125600212112118 ] ] ], [ [ [ 71.440604006792128, 51.125835596504899 ], [ 71.440506000594638, 51.125798442497242 ], [ 71.440672278753723, 51.125624117072846 ], [ 71.440770284951228, 51.125661102082042 ], [ 71.440792383507201, 51.125637986454763 ], [ 71.440657905709188, 51.12558707565438 ], [ 71.440447340606582, 51.125807745096814 ], [ 71.44058190823614, 51.125858768412613 ], [ 71.440604006792128, 51.125835596504899 ] ] ], [ [ [ 71.440604006792128, 51.125835596504899 ], [ 71.44058190823614, 51.125858768412613 ], [ 71.440551814674137, 51.125890171685029 ], [ 71.440562235131409, 51.125916388045113 ], [ 71.44058648964409, 51.12597733397741 ], [ 71.44072518952396, 51.125955458850918 ], [ 71.440777201978904, 51.125900996506488 ], [ 71.440860296142702, 51.125887916513562 ], [ 71.440946893736083, 51.125920672868141 ], [ 71.441085234289829, 51.125899079611209 ], [ 71.441050649151393, 51.125811522515484 ], [ 71.440964321052604, 51.125778991601194 ], [ 71.440943569969534, 51.125726615089654 ], [ 71.44099540276143, 51.125672208854937 ], [ 71.44096081762298, 51.125585045986753 ], [ 71.440863260583129, 51.125600212112118 ], [ 71.440822207574641, 51.125606752149771 ], [ 71.440792383507201, 51.125637986454763 ], [ 71.440770284951228, 51.125661102082042 ], [ 71.440672278753723, 51.125624117072846 ], [ 71.440506000594638, 51.125798442497242 ], [ 71.440604006792128, 51.125835596504899 ] ] ] ] } },
{ "type": "Feature", "properties": { "Name": "Мажилис Парламента Республики Казахстан", "Type": "Административные сооружения", "Caption": null, "Purpose": "Государственное учреждение", "PostIndex": null, "Elevation": 19, "Entrances": null, "Apartments": null, "District": "Есиль", "DistrictId": "9570759093518340", "CreateDate": "2014-12-01", "UpdateDate": "2023-08-02", "HouseId": "9570784863324216", "City": "Астана", "CityId": "9570771978420226", "Okato": null, "Oktmo": null, "Street": "проспект Мангилик Ел", "StreetId1": "9570887942538656", "Number": "2", "Street2": null, "StreetId2": null, "Number2": null, "Street3": null, "StreetId3": null, "Number3": null, "Street4": null, "StreetId4": null, "Number4": null, "FIAS": null, "FIAS2": null, "FIAS3": null, "FIAS4": null, "GAR": null, "GAR2": null, "GAR3": null, "GAR4": null }, "geometry": { "type": "MultiPolygon", "coordinates": [ [ [ [ 71.4422034571555, 51.128094154488345 ], [ 71.442151983689726, 51.12796330422659 ], [ 71.442110301860538, 51.127969731176144 ], [ 71.441832991932344, 51.128013028497271 ], [ 71.441812510343865, 51.127960654519057 ], [ 71.441743340066992, 51.127971478855265 ], [ 71.441426234771683, 51.12785088884138 ], [ 71.441302626588595, 51.127538108787213 ], [ 71.441368383267374, 51.127469553971778 ], [ 71.441259237960367, 51.127428116595681 ], [ 71.441209111967524, 51.127301041743827 ], [ 71.441007260523165, 51.127332500413182 ], [ 71.440903505107855, 51.127293205261914 ], [ 71.44084098236408, 51.127358434067148 ], [ 71.44059906605807, 51.127396376104215 ], [ 71.440648024241071, 51.1274626759337 ], [ 71.440690514553992, 51.127515332363117 ], [ 71.44062323073922, 51.127585522049877 ], [ 71.44073498116056, 51.127627804942229 ], [ 71.440808283687744, 51.127655655252838 ], [ 71.44086110462645, 51.127716091496659 ], [ 71.440977616118801, 51.127839049692611 ], [ 71.441101044638842, 51.127959301476849 ], [ 71.441208752641387, 51.128056438531061 ], [ 71.441250164975997, 51.128050011593558 ], [ 71.441364700174717, 51.127930549320624 ], [ 71.441354369548961, 51.127904334103782 ], [ 71.441437643375806, 51.127891198301349 ], [ 71.441448063833093, 51.127917695409707 ], [ 71.441637518526505, 51.12798968854014 ], [ 71.441679290187224, 51.127983092463175 ], [ 71.441699771775703, 51.128035522792587 ], [ 71.441658269609562, 51.128042006108771 ], [ 71.441543914073904, 51.128161186210846 ], [ 71.441554334531205, 51.128187288528956 ], [ 71.441470970872828, 51.128200198741318 ], [ 71.441460730078589, 51.128174378312991 ], [ 71.441262831221508, 51.128103513002138 ], [ 71.441367395120579, 51.128191798647229 ], [ 71.441510406913807, 51.128303480310251 ], [ 71.441661323881547, 51.128413639545734 ], [ 71.4422034571555, 51.128094154488345 ] ] ], [ [ [ 71.441354369548961, 51.127904334103782 ], [ 71.441364700174717, 51.127930549320624 ], [ 71.441250164975997, 51.128050011593558 ], [ 71.441208752641387, 51.128056438531061 ], [ 71.44122923422988, 51.12810881240064 ], [ 71.441262831221508, 51.128103513002138 ], [ 71.441460730078589, 51.128174378312991 ], [ 71.441470970872828, 51.128200198741318 ], [ 71.441554334531205, 51.128187288528956 ], [ 71.441543914073904, 51.128161186210846 ], [ 71.441658269609562, 51.128042006108771 ], [ 71.441699771775703, 51.128035522792587 ], [ 71.441679290187224, 51.127983092463175 ], [ 71.441637518526505, 51.12798968854014 ], [ 71.441448063833093, 51.127917695409707 ], [ 71.441437643375806, 51.127891198301349 ], [ 71.441354369548961, 51.127904334103782 ] ] ], [ [ [ 71.442089730440543, 51.127917357148846 ], [ 71.441812510343865, 51.127960654519057 ], [ 71.441832991932344, 51.128013028497271 ], [ 71.442110301860538, 51.127969731176144 ], [ 71.442089730440543, 51.127917357148846 ] ] ], [ [ [ 71.440301454204445, 51.127738642313652 ], [ 71.440344573338081, 51.127795526700567 ], [ 71.440808283687744, 51.127655655252838 ], [ 71.44073498116056, 51.127627804942229 ], [ 71.440610115336057, 51.127665577626658 ], [ 71.440566816539373, 51.127608862211225 ], [ 71.440165628933485, 51.127729847496326 ], [ 71.440193476707279, 51.127771171847741 ], [ 71.440301454204445, 51.127738642313652 ] ] ] ] } },
{ "type": "Feature", "properties": { "Name": "Қазақстан Республикасының Парламенті", "Type": "Административные сооружения", "Caption": null, "Purpose": "Государственное учреждение", "PostIndex": "010017", "Elevation": 16, "Entrances": null, "Apartments": null, "District": "Есиль", "DistrictId": "9570759093518340", "CreateDate": "2014-12-02", "UpdateDate": "2026-04-01", "HouseId": "9570784863324471", "City": "Астана", "CityId": "9570771978420226", "Okato": null, "Oktmo": null, "Street": "проспект Мангилик Ел", "StreetId1": "9570887942538656", "Number": "4", "Street2": null, "StreetId2": null, "Number2": null, "Street3": null, "StreetId3": null, "Number3": null, "Street4": null, "StreetId4": null, "Number4": null, "FIAS": null, "FIAS2": null, "FIAS3": null, "FIAS4": null, "GAR": null, "GAR2": null, "GAR3": null, "GAR4": null }, "geometry": { "type": "MultiPolygon", "coordinates": [ [ [ [ 71.441516066300096, 51.127446890268651 ], [ 71.441506184831965, 51.127454613969725 ], [ 71.441501423760968, 51.127464028990453 ], [ 71.441502411907777, 51.127473895028075 ], [ 71.441508969609345, 51.127482915403505 ], [ 71.441520198550407, 51.127489793438556 ], [ 71.441534751258018, 51.127493683474341 ], [ 71.441553436215912, 51.127493457965038 ], [ 71.441745046866032, 51.127565902774677 ], [ 71.441753221535109, 51.127576276185593 ], [ 71.441765348791449, 51.127582534057353 ], [ 71.441780440488216, 51.127585634804305 ], [ 71.441796071174153, 51.127585071032151 ], [ 71.441810444218703, 51.127581011872394 ], [ 71.441821403665173, 51.127573908342001 ], [ 71.441827602040632, 51.127564775229871 ], [ 71.441826883388401, 51.127552992385013 ], [ 71.441941598250182, 51.127432795920285 ], [ 71.441959025566689, 51.127426932670105 ], [ 71.44196890703482, 51.127419265341828 ], [ 71.441973668105831, 51.127409850311949 ], [ 71.441972679959022, 51.127399927883204 ], [ 71.44196612225744, 51.127390907491574 ], [ 71.441954893316392, 51.127384029441792 ], [ 71.441940340608781, 51.127380195774236 ], [ 71.441920847167111, 51.127380534039041 ], [ 71.441730494158421, 51.127308765469273 ], [ 71.44172178050016, 51.127297602712368 ], [ 71.441709383749242, 51.127291401179576 ], [ 71.441694381884005, 51.12728846954559 ], [ 71.441678751198054, 51.127289089698955 ], [ 71.441664378153519, 51.127293261639494 ], [ 71.441653418707034, 51.12730036521306 ], [ 71.44164731016312, 51.127309498377478 ], [ 71.441647579657683, 51.127321732304765 ], [ 71.441532954627448, 51.127441872681118 ], [ 71.441516066300096, 51.127446890268651 ] ] ], [ [ [ 71.441647579657683, 51.127321732304765 ], [ 71.441588560343519, 51.127331090975055 ], [ 71.441553526047457, 51.127367905484967 ], [ 71.441518312088306, 51.127404832720423 ], [ 71.441532954627448, 51.127441872681118 ], [ 71.441647579657683, 51.127321732304765 ] ] ], [ [ [ 71.441920847167111, 51.127380534039041 ], [ 71.441906114796467, 51.127343324896607 ], [ 71.44184790396605, 51.127321394039527 ], [ 71.441789782967163, 51.127299406794471 ], [ 71.441730494158421, 51.127308765469273 ], [ 71.441920847167111, 51.127380534039041 ] ] ], [ [ [ 71.441826883388401, 51.127552992385013 ], [ 71.441885723039505, 51.127543802891488 ], [ 71.441921026830187, 51.127506706635209 ], [ 71.441956240789324, 51.127469723103864 ], [ 71.441941598250182, 51.127432795920285 ], [ 71.441826883388401, 51.127552992385013 ] ] ], [ [ [ 71.441553436215912, 51.127493457965038 ], [ 71.441568078755054, 51.127530159590982 ], [ 71.441627457395327, 51.127552597744227 ], [ 71.441686836035615, 51.127574979509355 ], [ 71.441745046866032, 51.127565902774677 ], [ 71.441553436215912, 51.127493457965038 ] ] ], [ [ [ 71.441588560343519, 51.127331090975055 ], [ 71.441647579657683, 51.127321732304765 ], [ 71.44164731016312, 51.127309498377478 ], [ 71.441653418707034, 51.12730036521306 ], [ 71.441664378153519, 51.127293261639494 ], [ 71.441678751198054, 51.127289089698955 ], [ 71.441694381884005, 51.12728846954559 ], [ 71.441709383749242, 51.127291401179576 ], [ 71.44172178050016, 51.127297602712368 ], [ 71.441730494158421, 51.127308765469273 ], [ 71.441789782967163, 51.127299406794471 ], [ 71.44184790396605, 51.127321394039527 ], [ 71.441882848430609, 51.127284805002873 ], [ 71.441840178454598, 51.127177405582991 ], [ 71.441846017503948, 51.127176785428148 ], [ 71.441859312570159, 51.127171429544951 ], [ 71.44186865504912, 51.127163423907881 ], [ 71.4418726974679, 51.127153896070375 ], [ 71.44187099066886, 51.127144029964398 ], [ 71.441863804146578, 51.127135178656083 ], [ 71.44185203621636, 51.127128582457068 ], [ 71.441837303845702, 51.127125143412769 ], [ 71.44182158332822, 51.127125256168327 ], [ 71.441806940789093, 51.127128977101478 ], [ 71.441795442353467, 51.127135798811501 ], [ 71.441788615157307, 51.127144650119696 ], [ 71.441787357515906, 51.127154628981025 ], [ 71.441788974483401, 51.127158068023135 ], [ 71.441482828634591, 51.127206214585762 ], [ 71.441481750656237, 51.127202719169553 ], [ 71.441473306492568, 51.127194318894034 ], [ 71.441460550415542, 51.127188399235877 ], [ 71.441445458718761, 51.12718586223928 ], [ 71.441429738201293, 51.127186877037957 ], [ 71.441415724482866, 51.127191387253902 ], [ 71.441405214194035, 51.127198829109268 ], [ 71.441399734470806, 51.127208131426777 ], [ 71.441400003965398, 51.127217997519068 ], [ 71.441405843014735, 51.127227130699787 ], [ 71.441416532966613, 51.127234347038815 ], [ 71.441430816179619, 51.127238800872504 ], [ 71.441446446865584, 51.12723953378179 ], [ 71.441452106251873, 51.127238406229019 ], [ 71.44149477622787, 51.127345805507034 ], [ 71.441553526047457, 51.127367905484967 ], [ 71.441588560343519, 51.127331090975055 ] ] ], [ [ [ 71.441591794278551, 51.12758991947247 ], [ 71.441684410584344, 51.127823207779265 ], [ 71.441783225265596, 51.127807647745222 ], [ 71.441818888382372, 51.12781322906239 ], [ 71.44186173802143, 51.127813680077878 ], [ 71.441907372437868, 51.127806576583261 ], [ 71.441944203364514, 51.127793948145687 ], [ 71.441973398611239, 51.127777880708948 ], [ 71.442072303124036, 51.12776232065962 ], [ 71.441979686818229, 51.127528919290718 ], [ 71.441921026830187, 51.127506706635209 ], [ 71.441885723039505, 51.127543802891488 ], [ 71.441826883388401, 51.127552992385013 ], [ 71.441827602040632, 51.127564775229871 ], [ 71.441821403665173, 51.127573908342001 ], [ 71.441810444218703, 51.127581011872394 ], [ 71.441796071174153, 51.127585071032151 ], [ 71.441780440488216, 51.127585634804305 ], [ 71.441765348791449, 51.127582534057353 ], [ 71.441753221535109, 51.127576276185593 ], [ 71.441745046866032, 51.127565902774677 ], [ 71.441686836035615, 51.127574979509355 ], [ 71.441627457395327, 51.127552597744227 ], [ 71.441591794278551, 51.12758991947247 ] ] ], [ [ [ 71.441812510343865, 51.127960654519057 ], [ 71.442089730440543, 51.127917357148846 ], [ 71.442131142775139, 51.127910704684723 ], [ 71.442072303124036, 51.12776232065962 ], [ 71.441973398611239, 51.127777880708948 ], [ 71.441944203364514, 51.127793948145687 ], [ 71.441907372437868, 51.127806576583261 ], [ 71.44186173802143, 51.127813680077878 ], [ 71.441818888382372, 51.12781322906239 ], [ 71.441783225265596, 51.127807647745222 ], [ 71.441684410584344, 51.127823207779265 ], [ 71.441743340066992, 51.127971478855265 ], [ 71.441812510343865, 51.127960654519057 ] ] ] ] } },
{ "type": "Feature", "properties": { "Name": "Pulsar, мини-отель", "Type": "Административные сооружения", "Caption": null, "Purpose": "Гостиница", "PostIndex": null, "Elevation": 2, "Entrances": null, "Apartments": null, "District": "Алматы", "DistrictId": "9570759093518343", "CreateDate": "2014-12-02", "UpdateDate": "2026-03-05", "HouseId": "9570784863324595", "City": "Астана", "CityId": "9570771978420226", "Okato": null, "Oktmo": null, "Street": "проспект Тауелсиздик", "StreetId1": "9570887942537473", "Number": "49/3", "Street2": null, "StreetId2": null, "Number2": null, "Street3": null, "StreetId3": null, "Number3": null, "Street4": null, "StreetId4": null, "Number4": null, "FIAS": null, "FIAS2": null, "FIAS3": null, "FIAS4": null, "GAR": null, "GAR2": null, "GAR3": null, "GAR4": null }, "geometry": { "type": "MultiPolygon", "coordinates": [ [ [ [ 71.469186602502248, 51.13246443045783 ], [ 71.469085721695848, 51.13260958622412 ], [ 71.469241040408477, 51.132655415891691 ], [ 71.469341741551816, 51.132510260269463 ], [ 71.469186602502248, 51.13246443045783 ] ] ] ] } },
{ "type": "Feature", "properties": { "Name": "Центральный концертный зал Qazaqstan", "Type": "Административные сооружения", "Caption": null, "Purpose": "Культурное учреждение", "PostIndex": null, "Elevation": 5, "Entrances": null, "Apartments": null, "District": "Есиль", "DistrictId": "9570759093518340", "CreateDate": "2014-12-02", "UpdateDate": "2025-08-28", "HouseId": "9570784863325420", "City": "Астана", "CityId": "9570771978420226", "Okato": null, "Oktmo": null, "Street": "проспект Мангилик Ел", "StreetId1": "9570887942538656", "Number": "10/1", "Street2": null, "StreetId2": null, "Number2": null, "Street3": null, "StreetId3": null, "Number3": null, "Street4": null, "StreetId4": null, "Number4": null, "FIAS": null, "FIAS2": null, "FIAS3": null, "FIAS4": null, "GAR": null, "GAR2": null, "GAR3": null, "GAR4": null }, "geometry": { "type": "MultiPolygon", "coordinates": [ [ [ [ 71.441235881762978, 51.12271754398482 ], [ 71.441219801919388, 51.122807080352132 ], [ 71.441215759500608, 51.12289701122647 ], [ 71.441223664675135, 51.12298682916007 ], [ 71.441243517442913, 51.123076083091853 ], [ 71.441274868646317, 51.123163645372792 ], [ 71.441318167443015, 51.123249459630053 ], [ 71.441368383267374, 51.123326478072123 ], [ 71.441398656492467, 51.123329184427924 ], [ 71.441454801197736, 51.123336965199975 ], [ 71.44150968826159, 51.123347734237385 ], [ 71.441562958357935, 51.123361266008594 ], [ 71.441588290848955, 51.123369215922345 ], [ 71.441713605831083, 51.123318077091625 ], [ 71.441772984471356, 51.123288870986514 ], [ 71.441828590187455, 51.123256563825549 ], [ 71.441879704327107, 51.12322149389751 ], [ 71.441925608238137, 51.123183999491602 ], [ 71.44196666124661, 51.123143798688758 ], [ 71.442001965037278, 51.123102301049137 ], [ 71.442033585735274, 51.123054826801564 ], [ 71.442058738563233, 51.123005209958606 ], [ 71.442082184592152, 51.122951364347131 ], [ 71.442111828996516, 51.122866169748853 ], [ 71.442148031102462, 51.122763327086005 ], [ 71.442424532546923, 51.122814466530841 ], [ 71.442433515699761, 51.122790898414458 ], [ 71.442449236217229, 51.12272758018576 ], [ 71.44245633290798, 51.122663698038032 ], [ 71.442455075266594, 51.12259964665207 ], [ 71.442445103966932, 51.122535933477572 ], [ 71.442426957998194, 51.122472953200123 ], [ 71.442400278034256, 51.122411213274518 ], [ 71.442365333569697, 51.122351052007367 ], [ 71.442322843256761, 51.122292807706877 ], [ 71.442272717263904, 51.122237156985243 ], [ 71.442215225085732, 51.122184381770872 ], [ 71.442150815879856, 51.122134707609106 ], [ 71.44208020829852, 51.122088641965277 ], [ 71.441973308779708, 51.122106966737292 ], [ 71.441896951980553, 51.122122359540164 ], [ 71.44182490709477, 51.122143954562681 ], [ 71.441789154146477, 51.122157317534985 ], [ 71.441649196625207, 51.122034175061529 ], [ 71.441610389404929, 51.122048891280976 ], [ 71.441518401919836, 51.122090277099062 ], [ 71.441432163652564, 51.122136342741278 ], [ 71.44135257291839, 51.122186806274549 ], [ 71.44127980938039, 51.122241216614604 ], [ 71.441214591690752, 51.12229934821282 ], [ 71.441164825024018, 51.122352743515485 ], [ 71.441120178754389, 51.122411156890983 ], [ 71.441084425806068, 51.12246838613995 ], [ 71.441053613591833, 51.122523134448727 ], [ 71.441037443916727, 51.12255859959042 ], [ 71.441275856793126, 51.122602522200346 ], [ 71.441263549873739, 51.122629473408864 ], [ 71.44123965468718, 51.122705308838029 ], [ 71.441235881762978, 51.12271754398482 ] ] ], [ [ [ 71.442348624905421, 51.122909810151718 ], [ 71.442111828996516, 51.122866169748853 ], [ 71.442082184592152, 51.122951364347131 ], [ 71.442058738563233, 51.123005209958606 ], [ 71.442033585735274, 51.123054826801564 ], [ 71.442001965037278, 51.123102301049137 ], [ 71.44196666124661, 51.123143798688758 ], [ 71.441925608238137, 51.123183999491602 ], [ 71.441879704327107, 51.12322149389751 ], [ 71.441828590187455, 51.123256563825549 ], [ 71.441772984471356, 51.123288870986514 ], [ 71.441713605831083, 51.123318077091625 ], [ 71.441588290848955, 51.123369215922345 ], [ 71.441614162329131, 51.123377560511173 ], [ 71.441663210343634, 51.123396504977514 ], [ 71.441709293917711, 51.123418043022085 ], [ 71.441752502882878, 51.123441836347602 ], [ 71.441792388081495, 51.123467828568351 ], [ 71.441801820391973, 51.123475101876956 ], [ 71.441863265157409, 51.123450011776541 ], [ 71.441939801619611, 51.123412348409182 ], [ 71.442011127853178, 51.123370794628443 ], [ 71.442076794700455, 51.123325745100722 ], [ 71.442135903846136, 51.123277368963208 ], [ 71.442188724784856, 51.123225891735601 ], [ 71.44223444903281, 51.12317187723356 ], [ 71.442275052883659, 51.123110927599576 ], [ 71.442307482065402, 51.123047215130256 ], [ 71.442330478936682, 51.122980570665653 ], [ 71.442348624905421, 51.122909810151718 ] ] ], [ [ [ 71.440916800174065, 51.122645655403097 ], [ 71.440902516961046, 51.122691100276384 ], [ 71.440884101497716, 51.122794112249231 ], [ 71.440879430258249, 51.122897518672922 ], [ 71.440888593074135, 51.123000981247927 ], [ 71.440911230619307, 51.123103428702883 ], [ 71.440947432725252, 51.123204409984005 ], [ 71.440997289223517, 51.123303135746717 ], [ 71.441029448910697, 51.123352526740149 ], [ 71.441058554325892, 51.123345591706588 ], [ 71.441113531221276, 51.123335386492705 ], [ 71.441169945421123, 51.12332811316211 ], [ 71.441226988441656, 51.123323884480989 ], [ 71.441284211125264, 51.123322587685372 ], [ 71.441341793134981, 51.12332433554031 ], [ 71.441368383267374, 51.123326478072123 ], [ 71.441318167443015, 51.123249459630053 ], [ 71.441274868646317, 51.123163645372792 ], [ 71.441243517442913, 51.123076083091853 ], [ 71.441223664675135, 51.12298682916007 ], [ 71.441215759500608, 51.12289701122647 ], [ 71.441219801919388, 51.122807080352132 ], [ 71.441235881762978, 51.12271754398482 ], [ 71.44123965468718, 51.122705308838029 ], [ 71.440916800174065, 51.122645655403097 ] ] ] ] } },
{ "type": "Feature", "properties": { "Name": "Акорда, резиденция президента", "Type": "Административные сооружения", "Caption": null, "Purpose": "Государственное учреждение", "PostIndex": null, "Elevation": 8, "Entrances": null, "Apartments": null, "District": "Есиль", "DistrictId": "9570759093518340", "CreateDate": "2014-12-03", "UpdateDate": "2025-08-28", "HouseId": "9570784863330212", "City": "Астана", "CityId": "9570771978420226", "Okato": null, "Oktmo": null, "Street": null, "StreetId1": null, "Number": null, "Street2": null, "StreetId2": null, "Number2": null, "Street3": null, "StreetId3": null, "Number3": null, "Street4": null, "StreetId4": null, "Number4": null, "FIAS": null, "FIAS2": null, "FIAS3": null, "FIAS4": null, "GAR": null, "GAR2": null, "GAR3": null, "GAR4": null }, "geometry": { "type": "MultiPolygon", "coordinates": [ [ [ [ 71.446645895730057, 51.125506339917905 ], [ 71.446578072926101, 51.125331675111283 ], [ 71.44577354175766, 51.125455485352234 ], [ 71.445841364561602, 51.1256301496907 ], [ 71.445952396330711, 51.125613066668009 ], [ 71.445997042600339, 51.125727742679324 ], [ 71.445927333334296, 51.125752775163122 ], [ 71.445874153069482, 51.125793706627661 ], [ 71.445848101926231, 51.12584399702753 ], [ 71.445852773165711, 51.125896768060905 ], [ 71.445887268472617, 51.125944915938334 ], [ 71.445947186102075, 51.125981957069818 ], [ 71.446024261553447, 51.126002930117394 ], [ 71.446104570939852, 51.126004847008375 ], [ 71.446149037546419, 51.126119352909996 ], [ 71.446038095608827, 51.12613643574543 ], [ 71.446106008244314, 51.12631115388767 ], [ 71.4469106292443, 51.126187345940295 ], [ 71.446842626777297, 51.126012570950607 ], [ 71.44670410656046, 51.126033938638052 ], [ 71.446507285681719, 51.125527707839545 ], [ 71.446645895730057, 51.125506339917905 ] ], [ [ 71.446034861673795, 51.125815243554484 ], [ 71.446060912817046, 51.125764953123308 ], [ 71.446114003250344, 51.125723965253798 ], [ 71.446186946451419, 51.125697917923056 ], [ 71.44627004061519, 51.125690193928207 ], [ 71.446351966969104, 51.125701808109731 ], [ 71.446421676235161, 51.125731350966113 ], [ 71.446469736102841, 51.125774706765014 ], [ 71.446489768533681, 51.125826068393501 ], [ 71.446478809087225, 51.125878444792264 ], [ 71.446438474730954, 51.12592478855305 ], [ 71.4463744248512, 51.125958954361515 ], [ 71.446295013780087, 51.125976206393823 ], [ 71.446211021301011, 51.125974176743298 ], [ 71.446133856018108, 51.125953203682656 ], [ 71.446074028220181, 51.12591610614885 ], [ 71.446039443081759, 51.125868014620714 ], [ 71.446034861673795, 51.125815243554484 ] ] ], [ [ [ 71.446074028220181, 51.12591610614885 ], [ 71.446133856018108, 51.125953203682656 ], [ 71.446211021301011, 51.125974176743298 ], [ 71.446295013780087, 51.125976206393823 ], [ 71.4463744248512, 51.125958954361515 ], [ 71.446438474730954, 51.12592478855305 ], [ 71.446478809087225, 51.125878444792264 ], [ 71.446489768533681, 51.125826068393501 ], [ 71.446469736102841, 51.125774706765014 ], [ 71.446421676235161, 51.125731350966113 ], [ 71.446351966969104, 51.125701808109731 ], [ 71.44627004061519, 51.125690193928207 ], [ 71.446186946451419, 51.125697917923056 ], [ 71.446114003250344, 51.125723965253798 ], [ 71.446060912817046, 51.125764953123308 ], [ 71.446034861673795, 51.125815243554484 ], [ 71.446039443081759, 51.125868014620714 ], [ 71.446074028220181, 51.12591610614885 ] ] ] ] } },
{ "type": "Feature", "properties": { "Name": "Железнодорожный вокзал Астана", "Type": "Административные сооружения", "Caption": null, "Purpose": "Вокзал", "PostIndex": null, "Elevation": 8, "Entrances": null, "Apartments": null, "District": "Сарыарка", "DistrictId": "70030076297673516", "CreateDate": "2014-12-03", "UpdateDate": "2026-03-16", "HouseId": "9570784863332291", "City": "Астана", "CityId": "9570771978420226", "Okato": null, "Oktmo": null, "Street": "Гете", "StreetId1": "9570887942537512", "Number": "1", "Street2": null, "StreetId2": null, "Number2": null, "Street3": null, "StreetId3": null, "Number3": null, "Street4": null, "StreetId4": null, "Number4": null, "FIAS": null, "FIAS2": null, "FIAS3": null, "FIAS4": null, "GAR": null, "GAR2": null, "GAR3": null, "GAR4": null }, "geometry": { "type": "MultiPolygon", "coordinates": [ [ [ [ 71.40851807130548, 51.195884663137562 ], [ 71.408850447960603, 51.195780069126499 ], [ 71.408869761739211, 51.195804106630128 ], [ 71.409125601932118, 51.195723549981885 ], [ 71.408946118538353, 51.19549859859562 ], [ 71.408690368176963, 51.195579099343028 ], [ 71.40870950229251, 51.195603193245674 ], [ 71.408377484963509, 51.19570767507021 ], [ 71.40851807130548, 51.195884663137562 ] ] ], [ [ [ 71.407712013001046, 51.195917200946184 ], [ 71.407692789053968, 51.195893107207752 ], [ 71.407539266971909, 51.19594140725949 ], [ 71.407718570702599, 51.196166469070704 ], [ 71.407872092784672, 51.196118169254902 ], [ 71.40785295866911, 51.196094019328001 ], [ 71.408159913001697, 51.195997250612848 ], [ 71.408019506322788, 51.195820375565773 ], [ 71.407712013001046, 51.195917200946184 ] ] ], [ [ [ 71.40898429693793, 51.19542592262524 ], [ 71.40890749098115, 51.195450072902332 ], [ 71.408946118538353, 51.19549859859562 ], [ 71.409125601932118, 51.195723549981885 ], [ 71.410225588997534, 51.195377227972138 ], [ 71.410189656386166, 51.195332192408983 ], [ 71.410007657709599, 51.195103861426496 ], [ 71.409930941584349, 51.195128011872384 ], [ 71.409969209815443, 51.195176200136842 ], [ 71.409687857468441, 51.19526463898174 ], [ 71.409790445073895, 51.195393384469696 ], [ 71.409598654760742, 51.195453732034125 ], [ 71.409496067155317, 51.195324986714809 ], [ 71.409022565169053, 51.195474110578132 ], [ 71.40898429693793, 51.19542592262524 ] ] ], [ [ [ 71.409496067155317, 51.195324986714809 ], [ 71.409457709092663, 51.195276629722308 ], [ 71.40898429693793, 51.19542592262524 ], [ 71.409022565169053, 51.195474110578132 ], [ 71.409496067155317, 51.195324986714809 ] ] ], [ [ [ 71.409687857468441, 51.19526463898174 ], [ 71.409649589237347, 51.195216563399008 ], [ 71.409457709092663, 51.195276629722308 ], [ 71.409496067155317, 51.195324986714809 ], [ 71.409598654760742, 51.195453732034125 ], [ 71.409790445073895, 51.195393384469696 ], [ 71.409687857468441, 51.19526463898174 ] ] ], [ [ [ 71.409969209815443, 51.195176200136842 ], [ 71.409930941584349, 51.195128011872384 ], [ 71.409649589237347, 51.195216563399008 ], [ 71.409687857468441, 51.19526463898174 ], [ 71.409969209815443, 51.195176200136842 ] ] ], [ [ [ 71.408198360895867, 51.196045494261803 ], [ 71.408556519199635, 51.19593279431691 ], [ 71.40851807130548, 51.195884663137562 ], [ 71.408377484963509, 51.19570767507021 ], [ 71.408358261016446, 51.195683524928164 ], [ 71.408000192544179, 51.195796225482781 ], [ 71.408019506322788, 51.195820375565773 ], [ 71.408159913001697, 51.195997250612848 ], [ 71.408198360895867, 51.196045494261803 ] ] ] ] } },
{ "type": "Feature", "properties": { "Name": "Well, деловой дом", "Type": "Административные сооружения", "Caption": null, "Purpose": "Бизнес-центр", "PostIndex": null, "Elevation": 4, "Entrances": null, "Apartments": null, "District": "Алматы", "DistrictId": "9570759093518343", "CreateDate": "2014-12-04", "UpdateDate": "2025-10-17", "HouseId": "9570784863334359", "City": "Астана", "CityId": "9570771978420226", "Okato": null, "Oktmo": null, "Street": "проспект Бауыржан Момышулы", "StreetId1": "9570887942540534", "Number": "2/5", "Street2": null, "StreetId2": null, "Number2": null, "Street3": null, "StreetId3": null, "Number3": null, "Street4": null, "StreetId4": null, "Number4": null, "FIAS": null, "FIAS2": null, "FIAS3": null, "FIAS4": null, "GAR": null, "GAR2": null, "GAR3": null, "GAR4": null }, "geometry": { "type": "MultiPolygon", "coordinates": [ [ [ [ 71.465665565914605, 51.135848273205887 ], [ 71.46488466043813, 51.135625904346064 ], [ 71.464813783362203, 51.135724208988016 ], [ 71.465594958333284, 51.135946521007405 ], [ 71.465665565914605, 51.135848273205887 ] ] ], [ [ [ 71.464778389740019, 51.135773304863299 ], [ 71.465559654542616, 51.135995391178504 ], [ 71.465594958333284, 51.135946521007405 ], [ 71.464813783362203, 51.135724208988016 ], [ 71.464778389740019, 51.135773304863299 ] ] ] ] } },
{ "type": "Feature", "properties": { "Name": "QazaqGazAimaq", "Type": "Административные сооружения", "Caption": null, "Purpose": "Административное здание", "PostIndex": null, "Elevation": 4, "Entrances": null, "Apartments": null, "District": "Алматы", "DistrictId": "9570759093518343", "CreateDate": "2014-12-04", "UpdateDate": "2026-05-20", "HouseId": "9570784863334483", "City": "Астана", "CityId": "9570771978420226", "Okato": null, "Oktmo": null, "Street": "проспект Бауыржан Момышулы", "StreetId1": "9570887942540534", "Number": "2/2", "Street2": null, "StreetId2": null, "Number2": null, "Street3": null, "StreetId3": null, "Number3": null, "Street4": null, "StreetId4": null, "Number4": null, "FIAS": null, "FIAS2": null, "FIAS3": null, "FIAS4": null, "GAR": null, "GAR2": null, "GAR3": null, "GAR4": null }, "geometry": { "type": "MultiPolygon", "coordinates": [ [ [ [ 71.461955703454265, 51.134699327718458 ], [ 71.461924352250847, 51.134713307112207 ], [ 71.461884197557637, 51.134743971573997 ], [ 71.46186335664305, 51.134781512964565 ], [ 71.461863985463737, 51.134821252691602 ], [ 71.461886263682786, 51.134858343072636 ], [ 71.461927496354335, 51.134888500123395 ], [ 71.462430642744977, 51.135143058668078 ], [ 71.462593058148329, 51.134917304316126 ], [ 71.462528559110936, 51.13486240159277 ], [ 71.461955703454265, 51.134699327718458 ] ] ] ] } },
{ "type": "Feature", "properties": { "Name": "Manhattan, блок", "Type": "Административные сооружения", "Caption": null, "Purpose": "Бизнес-центр", "PostIndex": null, "Elevation": 5, "Entrances": null, "Apartments": null, "District": "Алматы", "DistrictId": "9570759093518343", "CreateDate": "2014-12-04", "UpdateDate": "2025-10-13", "HouseId": "9570784863337287", "City": "Астана", "CityId": "9570771978420226", "Okato": null, "Oktmo": null, "Street": "проспект Ракымжан Кошкарбаев", "StreetId1": "9570887942538806", "Number": "1/2", "Street2": null, "StreetId2": null, "Number2": null, "Street3": null, "StreetId3": null, "Number3": null, "Street4": null, "StreetId4": null, "Number4": null, "FIAS": null, "FIAS2": null, "FIAS3": null, "FIAS4": null, "GAR": null, "GAR2": null, "GAR3": null, "GAR4": null }, "geometry": { "type": "MultiPolygon", "coordinates": [ [ [ [ 71.46497449196653, 51.129076224327392 ], [ 71.464891667297351, 51.128866902007815 ], [ 71.464559021147622, 51.128918936704807 ], [ 71.464641935648345, 51.129128822541865 ], [ 71.464724939980613, 51.129115405210968 ], [ 71.46497449196653, 51.129076224327392 ] ] ] ] } },
{ "type": "Feature", "properties": { "Name": "Dubai, блок", "Type": "Административные сооружения", "Caption": null, "Purpose": "Бизнес-центр", "PostIndex": null, "Elevation": 7, "Entrances": null, "Apartments": null, "District": "Алматы", "DistrictId": "9570759093518343", "CreateDate": "2014-12-04", "UpdateDate": "2025-10-13", "HouseId": "9570784863337309", "City": "Астана", "CityId": "9570771978420226", "Okato": null, "Oktmo": null, "Street": "проспект Ракымжан Кошкарбаев", "StreetId1": "9570887942538806", "Number": "1/4", "Street2": null, "StreetId2": null, "Number2": null, "Street3": null, "StreetId3": null, "Number3": null, "Street4": null, "StreetId4": null, "Number4": null, "FIAS": null, "FIAS2": null, "FIAS3": null, "FIAS4": null, "GAR": null, "GAR2": null, "GAR3": null, "GAR4": null }, "geometry": { "type": "MultiPolygon", "coordinates": [ [ [ [ 71.465279829331607, 51.129584783974323 ], [ 71.465197184325476, 51.129375351209667 ], [ 71.46486453817576, 51.129427385333827 ], [ 71.464947093350375, 51.129636761487781 ], [ 71.465279829331607, 51.129584783974323 ] ] ] ] } },
{ "type": "Feature", "properties": { "Name": "Агидель, гостиница", "Type": "Административные сооружения", "Caption": null, "Purpose": "Гостиница", "PostIndex": null, "Elevation": 5, "Entrances": null, "Apartments": null, "District": "Сарыарка", "DistrictId": "70030076297673516", "CreateDate": "2014-12-05", "UpdateDate": "2026-03-16", "HouseId": "9570784863349483", "City": "Астана", "CityId": "9570771978420226", "Okato": null, "Oktmo": null, "Street": "Гете", "StreetId1": "9570887942537512", "Number": "1Б", "Street2": null, "StreetId2": null, "Number2": null, "Street3": null, "StreetId3": null, "Number3": null, "Street4": null, "StreetId4": null, "Number4": null, "FIAS": null, "FIAS2": null, "FIAS3": null, "FIAS4": null, "GAR": null, "GAR2": null, "GAR3": null, "GAR4": null }, "geometry": { "type": "MultiPolygon", "coordinates": [ [ [ [ 71.406138074791727, 51.196110794803033 ], [ 71.406371636765599, 51.19604251070038 ], [ 71.406281086584968, 51.195920240809478 ], [ 71.406047614442613, 51.195988637680699 ], [ 71.406138074791727, 51.196110794803033 ] ] ] ] } },
{ "type": "Feature", "properties": { "Name": "Bcc center, бизнес-центр", "Type": "Административные сооружения", "Caption": null, "Purpose": "Бизнес-центр", "PostIndex": null, "Elevation": 11, "Entrances": null, "Apartments": null, "District": "Алматы", "DistrictId": "9570759093518343", "CreateDate": "2014-12-08", "UpdateDate": "2025-07-17", "HouseId": "9570784863359318", "City": "Астана", "CityId": "9570771978420226", "Okato": null, "Oktmo": null, "Street": "проспект Бауыржан Момышулы", "StreetId1": "9570887942540534", "Number": "2/1", "Street2": null, "StreetId2": null, "Number2": null, "Street3": null, "StreetId3": null, "Number3": null, "Street4": null, "StreetId4": null, "Number4": null, "FIAS": null, "FIAS2": null, "FIAS3": null, "FIAS4": null, "GAR": null, "GAR2": null, "GAR3": null, "GAR4": null }, "geometry": { "type": "MultiPolygon", "coordinates": [ [ [ [ 71.458983896831342, 51.130182634595371 ], [ 71.45909546758962, 51.130461516155854 ], [ 71.459815826615966, 51.130347359262224 ], [ 71.459704255857673, 51.130068420638189 ], [ 71.458983896831342, 51.130182634595371 ] ] ] ] } },
{ "type": "Feature", "properties": { "Name": "Дворец мира и согласия", "Type": "Административные сооружения", "Caption": null, "Purpose": "Административное здание", "PostIndex": null, "Elevation": 8, "Entrances": null, "Apartments": null, "District": "Сарайшык", "DistrictId": "70030076987083136", "CreateDate": "2014-12-09", "UpdateDate": "2026-05-04", "HouseId": "9570784863367299", "City": "Астана", "CityId": "9570771978420226", "Okato": null, "Oktmo": null, "Street": "проспект Тауелсиздик", "StreetId1": "9570887942537473", "Number": "57", "Street2": null, "StreetId2": null, "Number2": null, "Street3": null, "StreetId3": null, "Number3": null, "Street4": null, "StreetId4": null, "Number4": null, "FIAS": null, "FIAS2": null, "FIAS3": null, "FIAS4": null, "GAR": null, "GAR2": null, "GAR3": null, "GAR4": null }, "geometry": { "type": "MultiPolygon", "coordinates": [ [ [ [ 71.464026230352616, 51.123363803215256 ], [ 71.463823570424523, 51.122821288878086 ], [ 71.462961457246365, 51.122948714352084 ], [ 71.463164117174443, 51.123491339957148 ], [ 71.464026230352616, 51.123363803215256 ] ] ] ] } },
{ "type": "Feature", "properties": { "Name": "Silk Way Center, бизнес-центр", "Type": "Административные сооружения", "Caption": null, "Purpose": "Административное здание", "PostIndex": null, "Elevation": 10, "Entrances": null, "Apartments": null, "District": "Алматы", "DistrictId": "9570759093518343", "CreateDate": "2016-05-24", "UpdateDate": "2026-06-03", "HouseId": "9570784898926283", "City": "Астана", "CityId": "9570771978420226", "Okato": null, "Oktmo": null, "Street": "проспект Тауелсиздик", "StreetId1": "9570887942537473", "Number": "41", "Street2": null, "StreetId2": null, "Number2": null, "Street3": null, "StreetId3": null, "Number3": null, "Street4": null, "StreetId4": null, "Number4": null, "FIAS": null, "FIAS2": null, "FIAS3": null, "FIAS4": null, "GAR": null, "GAR2": null, "GAR3": null, "GAR4": null }, "geometry": { "type": "MultiPolygon", "coordinates": [ [ [ [ 71.466869847384501, 51.135062396003882 ], [ 71.467258009418771, 51.135176541242018 ], [ 71.467288192812319, 51.135135787196781 ], [ 71.467352871512773, 51.135154895944453 ], [ 71.467473874581543, 51.134992104944018 ], [ 71.467409285712606, 51.13497299612898 ], [ 71.467439738600746, 51.134932016431108 ], [ 71.467052834207863, 51.134818152430434 ], [ 71.466869847384501, 51.135062396003882 ] ] ] ] } },
{ "type": "Feature", "properties": { "Name": "Хайвил Астана блок F, жилой комплекс", "Type": "Административные сооружения", "Caption": null, "Purpose": "Административное здание", "PostIndex": "010005", "Elevation": 2, "Entrances": null, "Apartments": null, "District": "Сарайшык", "DistrictId": "70030076987083136", "CreateDate": "2017-08-22", "UpdateDate": "2026-04-01", "HouseId": "70030076143559667", "City": "Астана", "CityId": "9570771978420226", "Okato": null, "Oktmo": null, "Street": "Ахмет Байтурсынулы", "StreetId1": "9570887942540595", "Number": "9", "Street2": null, "StreetId2": null, "Number2": null, "Street3": null, "StreetId3": null, "Number3": null, "Street4": null, "StreetId4": null, "Number4": null, "FIAS": null, "FIAS2": null, "FIAS3": null, "FIAS4": null, "GAR": null, "GAR2": null, "GAR3": null, "GAR4": null }, "geometry": { "type": "MultiPolygon", "coordinates": [ [ [ [ 71.467127394376462, 51.125596829333666 ], [ 71.467087958335483, 51.125607203186824 ], [ 71.466505939862898, 51.125759146040828 ], [ 71.466466324158873, 51.125769576236969 ], [ 71.466493632943511, 51.125811184239197 ], [ 71.467153715014291, 51.125639565083333 ], [ 71.467127394376462, 51.125596829333666 ] ] ], [ [ [ 71.467497949431163, 51.125548793852786 ], [ 71.468110600454921, 51.125388787982239 ], [ 71.468083112007236, 51.125347123219576 ], [ 71.467470550814994, 51.125507298373705 ], [ 71.467497949431163, 51.125548793852786 ] ] ] ] } },
{ "type": "Feature", "properties": { "Name": "Geneva, блок", "Type": "Административные сооружения", "Caption": null, "Purpose": "Бизнес-центр", "PostIndex": null, "Elevation": 7, "Entrances": null, "Apartments": null, "District": "Алматы", "DistrictId": "9570759093518343", "CreateDate": "2018-02-13", "UpdateDate": "2025-10-13", "HouseId": "70030076157404717", "City": "Астана", "CityId": "9570771978420226", "Okato": null, "Oktmo": null, "Street": "проспект Ракымжан Кошкарбаев", "StreetId1": "9570887942538806", "Number": "1/5", "Street2": null, "StreetId2": null, "Number2": null, "Street3": null, "StreetId3": null, "Number3": null, "Street4": null, "StreetId4": null, "Number4": null, "FIAS": null, "FIAS2": null, "FIAS3": null, "FIAS4": null, "GAR": null, "GAR2": null, "GAR3": null, "GAR4": null }, "geometry": { "type": "MultiPolygon", "coordinates": [ [ [ [ 71.465197184325476, 51.129375351209667 ], [ 71.465446736311407, 51.129336170546622 ], [ 71.465368043892511, 51.129126229276544 ], [ 71.46528081747843, 51.129139928480896 ], [ 71.465031265492513, 51.129178940184616 ], [ 71.465114629150861, 51.129388261089922 ], [ 71.465197184325476, 51.129375351209667 ] ] ] ] } },
{ "type": "Feature", "properties": { "Name": "Tokyo, блок", "Type": "Административные сооружения", "Caption": null, "Purpose": "Бизнес-центр", "PostIndex": null, "Elevation": 7, "Entrances": null, "Apartments": null, "District": "Алматы", "DistrictId": "9570759093518343", "CreateDate": "2020-02-28", "UpdateDate": "2025-10-13", "HouseId": "70030076202097165", "City": "Астана", "CityId": "9570771978420226", "Okato": null, "Oktmo": null, "Street": "проспект Ракымжан Кошкарбаев", "StreetId1": "9570887942538806", "Number": "1а", "Street2": null, "StreetId2": null, "Number2": null, "Street3": null, "StreetId3": null, "Number3": null, "Street4": null, "StreetId4": null, "Number4": null, "FIAS": null, "FIAS2": null, "FIAS3": null, "FIAS4": null, "GAR": null, "GAR2": null, "GAR3": null, "GAR4": null }, "geometry": { "type": "MultiPolygon", "coordinates": [ [ [ [ 71.465368043892511, 51.129126229276544 ], [ 71.465613463628131, 51.129087668531348 ], [ 71.465530638958938, 51.12887834626364 ], [ 71.4653920289106, 51.128900050878983 ], [ 71.465197992809223, 51.128930380947764 ], [ 71.46528081747843, 51.129139928480896 ], [ 71.465368043892511, 51.129126229276544 ] ] ] ] } },
{ "type": "Feature", "properties": { "Name": "Boston,блок", "Type": "Административные сооружения", "Caption": null, "Purpose": "Бизнес-центр", "PostIndex": null, "Elevation": 5, "Entrances": null, "Apartments": null, "District": "Алматы", "DistrictId": "9570759093518343", "CreateDate": "2020-02-28", "UpdateDate": "2025-10-13", "HouseId": "70030076202100122", "City": "Астана", "CityId": "9570771978420226", "Okato": null, "Oktmo": null, "Street": "проспект Ракымжан Кошкарбаев", "StreetId1": "9570887942538806", "Number": "1/3", "Street2": null, "StreetId2": null, "Number2": null, "Street3": null, "StreetId3": null, "Number3": null, "Street4": null, "StreetId4": null, "Number4": null, "FIAS": null, "FIAS2": null, "FIAS3": null, "FIAS4": null, "GAR": null, "GAR2": null, "GAR3": null, "GAR4": null }, "geometry": { "type": "MultiPolygon", "coordinates": [ [ [ [ 71.464641935648345, 51.129128822541865 ], [ 71.464392473493959, 51.129169243637051 ], [ 71.464474669342465, 51.129376478710277 ], [ 71.464807764649805, 51.129324106278212 ], [ 71.464724939980613, 51.129115405210968 ], [ 71.464641935648345, 51.129128822541865 ] ] ] ] } },
{ "type": "Feature", "properties": { "Name": "Амфитеатр", "Type": "Административные сооружения", "Caption": null, "Purpose": "Культурное учреждение", "PostIndex": null, "Elevation": 2, "Entrances": null, "Apartments": null, "District": "Сарайшык", "DistrictId": "70030076987083136", "CreateDate": "2022-07-11", "UpdateDate": "2026-05-04", "HouseId": "70030076418635132", "City": "Астана", "CityId": "9570771978420226", "Okato": null, "Oktmo": null, "Street": null, "StreetId1": null, "Number": null, "Street2": null, "StreetId2": null, "Number2": null, "Street3": null, "StreetId3": null, "Number3": null, "Street4": null, "StreetId4": null, "Number4": null, "FIAS": null, "FIAS2": null, "FIAS3": null, "FIAS4": null, "GAR": null, "GAR2": null, "GAR3": null, "GAR4": null }, "geometry": { "type": "MultiPolygon", "coordinates": [ [ [ [ 71.455903034732913, 51.122066201157629 ], [ 71.455894321074666, 51.122060675529966 ], [ 71.455886865057806, 51.122054642445931 ], [ 71.455880487019272, 51.122048101905342 ], [ 71.455875456453683, 51.122041053907978 ], [ 71.455871863192556, 51.122033723989595 ], [ 71.455869617404346, 51.12202616853402 ], [ 71.455868898752129, 51.122018443925178 ], [ 71.455869617404346, 51.122010775699096 ], [ 71.455871863192556, 51.122003220239762 ], [ 71.455875456453683, 51.121995833931344 ], [ 71.455880487019272, 51.121988842310046 ], [ 71.455886865057806, 51.121982301760141 ], [ 71.455894321074666, 51.121976212281815 ], [ 71.455903034732913, 51.121970743027447 ], [ 71.455912646706452, 51.121966063149486 ], [ 71.455923067163752, 51.121962059880005 ], [ 71.45593420627327, 51.121958902371439 ], [ 71.455945884371957, 51.121956590623967 ], [ 71.455957921796781, 51.121955181021782 ], [ 71.455970138884638, 51.121954729949074 ], [ 71.455982355972509, 51.121955181021782 ], [ 71.455994393397305, 51.121956590623967 ], [ 71.456006071495992, 51.121958902371439 ], [ 71.456017210605523, 51.121962059880005 ], [ 71.456027631062824, 51.121966063149486 ], [ 71.45612249315684, 51.121883798711224 ], [ 71.456103628535871, 51.121875735773493 ], [ 71.456082428295147, 51.121868236676278 ], [ 71.456060239907629, 51.1218620907987 ], [ 71.456037243036363, 51.121857241757112 ], [ 71.456013617344382, 51.121853802320338 ], [ 71.455989632326308, 51.121851659720228 ], [ 71.455965377813641, 51.121850983109653 ], [ 71.45594112330096, 51.121851659720228 ], [ 71.455917138282871, 51.121853802320338 ], [ 71.455893512590904, 51.121857241757112 ], [ 71.455870515719624, 51.1218620907987 ], [ 71.45584832733212, 51.121868236676278 ], [ 71.45582712709141, 51.121875735773493 ], [ 71.455807094660571, 51.121884306168809 ], [ 71.455788499534179, 51.121894117014129 ], [ 71.455771341712264, 51.121904886387902 ], [ 71.455767478956545, 51.121907649211145 ], [ 71.455848866321276, 51.121944355275623 ], [ 71.455819132085395, 51.121970404723029 ], [ 71.455737924383698, 51.121933698679264 ], [ 71.455730288703776, 51.121942550984336 ], [ 71.455716364816865, 51.121963695018287 ], [ 71.455709807115312, 51.12197841126018 ], [ 71.455705315538893, 51.121993353033588 ], [ 71.455703069750669, 51.122008576722259 ], [ 71.455703069750669, 51.122023856789909 ], [ 71.455705315538893, 51.122039024084536 ], [ 71.455709807115312, 51.122054022222294 ], [ 71.455716364816865, 51.122068738435424 ], [ 71.455725168306671, 51.122082947188488 ], [ 71.45573594809008, 51.122096592098018 ], [ 71.455748704167121, 51.122109616780648 ], [ 71.455763346706235, 51.122121739317443 ], [ 71.455779696044416, 51.122133072476878 ], [ 71.455797662350079, 51.12214333434023 ], [ 71.455816347308001, 51.12215229937285 ], [ 71.455910400918242, 51.122069866114394 ], [ 71.455910490749758, 51.122069809730441 ], [ 71.455903034732913, 51.122066201157629 ] ] ], [ [ [ 71.456070660364929, 51.122010775699096 ], [ 71.45606841457672, 51.122003220239762 ], [ 71.456064821315579, 51.121995833931344 ], [ 71.45605979074999, 51.121988842310046 ], [ 71.456053412711483, 51.121982301760141 ], [ 71.456045956694624, 51.121976212281815 ], [ 71.456037243036363, 51.121970743027447 ], [ 71.456027631062824, 51.121966063149486 ], [ 71.456017210605523, 51.121962059880005 ], [ 71.456006071495992, 51.121958902371439 ], [ 71.455994393397305, 51.121956590623967 ], [ 71.455982355972509, 51.121955181021782 ], [ 71.455970138884638, 51.121954729949074 ], [ 71.455957921796781, 51.121955181021782 ], [ 71.455945884371957, 51.121956590623967 ], [ 71.45593420627327, 51.121958902371439 ], [ 71.455923067163752, 51.121962059880005 ], [ 71.455912646706452, 51.121966063149486 ], [ 71.455903034732913, 51.121970743027447 ], [ 71.455894321074666, 51.121976212281815 ], [ 71.455886865057806, 51.121982301760141 ], [ 71.455880487019272, 51.121988842310046 ], [ 71.455875456453683, 51.121995833931344 ], [ 71.455871863192556, 51.122003220239762 ], [ 71.455869617404346, 51.122010775699096 ], [ 71.455868898752129, 51.122018443925178 ], [ 71.455869617404346, 51.12202616853402 ], [ 71.455871863192556, 51.122033723989595 ], [ 71.455875456453683, 51.122041053907978 ], [ 71.455880487019272, 51.122048101905342 ], [ 71.455886865057806, 51.122054642445931 ], [ 71.455894321074666, 51.122060675529966 ], [ 71.455903034732913, 51.122066201157629 ], [ 71.455912646706452, 51.122070881025451 ], [ 71.455923067163752, 51.122074884285503 ], [ 71.45593420627327, 51.122078041786139 ], [ 71.455945884371957, 51.122080297143597 ], [ 71.455957921796781, 51.122081706741952 ], [ 71.455970138884638, 51.122082157813431 ], [ 71.455982355972509, 51.122081706741952 ], [ 71.455994393397305, 51.122080297143597 ], [ 71.456006071495992, 51.122078041786139 ], [ 71.456017210605523, 51.122074884285503 ], [ 71.456027631062824, 51.122070881025451 ], [ 71.456037243036363, 51.122066201157629 ], [ 71.456045956694624, 51.122060675529966 ], [ 71.456053412711483, 51.122054642445931 ], [ 71.45605979074999, 51.122048101905342 ], [ 71.456064821315579, 51.122041053907978 ], [ 71.45606841457672, 51.122033723989595 ], [ 71.456070660364929, 51.12202616853402 ], [ 71.456071379017175, 51.122018443925178 ], [ 71.456070660364929, 51.122010775699096 ] ] ] ] } },
{ "type": "Feature", "properties": { "Name": "Алтын Орда, бизнес-центр", "Type": "Административные сооружения", "Caption": null, "Purpose": "Бизнес-центр", "PostIndex": null, "Elevation": 22, "Entrances": null, "Apartments": null, "District": "Есиль", "DistrictId": "9570759093518340", "CreateDate": "2025-01-14", "UpdateDate": "2025-01-14", "HouseId": "70030077006683542", "City": "Астана", "CityId": "9570771978420226", "Okato": null, "Oktmo": null, "Street": "проспект Мангилик Ел", "StreetId1": "9570887942538656", "Number": "8/2", "Street2": null, "StreetId2": null, "Number2": null, "Street3": null, "StreetId3": null, "Number3": null, "Street4": null, "StreetId4": null, "Number4": null, "FIAS": null, "FIAS2": null, "FIAS3": null, "FIAS4": null, "GAR": null, "GAR2": null, "GAR3": null, "GAR4": null }, "geometry": { "type": "MultiPolygon", "coordinates": [ [ [ [ 71.439702996562161, 51.127676853048854 ], [ 71.439763543012319, 51.127651032327947 ], [ 71.439810075744035, 51.127615458341666 ], [ 71.43983873200159, 51.127573119060763 ], [ 71.43984735582832, 51.127527340726736 ], [ 71.439835048908932, 51.12748190061135 ], [ 71.439802979053283, 51.127440576001121 ], [ 71.439753661544174, 51.127406524043479 ], [ 71.439688084528441, 51.127381379701021 ], [ 71.439620351556016, 51.127370724358947 ], [ 71.439547228691893, 51.127371908285959 ], [ 71.439477519425836, 51.127386002652912 ], [ 71.439408349148977, 51.127418532435371 ], [ 71.439370440243977, 51.127447454042489 ], [ 71.439341783986421, 51.127489737061239 ], [ 71.439333249991222, 51.127535515432562 ], [ 71.439345467079079, 51.127581011872394 ], [ 71.439377536934714, 51.127622336356993 ], [ 71.439426944275354, 51.127656388155529 ], [ 71.439489467019129, 51.127680235674973 ], [ 71.439560164431981, 51.127692187618621 ], [ 71.439633287296118, 51.127691003699837 ], [ 71.439702996562161, 51.127676853048854 ] ] ], [ [ [ 71.440132121773388, 51.127680235674973 ], [ 71.439921736333844, 51.127312430010114 ], [ 71.439822113168844, 51.127328328476189 ], [ 71.439753661544174, 51.127406524043479 ], [ 71.439802979053283, 51.127440576001121 ], [ 71.439835048908932, 51.12748190061135 ], [ 71.43984735582832, 51.127527340726736 ], [ 71.43983873200159, 51.127573119060763 ], [ 71.439810075744035, 51.127615458341666 ], [ 71.439763543012319, 51.127651032327947 ], [ 71.439702996562161, 51.127676853048854 ], [ 71.439633287296118, 51.127691003699837 ], [ 71.439560164431981, 51.127692187618621 ], [ 71.439489467019129, 51.127680235674973 ], [ 71.439426944275354, 51.127656388155529 ], [ 71.439377536934714, 51.127622336356993 ], [ 71.439345467079079, 51.127581011872394 ], [ 71.439333249991222, 51.127535515432562 ], [ 71.439341783986421, 51.127489737061239 ], [ 71.439370440243977, 51.127447454042489 ], [ 71.439408349148977, 51.127418532435371 ], [ 71.439350048487029, 51.127402972264989 ], [ 71.439147658053514, 51.127435051016306 ], [ 71.439229764070475, 51.127595782701981 ], [ 71.439395952398058, 51.12787676582743 ], [ 71.440132121773388, 51.127680235674973 ] ] ] ] } },
{ "type": "Feature", "properties": { "Name": "Қабылдау үйі", "Type": "Административные сооружения", "Caption": null, "Purpose": "Административное здание", "PostIndex": null, "Elevation": 1, "Entrances": null, "Apartments": null, "District": "Сарайшык", "DistrictId": "70030076987083136", "CreateDate": "2025-03-05", "UpdateDate": "2026-06-22", "HouseId": "70030077022384849", "City": "Астана", "CityId": "9570771978420226", "Okato": null, "Oktmo": null, "Street": "Шамши Калдаяков", "StreetId1": "9570887942538294", "Number": "1Б", "Street2": null, "StreetId2": null, "Number2": null, "Street3": null, "StreetId3": null, "Number3": null, "Street4": null, "StreetId4": null, "Number4": null, "FIAS": null, "FIAS2": null, "FIAS3": null, "FIAS4": null, "GAR": null, "GAR2": null, "GAR3": null, "GAR4": null }, "geometry": { "type": "MultiPolygon", "coordinates": [ [ [ [ 71.449856115229409, 51.121163598028495 ], [ 71.449847671065712, 51.121262440922699 ], [ 71.449918997299278, 51.12126475270491 ], [ 71.449921153255957, 51.121237857085127 ], [ 71.450042605482381, 51.121241973187296 ], [ 71.450044132618359, 51.121253814027064 ], [ 71.450048354700201, 51.121264809089837 ], [ 71.450055181896346, 51.121275183915905 ], [ 71.450064524375321, 51.121284825735856 ], [ 71.450076202473994, 51.121293396240809 ], [ 71.450085724616017, 51.121298809190499 ], [ 71.450621569682994, 51.121567877097796 ], [ 71.450888818480024, 51.121357054744237 ], [ 71.450777157890201, 51.121301008201122 ], [ 71.450866180934867, 51.12123069619421 ], [ 71.450642949586751, 51.121118602733375 ], [ 71.450624983281074, 51.121112400370954 ], [ 71.45060728646996, 51.121110596047195 ], [ 71.45058958965889, 51.121112400370954 ], [ 71.450573599646816, 51.121117475031177 ], [ 71.450562550368829, 51.121124128473731 ], [ 71.450473167998041, 51.121079302295641 ], [ 71.450482779971594, 51.121068025262851 ], [ 71.450485564748973, 51.121056917382866 ], [ 71.450482779971594, 51.121045865885399 ], [ 71.450474695134048, 51.121035772933894 ], [ 71.450464095013686, 51.121028781167304 ], [ 71.450296649044731, 51.120944654344399 ], [ 71.449797455241338, 51.120927569588872 ], [ 71.44979134669741, 51.120999460844281 ], [ 71.449434805361136, 51.120987338012974 ], [ 71.449420881474239, 51.121148881527027 ], [ 71.449856115229409, 51.121163598028495 ] ] ], [ [ [ 71.449856115229409, 51.121163598028495 ], [ 71.449420881474239, 51.121148881527027 ], [ 71.44941234747904, 51.121247611682797 ], [ 71.449540626901623, 51.121251953323871 ], [ 71.449537752292713, 51.121287588596196 ], [ 71.449538291281854, 51.121295031402767 ], [ 71.449540087912439, 51.12130253059302 ], [ 71.449542962521349, 51.12130974785768 ], [ 71.449546915108584, 51.121316795966628 ], [ 71.449552035505718, 51.121323618535037 ], [ 71.449558144049647, 51.121330046408502 ], [ 71.449565240740398, 51.121336023202325 ], [ 71.449573235746428, 51.121341661686344 ], [ 71.449582129067736, 51.121346679936543 ], [ 71.449591651209758, 51.121351134337949 ], [ 71.449601892003983, 51.121354968505912 ], [ 71.449612671787392, 51.121358182440574 ], [ 71.449623900728454, 51.12136066337245 ], [ 71.44963539916408, 51.121362524071266 ], [ 71.449647256925843, 51.121363651767481 ], [ 71.449659114687577, 51.121363990076325 ], [ 71.44967097244934, 51.121363651767481 ], [ 71.449682830211088, 51.121362524071266 ], [ 71.449694328646729, 51.12136066337245 ], [ 71.449705557587777, 51.121358182440574 ], [ 71.449716337371186, 51.121354968505912 ], [ 71.449726578165425, 51.121351134337949 ], [ 71.449736100307433, 51.121346679936543 ], [ 71.449744993628741, 51.121341661686344 ], [ 71.449752988634771, 51.121336023202325 ], [ 71.449760085325522, 51.121330046408502 ], [ 71.449766193869451, 51.121323618535037 ], [ 71.44977131426657, 51.121316795966628 ], [ 71.44977526685382, 51.12130974785768 ], [ 71.44977814146273, 51.12130253059302 ], [ 71.4497799380933, 51.121295031402767 ], [ 71.449782992365257, 51.121260354680089 ], [ 71.449847671065712, 51.121262440922699 ], [ 71.449856115229409, 51.121163598028495 ] ] ] ] } },
{ "type": "Feature", "properties": { "Name": null, "Type": "Дома_новостройки", "Caption": null, "Purpose": "Строящееся административное здание", "PostIndex": null, "Elevation": 5, "Entrances": null, "Apartments": null, "District": "Алматы", "DistrictId": "9570759093518343", "CreateDate": "2014-12-05", "UpdateDate": "2026-04-15", "HouseId": "9570784863349738", "City": "Астана", "CityId": "9570771978420226", "Okato": null, "Oktmo": null, "Street": "проспект Ракымжан Кошкарбаев", "StreetId1": "9570887942538806", "Number": "1Б", "Street2": null, "StreetId2": null, "Number2": null, "Street3": null, "StreetId3": null, "Number3": null, "Street4": null, "StreetId4": null, "Number4": null, "FIAS": null, "FIAS2": null, "FIAS3": null, "FIAS4": null, "GAR": null, "GAR2": null, "GAR3": null, "GAR4": null }, "geometry": { "type": "MultiPolygon", "coordinates": [ [ [ [ 71.460493066508647, 51.129764506407888 ], [ 71.460772442562018, 51.130535703892001 ], [ 71.46107885790542, 51.130491732451844 ], [ 71.460799481852078, 51.129720590608052 ], [ 71.460493066508647, 51.129764506407888 ] ] ] ] } },
{ "type": "Feature", "properties": { "Name": null, "Type": "Дома_новостройки", "Caption": null, "Purpose": "Строящееся административное здание", "PostIndex": "010010", "Elevation": 3, "Entrances": null, "Apartments": null, "District": "Сарайшык", "DistrictId": "70030076987083136", "CreateDate": "2014-12-05", "UpdateDate": "2026-04-01", "HouseId": "9570784863343664", "City": "Астана", "CityId": "9570771978420226", "Okato": null, "Oktmo": null, "Street": "проспект Ракымжан Кошкарбаев", "StreetId1": "9570887942538806", "Number": "6", "Street2": null, "StreetId2": null, "Number2": null, "Street3": null, "StreetId3": null, "Number3": null, "Street4": null, "StreetId4": null, "Number4": null, "FIAS": null, "FIAS2": null, "FIAS3": null, "FIAS4": null, "GAR": null, "GAR2": null, "GAR3": null, "GAR4": null }, "geometry": { "type": "MultiPolygon", "coordinates": [ [ [ [ 71.46489265544416, 51.127715584103136 ], [ 71.464384837814052, 51.12774473103233 ], [ 71.464381783542066, 51.12771941774286 ], [ 71.464370913927127, 51.127698501851761 ], [ 71.464347647561283, 51.127664506461407 ], [ 71.464315128547995, 51.127633555412594 ], [ 71.464288538415587, 51.127616078490632 ], [ 71.464576987453313, 51.127389216167963 ], [ 71.464409721147419, 51.127305044550617 ], [ 71.464088573433344, 51.127557784451476 ], [ 71.464058030713673, 51.127556036756708 ], [ 71.463999370725631, 51.127559475768919 ], [ 71.463942597199676, 51.127569398163395 ], [ 71.46388968642944, 51.127585522049877 ], [ 71.463841985887854, 51.127607396404358 ], [ 71.463801382037005, 51.127634231938465 ], [ 71.463768952855247, 51.12766529574106 ], [ 71.463745955983981, 51.127699347507914 ], [ 71.463733020243879, 51.127735428822895 ], [ 71.463730504961092, 51.127772581272438 ], [ 71.463738499967121, 51.12780922629964 ], [ 71.463756825598921, 51.127844461875284 ], [ 71.46378485303579, 51.127877104088569 ], [ 71.463821683962436, 51.127905969031715 ], [ 71.463866150569004, 51.127930323813459 ], [ 71.463916725719486, 51.12794932278937 ], [ 71.463971882277917, 51.127962289445009 ], [ 71.464029823613743, 51.127968772771446 ], [ 71.464088753096391, 51.127968716394705 ], [ 71.464146694432216, 51.12796200756123 ], [ 71.46420185099069, 51.127948871775189 ], [ 71.464252336309627, 51.127929816422295 ], [ 71.464296623253148, 51.127905405263462 ], [ 71.464323932037786, 51.127883700180696 ], [ 71.464912148885801, 51.127849874057326 ], [ 71.46489265544416, 51.127715584103136 ] ] ] ] } },
{ "type": "Feature", "properties": { "Name": null, "Type": "Дома_новостройки", "Caption": null, "Purpose": "Строящееся административное здание", "PostIndex": null, "Elevation": 4, "Entrances": null, "Apartments": null, "District": "Алматы", "DistrictId": "9570759093518343", "CreateDate": "2025-05-12", "UpdateDate": "2026-04-15", "HouseId": "70030077049550387", "City": "Астана", "CityId": "9570771978420226", "Okato": null, "Oktmo": null, "Street": "Дауылпаз", "StreetId1": "9570887942541699", "Number": "1а", "Street2": null, "StreetId2": null, "Number2": null, "Street3": null, "StreetId3": null, "Number3": null, "Street4": null, "StreetId4": null, "Number4": null, "FIAS": null, "FIAS2": null, "FIAS3": null, "FIAS4": null, "GAR": null, "GAR2": null, "GAR3": null, "GAR4": null }, "geometry": { "type": "MultiPolygon", "coordinates": [ [ [ [ 71.46426078047331, 51.130501710589996 ], [ 71.464518956285957, 51.130141086905233 ], [ 71.464362739258036, 51.13009683321858 ], [ 71.464104473613872, 51.13045740087523 ], [ 71.46426078047331, 51.130501710589996 ] ] ] ] } },
{ "type": "Feature", "properties": { "Name": "A-85, бизнес-центр", "Type": "Дома_новостройки", "Caption": null, "Purpose": "Строящееся административное здание", "PostIndex": null, "Elevation": 2, "Entrances": null, "Apartments": null, "District": "Алматы", "DistrictId": "9570759093518343", "CreateDate": "2026-04-16", "UpdateDate": "2026-04-16", "HouseId": "70030077148803892", "City": "Астана", "CityId": "9570771978420226", "Okato": null, "Oktmo": null, "Street": null, "StreetId1": null, "Number": null, "Street2": null, "StreetId2": null, "Number2": null, "Street3": null, "StreetId3": null, "Number3": null, "Street4": null, "StreetId4": null, "Number4": null, "FIAS": null, "FIAS2": null, "FIAS3": null, "FIAS4": null, "GAR": null, "GAR2": null, "GAR3": null, "GAR4": null }, "geometry": { "type": "MultiPolygon", "coordinates": [ [ [ [ 71.462426690157713, 51.133106494645261 ], [ 71.462569971445532, 51.132881124931515 ], [ 71.462344494309207, 51.132824472291702 ], [ 71.462201213021416, 51.133049729540851 ], [ 71.462426690157713, 51.133106494645261 ] ] ] ] } },
{ "type": "Feature", "properties": { "Name": null, "Type": "Дошкольные", "Caption": null, "Purpose": "Детский сад, ясли", "PostIndex": null, "Elevation": 3, "Entrances": null, "Apartments": null, "District": "Алматы", "DistrictId": "9570759093518343", "CreateDate": "2016-08-26", "UpdateDate": "2026-03-05", "HouseId": "9570784907065104", "City": "Астана", "CityId": "9570771978420226", "Okato": null, "Oktmo": null, "Street": "Шертер", "StreetId1": "9570887942540612", "Number": "5", "Street2": null, "StreetId2": null, "Number2": null, "Street3": null, "StreetId3": null, "Number3": null, "Street4": null, "StreetId4": null, "Number4": null, "FIAS": null, "FIAS2": null, "FIAS3": null, "FIAS4": null, "GAR": null, "GAR2": null, "GAR3": null, "GAR4": null }, "geometry": { "type": "MultiPolygon", "coordinates": [ [ [ [ 71.464511230774505, 51.132452310635351 ], [ 71.464745691063669, 51.132144296962778 ], [ 71.464591091003285, 51.132097677584063 ], [ 71.464547882038119, 51.132154331115522 ], [ 71.464406217717809, 51.132111545022063 ], [ 71.464449426682961, 51.132054778694588 ], [ 71.464294826622577, 51.132008271969113 ], [ 71.464060276501883, 51.132316286548999 ], [ 71.464511230774505, 51.132452310635351 ] ] ] ] } },
{ "type": "Feature", "properties": { "Name": null, "Type": "Дошкольные", "Caption": null, "Purpose": "Детский сад, ясли", "PostIndex": null, "Elevation": 2, "Entrances": null, "Apartments": null, "District": "Алматы", "DistrictId": "9570759093518343", "CreateDate": "2014-12-02", "UpdateDate": "2026-03-05", "HouseId": "9570784863324592", "City": "Астана", "CityId": "9570771978420226", "Okato": null, "Oktmo": null, "Street": "проспект Тауелсиздик", "StreetId1": "9570887942537473", "Number": "49/6", "Street2": null, "StreetId2": null, "Number2": null, "Street3": null, "StreetId3": null, "Number3": null, "Street4": null, "StreetId4": null, "Number4": null, "FIAS": null, "FIAS2": null, "FIAS3": null, "FIAS4": null, "GAR": null, "GAR2": null, "GAR3": null, "GAR4": null }, "geometry": { "type": "MultiPolygon", "coordinates": [ [ [ [ 71.46963351435609, 51.131861254036828 ], [ 71.469524997869783, 51.132008497456383 ], [ 71.469680226750867, 51.132054271348736 ], [ 71.469788653405672, 51.131907084447079 ], [ 71.46963351435609, 51.131861254036828 ] ] ] ] } },
{ "type": "Feature", "properties": { "Name": null, "Type": "Дошкольные", "Caption": null, "Purpose": "Детский сад, ясли", "PostIndex": null, "Elevation": 2, "Entrances": null, "Apartments": null, "District": "Алматы", "DistrictId": "9570759093518343", "CreateDate": "2014-12-02", "UpdateDate": "2026-03-05", "HouseId": "9570784863324590", "City": "Астана", "CityId": "9570771978420226", "Okato": null, "Oktmo": null, "Street": "Акыртас", "StreetId1": "9570887942537761", "Number": "15", "Street2": null, "StreetId2": null, "Number2": null, "Street3": null, "StreetId3": null, "Number3": null, "Street4": null, "StreetId4": null, "Number4": null, "FIAS": null, "FIAS2": null, "FIAS3": null, "FIAS4": null, "GAR": null, "GAR2": null, "GAR3": null, "GAR4": null }, "geometry": { "type": "MultiPolygon", "coordinates": [ [ [ [ 71.469080780961775, 51.131302491429174 ], [ 71.468995171515203, 51.131427187625405 ], [ 71.469151568206172, 51.131471440037231 ], [ 71.469239423440953, 51.13134854788445 ], [ 71.469080780961775, 51.131302491429174 ] ] ] ] } },
{ "type": "Feature", "properties": { "Name": null, "Type": "Дошкольные", "Caption": null, "Purpose": "Детский сад, ясли", "PostIndex": null, "Elevation": 2, "Entrances": null, "Apartments": null, "District": "Алматы", "DistrictId": "9570759093518343", "CreateDate": "2014-12-04", "UpdateDate": "2026-04-15", "HouseId": "9570784863335186", "City": "Астана", "CityId": "9570771978420226", "Okato": null, "Oktmo": null, "Street": "Дауылпаз", "StreetId1": "9570887942541699", "Number": "1", "Street2": null, "StreetId2": null, "Number2": null, "Street3": null, "StreetId3": null, "Number3": null, "Street4": null, "StreetId4": null, "Number4": null, "FIAS": null, "FIAS2": null, "FIAS3": null, "FIAS4": null, "GAR": null, "GAR2": null, "GAR3": null, "GAR4": null }, "geometry": { "type": "MultiPolygon", "coordinates": [ [ [ [ 71.463261225056669, 51.130915491370551 ], [ 71.463495865008881, 51.130981560656018 ], [ 71.463741284744501, 51.130637063539467 ], [ 71.463545631675615, 51.13058193023268 ], [ 71.463580845634752, 51.130532603343113 ], [ 71.463215770303293, 51.130429665001571 ], [ 71.463180646175672, 51.130478935627409 ], [ 71.462985172769862, 51.130423802131844 ], [ 71.462739753034228, 51.130768357212602 ], [ 71.46297448281797, 51.130834539455066 ], [ 71.463102941903614, 51.130654031957043 ], [ 71.4633896841423, 51.130734984188933 ], [ 71.463261225056669, 51.130915491370551 ] ] ] ] } },
{ "type": "Feature", "properties": { "Name": null, "Type": "Жилые дома", "Caption": null, "Purpose": "Жилой дом", "PostIndex": null, "Elevation": 5, "Entrances": 4, "Apartments": 76, "District": "Сарыарка", "DistrictId": "70030076297673516", "CreateDate": "2014-12-03", "UpdateDate": "2026-03-16", "HouseId": "9570784863332464", "City": "Астана", "CityId": "9570771978420226", "Okato": null, "Oktmo": null, "Street": "Гете", "StreetId1": "9570887942537512", "Number": "3", "Street2": null, "StreetId2": null, "Number2": null, "Street3": null, "StreetId3": null, "Number3": null, "Street4": null, "StreetId4": null, "Number4": null, "FIAS": null, "FIAS2": null, "FIAS3": null, "FIAS4": null, "GAR": null, "GAR2": null, "GAR3": null, "GAR4": null }, "geometry": { "type": "MultiPolygon", "coordinates": [ [ [ [ 71.406459042842741, 51.195843850109817 ], [ 71.406523541880148, 51.195824372431446 ], [ 71.406443052830681, 51.195719609401472 ], [ 71.40602614470734, 51.195176706788892 ], [ 71.405871454815397, 51.195223600226306 ], [ 71.40636894181975, 51.195871265209689 ], [ 71.406459042842741, 51.195843850109817 ] ] ], [ [ [ 71.406443052830681, 51.195719609401472 ], [ 71.406523541880148, 51.195824372431446 ], [ 71.406459042842741, 51.195843850109817 ], [ 71.406490304214643, 51.195884437962334 ], [ 71.406619122626381, 51.195845370043919 ], [ 71.4065037789439, 51.19570063831685 ], [ 71.406443052830681, 51.195719609401472 ] ] ], [ [ [ 71.406527584298942, 51.19593296319816 ], [ 71.406682184359326, 51.1958860704827 ], [ 71.406644814443496, 51.195837545197499 ], [ 71.406619122626381, 51.195845370043919 ], [ 71.406490304214643, 51.195884437962334 ], [ 71.406527584298942, 51.19593296319816 ] ] ] ] } },
{ "type": "Feature", "properties": { "Name": null, "Type": "Жилые дома", "Caption": null, "Purpose": "Жилой дом", "PostIndex": null, "Elevation": 5, "Entrances": 4, "Apartments": 80, "District": "Сарыарка", "DistrictId": "70030076297673516", "CreateDate": "2014-12-05", "UpdateDate": "2026-03-16", "HouseId": "9570784863349481", "City": null, "CityId": null, "Okato": null, "Oktmo": null, "Street": "Вольфганга Гете", "StreetId1": null, "Number": "1", "Street2": null, "StreetId2": null, "Number2": null, "Street3": null, "StreetId3": null, "Number3": null, "Street4": null, "StreetId4": null, "Number4": null, "FIAS": null, "FIAS2": null, "FIAS3": null, "FIAS4": null, "GAR": null, "GAR2": null, "GAR3": null, "GAR4": null }, "geometry": { "type": "MultiPolygon", "coordinates": [ [ [ [ 71.40476688634206, 51.1965131791993 ], [ 71.40572673622313, 51.196232613841204 ], [ 71.405654421842755, 51.196134775840633 ], [ 71.404694482130154, 51.196415398087673 ], [ 71.40476688634206, 51.1965131791993 ] ] ] ] } },
{ "type": "Feature", "properties": { "Name": null, "Type": "Жилые дома", "Caption": null, "Purpose": "Общежитие", "PostIndex": null, "Elevation": 4, "Entrances": 1, "Apartments": 16, "District": "Сарыарка", "DistrictId": "70030076297673516", "CreateDate": "2014-12-05", "UpdateDate": "2026-03-16", "HouseId": "9570784863349417", "City": "Астана", "CityId": "9570771978420226", "Okato": null, "Oktmo": null, "Street": "Карасай батыра", "StreetId1": "9570887942537724", "Number": "2в", "Street2": null, "StreetId2": null, "Number2": null, "Street3": null, "StreetId3": null, "Number3": null, "Street4": null, "StreetId4": null, "Number4": null, "FIAS": null, "FIAS2": null, "FIAS3": null, "FIAS4": null, "GAR": null, "GAR2": null, "GAR3": null, "GAR4": null }, "geometry": { "type": "MultiPolygon", "coordinates": [ [ [ [ 71.403949868591141, 51.195933976485591 ], [ 71.403877464379264, 51.195836137850854 ], [ 71.403566108301774, 51.195927221235557 ], [ 71.40363851251368, 51.196025003383234 ], [ 71.403949868591141, 51.195933976485591 ] ] ] ] } },
{ "type": "Feature", "properties": { "Name": null, "Type": "Жилые дома", "Caption": null, "Purpose": "Жилой дом", "PostIndex": null, "Elevation": 5, "Entrances": 4, "Apartments": 70, "District": "Сарыарка", "DistrictId": "70030076297673516", "CreateDate": "2014-12-05", "UpdateDate": "2026-03-16", "HouseId": "9570784863349345", "City": "Астана", "CityId": "9570771978420226", "Okato": null, "Oktmo": null, "Street": "Гете", "StreetId1": "9570887942537512", "Number": "4а", "Street2": null, "StreetId2": null, "Number2": null, "Street3": null, "StreetId3": null, "Number3": null, "Street4": null, "StreetId4": null, "Number4": null, "FIAS": null, "FIAS2": null, "FIAS3": null, "FIAS4": null, "GAR": null, "GAR2": null, "GAR3": null, "GAR4": null }, "geometry": { "type": "MultiPolygon", "coordinates": [ [ [ [ 71.40572098700531, 51.194352770611125 ], [ 71.405798062456697, 51.194449148711243 ], [ 71.406667631651715, 51.194175157404395 ], [ 71.406590556200342, 51.194078722435165 ], [ 71.40572098700531, 51.194352770611125 ] ] ] ] } },
{ "type": "Feature", "properties": { "Name": null, "Type": "Жилые дома", "Caption": null, "Purpose": "Жилой дом", "PostIndex": null, "Elevation": 5, "Entrances": 8, "Apartments": 130, "District": "Сарыарка", "DistrictId": "70030076297673516", "CreateDate": "2014-12-05", "UpdateDate": "2026-03-16", "HouseId": "9570784863349328", "City": "Астана", "CityId": "9570771978420226", "Okato": null, "Oktmo": null, "Street": "Гете", "StreetId1": "9570887942537512", "Number": "4", "Street2": null, "StreetId2": null, "Number2": null, "Street3": null, "StreetId3": null, "Number3": null, "Street4": null, "StreetId4": null, "Number4": null, "FIAS": null, "FIAS2": null, "FIAS3": null, "FIAS4": null, "GAR": null, "GAR2": null, "GAR3": null, "GAR4": null }, "geometry": { "type": "MultiPolygon", "coordinates": [ [ [ [ 71.407436320040333, 51.194395499010994 ], [ 71.405696193503474, 51.194942464065697 ], [ 71.405772909628737, 51.195038897227171 ], [ 71.407513036165597, 51.194491933317245 ], [ 71.407436320040333, 51.194395499010994 ] ] ] ] } },
{ "type": "Feature", "properties": { "Name": null, "Type": "Жилые дома", "Caption": null, "Purpose": "Жилой дом", "PostIndex": null, "Elevation": 5, "Entrances": 4, "Apartments": 80, "District": "Сарыарка", "DistrictId": "70030076297673516", "CreateDate": "2014-12-05", "UpdateDate": "2026-06-05", "HouseId": "9570784863345745", "City": "Астана", "CityId": "9570771978420226", "Okato": null, "Oktmo": null, "Street": "Гете", "StreetId1": "9570887942537512", "Number": "8", "Street2": "Биржан сал", "StreetId2": "9570887942537681", "Number2": "8", "Street3": null, "StreetId3": null, "Number3": null, "Street4": null, "StreetId4": null, "Number4": null, "FIAS": null, "FIAS2": null, "FIAS3": null, "FIAS4": null, "GAR": null, "GAR2": null, "GAR3": null, "GAR4": null }, "geometry": { "type": "MultiPolygon", "coordinates": [ [ [ [ 71.408716688814792, 51.193509678822679 ], [ 71.408563795553448, 51.193558713229407 ], [ 71.409005766673232, 51.194103267490256 ], [ 71.409158659934576, 51.19405428995907 ], [ 71.408716688814792, 51.193509678822679 ] ] ] ] } },
{ "type": "Feature", "properties": { "Name": null, "Type": "Жилые дома", "Caption": null, "Purpose": "Жилой дом", "PostIndex": null, "Elevation": 5, "Entrances": 4, "Apartments": 80, "District": "Сарыарка", "DistrictId": "70030076297673516", "CreateDate": "2014-12-05", "UpdateDate": "2026-06-05", "HouseId": "9570784863345750", "City": "Астана", "CityId": "9570771978420226", "Okato": null, "Oktmo": null, "Street": "Биржан сал", "StreetId1": "9570887942537681", "Number": "6", "Street2": null, "StreetId2": null, "Number2": null, "Street3": null, "StreetId3": null, "Number3": null, "Street4": null, "StreetId4": null, "Number4": null, "FIAS": null, "FIAS2": null, "FIAS3": null, "FIAS4": null, "GAR": null, "GAR2": null, "GAR3": null, "GAR4": null }, "geometry": { "type": "MultiPolygon", "coordinates": [ [ [ [ 71.408069722147175, 51.192713129813747 ], [ 71.40791664922277, 51.192762108770523 ], [ 71.408332748862378, 51.193274639466566 ], [ 71.408485642123722, 51.193225661054598 ], [ 71.408069722147175, 51.192713129813747 ] ] ] ] } },
{ "type": "Feature", "properties": { "Name": null, "Type": "Жилые дома", "Caption": null, "Purpose": "Общежитие", "PostIndex": null, "Elevation": 3, "Entrances": 1, "Apartments": 24, "District": "Алматы", "DistrictId": "9570759093518343", "CreateDate": "2014-12-08", "UpdateDate": "2026-03-05", "HouseId": "9570784863356048", "City": "Астана", "CityId": "9570771978420226", "Okato": null, "Oktmo": null, "Street": "Майкайын", "StreetId1": "9570887942540611", "Number": "2", "Street2": null, "StreetId2": null, "Number2": null, "Street3": null, "StreetId3": null, "Number3": null, "Street4": null, "StreetId4": null, "Number4": null, "FIAS": null, "FIAS2": null, "FIAS3": null, "FIAS4": null, "GAR": null, "GAR2": null, "GAR3": null, "GAR4": null }, "geometry": { "type": "MultiPolygon", "coordinates": [ [ [ [ 71.463625671567428, 51.132792284541992 ], [ 71.463822043288545, 51.132846456906449 ], [ 71.463884566032334, 51.132756770886708 ], [ 71.463688284142734, 51.13270259841704 ], [ 71.463625671567428, 51.132792284541992 ] ] ], [ [ [ 71.463688284142734, 51.13270259841704 ], [ 71.463884566032334, 51.132756770886708 ], [ 71.464108875358761, 51.132434891908169 ], [ 71.463912593469189, 51.132380719060905 ], [ 71.463688284142734, 51.13270259841704 ] ] ] ] } },
{ "type": "Feature", "properties": { "Name": null, "Type": "Жилые дома", "Caption": null, "Purpose": "Малоэтажный жилой дом", "PostIndex": null, "Elevation": 4, "Entrances": 1, "Apartments": 16, "District": "Алматы", "DistrictId": "9570759093518343", "CreateDate": "2014-12-08", "UpdateDate": "2026-03-05", "HouseId": "9570784863355803", "City": "Астана", "CityId": "9570771978420226", "Okato": null, "Oktmo": null, "Street": "Акыртас", "StreetId1": "9570887942537761", "Number": "1/1", "Street2": null, "StreetId2": null, "Number2": null, "Street3": null, "StreetId3": null, "Number3": null, "Street4": null, "StreetId4": null, "Number4": null, "FIAS": null, "FIAS2": null, "FIAS3": null, "FIAS4": null, "GAR": null, "GAR2": null, "GAR3": null, "GAR4": null }, "geometry": { "type": "MultiPolygon", "coordinates": [ [ [ [ 71.464961556226456, 51.130108615414457 ], [ 71.464739582519741, 51.130420419706653 ], [ 71.464935235588626, 51.130475553206267 ], [ 71.465157209295327, 51.130163805660381 ], [ 71.464961556226456, 51.130108615414457 ] ] ] ] } },
{ "type": "Feature", "properties": { "Name": null, "Type": "Жилые дома", "Caption": null, "Purpose": "Общежитие", "PostIndex": null, "Elevation": 1, "Entrances": null, "Apartments": null, "District": "Алматы", "DistrictId": "9570759093518343", "CreateDate": "2015-03-10", "UpdateDate": "2026-03-05", "HouseId": "9570784863379451", "City": "Астана", "CityId": "9570771978420226", "Okato": null, "Oktmo": null, "Street": "Шертер", "StreetId1": "9570887942540612", "Number": "14", "Street2": null, "StreetId2": null, "Number2": null, "Street3": null, "StreetId3": null, "Number3": null, "Street4": null, "StreetId4": null, "Number4": null, "FIAS": null, "FIAS2": null, "FIAS3": null, "FIAS4": null, "GAR": null, "GAR2": null, "GAR3": null, "GAR4": null }, "geometry": { "type": "MultiPolygon", "coordinates": [ [ [ [ 71.466440183184105, 51.132290806650715 ], [ 71.466524894315413, 51.132315835577458 ], [ 71.466596130717434, 51.132335621949146 ], [ 71.466667546782517, 51.132237535579009 ], [ 71.466511509417671, 51.132192720185401 ], [ 71.466440183184105, 51.132290806650715 ] ] ] ] } },
{ "type": "Feature", "properties": { "Name": null, "Type": "Жилые дома", "Caption": null, "Purpose": "Жилой дом", "PostIndex": null, "Elevation": 15, "Entrances": 1, "Apartments": 59, "District": "Алматы", "DistrictId": "9570759093518343", "CreateDate": "2016-08-26", "UpdateDate": "2026-04-15", "HouseId": "9570784907050665", "City": "Астана", "CityId": "9570771978420226", "Okato": null, "Oktmo": null, "Street": "проспект Бауыржан Момышулы", "StreetId1": "9570887942540534", "Number": "2г блок 2", "Street2": null, "StreetId2": null, "Number2": null, "Street3": null, "StreetId3": null, "Number3": null, "Street4": null, "StreetId4": null, "Number4": null, "FIAS": null, "FIAS2": null, "FIAS3": null, "FIAS4": null, "GAR": null, "GAR2": null, "GAR3": null, "GAR4": null }, "geometry": { "type": "MultiPolygon", "coordinates": [ [ [ [ 71.461701300565807, 51.133184398577626 ], [ 71.46170327685941, 51.133178197835299 ], [ 71.461701031071215, 51.133169122201835 ], [ 71.461694293706586, 51.133161004863553 ], [ 71.461684142743863, 51.133154522266004 ], [ 71.461671207003789, 51.13315029448448 ], [ 71.461658540758279, 51.133149336187294 ], [ 71.461638957485064, 51.133110496948895 ], [ 71.461578051708813, 51.133122447487267 ], [ 71.461560444729244, 51.133113371842853 ], [ 71.461523973128706, 51.133110102355587 ], [ 71.461473038652102, 51.133113315472372 ], [ 71.461416624452255, 51.13312216563498 ], [ 71.461362545872149, 51.133135412690486 ], [ 71.461318169097112, 51.133151421892904 ], [ 71.461291309470113, 51.133167261978613 ], [ 71.461285739915368, 51.133179607094981 ], [ 71.461188721864687, 51.133198491170759 ], [ 71.461207766148704, 51.133237217594505 ], [ 71.461200040637252, 51.133242741885205 ], [ 71.461193303272623, 51.133250859209099 ], [ 71.461190967652882, 51.133259934826498 ], [ 71.461193213441106, 51.133269066812403 ], [ 71.46121010176843, 51.13328361034177 ], [ 71.461223037508532, 51.133287894481327 ], [ 71.46123372746041, 51.133290092921214 ], [ 71.461252142923726, 51.133327353642777 ], [ 71.461347094849273, 51.133308920581555 ], [ 71.461364342502719, 51.133317770706675 ], [ 71.461400814103257, 51.133321040179212 ], [ 71.461451748579861, 51.133317827076894 ], [ 71.461508162779722, 51.133308976951781 ], [ 71.461560534560775, 51.133296180908033 ], [ 71.461606618134851, 51.133279720793659 ], [ 71.461633477761836, 51.133263880746554 ], [ 71.461638508327439, 51.133251930244789 ], [ 71.461702558207193, 51.133239585147741 ], [ 71.461684142743863, 51.133202211614623 ], [ 71.461701300565807, 51.133184398577626 ] ] ] ] } },
{ "type": "Feature", "properties": { "Name": null, "Type": "Жилые дома", "Caption": null, "Purpose": "Общежитие", "PostIndex": "010009", "Elevation": 3, "Entrances": 1, "Apartments": 8, "District": "Алматы", "DistrictId": "9570759093518343", "CreateDate": "2018-01-25", "UpdateDate": "2026-04-01", "HouseId": "70030076156460910", "City": "Астана", "CityId": "9570771978420226", "Okato": null, "Oktmo": null, "Street": "Акыртас", "StreetId1": "9570887942537761", "Number": "7", "Street2": null, "StreetId2": null, "Number2": null, "Street3": null, "StreetId3": null, "Number3": null, "Street4": null, "StreetId4": null, "Number4": null, "FIAS": null, "FIAS2": null, "FIAS3": null, "FIAS4": null, "GAR": null, "GAR2": null, "GAR3": null, "GAR4": null }, "geometry": { "type": "MultiPolygon", "coordinates": [ [ [ [ 71.466995072535099, 51.130679061770913 ], [ 71.466890778130633, 51.130649803946589 ], [ 71.466809031439766, 51.130764580199298 ], [ 71.467095773678466, 51.130845475864191 ], [ 71.467177520369319, 51.130730587065784 ], [ 71.467086341367974, 51.130704768052126 ], [ 71.466995072535099, 51.130679061770913 ] ] ] ] } },
{ "type": "Feature", "properties": { "Name": null, "Type": "Жилые дома", "Caption": null, "Purpose": "Общежитие", "PostIndex": null, "Elevation": 3, "Entrances": 1, "Apartments": 6, "District": "Сарыарка", "DistrictId": "70030076297673516", "CreateDate": "2018-11-05", "UpdateDate": "2026-03-16", "HouseId": "70030076169927394", "City": "Астана", "CityId": "9570771978420226", "Okato": null, "Oktmo": null, "Street": null, "StreetId1": null, "Number": null, "Street2": null, "StreetId2": null, "Number2": null, "Street3": null, "StreetId3": null, "Number3": null, "Street4": null, "StreetId4": null, "Number4": null, "FIAS": null, "FIAS2": null, "FIAS3": null, "FIAS4": null, "GAR": null, "GAR2": null, "GAR3": null, "GAR4": null }, "geometry": { "type": "MultiPolygon", "coordinates": [ [ [ [ 71.403691782610025, 51.196605387104078 ], [ 71.403627463235679, 51.196525113321911 ], [ 71.403499722802266, 51.196565587988317 ], [ 71.403563952345081, 51.196645749114204 ], [ 71.403691782610025, 51.196605387104078 ] ] ] ] } },
{ "type": "Feature", "properties": { "Name": null, "Type": "Жилые дома", "Caption": null, "Purpose": "Жилой дом", "PostIndex": null, "Elevation": 1, "Entrances": null, "Apartments": null, "District": "Алматы", "DistrictId": "9570759093518343", "CreateDate": "2026-04-20", "UpdateDate": "2026-04-20", "HouseId": "70030077149808419", "City": "Астана", "CityId": "9570771978420226", "Okato": null, "Oktmo": null, "Street": "проспект Ракымжан Кошкарбаев", "StreetId1": "9570887942538806", "Number": "1/6", "Street2": null, "StreetId2": null, "Number2": null, "Street3": null, "StreetId3": null, "Number3": null, "Street4": null, "StreetId4": null, "Number4": null, "FIAS": null, "FIAS2": null, "FIAS3": null, "FIAS4": null, "GAR": null, "GAR2": null, "GAR3": null, "GAR4": null }, "geometry": { "type": "MultiPolygon", "coordinates": [ [ [ [ 71.46249172818429, 51.129480039523273 ], [ 71.462866415489302, 51.129422311586474 ], [ 71.462815481012697, 51.12929135233734 ], [ 71.4624407937077, 51.129349136812905 ], [ 71.46249172818429, 51.129480039523273 ] ] ], [ [ [ 71.461711810854624, 51.129461323051665 ], [ 71.461872339795889, 51.129575425760692 ], [ 71.462283678364486, 51.129512116831954 ], [ 71.462232743887867, 51.129381214212501 ], [ 71.461711810854624, 51.129461323051665 ] ] ], [ [ [ 71.461815835764511, 51.129923482381606 ], [ 71.461929292984891, 51.130020277059259 ], [ 71.461797420301195, 51.129725607948011 ], [ 71.461623326799128, 51.129601865528038 ], [ 71.461551371744861, 51.12955062084793 ], [ 71.461711810854624, 51.129461323051665 ], [ 71.461660786546489, 51.12942501758512 ], [ 71.461374223970836, 51.129584558475216 ], [ 71.461497203333238, 51.129672052043837 ], [ 71.461643359229967, 51.130003477531616 ], [ 71.461815835764511, 51.129923482381606 ] ] ], [ [ [ 71.462139049603749, 51.130424196748095 ], [ 71.462036282335234, 51.130111546869422 ], [ 71.461863895632206, 51.130191541693698 ], [ 71.461798408448004, 51.130135787739896 ], [ 71.461903331673199, 51.130454864058201 ], [ 71.462001337870689, 51.130442123597291 ], [ 71.462139049603749, 51.130424196748095 ] ] ], [ [ [ 71.462766702492758, 51.130317368367315 ], [ 71.462571139255402, 51.130262347426758 ], [ 71.462282780049193, 51.130674326401753 ], [ 71.46248022974865, 51.130728895864458 ], [ 71.462766702492758, 51.130317368367315 ] ] ], [ [ [ 71.463176244430798, 51.129235766422397 ], [ 71.463227178907417, 51.129366725829144 ], [ 71.463532426440935, 51.12931970902072 ], [ 71.4634814021328, 51.129188693105384 ], [ 71.463176244430798, 51.129235766422397 ] ] ] ] } },
{ "type": "Feature", "properties": { "Name": "Akbulak Town, жилой комплекс", "Type": "Жилые дома", "Caption": null, "Purpose": "Жилой дом", "PostIndex": null, "Elevation": 10, "Entrances": 3, "Apartments": 98, "District": "Алматы", "DistrictId": "9570759093518343", "CreateDate": "2014-12-04", "UpdateDate": "2026-05-20", "HouseId": "9570784863333992", "City": "Астана", "CityId": "9570771978420226", "Okato": null, "Oktmo": null, "Street": "проспект Тауелсиздик", "StreetId1": "9570887942537473", "Number": "43/3", "Street2": null, "StreetId2": null, "Number2": null, "Street3": null, "StreetId3": null, "Number3": null, "Street4": null, "StreetId4": null, "Number4": null, "FIAS": null, "FIAS2": null, "FIAS3": null, "FIAS4": null, "GAR": null, "GAR2": null, "GAR3": null, "GAR4": null }, "geometry": { "type": "MultiPolygon", "coordinates": [ [ [ [ 71.46699300640995, 51.134564775837191 ], [ 71.466734201776603, 51.134488565297318 ], [ 71.466372629874741, 51.134977561952766 ], [ 71.466241565674778, 51.134938949725047 ], [ 71.466168891968309, 51.135036635780253 ], [ 71.466453478250315, 51.13512051146656 ], [ 71.466778398888579, 51.134683544526879 ], [ 71.466790526144919, 51.134667254012768 ], [ 71.466816756951218, 51.134632023642524 ], [ 71.466920332703467, 51.134662462683984 ], [ 71.46699300640995, 51.134564775837191 ] ] ] ] } },
{ "type": "Feature", "properties": { "Name": "Akbulak Town, жилой комплекс", "Type": "Жилые дома", "Caption": null, "Purpose": "Жилой дом", "PostIndex": null, "Elevation": 10, "Entrances": 3, "Apartments": 107, "District": "Алматы", "DistrictId": "9570759093518343", "CreateDate": "2014-12-04", "UpdateDate": "2026-05-20", "HouseId": "9570784863334039", "City": "Астана", "CityId": "9570771978420226", "Okato": null, "Oktmo": null, "Street": "проспект Тауелсиздик", "StreetId1": "9570887942537473", "Number": "43", "Street2": null, "StreetId2": null, "Number2": null, "Street3": null, "StreetId3": null, "Number3": null, "Street4": null, "StreetId4": null, "Number4": null, "FIAS": null, "FIAS2": null, "FIAS3": null, "FIAS4": null, "GAR": null, "GAR2": null, "GAR3": null, "GAR4": null }, "geometry": { "type": "MultiPolygon", "coordinates": [ [ [ [ 71.466268065975669, 51.134237836243067 ], [ 71.466425091487352, 51.1342811276878 ], [ 71.466654431379368, 51.133951705829823 ], [ 71.467149133606341, 51.134085470327626 ], [ 71.467216327589583, 51.133989135125738 ], [ 71.466566306650009, 51.133809710981076 ], [ 71.466268065975669, 51.134237836243067 ] ] ] ] } },
{ "type": "Feature", "properties": { "Name": "Akbulak Town, жилой комплекс", "Type": "Жилые дома", "Caption": null, "Purpose": "Жилой дом", "PostIndex": null, "Elevation": 9, "Entrances": 4, "Apartments": 156, "District": "Алматы", "DistrictId": "9570759093518343", "CreateDate": "2014-12-04", "UpdateDate": "2026-05-20", "HouseId": "9570784863334401", "City": "Астана", "CityId": "9570771978420226", "Okato": null, "Oktmo": null, "Street": "проспект Бауыржан Момышулы", "StreetId1": "9570887942540534", "Number": "2/10", "Street2": null, "StreetId2": null, "Number2": null, "Street3": null, "StreetId3": null, "Number3": null, "Street4": null, "StreetId4": null, "Number4": null, "FIAS": null, "FIAS2": null, "FIAS3": null, "FIAS4": null, "GAR": null, "GAR2": null, "GAR3": null, "GAR4": null }, "geometry": { "type": "MultiPolygon", "coordinates": [ [ [ [ 71.465652720006048, 51.135554937734192 ], [ 71.465979616937943, 51.135115269240622 ], [ 71.465824388056831, 51.135069611118652 ], [ 71.46578710797256, 51.1351197223143 ], [ 71.465569086853094, 51.135412722344938 ], [ 71.464760064108205, 51.135182572612173 ], [ 71.464689366695353, 51.135280821830193 ], [ 71.465652720006048, 51.135554937734192 ] ] ], [ [ [ 71.465739407430974, 51.135183756338947 ], [ 71.46578710797256, 51.1351197223143 ], [ 71.464932899968872, 51.134876437305458 ], [ 71.464885828248001, 51.134941937241642 ], [ 71.465739407430974, 51.135183756338947 ] ] ] ] } },
{ "type": "Feature", "properties": { "Name": "Akbulak Town, жилой комплекс", "Type": "Жилые дома", "Caption": null, "Purpose": "Жилой дом", "PostIndex": null, "Elevation": 10, "Entrances": 4, "Apartments": 156, "District": "Алматы", "DistrictId": "9570759093518343", "CreateDate": "2014-12-04", "UpdateDate": "2026-05-20", "HouseId": "9570784863334434", "City": "Астана", "CityId": "9570771978420226", "Okato": null, "Oktmo": null, "Street": "проспект Бауыржан Момышулы", "StreetId1": "9570887942540534", "Number": "2/6", "Street2": null, "StreetId2": null, "Number2": null, "Street3": null, "StreetId3": null, "Number3": null, "Street4": null, "StreetId4": null, "Number4": null, "FIAS": null, "FIAS2": null, "FIAS3": null, "FIAS4": null, "GAR": null, "GAR2": null, "GAR3": null, "GAR4": null }, "geometry": { "type": "MultiPolygon", "coordinates": [ [ [ [ 71.461981844429005, 51.13451021090723 ], [ 71.462945107908183, 51.134784444122893 ], [ 71.463015805321049, 51.134686137480152 ], [ 71.462208130049092, 51.134456153232264 ], [ 71.462453819279304, 51.13411140018966 ], [ 71.462297332756791, 51.134067263046241 ], [ 71.461981844429005, 51.13451021090723 ] ] ], [ [ [ 71.462407106884527, 51.13417701394939 ], [ 71.463254577523557, 51.134415905871109 ], [ 71.463300930592226, 51.134352152626413 ], [ 71.462453819279304, 51.13411140018966 ], [ 71.462407106884527, 51.13417701394939 ] ] ] ] } },
{ "type": "Feature", "properties": { "Name": "Виктория, жилой комплекс", "Type": "Жилые дома", "Caption": null, "Purpose": "Жилой дом", "PostIndex": null, "Elevation": 22, "Entrances": 1, "Apartments": 119, "District": "Алматы", "DistrictId": "9570759093518343", "CreateDate": "2014-12-04", "UpdateDate": "2026-04-15", "HouseId": "9570784863334862", "City": "Астана", "CityId": "9570771978420226", "Okato": null, "Oktmo": null, "Street": "проспект Бауыржан Момышулы", "StreetId1": "9570887942540534", "Number": "2а", "Street2": null, "StreetId2": null, "Number2": null, "Street3": null, "StreetId3": null, "Number3": null, "Street4": null, "StreetId4": null, "Number4": null, "FIAS": null, "FIAS2": null, "FIAS3": null, "FIAS4": null, "GAR": null, "GAR2": null, "GAR3": null, "GAR4": null }, "geometry": { "type": "MultiPolygon", "coordinates": [ [ [ [ 71.459724917109185, 51.131520935041252 ], [ 71.459891195268284, 51.131494552745025 ], [ 71.459873767951763, 51.131450864080314 ], [ 71.460136974330027, 51.131409261158595 ], [ 71.460091699239726, 51.131296064943406 ], [ 71.460161139011163, 51.131285128640982 ], [ 71.46009834677281, 51.131128186778689 ], [ 71.459765970117672, 51.131181008147479 ], [ 71.459807651946875, 51.131285410504482 ], [ 71.459641373787775, 51.131311792920179 ], [ 71.459724917109185, 51.131520935041252 ] ] ], [ [ [ 71.459641373787775, 51.131311792920179 ], [ 71.459807651946875, 51.131285410504482 ], [ 71.459765970117672, 51.131181008147479 ], [ 71.459744949540024, 51.131128412270243 ], [ 71.459911227699124, 51.131102086122702 ], [ 71.459834421742329, 51.130910361413548 ], [ 71.459668143583244, 51.130936687670385 ], [ 71.459501865424144, 51.130963013912222 ], [ 71.459308008985843, 51.130993737237567 ], [ 71.459531060670884, 51.131551601623038 ], [ 71.459724917109185, 51.131520935041252 ], [ 71.459641373787775, 51.131311792920179 ] ] ] ] } },
{ "type": "Feature", "properties": { "Name": "Виктория, жилой комплекс", "Type": "Жилые дома", "Caption": null, "Purpose": "Жилой дом", "PostIndex": null, "Elevation": 22, "Entrances": 1, "Apartments": 119, "District": "Алматы", "DistrictId": "9570759093518343", "CreateDate": "2014-12-04", "UpdateDate": "2026-04-15", "HouseId": "9570784863334873", "City": "Астана", "CityId": "9570771978420226", "Okato": null, "Oktmo": null, "Street": "проспект Бауыржан Момышулы", "StreetId1": "9570887942540534", "Number": "2Б", "Street2": null, "StreetId2": null, "Number2": null, "Street3": null, "StreetId3": null, "Number3": null, "Street4": null, "StreetId4": null, "Number4": null, "FIAS": null, "FIAS2": null, "FIAS3": null, "FIAS4": null, "GAR": null, "GAR2": null, "GAR3": null, "GAR4": null }, "geometry": { "type": "MultiPolygon", "coordinates": [ [ [ [ 71.459948148457315, 51.132078905801578 ], [ 71.460114426616386, 51.132052580195889 ], [ 71.460096999299878, 51.13200883568728 ], [ 71.460360205678128, 51.131967233268234 ], [ 71.460314840756297, 51.131854038420741 ], [ 71.460384370359279, 51.131843045878433 ], [ 71.460321488289381, 51.131686162284431 ], [ 71.459989021802727, 51.131738870270716 ], [ 71.460030703631915, 51.13184332773853 ], [ 71.459864425472816, 51.131869653463497 ], [ 71.459948148457315, 51.132078905801578 ] ] ], [ [ [ 71.459864425472816, 51.131869653463497 ], [ 71.460030703631915, 51.13184332773853 ], [ 71.459989021802727, 51.131738870270716 ], [ 71.459968001225079, 51.131686275028848 ], [ 71.460134279384178, 51.131659949199324 ], [ 71.460057473427383, 51.131468226806213 ], [ 71.459891195268284, 51.131494552745025 ], [ 71.459724917109185, 51.131520935041252 ], [ 71.459531060670884, 51.131551601623038 ], [ 71.459754112355938, 51.132109459269451 ], [ 71.459948148457315, 51.132078905801578 ], [ 71.459864425472816, 51.131869653463497 ] ] ] ] } },
{ "type": "Feature", "properties": { "Name": "Виктория, жилой комплекс", "Type": "Жилые дома", "Caption": null, "Purpose": "Жилой дом", "PostIndex": null, "Elevation": 22, "Entrances": 1, "Apartments": 139, "District": "Алматы", "DistrictId": "9570759093518343", "CreateDate": "2014-12-04", "UpdateDate": "2026-04-15", "HouseId": "9570784863334874", "City": "Астана", "CityId": "9570771978420226", "Okato": null, "Oktmo": null, "Street": "проспект Бауыржан Момышулы", "StreetId1": "9570887942540534", "Number": "2", "Street2": null, "StreetId2": null, "Number2": null, "Street3": null, "StreetId3": null, "Number3": null, "Street4": null, "StreetId4": null, "Number4": null, "FIAS": null, "FIAS2": null, "FIAS3": null, "FIAS4": null, "GAR": null, "GAR2": null, "GAR3": null, "GAR4": null }, "geometry": { "type": "MultiPolygon", "coordinates": [ [ [ [ 71.459501865424144, 51.130963013912222 ], [ 71.459668143583244, 51.130936687670385 ], [ 71.459650716266722, 51.130892942104722 ], [ 71.459913922644972, 51.130851338680387 ], [ 71.459868647554671, 51.13073819747099 ], [ 71.459938087326108, 51.130727148289687 ], [ 71.459875295087755, 51.13057031727827 ], [ 71.459542738769571, 51.130622970164637 ], [ 71.459584420598745, 51.130727430156597 ], [ 71.459418142439674, 51.130753812891072 ], [ 71.459501865424144, 51.130963013912222 ] ] ], [ [ [ 71.459418142439674, 51.130753812891072 ], [ 71.459584420598745, 51.130727430156597 ], [ 71.459542738769571, 51.130622970164637 ], [ 71.459480216025796, 51.130466195173142 ], [ 71.459119991596879, 51.130523076200653 ], [ 71.459308008985843, 51.130993737237567 ], [ 71.459501865424144, 51.130963013912222 ], [ 71.459418142439674, 51.130753812891072 ] ] ] ] } },
{ "type": "Feature", "properties": { "Name": "Ак Шанырак, жилой комплекс", "Type": "Жилые дома", "Caption": null, "Purpose": "Жилой дом", "PostIndex": null, "Elevation": 11, "Entrances": 5, "Apartments": 190, "District": "Алматы", "DistrictId": "9570759093518343", "CreateDate": "2014-12-04", "UpdateDate": "2026-04-15", "HouseId": "9570784863335027", "City": "Астана", "CityId": "9570771978420226", "Okato": null, "Oktmo": null, "Street": "проспект Бауыржан Момышулы", "StreetId1": "9570887942540534", "Number": "2в", "Street2": null, "StreetId2": null, "Number2": null, "Street3": null, "StreetId3": null, "Number3": null, "Street4": null, "StreetId4": null, "Number4": null, "FIAS": null, "FIAS2": null, "FIAS3": null, "FIAS4": null, "GAR": null, "GAR2": null, "GAR3": null, "GAR4": null }, "geometry": { "type": "MultiPolygon", "coordinates": [ [ [ [ 71.460918418795686, 51.13362904600281 ], [ 71.460629251105715, 51.133350070830446 ], [ 71.460450845690303, 51.13312098185537 ], [ 71.460302084679256, 51.132879884774979 ], [ 71.460182159588811, 51.132627737709221 ], [ 71.460051454714971, 51.132300446171399 ], [ 71.459843584558243, 51.1323333670924 ], [ 71.459975996231108, 51.132664604368166 ], [ 71.460098795930449, 51.132922895639339 ], [ 71.460253845148486, 51.133174308278313 ], [ 71.46044240152662, 51.133416531223467 ], [ 71.46073893540192, 51.133702664952914 ], [ 71.460918418795686, 51.13362904600281 ] ] ], [ [ [ 71.46073893540192, 51.133702664952914 ], [ 71.46044240152662, 51.133416531223467 ], [ 71.460253845148486, 51.133174308278313 ], [ 71.460098795930449, 51.132922895639339 ], [ 71.459975996231108, 51.132664604368166 ], [ 71.459843584558243, 51.1323333670924 ], [ 71.459760400562928, 51.132346445259984 ], [ 71.460073463439443, 51.133131692241243 ], [ 71.460278818313384, 51.13346320564078 ], [ 71.460843050143339, 51.134157792058645 ], [ 71.460970251587582, 51.134116868006515 ], [ 71.46109035634106, 51.133990657099474 ], [ 71.460918418795686, 51.13362904600281 ], [ 71.46073893540192, 51.133702664952914 ] ] ], [ [ [ 71.460843050143339, 51.134157792058645 ], [ 71.460955159890801, 51.134265344353274 ], [ 71.461016963982345, 51.134193699220489 ], [ 71.460970251587582, 51.134116868006515 ], [ 71.460843050143339, 51.134157792058645 ] ] ] ] } },
{ "type": "Feature", "properties": { "Name": "Хайвил Астана блок D, жилой комплекс", "Type": "Жилые дома", "Caption": null, "Purpose": "Жилой дом", "PostIndex": null, "Elevation": 24, "Entrances": 7, "Apartments": 459, "District": "Сарайшык", "DistrictId": "70030076987083136", "CreateDate": "2014-12-05", "UpdateDate": "2026-04-08", "HouseId": "9570784863342809", "City": "Астана", "CityId": "9570771978420226", "Okato": null, "Oktmo": null, "Street": "Ахмет Байтурсынулы", "StreetId1": "9570887942540595", "Number": "5", "Street2": null, "StreetId2": null, "Number2": null, "Street3": null, "StreetId3": null, "Number3": null, "Street4": null, "StreetId4": null, "Number4": null, "FIAS": null, "FIAS2": null, "FIAS3": null, "FIAS4": null, "GAR": null, "GAR2": null, "GAR3": null, "GAR4": null }, "geometry": { "type": "MultiPolygon", "coordinates": [ [ [ [ 71.463263470844893, 51.126497710864619 ], [ 71.463279820183047, 51.126522630174094 ], [ 71.463318088414155, 51.126580925519761 ], [ 71.463450050929396, 51.126546534657415 ], [ 71.463493888715249, 51.126613004842028 ], [ 71.463576264226802, 51.126737431809183 ], [ 71.463608693408574, 51.126769285509909 ], [ 71.463734727042933, 51.126855205824981 ], [ 71.46377676819823, 51.126830681341893 ], [ 71.46385420297571, 51.126883564004132 ], [ 71.463780810616996, 51.126926298563284 ], [ 71.463809916032204, 51.126946143622156 ], [ 71.463798507428109, 51.126977095131615 ], [ 71.463809556706082, 51.126984649777405 ], [ 71.463836506164625, 51.126995643476171 ], [ 71.463867138715813, 51.127002014182459 ], [ 71.463899298402978, 51.127003480008547 ], [ 71.463930919100974, 51.126999871821134 ], [ 71.463960204179244, 51.126991358752854 ], [ 71.463985267175673, 51.126978560958506 ], [ 71.46400440129122, 51.126962267726206 ], [ 71.464016528547546, 51.12694349385626 ], [ 71.464020750629388, 51.126923366906126 ], [ 71.464016977705199, 51.126903296325253 ], [ 71.464005389438043, 51.126884353297143 ], [ 71.463986704480121, 51.126867834519231 ], [ 71.463734547379872, 51.126696162911159 ], [ 71.463690979088582, 51.126629636467833 ], [ 71.463730594792622, 51.126619206465918 ], [ 71.463593511880248, 51.126411789884514 ], [ 71.463263470844893, 51.126497710864619 ] ] ], [ [ [ 71.462793112962103, 51.127470399632124 ], [ 71.462846383058476, 51.127466735103837 ], [ 71.462899024334121, 51.127460364461655 ], [ 71.462946814707237, 51.127452076987758 ], [ 71.462948611337779, 51.127437644376606 ], [ 71.462957684322163, 51.127426538028253 ], [ 71.462972326861305, 51.127418137793434 ], [ 71.46299065249309, 51.127413402089907 ], [ 71.463010415429338, 51.127412781938233 ], [ 71.463029369881838, 51.127416615603067 ], [ 71.463047156524468, 51.127426087008963 ], [ 71.463096294370501, 51.12740883551821 ], [ 71.463140581314008, 51.127389779942497 ], [ 71.463182173311651, 51.1273686947697 ], [ 71.463221070363446, 51.127345410864493 ], [ 71.463256823311781, 51.12732015373367 ], [ 71.463268681073529, 51.127310118530552 ], [ 71.463242180772639, 51.12730667949976 ], [ 71.463223765309323, 51.127301718274566 ], [ 71.46320669731891, 51.127295009344202 ], [ 71.463191156464504, 51.127287003728533 ], [ 71.463178939376633, 51.127277194028579 ], [ 71.46316762060404, 51.127266425907258 ], [ 71.4631598052611, 51.127254812119155 ], [ 71.46315522385315, 51.127242465418867 ], [ 71.463153606885626, 51.127229780449397 ], [ 71.46315522385315, 51.127217151854111 ], [ 71.4631598052611, 51.12720474876609 ], [ 71.46316762060404, 51.127193134962468 ], [ 71.463178310555946, 51.127182423199251 ], [ 71.463191156464504, 51.127172613477093 ], [ 71.46320669731891, 51.127164551462485 ], [ 71.463223765309323, 51.12715784251219 ], [ 71.463207326139624, 51.127132979923196 ], [ 71.462521462420199, 51.127312373632563 ], [ 71.462537632095305, 51.12733842005288 ], [ 71.462567995151915, 51.127336841482361 ], [ 71.462588117414271, 51.127337856277698 ], [ 71.462607790519016, 51.127340731531014 ], [ 71.462626205982318, 51.127345692752023 ], [ 71.462658814827137, 51.127360463656849 ], [ 71.462671660735694, 51.127370273339118 ], [ 71.462682350687587, 51.127380985058757 ], [ 71.462689806704432, 51.127393444476908 ], [ 71.462694028786274, 51.127403254152185 ], [ 71.462696364406, 51.12741763039665 ], [ 71.462694747438505, 51.127430315314534 ], [ 71.462690166030541, 51.127442661964594 ], [ 71.462682350687587, 51.12745427570546 ], [ 71.462671660735694, 51.127464987405624 ], [ 71.462739573371167, 51.127471245292469 ], [ 71.462793112962103, 51.127470399632124 ] ] ], [ [ [ 71.461794815186863, 51.126911020117248 ], [ 71.461860661697202, 51.127010752760441 ], [ 71.462008524392971, 51.126972133871021 ], [ 71.461970256161862, 51.126913895397159 ], [ 71.462075808207743, 51.126886326529601 ], [ 71.462114076438851, 51.126944565038229 ], [ 71.462435224152912, 51.126860505366743 ], [ 71.462396955921818, 51.126802323130299 ], [ 71.462502507967699, 51.126774754196148 ], [ 71.462540776198793, 51.126832880089189 ], [ 71.46271253408112, 51.126788003072491 ], [ 71.46264659773928, 51.126688213569999 ], [ 71.461794815186863, 51.126911020117248 ] ] ], [ [ [ 71.460964951527401, 51.12712824419043 ], [ 71.460924796834206, 51.127151471827389 ], [ 71.460899644006247, 51.127182028555303 ], [ 71.460892637147026, 51.127216024300786 ], [ 71.460904405077258, 51.127249625377893 ], [ 71.460907818675338, 51.127252951657667 ], [ 71.46093377998703, 51.127278490713174 ], [ 71.460977258446803, 51.127299350416905 ], [ 71.461021186064201, 51.127308145316206 ], [ 71.461029181070217, 51.127309723887691 ], [ 71.461083708807962, 51.127308088938641 ], [ 71.461134194126927, 51.127294952966636 ], [ 71.461180008206426, 51.12726467820147 ], [ 71.46113796705113, 51.12719973115226 ], [ 71.46124342926548, 51.127172106077602 ], [ 71.461412222707366, 51.127127905923793 ], [ 71.461346286365497, 51.127028455423051 ], [ 71.460964951527401, 51.12712824419043 ] ] ], [ [ [ 71.46264659773928, 51.126688213569999 ], [ 71.46271253408112, 51.126788003072491 ], [ 71.462857432336449, 51.126750173292109 ], [ 71.462818984442293, 51.126692047294981 ], [ 71.462924626319705, 51.126664478295005 ], [ 71.46296298438233, 51.12672254794856 ], [ 71.463345307367248, 51.126622589169493 ], [ 71.463318088414155, 51.126580925519761 ], [ 71.463279820183047, 51.126522630174094 ], [ 71.46264659773928, 51.126688213569999 ] ] ], [ [ [ 71.461346286365497, 51.127028455423051 ], [ 71.461412222707366, 51.127127905923793 ], [ 71.461560085403121, 51.127089399887964 ], [ 71.461521547677435, 51.127031217939852 ], [ 71.46162709972333, 51.127003592764396 ], [ 71.461665547617486, 51.127061774747318 ], [ 71.461860661697202, 51.127010752760441 ], [ 71.461794815186863, 51.126911020117248 ], [ 71.461346286365497, 51.127028455423051 ] ] ], [ [ [ 71.462694028786274, 51.127403254152185 ], [ 71.462689806704432, 51.127393444476908 ], [ 71.462682350687587, 51.127380985058757 ], [ 71.462671660735694, 51.127370273339118 ], [ 71.462658814827137, 51.127360463656849 ], [ 71.462643273972731, 51.127352401675026 ], [ 71.462626205982318, 51.127345692752023 ], [ 71.462607790519016, 51.127340731531014 ], [ 71.462588117414271, 51.127337856277698 ], [ 71.462567995151915, 51.127336841482361 ], [ 71.462537632095305, 51.12733842005288 ], [ 71.462509784321497, 51.127345692752023 ], [ 71.462492716331113, 51.127352401675026 ], [ 71.462477175476693, 51.127360463656849 ], [ 71.462464329568135, 51.127370273339118 ], [ 71.462453639616243, 51.127380985058757 ], [ 71.46244582427326, 51.127392598815149 ], [ 71.462441242865324, 51.127404945475298 ], [ 71.462439625897815, 51.12741763039665 ], [ 71.462441242865324, 51.127430315314534 ], [ 71.46244582427326, 51.127442661964594 ], [ 71.462453639616243, 51.12745427570546 ], [ 71.462464329568135, 51.127464987405624 ], [ 71.462477175476693, 51.127474797065709 ], [ 71.462492716331113, 51.127482859026173 ], [ 71.462509784321497, 51.127489567929253 ], [ 71.462528199784828, 51.127494529134253 ], [ 71.462547872889544, 51.127497404377827 ], [ 71.462567995151915, 51.127498419169633 ], [ 71.462588117414271, 51.127497404377827 ], [ 71.462607790519016, 51.127494529134253 ], [ 71.462626205982318, 51.127489567929253 ], [ 71.462643273972731, 51.127482859026173 ], [ 71.462658814827137, 51.127474797065709 ], [ 71.462671660735694, 51.127464987405624 ], [ 71.462682350687587, 51.12745427570546 ], [ 71.462690166030541, 51.127442661964594 ], [ 71.462694747438505, 51.127430315314534 ], [ 71.462696364406, 51.12741763039665 ], [ 71.462694028786274, 51.127403254152185 ] ] ], [ [ [ 71.463408728426302, 51.127217151854111 ], [ 71.463404147018366, 51.12720474876609 ], [ 71.463395702854697, 51.127191105365419 ], [ 71.463385641723519, 51.127182423199251 ], [ 71.463372795814948, 51.127172613477093 ], [ 71.463357254960542, 51.127164551462485 ], [ 71.463340186970143, 51.12715784251219 ], [ 71.463321771506813, 51.127152937648738 ], [ 71.463302098402096, 51.127150006005991 ], [ 71.463281976139726, 51.127148991206525 ], [ 71.463261853877356, 51.127150006005991 ], [ 71.463242180772639, 51.127152937648738 ], [ 71.463223765309323, 51.12715784251219 ], [ 71.46320669731891, 51.127164551462485 ], [ 71.463191156464504, 51.127172613477093 ], [ 71.463178310555946, 51.127182423199251 ], [ 71.46316762060404, 51.127193134962468 ], [ 71.4631598052611, 51.12720474876609 ], [ 71.46315522385315, 51.127217151854111 ], [ 71.463153606885626, 51.127229780449397 ], [ 71.46315522385315, 51.127242465418867 ], [ 71.4631598052611, 51.127254812119155 ], [ 71.46316762060404, 51.127266425907258 ], [ 71.463178939376633, 51.127277194028579 ], [ 71.463191156464504, 51.127287003728533 ], [ 71.46320669731891, 51.127295009344202 ], [ 71.463223765309323, 51.127301718274566 ], [ 71.463242180772639, 51.12730667949976 ], [ 71.463268681073529, 51.127310118530552 ], [ 71.463302098402096, 51.127309554755023 ], [ 71.463321771506813, 51.12730667949976 ], [ 71.463340186970143, 51.127301718274566 ], [ 71.463357254960542, 51.127295009344202 ], [ 71.463372795814948, 51.127286947350953 ], [ 71.463385641723519, 51.127277137650978 ], [ 71.463396331675412, 51.127266425907258 ], [ 71.463404147018366, 51.127254812119155 ], [ 71.463408728426302, 51.127242465418867 ], [ 71.463410345393839, 51.127229780449397 ], [ 71.463408728426302, 51.127217151854111 ] ] ], [ [ [ 71.461604013020519, 51.12754639624567 ], [ 71.462175341541212, 51.12747079427362 ], [ 71.462158812539997, 51.127426989047514 ], [ 71.461585597557203, 51.127502929355174 ], [ 71.461604013020519, 51.12754639624567 ] ] ], [ [ [ 71.460661949782065, 51.127719643251062 ], [ 71.460689348398233, 51.127761249496615 ], [ 71.461160784259349, 51.127638178339232 ], [ 71.461133565306227, 51.127596966623216 ], [ 71.460661949782065, 51.127719643251062 ] ] ], [ [ [ 71.46113796705113, 51.12719973115226 ], [ 71.461180008206426, 51.12726467820147 ], [ 71.461197076196825, 51.127289258831688 ], [ 71.461302628242706, 51.127261690188185 ], [ 71.46124342926548, 51.127172106077602 ], [ 71.46113796705113, 51.12719973115226 ] ] ], [ [ [ 71.463318088414155, 51.126580925519761 ], [ 71.463345307367248, 51.126622589169493 ], [ 71.463361746536961, 51.126647452033239 ], [ 71.463493888715249, 51.126613004842028 ], [ 71.463450050929396, 51.126546534657415 ], [ 71.463318088414155, 51.126580925519761 ] ] ], [ [ [ 71.462396955921818, 51.126802323130299 ], [ 71.462435224152912, 51.126860505366743 ], [ 71.462451842985658, 51.126885368102421 ], [ 71.462557305200022, 51.126857799217831 ], [ 71.462540776198793, 51.126832880089189 ], [ 71.462502507967699, 51.126774754196148 ], [ 71.462396955921818, 51.126802323130299 ] ] ], [ [ [ 71.463734727042933, 51.126855205824981 ], [ 71.463671755141505, 51.126891626067795 ], [ 71.463749369582061, 51.126944621416229 ], [ 71.463780810616996, 51.126926298563284 ], [ 71.46385420297571, 51.126883564004132 ], [ 71.46377676819823, 51.126830681341893 ], [ 71.463734727042933, 51.126855205824981 ] ] ], [ [ [ 71.462818984442293, 51.126692047294981 ], [ 71.462857432336449, 51.126750173292109 ], [ 71.462874051169194, 51.126774979708962 ], [ 71.462979513383559, 51.126747354380257 ], [ 71.46296298438233, 51.12672254794856 ], [ 71.462924626319705, 51.126664478295005 ], [ 71.462818984442293, 51.126692047294981 ] ] ], [ [ [ 71.461521547677435, 51.127031217939852 ], [ 71.461560085403121, 51.127089399887964 ], [ 71.461576434741303, 51.12711426250042 ], [ 71.46168198678717, 51.127086524619003 ], [ 71.461665547617486, 51.127061774747318 ], [ 71.46162709972333, 51.127003592764396 ], [ 71.461521547677435, 51.127031217939852 ] ] ], [ [ [ 71.461970256161862, 51.126913895397159 ], [ 71.462008524392971, 51.126972133871021 ], [ 71.462025143225716, 51.126996940168659 ], [ 71.46213051560855, 51.126969258594748 ], [ 71.462114076438851, 51.126944565038229 ], [ 71.462075808207743, 51.126886326529601 ], [ 71.461970256161862, 51.126913895397159 ] ] ], [ [ [ 71.461054962718862, 51.127360632789326 ], [ 71.461021186064201, 51.127308145316206 ], [ 71.460977258446803, 51.127299350416905 ], [ 71.46093377998703, 51.127278490713174 ], [ 71.460907818675338, 51.127252951657667 ], [ 71.460989026377007, 51.127377884298078 ], [ 71.461054962718862, 51.127360632789326 ] ] ] ] } },
{ "type": "Feature", "properties": { "Name": "Хайвил Астана блок G, жилой комплекс", "Type": "Жилые дома", "Caption": null, "Purpose": "Жилой дом", "PostIndex": "010010", "Elevation": 35, "Entrances": 3, "Apartments": 525, "District": "Сарайшык", "DistrictId": "70030076987083136", "CreateDate": "2014-12-05", "UpdateDate": "2026-04-01", "HouseId": "9570784863342921", "City": "Астана", "CityId": "9570771978420226", "Okato": null, "Oktmo": null, "Street": "проспект Ракымжан Кошкарбаев", "StreetId1": "9570887942538806", "Number": "10/1", "Street2": null, "StreetId2": null, "Number2": null, "Street3": null, "StreetId3": null, "Number3": null, "Street4": null, "StreetId4": null, "Number4": null, "FIAS": null, "FIAS2": null, "FIAS3": null, "FIAS4": null, "GAR": null, "GAR2": null, "GAR3": null, "GAR4": null }, "geometry": { "type": "MultiPolygon", "coordinates": [ [ [ [ 71.469491311046625, 51.127292810618918 ], [ 71.46958024425976, 51.127223353396865 ], [ 71.469400940529042, 51.126769792913812 ], [ 71.468680132345057, 51.126882661954959 ], [ 71.4688800973273, 51.12738859601594 ], [ 71.469491311046625, 51.127292810618918 ] ] ] ] } },
{ "type": "Feature", "properties": { "Name": "Хайвил Астана блок Е1, жилой комплекс", "Type": "Жилые дома", "Caption": null, "Purpose": "Жилой дом", "PostIndex": null, "Elevation": 26, "Entrances": 7, "Apartments": null, "District": "Сарайшык", "DistrictId": "70030076987083136", "CreateDate": "2014-12-05", "UpdateDate": "2025-12-03", "HouseId": "9570784863343029", "City": "Астана", "CityId": "9570771978420226", "Okato": null, "Oktmo": null, "Street": "проспект Ракымжан Кошкарбаев", "StreetId1": "9570887942538806", "Number": "8", "Street2": null, "StreetId2": null, "Number2": null, "Street3": null, "StreetId3": null, "Number3": null, "Street4": null, "StreetId4": null, "Number4": null, "FIAS": null, "FIAS2": null, "FIAS3": null, "FIAS4": null, "GAR": null, "GAR2": null, "GAR3": null, "GAR4": null }, "geometry": { "type": "MultiPolygon", "coordinates": [ [ [ [ 71.467904706591796, 51.126911583897638 ], [ 71.467704292451927, 51.127288018524958 ], [ 71.465761685650008, 51.127591949052004 ], [ 71.465331572291987, 51.127284353982205 ], [ 71.465244345877878, 51.127223184263904 ], [ 71.465115796960731, 51.127294501946068 ], [ 71.465257730775619, 51.127395699574855 ], [ 71.465225660919984, 51.127413571222199 ], [ 71.465301299066894, 51.127467411632153 ], [ 71.465333368922558, 51.127449596383045 ], [ 71.465671045637833, 51.127690383551865 ], [ 71.4656604455175, 51.127716373381936 ], [ 71.465771117960486, 51.12773401939706 ], [ 71.465785131678913, 51.127699347507914 ], [ 71.466256657371559, 51.127625662609937 ], [ 71.466266987997329, 51.127651708853563 ], [ 71.466377840103391, 51.127634231938465 ], [ 71.46636741964609, 51.127608185684984 ], [ 71.46675558168036, 51.127547467413656 ], [ 71.466765822474599, 51.127573175438009 ], [ 71.466876674580675, 51.127555811247696 ], [ 71.466866433786421, 51.127530103213687 ], [ 71.467254685652222, 51.127469497594426 ], [ 71.467264567120338, 51.12749475464355 ], [ 71.467375598889461, 51.127477390423763 ], [ 71.467365537758269, 51.127452133365139 ], [ 71.467794573137979, 51.12738493148116 ], [ 71.467825205689152, 51.127403817926556 ], [ 71.46790524558098, 51.127352514430015 ], [ 71.467864102740975, 51.127327313680645 ], [ 71.467927703463076, 51.127208018671439 ], [ 71.467963905569036, 51.127139801632623 ], [ 71.468018343475237, 51.127037475885459 ], [ 71.468058947326085, 51.127045932567363 ], [ 71.468095239263562, 51.126977771667107 ], [ 71.468054545581197, 51.126969258594748 ], [ 71.468109163150487, 51.126866988847851 ], [ 71.467946657915576, 51.12683271095478 ], [ 71.467904706591796, 51.126911583897638 ] ] ], [ [ [ 71.467927703463076, 51.127208018671439 ], [ 71.467968307313924, 51.127216531699787 ], [ 71.468004689082932, 51.127148314673533 ], [ 71.467963905569036, 51.127139801632623 ], [ 71.467927703463076, 51.127208018671439 ] ] ], [ [ [ 71.467904706591796, 51.126911583897638 ], [ 71.467946657915576, 51.12683271095478 ], [ 71.465244345877878, 51.127223184263904 ], [ 71.465331572291987, 51.127284353982205 ], [ 71.467904706591796, 51.126911583897638 ] ] ] ] } },
{ "type": "Feature", "properties": { "Name": "Хайвил Астана блок E-2, жилой комплекс", "Type": "Жилые дома", "Caption": null, "Purpose": "Жилой дом", "PostIndex": null, "Elevation": 27, "Entrances": 5, "Apartments": 250, "District": "Сарайшык", "DistrictId": "70030076987083136", "CreateDate": "2014-12-05", "UpdateDate": "2025-12-03", "HouseId": "9570784863343252", "City": "Астана", "CityId": "9570771978420226", "Okato": null, "Oktmo": null, "Street": "проспект Ракымжан Кошкарбаев", "StreetId1": "9570887942538806", "Number": "10", "Street2": null, "StreetId2": null, "Number2": null, "Street3": null, "StreetId3": null, "Number3": null, "Street4": null, "StreetId4": null, "Number4": null, "FIAS": null, "FIAS2": null, "FIAS3": null, "FIAS4": null, "GAR": null, "GAR2": null, "GAR3": null, "GAR4": null }, "geometry": { "type": "MultiPolygon", "coordinates": [ [ [ [ 71.469328715980183, 51.126613512247651 ], [ 71.469204389144878, 51.126336524327712 ], [ 71.469039368627179, 51.126365841263294 ], [ 71.469086081021956, 51.126469803477185 ], [ 71.469044848350407, 51.126477189070251 ], [ 71.469076019890778, 51.126546365521968 ], [ 71.469117162730782, 51.126539036318476 ], [ 71.469163785294029, 51.12664282900743 ], [ 71.469328715980183, 51.126613512247651 ] ] ], [ [ [ 71.469204389144878, 51.126336524327712 ], [ 71.469096052321603, 51.126094489761968 ], [ 71.468264302200026, 51.126224556013987 ], [ 71.46830562470312, 51.126329195090904 ], [ 71.46856020725464, 51.12628950443446 ], [ 71.468570448048865, 51.126315664189136 ], [ 71.468681300154927, 51.126298299526049 ], [ 71.468671059360688, 51.126272139761554 ], [ 71.468976037399642, 51.126224443256241 ], [ 71.469039368627179, 51.126365841263294 ], [ 71.469204389144878, 51.126336524327712 ] ] ], [ [ [ 71.468264302200026, 51.126224556013987 ], [ 71.467793135833517, 51.126298412283624 ], [ 71.467820175123578, 51.126366968837374 ], [ 71.467768072837089, 51.126375256505966 ], [ 71.467756843896041, 51.126401247076075 ], [ 71.467658927530081, 51.126384728125409 ], [ 71.467547805929428, 51.126645253277111 ], [ 71.467713365436296, 51.126673216936858 ], [ 71.467757832042849, 51.126568973288535 ], [ 71.467799334208976, 51.126575907838166 ], [ 71.467828978613369, 51.126506505916559 ], [ 71.467787386615697, 51.126499402220887 ], [ 71.467824487036921, 51.126412748321528 ], [ 71.467834458336597, 51.126403051193208 ], [ 71.468028314774912, 51.126372606707321 ], [ 71.468038645400668, 51.12639882279359 ], [ 71.468149587338274, 51.126381345404411 ], [ 71.46813916688096, 51.126355242065664 ], [ 71.46830562470312, 51.126329195090904 ], [ 71.468264302200026, 51.126224556013987 ] ] ], [ [ [ 71.469163785294029, 51.12664282900743 ], [ 71.46914438168389, 51.126599586780252 ], [ 71.468869497206953, 51.126648466843712 ], [ 71.468888900817092, 51.126691652646834 ], [ 71.469163785294029, 51.12664282900743 ] ] ] ] } },
{ "type": "Feature", "properties": { "Name": "Хайвил Астана блок C, жилой комплекс", "Type": "Жилые дома", "Caption": null, "Purpose": "Жилой дом", "PostIndex": null, "Elevation": 32, "Entrances": 4, "Apartments": 536, "District": "Сарайшык", "DistrictId": "70030076987083136", "CreateDate": "2014-12-05", "UpdateDate": "2026-04-08", "HouseId": "9570784863343890", "City": "Астана", "CityId": "9570771978420226", "Okato": null, "Oktmo": null, "Street": "проспект Ракымжан Кошкарбаев", "StreetId1": "9570887942538806", "Number": "2", "Street2": null, "StreetId2": null, "Number2": null, "Street3": null, "StreetId3": null, "Number3": null, "Street4": null, "StreetId4": null, "Number4": null, "FIAS": null, "FIAS2": null, "FIAS3": null, "FIAS4": null, "GAR": null, "GAR2": null, "GAR3": null, "GAR4": null }, "geometry": { "type": "MultiPolygon", "coordinates": [ [ [ [ 71.46094240381376, 51.128004797499244 ], [ 71.460900721984586, 51.128011224443036 ], [ 71.460917610311924, 51.128054972738383 ], [ 71.460941505498482, 51.128116084978494 ], [ 71.460830833055482, 51.128231093033975 ], [ 71.46097743810985, 51.128287018416273 ], [ 71.461051369457735, 51.128210064621697 ], [ 71.461190877821352, 51.128188585188013 ], [ 71.461379793525609, 51.128260747025358 ], [ 71.46146881657026, 51.128168627909957 ], [ 71.461322481010484, 51.128112758760857 ], [ 71.461261575234218, 51.127955749740892 ], [ 71.46094240381376, 51.128004797499244 ] ] ], [ [ [ 71.461379793525609, 51.128260747025358 ], [ 71.461620092864109, 51.128352414946782 ], [ 71.461680369819661, 51.128507562207361 ], [ 71.462013375295484, 51.128456316313027 ], [ 71.461925160734594, 51.128229232611822 ], [ 71.46171306849601, 51.128261930929554 ], [ 71.46146881657026, 51.128168627909957 ], [ 71.461379793525609, 51.128260747025358 ] ] ], [ [ [ 71.461680369819661, 51.128507562207361 ], [ 71.461620092864109, 51.128352414946782 ], [ 71.461379793525609, 51.128260747025358 ], [ 71.461190877821352, 51.128188585188013 ], [ 71.461051369457735, 51.128210064621697 ], [ 71.46097743810985, 51.128287018416273 ], [ 71.460830833055482, 51.128231093033975 ], [ 71.460941505498482, 51.128116084978494 ], [ 71.460917610311924, 51.128054972738383 ], [ 71.460612542441439, 51.12810210358753 ], [ 71.46043494550976, 51.128286623781754 ], [ 71.460569513139333, 51.128625951844867 ], [ 71.460673358386188, 51.128665302238119 ], [ 71.461680369819661, 51.128507562207361 ] ] ], [ [ [ 71.46282949473111, 51.127980217249835 ], [ 71.463042664948048, 51.128061625181722 ], [ 71.463102941903614, 51.12821671704269 ], [ 71.463436037210954, 51.128165470825635 ], [ 71.463347732818534, 51.127938442071169 ], [ 71.463135640579949, 51.127971084218046 ], [ 71.462918517775776, 51.127888153951751 ], [ 71.46282949473111, 51.127980217249835 ] ] ], [ [ [ 71.462350423190102, 51.127730749528951 ], [ 71.462391206703998, 51.127835610701204 ], [ 71.462280534260998, 51.127950619455092 ], [ 71.462427139315352, 51.128006545177023 ], [ 71.462501070663251, 51.127929590915123 ], [ 71.462640579026868, 51.127908111351005 ], [ 71.46282949473111, 51.127980217249835 ], [ 71.462918517775776, 51.127888153951751 ], [ 71.462772182215986, 51.127832228086454 ], [ 71.462711276439734, 51.127675330867014 ], [ 71.462350423190102, 51.127730749528951 ] ] ], [ [ [ 71.463462357848783, 51.128233122585307 ], [ 71.463436037210954, 51.128165470825635 ], [ 71.463102941903614, 51.12821671704269 ], [ 71.463042664948048, 51.128061625181722 ], [ 71.46282949473111, 51.127980217249835 ], [ 71.462640579026868, 51.127908111351005 ], [ 71.462501070663251, 51.127929590915123 ], [ 71.462427139315352, 51.128006545177023 ], [ 71.462280534260998, 51.127950619455092 ], [ 71.462391206703998, 51.127835610701204 ], [ 71.462350423190102, 51.127730749528951 ], [ 71.462280983418637, 51.127741292033917 ], [ 71.460921383236112, 51.127950281194465 ], [ 71.46094240381376, 51.128004797499244 ], [ 71.461261575234218, 51.127955749740892 ], [ 71.461322481010484, 51.128112758760857 ], [ 71.46146881657026, 51.128168627909957 ], [ 71.46171306849601, 51.128261930929554 ], [ 71.461925160734594, 51.128229232611822 ], [ 71.462013375295484, 51.128456316313027 ], [ 71.463462357848783, 51.128233122585307 ] ] ], [ [ [ 71.463159086608869, 51.127724773562484 ], [ 71.463061260074426, 51.127687677451576 ], [ 71.462935226440067, 51.127640095162342 ], [ 71.462711276439734, 51.127675330867014 ], [ 71.462772182215986, 51.127832228086454 ], [ 71.462918517775776, 51.127888153951751 ], [ 71.463135640579949, 51.127971084218046 ], [ 71.463347732818534, 51.127938442071169 ], [ 71.463281526982087, 51.127771171847741 ], [ 71.463159086608869, 51.127724773562484 ] ] ], [ [ [ 71.462280983418637, 51.127741292033917 ], [ 71.462350423190102, 51.127730749528951 ], [ 71.46224469148116, 51.127460082574807 ], [ 71.462175341541212, 51.12747079427362 ], [ 71.462280983418637, 51.127741292033917 ] ] ], [ [ [ 71.463181364827904, 51.127701546213871 ], [ 71.463083268798869, 51.127664619215643 ], [ 71.463061260074426, 51.127687677451576 ], [ 71.463159086608869, 51.127724773562484 ], [ 71.463181364827904, 51.127701546213871 ] ] ] ] } },
{ "type": "Feature", "properties": { "Name": "Хайвил Астана блок B, жилой комплекс", "Type": "Жилые дома", "Caption": null, "Purpose": "Жилой дом", "PostIndex": null, "Elevation": 24, "Entrances": 4, "Apartments": 360, "District": "Сарайшык", "DistrictId": "70030076987083136", "CreateDate": "2014-12-05", "UpdateDate": "2026-04-08", "HouseId": "9570784863343969", "City": "Астана", "CityId": "9570771978420226", "Okato": null, "Oktmo": null, "Street": "Ахмет Байтурсынулы", "StreetId1": "9570887942540595", "Number": "3", "Street2": null, "StreetId2": null, "Number2": null, "Street3": null, "StreetId3": null, "Number3": null, "Street4": null, "StreetId4": null, "Number4": null, "FIAS": null, "FIAS2": null, "FIAS3": null, "FIAS4": null, "GAR": null, "GAR2": null, "GAR3": null, "GAR4": null }, "geometry": { "type": "MultiPolygon", "coordinates": [ [ [ [ 71.460529358446138, 51.127518884132961 ], [ 71.460376195690174, 51.12728666546306 ], [ 71.459505099359177, 51.127513979307857 ], [ 71.459611909046473, 51.127602773474628 ], [ 71.459729588348679, 51.127572047893381 ], [ 71.459691230286055, 51.127513753798638 ], [ 71.45979669250039, 51.127486185289143 ], [ 71.459835230226091, 51.127544366664154 ], [ 71.460244592501056, 51.127437982640977 ], [ 71.46021710405337, 51.127396601614009 ], [ 71.460349066568597, 51.127362098604038 ], [ 71.460392904354478, 51.127428567614949 ], [ 71.460300467711747, 51.127452584384166 ], [ 71.460371075293068, 51.12756026505037 ], [ 71.460529358446138, 51.127518884132961 ] ] ], [ [ [ 71.459611909046473, 51.127602773474628 ], [ 71.459505099359177, 51.127513979307857 ], [ 71.459334239792128, 51.127649002751021 ], [ 71.459326065123051, 51.127646240271183 ], [ 71.459290402006275, 51.127638742110733 ], [ 71.459253032090459, 51.127636036007431 ], [ 71.459215572343098, 51.127638065584918 ], [ 71.459179639731744, 51.127644887219745 ], [ 71.459146491897755, 51.127655993515617 ], [ 71.459117566145594, 51.127671215338097 ], [ 71.45909429977975, 51.127689707026803 ], [ 71.459077231789351, 51.127710735676011 ], [ 71.459067260489704, 51.127733624757809 ], [ 71.459064835038433, 51.127757133975351 ], [ 71.459069955435552, 51.127780586803951 ], [ 71.459082531849518, 51.12780285570468 ], [ 71.459101935459657, 51.12782309502542 ], [ 71.459127447613724, 51.127840459115248 ], [ 71.459157900501879, 51.127854271454765 ], [ 71.459192305977254, 51.127863911901528 ], [ 71.459228957240839, 51.127868929443196 ], [ 71.459239018372031, 51.127869098573811 ], [ 71.459350858624887, 51.127924855264034 ], [ 71.459457488649122, 51.127840346361431 ], [ 71.459423981489024, 51.127823489663903 ], [ 71.459397211693556, 51.12784457462908 ], [ 71.459307829322768, 51.127799754972322 ], [ 71.459396672704372, 51.127729452857032 ], [ 71.459430269696014, 51.127746140457845 ], [ 71.459611909046473, 51.127602773474628 ] ] ], [ [ [ 71.460661949782065, 51.127719643251062 ], [ 71.460529358446138, 51.127518884132961 ], [ 71.460371075293068, 51.12756026505037 ], [ 71.460436831971876, 51.127659770783147 ], [ 71.460528549962376, 51.127635810498823 ], [ 71.460572387748243, 51.127702279115823 ], [ 71.460440425233003, 51.127736725494621 ], [ 71.460463332272766, 51.127771397355694 ], [ 71.460490820720437, 51.127812947177702 ], [ 71.460689348398233, 51.127761249496615 ], [ 71.460661949782065, 51.127719643251062 ] ] ], [ [ [ 71.459607956459195, 51.128025656874939 ], [ 71.459525311453078, 51.128011393573104 ], [ 71.459434581609372, 51.128219479488422 ], [ 71.459517226615517, 51.128233686349553 ], [ 71.459607956459195, 51.128025656874939 ] ] ], [ [ [ 71.459525311453078, 51.128011393573104 ], [ 71.459607956459195, 51.128025656874939 ], [ 71.459649189130758, 51.128032816712533 ], [ 71.459672186002038, 51.128026840785168 ], [ 71.459395145568408, 51.127889506996041 ], [ 71.459350858624887, 51.127924855264034 ], [ 71.459525311453078, 51.128011393573104 ] ] ], [ [ [ 71.459851579564273, 51.127569229031685 ], [ 71.459835230226091, 51.127544366664154 ], [ 71.45979669250039, 51.127486185289143 ], [ 71.459691230286055, 51.127513753798638 ], [ 71.459729588348679, 51.127572047893381 ], [ 71.459745937686847, 51.127596797491634 ], [ 71.459851579564273, 51.127569229031685 ] ] ], [ [ [ 71.460572387748243, 51.127702279115823 ], [ 71.460528549962376, 51.127635810498823 ], [ 71.460436831971876, 51.127659770783147 ], [ 71.460396587447136, 51.127670256927189 ], [ 71.460440425233003, 51.127736725494621 ], [ 71.460572387748243, 51.127702279115823 ] ] ], [ [ [ 71.459423981489024, 51.127823489663903 ], [ 71.45948605507516, 51.12777427258203 ], [ 71.459430269696014, 51.127746140457845 ], [ 71.459396672704372, 51.127729452857032 ], [ 71.459307829322768, 51.127799754972322 ], [ 71.459397211693556, 51.12784457462908 ], [ 71.459423981489024, 51.127823489663903 ] ] ], [ [ [ 71.460300467711747, 51.127452584384166 ], [ 71.460392904354478, 51.127428567614949 ], [ 71.460349066568597, 51.127362098604038 ], [ 71.46021710405337, 51.127396601614009 ], [ 71.460244592501056, 51.127437982640977 ], [ 71.460260941839238, 51.127463014197893 ], [ 71.460300467711747, 51.127452584384166 ] ] ], [ [ [ 71.460463332272766, 51.127771397355694 ], [ 71.460357870058402, 51.12779896569495 ], [ 71.460385268674571, 51.127840459115248 ], [ 71.460490820720437, 51.127812947177702 ], [ 71.460463332272766, 51.127771397355694 ] ] ] ] } },
{ "type": "Feature", "properties": { "Name": "Хайвил Астана блок А, жилой комплекс", "Type": "Жилые дома", "Caption": null, "Purpose": "Жилой дом", "PostIndex": null, "Elevation": 24, "Entrances": 6, "Apartments": 360, "District": "Сарайшык", "DistrictId": "70030076987083136", "CreateDate": "2014-12-05", "UpdateDate": "2026-04-08", "HouseId": "9570784863344615", "City": "Астана", "CityId": "9570771978420226", "Okato": null, "Oktmo": null, "Street": "Ахмет Байтурсынулы", "StreetId1": "9570887942540595", "Number": "1", "Street2": null, "StreetId2": null, "Number2": null, "Street3": null, "StreetId3": null, "Number3": null, "Street4": null, "StreetId4": null, "Number4": null, "FIAS": null, "FIAS2": null, "FIAS3": null, "FIAS4": null, "GAR": null, "GAR2": null, "GAR3": null, "GAR4": null }, "geometry": { "type": "MultiPolygon", "coordinates": [ [ [ [ 71.4597359663872, 51.12858102019436 ], [ 71.459846908324792, 51.128563543630925 ], [ 71.459881403631698, 51.128650757254249 ], [ 71.459770551525637, 51.128668233784701 ], [ 71.459811424871063, 51.128772867325409 ], [ 71.460020013680037, 51.128740282121022 ], [ 71.45991643792776, 51.128478641264088 ], [ 71.4597084779395, 51.128511113900906 ], [ 71.4597359663872, 51.12858102019436 ] ] ], [ [ [ 71.459770551525637, 51.128668233784701 ], [ 71.458855707240289, 51.128811484709168 ], [ 71.45889658058573, 51.128916117925321 ], [ 71.459118823786994, 51.128881221421075 ], [ 71.459094569274342, 51.128820110193381 ], [ 71.459205601043436, 51.128802690096144 ], [ 71.459229855556117, 51.128863857722536 ], [ 71.45953474376357, 51.128816107517892 ], [ 71.459510309587813, 51.128754827076698 ], [ 71.45962134135695, 51.128737350579009 ], [ 71.459645775532678, 51.128798743794881 ], [ 71.459811424871063, 51.128772867325409 ], [ 71.459770551525637, 51.128668233784701 ] ] ], [ [ [ 71.458855707240289, 51.128811484709168 ], [ 71.458647747252016, 51.128843393355154 ], [ 71.458665084736992, 51.128887197237894 ], [ 71.458526384857137, 51.128908789097849 ], [ 71.458498806577907, 51.128839052427587 ], [ 71.458540398575565, 51.128832569223299 ], [ 71.458484523364888, 51.128688641853827 ], [ 71.458309351884495, 51.128691855278241 ], [ 71.458424875230023, 51.128988898756475 ], [ 71.45889658058573, 51.128916117925321 ], [ 71.458855707240289, 51.128811484709168 ] ] ], [ [ [ 71.458484523364888, 51.128688641853827 ], [ 71.458510125350486, 51.128599455142819 ], [ 71.458411490332296, 51.12858840544984 ], [ 71.45843197192076, 51.128517653526401 ], [ 71.458530517107448, 51.12852870323632 ], [ 71.458557107239841, 51.128437035664781 ], [ 71.458396129140937, 51.128391145434563 ], [ 71.458309351884495, 51.128691855278241 ], [ 71.458484523364888, 51.128688641853827 ] ] ], [ [ [ 71.45959726650733, 51.128338151745879 ], [ 71.459558728781644, 51.128240507896422 ], [ 71.459517226615517, 51.128233686349553 ], [ 71.459434581609372, 51.128219479488422 ], [ 71.459329209226567, 51.128235772277222 ], [ 71.459292468131423, 51.128143089346658 ], [ 71.459046509406633, 51.128020019206765 ], [ 71.458886429623007, 51.128146697444755 ], [ 71.458998269875877, 51.128202679305723 ], [ 71.458964762715794, 51.128229176235394 ], [ 71.45959726650733, 51.128338151745879 ] ] ], [ [ [ 71.458541656216951, 51.128230698398973 ], [ 71.45856105982709, 51.128250881155807 ], [ 71.458567707360203, 51.128255278515077 ], [ 71.458396129140937, 51.128391145434563 ], [ 71.458557107239841, 51.128437035664781 ], [ 71.458740633052386, 51.128291697653864 ], [ 71.458706586903119, 51.128274671991925 ], [ 71.458795430284724, 51.128204370599562 ], [ 71.458884812655498, 51.128249189863666 ], [ 71.458858132691546, 51.128270274634517 ], [ 71.458891550020127, 51.128287131168989 ], [ 71.458998269875877, 51.128202679305723 ], [ 71.458886429623007, 51.128146697444755 ], [ 71.458868553148861, 51.128120369597461 ], [ 71.45884600543522, 51.128101427068493 ], [ 71.458817888166834, 51.128085697998351 ], [ 71.458785189490484, 51.128074028039642 ], [ 71.458749526373694, 51.128066529948654 ], [ 71.458712246289409, 51.12806382387042 ], [ 71.458674696710531, 51.128065853429121 ], [ 71.458638764099163, 51.128072675000759 ], [ 71.458605616265203, 51.128083781193752 ], [ 71.458576690513041, 51.128099002875246 ], [ 71.458553424147183, 51.128117494392669 ], [ 71.45853635615677, 51.128138522847102 ], [ 71.458526474688654, 51.128161411716903 ], [ 71.458523959405866, 51.128184920716691 ], [ 71.458529079802986, 51.128208373328064 ], [ 71.458541656216951, 51.128230698398973 ] ] ], [ [ [ 71.4585724684312, 51.128533720705775 ], [ 71.458530517107448, 51.12852870323632 ], [ 71.45843197192076, 51.128517653526401 ], [ 71.458411490332296, 51.12858840544984 ], [ 71.458510125350486, 51.128599455142819 ], [ 71.458552076674252, 51.128604528980553 ], [ 71.4585724684312, 51.128533720705775 ] ] ], [ [ [ 71.458540398575565, 51.128832569223299 ], [ 71.458498806577907, 51.128839052427587 ], [ 71.458526384857137, 51.128908789097849 ], [ 71.458665084736992, 51.128887197237894 ], [ 71.458647747252016, 51.128843393355154 ], [ 71.458637506457777, 51.128817516910715 ], [ 71.458540398575565, 51.128832569223299 ] ] ], [ [ [ 71.459240186181887, 51.128889846892264 ], [ 71.459229855556117, 51.128863857722536 ], [ 71.459205601043436, 51.128802690096144 ], [ 71.459094569274342, 51.128820110193381 ], [ 71.459118823786994, 51.128881221421075 ], [ 71.459129334075826, 51.128907379707826 ], [ 71.459240186181887, 51.128889846892264 ] ] ], [ [ [ 71.459656016326903, 51.128824507498436 ], [ 71.459645775532678, 51.128798743794881 ], [ 71.45962134135695, 51.128737350579009 ], [ 71.459510309587813, 51.128754827076698 ], [ 71.45953474376357, 51.128816107517892 ], [ 71.459545164220842, 51.128842040338817 ], [ 71.459656016326903, 51.128824507498436 ] ] ], [ [ [ 71.458795430284724, 51.128204370599562 ], [ 71.458706586903119, 51.128274671991925 ], [ 71.458740633052386, 51.128291697653864 ], [ 71.458795969273893, 51.128319491187824 ], [ 71.458858132691546, 51.128270274634517 ], [ 71.458884812655498, 51.128249189863666 ], [ 71.458795430284724, 51.128204370599562 ] ] ], [ [ [ 71.459881403631698, 51.128650757254249 ], [ 71.459846908324792, 51.128563543630925 ], [ 71.4597359663872, 51.12858102019436 ], [ 71.459770551525637, 51.128668233784701 ], [ 71.459881403631698, 51.128650757254249 ] ] ], [ [ [ 71.460186291839122, 51.128714236491284 ], [ 71.460082716086873, 51.12845253911064 ], [ 71.45991643792776, 51.128478641264088 ], [ 71.460020013680037, 51.128740282121022 ], [ 71.460186291839122, 51.128714236491284 ] ] ] ] } },
{ "type": "Feature", "properties": { "Name": "Akbulak Town, жилой комплекс", "Type": "Жилые дома", "Caption": null, "Purpose": "Жилой дом", "PostIndex": null, "Elevation": 14, "Entrances": 1, "Apartments": 104, "District": "Алматы", "DistrictId": "9570759093518343", "CreateDate": "2014-12-05", "UpdateDate": "2026-05-20", "HouseId": "9570784863349076", "City": "Астана", "CityId": "9570771978420226", "Okato": null, "Oktmo": null, "Street": "проспект Бауыржан Момышулы", "StreetId1": "9570887942540534", "Number": "2/9", "Street2": null, "StreetId2": null, "Number2": null, "Street3": null, "StreetId3": null, "Number3": null, "Street4": null, "StreetId4": null, "Number4": null, "FIAS": null, "FIAS2": null, "FIAS3": null, "FIAS4": null, "GAR": null, "GAR2": null, "GAR3": null, "GAR4": null }, "geometry": { "type": "MultiPolygon", "coordinates": [ [ [ [ 71.46476814894578, 51.135105743043596 ], [ 71.464932899968872, 51.134876437305458 ], [ 71.464672478368016, 51.134802425647884 ], [ 71.464507727344909, 51.135031731753557 ], [ 71.46476814894578, 51.135105743043596 ] ] ], [ [ [ 71.464689366695353, 51.135280821830193 ], [ 71.464760064108205, 51.135182459876283 ], [ 71.464720897561818, 51.135171299022446 ], [ 71.46476814894578, 51.135105743043596 ], [ 71.464507727344909, 51.135031731753557 ], [ 71.464460475960962, 51.135097344205533 ], [ 71.464421578909167, 51.13508623969917 ], [ 71.464350881496301, 51.135184545490098 ], [ 71.464689366695353, 51.135280821830193 ] ] ] ] } },
{ "type": "Feature", "properties": { "Name": "Akbulak Town, жилой комплекс", "Type": "Жилые дома", "Caption": null, "Purpose": "Жилой дом", "PostIndex": null, "Elevation": 14, "Entrances": 1, "Apartments": 104, "District": "Алматы", "DistrictId": "9570759093518343", "CreateDate": "2014-12-05", "UpdateDate": "2026-05-20", "HouseId": "9570784863349079", "City": "Астана", "CityId": "9570771978420226", "Okato": null, "Oktmo": null, "Street": "проспект Бауыржан Момышулы", "StreetId1": "9570887942540534", "Number": "2/7", "Street2": null, "StreetId2": null, "Number2": null, "Street3": null, "StreetId3": null, "Number3": null, "Street4": null, "StreetId4": null, "Number4": null, "FIAS": null, "FIAS2": null, "FIAS3": null, "FIAS4": null, "GAR": null, "GAR2": null, "GAR3": null, "GAR4": null }, "geometry": { "type": "MultiPolygon", "coordinates": [ [ [ [ 71.463362465189178, 51.134705697362101 ], [ 71.463527216212299, 51.134476389637292 ], [ 71.463266794611428, 51.134402377338482 ], [ 71.463102043588322, 51.134631741799446 ], [ 71.463362465189178, 51.134705697362101 ] ] ], [ [ [ 71.463283593107235, 51.134880664928922 ], [ 71.463354290520101, 51.134782358491037 ], [ 71.463315393468292, 51.134771310277358 ], [ 71.463362465189178, 51.134705697362101 ], [ 71.463102043588322, 51.134631741799446 ], [ 71.463054971867436, 51.134697298451258 ], [ 71.463015805321049, 51.134686137480152 ], [ 71.462945107908183, 51.134784444122893 ], [ 71.463283593107235, 51.134880664928922 ] ] ] ] } },
{ "type": "Feature", "properties": { "Name": "Akbulak Town, жилой комплекс", "Type": "Жилые дома", "Caption": null, "Purpose": "Жилой дом", "PostIndex": null, "Elevation": 9, "Entrances": 3, "Apartments": 108, "District": "Алматы", "DistrictId": "9570759093518343", "CreateDate": "2014-12-05", "UpdateDate": "2026-05-20", "HouseId": "9570784863349089", "City": "Астана", "CityId": "9570771978420226", "Okato": null, "Oktmo": null, "Street": "проспект Бауыржан Момышулы", "StreetId1": "9570887942540534", "Number": "2/8", "Street2": null, "StreetId2": null, "Number2": null, "Street3": null, "StreetId3": null, "Number3": null, "Street4": null, "StreetId4": null, "Number4": null, "FIAS": null, "FIAS2": null, "FIAS3": null, "FIAS4": null, "GAR": null, "GAR2": null, "GAR3": null, "GAR4": null }, "geometry": { "type": "MultiPolygon", "coordinates": [ [ [ [ 71.464625945636314, 51.134867587479086 ], [ 71.464672927525655, 51.134802651121504 ], [ 71.46352739587536, 51.134476502374902 ], [ 71.463477808871659, 51.134546625113515 ], [ 71.464625945636314, 51.134867587479086 ] ] ], [ [ [ 71.463354290520101, 51.134782414859451 ], [ 71.463283593107235, 51.134880608560628 ], [ 71.464350881496301, 51.135184545490098 ], [ 71.464421578909167, 51.13508623969917 ], [ 71.463354290520101, 51.134782414859451 ] ] ] ] } },
{ "type": "Feature", "properties": { "Name": "Гранд Астана блок E, жилой комплекс", "Type": "Жилые дома", "Caption": null, "Purpose": "Жилой дом", "PostIndex": null, "Elevation": 22, "Entrances": 2, "Apartments": 208, "District": "Сарайшык", "DistrictId": "70030076987083136", "CreateDate": "2014-12-05", "UpdateDate": "2026-04-21", "HouseId": "9570784863349889", "City": "Астана", "CityId": "9570771978420226", "Okato": null, "Oktmo": null, "Street": "Шамши Калдаяков", "StreetId1": "9570887942538294", "Number": "13", "Street2": null, "StreetId2": null, "Number2": null, "Street3": null, "StreetId3": null, "Number3": null, "Street4": null, "StreetId4": null, "Number4": null, "FIAS": null, "FIAS2": null, "FIAS3": null, "FIAS4": null, "GAR": null, "GAR2": null, "GAR3": null, "GAR4": null }, "geometry": { "type": "MultiPolygon", "coordinates": [ [ [ [ 71.464809561280376, 51.118000964861068 ], [ 71.464878731557249, 51.118175431832121 ], [ 71.46503135532403, 51.118151410239157 ], [ 71.465471529813243, 51.118318546134226 ], [ 71.46550898956059, 51.118414575695191 ], [ 71.465786479151859, 51.11837177687265 ], [ 71.465690988237156, 51.118127275856175 ], [ 71.465413678308948, 51.118170244071329 ], [ 71.465266624096927, 51.118114419217093 ], [ 71.465197633483101, 51.117940064793622 ], [ 71.464809561280376, 51.118000964861068 ] ] ] ] } },
{ "type": "Feature", "properties": { "Name": "Гранд Астана, жилой комплекс", "Type": "Жилые дома", "Caption": null, "Purpose": "Жилой дом", "PostIndex": null, "Elevation": 19, "Entrances": 8, "Apartments": 513, "District": "Сарайшык", "DistrictId": "70030076987083136", "CreateDate": "2014-12-05", "UpdateDate": "2026-04-21", "HouseId": "9570784863349981", "City": "Астана", "CityId": "9570771978420226", "Okato": null, "Oktmo": null, "Street": "Шамши Калдаяков", "StreetId1": "9570887942538294", "Number": "11", "Street2": null, "StreetId2": null, "Number2": null, "Street3": null, "StreetId3": null, "Number3": null, "Street4": null, "StreetId4": null, "Number4": null, "FIAS": null, "FIAS2": null, "FIAS3": null, "FIAS4": null, "GAR": null, "GAR2": null, "GAR3": null, "GAR4": null }, "geometry": { "type": "MultiPolygon", "coordinates": [ [ [ [ 71.461655037328669, 51.118500737104355 ], [ 71.461514540818229, 51.118565245279349 ], [ 71.461460282575061, 51.118563835573688 ], [ 71.461415097316262, 51.118570996877992 ], [ 71.461374223970836, 51.118584981154051 ], [ 71.461340177821569, 51.118604998961203 ], [ 71.461315024993624, 51.118629584199823 ], [ 71.461300472286027, 51.118657439936015 ], [ 71.461297507845572, 51.118686761745451 ], [ 71.461306041840785, 51.118715519655858 ], [ 71.461325535282455, 51.118742134804044 ], [ 71.461355089855289, 51.118764690002379 ], [ 71.461392729265697, 51.118782001109629 ], [ 71.461435848399347, 51.118792940372749 ], [ 71.46148193197341, 51.118796718365083 ], [ 71.461528195210548, 51.118793109536604 ], [ 71.461571494007245, 51.118782508601278 ], [ 71.46169483269577, 51.118728714455813 ], [ 71.461626381071099, 51.118669563378724 ], [ 71.461709295571822, 51.118631557784923 ], [ 71.461918153875374, 51.118598683484947 ], [ 71.461928574332674, 51.11862479120709 ], [ 71.462039336607205, 51.118607423652762 ], [ 71.462029005981421, 51.118581315920814 ], [ 71.462416988352658, 51.118520585783187 ], [ 71.462427229146883, 51.11854669354944 ], [ 71.462538260916006, 51.118529382354033 ], [ 71.462527660795644, 51.11850321818968 ], [ 71.462915912661444, 51.118442487949387 ], [ 71.462926153455683, 51.118468708536469 ], [ 71.463037005561759, 51.118451340923464 ], [ 71.463026585104458, 51.118425233103324 ], [ 71.463220621205821, 51.118394839747687 ], [ 71.46339210959357, 51.118459573623959 ], [ 71.463370011037568, 51.118482692843486 ], [ 71.463468017235073, 51.118519683570703 ], [ 71.463490115791075, 51.118496564369657 ], [ 71.463808568559273, 51.11861678408868 ], [ 71.463786559834816, 51.118639903229564 ], [ 71.463884566032334, 51.118676837442798 ], [ 71.463906574756791, 51.118653661932306 ], [ 71.464077793649935, 51.118718677386106 ], [ 71.464237963265091, 51.118734296870052 ], [ 71.464432358692576, 51.118704975090779 ], [ 71.464442419823754, 51.118731195528902 ], [ 71.464553631255939, 51.118714335506965 ], [ 71.464543659956277, 51.118688115059292 ], [ 71.464843068440473, 51.118643004576853 ], [ 71.46486328053436, 51.118696178553371 ], [ 71.464956795155459, 51.118682870967959 ], [ 71.465000093952128, 51.118672213619249 ], [ 71.465037913025597, 51.1186550152471 ], [ 71.465067737093037, 51.118632516383371 ], [ 71.465087769523876, 51.118606013948387 ], [ 71.465096662845184, 51.118577368746237 ], [ 71.465093788236274, 51.118548046867382 ], [ 71.465079594854785, 51.118520247453496 ], [ 71.465054801352935, 51.118495380215137 ], [ 71.465021024698245, 51.118475249583824 ], [ 71.464980420847411, 51.118461039721133 ], [ 71.464935325420143, 51.118453652846355 ], [ 71.464888792688427, 51.118453540069638 ], [ 71.464847470185362, 51.118460081119139 ], [ 71.464802823915747, 51.118474742088814 ], [ 71.464768687934949, 51.118494703555413 ], [ 71.464743535107004, 51.118519288852717 ], [ 71.464188016935296, 51.118603138151329 ], [ 71.463575904900694, 51.11837177687265 ], [ 71.463330934322713, 51.118279299703069 ], [ 71.463308835766739, 51.118302419012807 ], [ 71.463162230712342, 51.118291817964895 ], [ 71.463151720423539, 51.118265710054615 ], [ 71.461655037328669, 51.118500737104355 ] ] ] ] } },
{ "type": "Feature", "properties": { "Name": "Ак Шанырак, жилой комплекс", "Type": "Жилые дома", "Caption": null, "Purpose": "Жилой дом", "PostIndex": null, "Elevation": 17, "Entrances": null, "Apartments": 82, "District": "Алматы", "DistrictId": "9570759093518343", "CreateDate": "2014-12-09", "UpdateDate": "2026-04-15", "HouseId": "9570784863359591", "City": "Астана", "CityId": "9570771978420226", "Okato": null, "Oktmo": null, "Street": "проспект Бауыржан Момышулы", "StreetId1": "9570887942540534", "Number": "2г блок 1", "Street2": null, "StreetId2": null, "Number2": null, "Street3": null, "StreetId3": null, "Number3": null, "Street4": null, "StreetId4": null, "Number4": null, "FIAS": null, "FIAS2": null, "FIAS3": null, "FIAS4": null, "GAR": null, "GAR2": null, "GAR3": null, "GAR4": null }, "geometry": { "type": "MultiPolygon", "coordinates": [ [ [ [ 71.461292836606106, 51.133683442864715 ], [ 71.4613036163895, 51.133689756278734 ], [ 71.461317001287242, 51.133693702162056 ], [ 71.461331015005683, 51.133695505994318 ], [ 71.46134547788175, 51.133694040380611 ], [ 71.461358413621852, 51.133689756278734 ], [ 71.461368564584561, 51.133683386494944 ], [ 71.46137530194919, 51.133675269247071 ], [ 71.461376829085168, 51.133667264737355 ], [ 71.461438453513665, 51.13365486338153 ], [ 71.461419409229634, 51.133616588266861 ], [ 71.461433782274185, 51.133605427034524 ], [ 71.46143890267129, 51.133582484492919 ], [ 71.461433692442654, 51.133550466381386 ], [ 71.461419499061151, 51.133515009679151 ], [ 71.461398298820455, 51.133481018570208 ], [ 71.461372786666388, 51.133453115402396 ], [ 71.461347633838443, 51.133436260753463 ], [ 71.461327960733712, 51.133432765808742 ], [ 71.461297687508647, 51.133371773344201 ], [ 71.461236242743198, 51.133383836555225 ], [ 71.46122743925342, 51.13337898872313 ], [ 71.461214503513318, 51.13337476096217 ], [ 71.461200040637252, 51.133373295338281 ], [ 71.461185577761171, 51.13337476096217 ], [ 71.461172642021097, 51.13337898872313 ], [ 71.461162491058388, 51.133385358548907 ], [ 71.461155753693745, 51.13339353221788 ], [ 71.461152250264149, 51.133400296632473 ], [ 71.461093051286923, 51.133411908875217 ], [ 71.461122605859771, 51.133471604776091 ], [ 71.461108502309784, 51.133482540560706 ], [ 71.461103381912693, 51.133505483151964 ], [ 71.461108592141329, 51.133537501294697 ], [ 71.461122785522818, 51.133572957979666 ], [ 71.461143267111296, 51.133605934363338 ], [ 71.461169497917595, 51.133634852095796 ], [ 71.46119465074554, 51.133651763042053 ], [ 71.461213695029571, 51.13365486338153 ], [ 71.461233457965832, 51.133695167775777 ], [ 71.461292836606106, 51.133683442864715 ] ] ], [ [ [ 71.461305053693962, 51.133841221586643 ], [ 71.461438453513665, 51.13365486338153 ], [ 71.461233457965832, 51.133695167775777 ], [ 71.461305053693962, 51.133841221586643 ] ] ] ] } },
{ "type": "Feature", "properties": { "Name": "Гранд Астана Elite, жилой комплекс", "Type": "Жилые дома", "Caption": null, "Purpose": "Жилой дом", "PostIndex": null, "Elevation": 18, "Entrances": 6, "Apartments": 386, "District": "Сарайшык", "DistrictId": "70030076987083136", "CreateDate": "2014-12-09", "UpdateDate": "2026-04-21", "HouseId": "9570784863363476", "City": "Астана", "CityId": "9570771978420226", "Okato": null, "Oktmo": null, "Street": "Шамши Калдаяков", "StreetId1": "9570887942538294", "Number": "1", "Street2": null, "StreetId2": null, "Number2": null, "Street3": null, "StreetId3": null, "Number3": null, "Street4": null, "StreetId4": null, "Number4": null, "FIAS": null, "FIAS2": null, "FIAS3": null, "FIAS4": null, "GAR": null, "GAR2": null, "GAR3": null, "GAR4": null }, "geometry": { "type": "MultiPolygon", "coordinates": [ [ [ [ 71.454671534309924, 51.119551633977849 ], [ 71.454754358979102, 51.119760942127876 ], [ 71.454785440687942, 51.119804359917381 ], [ 71.455010827992723, 51.120012257260953 ], [ 71.45508044742725, 51.120052968266691 ], [ 71.455205672577861, 51.120121082999418 ], [ 71.455239359401006, 51.120136307305074 ], [ 71.45527771746363, 51.120146456839393 ], [ 71.455318680640602, 51.120150967742823 ], [ 71.455360182806714, 51.12014967085814 ], [ 71.455400247668393, 51.120142453412235 ], [ 71.455436629437386, 51.120129935651832 ], [ 71.455467890809288, 51.120112568663309 ], [ 71.455492055490424, 51.120091367395759 ], [ 71.455508225165545, 51.120067177639747 ], [ 71.455515232024766, 51.120041409051254 ], [ 71.455513165899603, 51.120015245743183 ], [ 71.455501847127024, 51.119990040990608 ], [ 71.455481904527716, 51.119967204457915 ], [ 71.455454236416983, 51.119947525560214 ], [ 71.455421717403681, 51.119932808671351 ], [ 71.455403751098004, 51.119952431188786 ], [ 71.455304846585221, 51.119916512953687 ], [ 71.455261907114647, 51.119963201015231 ], [ 71.45518770627217, 51.11993624825115 ], [ 71.455091047547597, 51.119847044639499 ], [ 71.455150156693279, 51.119821670635069 ], [ 71.455085747487416, 51.119762351796993 ], [ 71.455026638341721, 51.119787725834016 ], [ 71.454962318967375, 51.119728350565538 ], [ 71.454948484912009, 51.119693447119502 ], [ 71.45505924718654, 51.119676023580041 ], [ 71.455041999533094, 51.119632380122212 ], [ 71.455374645682781, 51.119580278575938 ], [ 71.455391803504725, 51.119623865696049 ], [ 71.455502655610786, 51.119606554904244 ], [ 71.455485407957312, 51.119563024154822 ], [ 71.455873480160065, 51.119502238920525 ], [ 71.455890817645056, 51.119545826114262 ], [ 71.456001669751117, 51.119528458906174 ], [ 71.455984511929188, 51.119484871696052 ], [ 71.45624286740491, 51.119444329351147 ], [ 71.4562674812437, 51.119513685496734 ], [ 71.456337190509743, 51.119503817758805 ], [ 71.456364050136727, 51.119579827480045 ], [ 71.456573177934857, 51.119550280689317 ], [ 71.45647337510681, 51.11926964162226 ], [ 71.454671534309924, 51.119551633977849 ] ] ], [ [ [ 71.455678725406472, 51.11998733443918 ], [ 71.455746907536536, 51.119929594637526 ], [ 71.455655189546022, 51.119886684445213 ], [ 71.455587007415957, 51.119944424300492 ], [ 71.455678725406472, 51.11998733443918 ] ] ] ] } },
{ "type": "Feature", "properties": { "Name": "Гранд Астана блок F2, жилой комплекс", "Type": "Жилые дома", "Caption": null, "Purpose": "Жилой дом", "PostIndex": null, "Elevation": 21, "Entrances": 1, "Apartments": 175, "District": "Сарайшык", "DistrictId": "70030076987083136", "CreateDate": "2014-12-09", "UpdateDate": "2026-04-21", "HouseId": "9570784863364485", "City": "Астана", "CityId": "9570771978420226", "Okato": null, "Oktmo": null, "Street": "Жумекен Нажимеденов", "StreetId1": "9570887942538475", "Number": "10/1", "Street2": null, "StreetId2": null, "Number2": null, "Street3": null, "StreetId3": null, "Number3": null, "Street4": null, "StreetId4": null, "Number4": null, "FIAS": null, "FIAS2": null, "FIAS3": null, "FIAS4": null, "GAR": null, "GAR2": null, "GAR3": null, "GAR4": null }, "geometry": { "type": "MultiPolygon", "coordinates": [ [ [ [ 71.464405499065577, 51.11995322060023 ], [ 71.46445508606925, 51.119997145687357 ], [ 71.464574562002042, 51.12001000180252 ], [ 71.464667627465488, 51.119968275801682 ], [ 71.464766352315209, 51.119962411603957 ], [ 71.46487028739358, 51.119992352836483 ], [ 71.464983924277021, 51.119965738408531 ], [ 71.46501931789922, 51.11991662572683 ], [ 71.464977097080876, 51.119845071106333 ], [ 71.46487316200249, 51.119815186165035 ], [ 71.464816029150413, 51.119764607267527 ], [ 71.464805339198534, 51.119692939637872 ], [ 71.464712094072055, 51.119644221374536 ], [ 71.464626843951592, 51.119649239809135 ], [ 71.464549499005599, 51.119707994924127 ], [ 71.464559829631398, 51.119779606143688 ], [ 71.464518686791379, 51.119836331172664 ], [ 71.464425621327933, 51.119878057292667 ], [ 71.464405499065577, 51.11995322060023 ] ] ], [ [ [ 71.466159010500178, 51.119685271025752 ], [ 71.466216143352256, 51.119735850010123 ], [ 71.466320078430613, 51.119765791389504 ], [ 71.466337865073243, 51.119741263142295 ], [ 71.466258094676007, 51.11953144741971 ], [ 71.466186858273986, 51.119535676447974 ], [ 71.466171047924988, 51.119428259009879 ], [ 71.466205633063424, 51.119426059910118 ], [ 71.46602516152285, 51.118952461601062 ], [ 71.465900205866831, 51.118971351494416 ], [ 71.466144188297989, 51.119611404182081 ], [ 71.466148320548299, 51.119613603273031 ], [ 71.466159010500178, 51.119685271025752 ] ] ], [ [ [ 71.465656313267189, 51.119815355325137 ], [ 71.465095674698375, 51.11984016546635 ], [ 71.465108879933041, 51.119958295387789 ], [ 71.465672752436873, 51.119924970939358 ], [ 71.465656313267189, 51.119815355325137 ] ] ], [ [ [ 71.464887714710102, 51.119188669294068 ], [ 71.464874509475422, 51.119099125913515 ], [ 71.464259792326487, 51.119135326721775 ], [ 71.464273087392698, 51.11922498280699 ], [ 71.464887714710102, 51.119188669294068 ] ] ], [ [ [ 71.463713167476115, 51.120040619641316 ], [ 71.464329771087137, 51.120004306769481 ], [ 71.464313062422832, 51.119893338065026 ], [ 71.463695380833471, 51.119920685560139 ], [ 71.463713167476115, 51.120040619641316 ] ] ], [ [ [ 71.462988676199458, 51.119923786821445 ], [ 71.463030088534055, 51.119960438075708 ], [ 71.463123153997486, 51.119918768416689 ], [ 71.463164296837519, 51.119861987102254 ], [ 71.463153966211749, 51.1197903760104 ], [ 71.463231221326168, 51.119731621000177 ], [ 71.463248289316567, 51.119730606037727 ], [ 71.463176244430798, 51.119244718399862 ], [ 71.463048324334324, 51.119252274310348 ], [ 71.463090814647259, 51.119538721348107 ], [ 71.463048234502807, 51.119541202377683 ], [ 71.463076711097315, 51.119738218255527 ], [ 71.462962894550813, 51.119744759123151 ], [ 71.462988676199458, 51.119923786821445 ] ] ] ] } },
{ "type": "Feature", "properties": { "Name": "Гранд Астана блок F1, жилой комплекс", "Type": "Жилые дома", "Caption": null, "Purpose": "Жилой дом", "PostIndex": null, "Elevation": 23, "Entrances": 1, "Apartments": 164, "District": "Сарайшык", "DistrictId": "70030076987083136", "CreateDate": "2015-03-10", "UpdateDate": "2026-04-21", "HouseId": "9570784863379505", "City": "Астана", "CityId": "9570771978420226", "Okato": null, "Oktmo": null, "Street": "Жумекен Нажимеденов", "StreetId1": "9570887942538475", "Number": "10", "Street2": null, "StreetId2": null, "Number2": null, "Street3": null, "StreetId3": null, "Number3": null, "Street4": null, "StreetId4": null, "Number4": null, "FIAS": null, "FIAS2": null, "FIAS3": null, "FIAS4": null, "GAR": null, "GAR2": null, "GAR3": null, "GAR4": null }, "geometry": { "type": "MultiPolygon", "coordinates": [ [ [ [ 71.463477629208612, 51.119897623446775 ], [ 71.463420496356534, 51.119846988252839 ], [ 71.46340980640467, 51.119775377137735 ], [ 71.463316561278162, 51.119726602574531 ], [ 71.463231221326168, 51.119731621000177 ], [ 71.463153966211749, 51.1197903760104 ], [ 71.463164296837519, 51.119861987102254 ], [ 71.463123153997486, 51.119918768416689 ], [ 71.463030088534055, 51.119960438075708 ], [ 71.463009966271699, 51.120035601249242 ], [ 71.463059553275386, 51.120079526258039 ], [ 71.463179029208177, 51.120092382350258 ], [ 71.463272094671609, 51.120050712810247 ], [ 71.463370819521316, 51.120044848622975 ], [ 71.463474754599716, 51.120074733415706 ], [ 71.463588391483142, 51.120048175421616 ], [ 71.463623785105327, 51.119999062827553 ], [ 71.463581564286983, 51.11992750833474 ], [ 71.463477629208612, 51.119897623446775 ] ] ] ] } },
{ "type": "Feature", "properties": { "Name": "Гранд Астана блок F4, жилой комплекс", "Type": "Жилые дома", "Caption": null, "Purpose": "Жилой дом", "PostIndex": null, "Elevation": 23, "Entrances": 1, "Apartments": 187, "District": "Сарайшык", "DistrictId": "70030076987083136", "CreateDate": "2015-03-10", "UpdateDate": "2026-04-21", "HouseId": "9570784863379506", "City": "Астана", "CityId": "9570771978420226", "Okato": null, "Oktmo": null, "Street": "Жумекен Нажимеденов", "StreetId1": "9570887942538475", "Number": "10/3", "Street2": null, "StreetId2": null, "Number2": null, "Street3": null, "StreetId3": null, "Number3": null, "Street4": null, "StreetId4": null, "Number4": null, "FIAS": null, "FIAS2": null, "FIAS3": null, "FIAS4": null, "GAR": null, "GAR2": null, "GAR3": null, "GAR4": null }, "geometry": { "type": "MultiPolygon", "coordinates": [ [ [ [ 71.464181279570667, 51.119156415653066 ], [ 71.464131962061558, 51.119112376991481 ], [ 71.46401248612878, 51.119099577014104 ], [ 71.463919061339226, 51.119141247411996 ], [ 71.463820516152566, 51.119147111713971 ], [ 71.463716760737256, 51.119117057158526 ], [ 71.463603123853801, 51.119143728462944 ], [ 71.463567460737025, 51.11919272919134 ], [ 71.463609501892321, 51.119264228434822 ], [ 71.463713347139162, 51.119294226507193 ], [ 71.463770749485818, 51.119345144243319 ], [ 71.463781708932288, 51.119416643250943 ], [ 71.463875223553359, 51.119465305367143 ], [ 71.463960653336883, 51.119460174138304 ], [ 71.464037549125209, 51.119401249546513 ], [ 71.46402685917333, 51.119329637740499 ], [ 71.464067912181804, 51.119273137638807 ], [ 71.464161157308311, 51.119231636522109 ], [ 71.464181279570667, 51.119156415653066 ] ] ] ] } },
{ "type": "Feature", "properties": { "Name": "Гранд Астана блок F5, жилой комплекс", "Type": "Жилые дома", "Caption": null, "Purpose": "Жилой дом", "PostIndex": null, "Elevation": 23, "Entrances": 1, "Apartments": 187, "District": "Сарайшык", "DistrictId": "70030076987083136", "CreateDate": "2015-03-10", "UpdateDate": "2026-04-21", "HouseId": "9570784863379507", "City": "Астана", "CityId": "9570771978420226", "Okato": null, "Oktmo": null, "Street": "Жумекен Нажимеденов", "StreetId1": "9570887942538475", "Number": "10/4", "Street2": null, "StreetId2": null, "Number2": null, "Street3": null, "StreetId3": null, "Number3": null, "Street4": null, "StreetId4": null, "Number4": null, "FIAS": null, "FIAS2": null, "FIAS3": null, "FIAS4": null, "GAR": null, "GAR2": null, "GAR3": null, "GAR4": null }, "geometry": { "type": "MultiPolygon", "coordinates": [ [ [ [ 71.465573219103391, 51.119074146211538 ], [ 71.46552390159431, 51.119030107471538 ], [ 71.465404425661504, 51.119017363859037 ], [ 71.465311090703494, 51.119058977943475 ], [ 71.465212455685304, 51.119064898643494 ], [ 71.46510870026998, 51.119034844034559 ], [ 71.464995063386553, 51.119061571774047 ], [ 71.464959400269763, 51.119110516202042 ], [ 71.465001531256604, 51.119182015572768 ], [ 71.4651052866719, 51.119212013698515 ], [ 71.46516268901857, 51.119262875137878 ], [ 71.465173648465026, 51.119334374272817 ], [ 71.465267163086111, 51.119383092862897 ], [ 71.465353491184914, 51.119378469110018 ], [ 71.465429488657946, 51.119319036928275 ], [ 71.465418798706068, 51.119247368607425 ], [ 71.465459851714556, 51.119190981180047 ], [ 71.465553096841035, 51.119149423602046 ], [ 71.465573219103391, 51.119074146211538 ] ] ] ] } },
{ "type": "Feature", "properties": { "Name": "Гранд Астана блок F3, жилой комплекс", "Type": "Жилые дома", "Caption": null, "Purpose": "Жилой дом", "PostIndex": null, "Elevation": 23, "Entrances": 1, "Apartments": 187, "District": "Сарайшык", "DistrictId": "70030076987083136", "CreateDate": "2015-03-10", "UpdateDate": "2026-04-21", "HouseId": "9570784863379508", "City": "Астана", "CityId": "9570771978420226", "Okato": null, "Oktmo": null, "Street": "Жумекен Нажимеденов", "StreetId1": "9570887942538475", "Number": "10/2", "Street2": null, "StreetId2": null, "Number2": null, "Street3": null, "StreetId3": null, "Number3": null, "Street4": null, "StreetId4": null, "Number4": null, "FIAS": null, "FIAS2": null, "FIAS3": null, "FIAS4": null, "GAR": null, "GAR2": null, "GAR3": null, "GAR4": null }, "geometry": { "type": "MultiPolygon", "coordinates": [ [ [ [ 71.465748480415343, 51.119873941068995 ], [ 71.465798067419016, 51.119917809844907 ], [ 71.465917543351807, 51.119930665982146 ], [ 71.466010608815253, 51.119888939909664 ], [ 71.466109333664974, 51.119883075701857 ], [ 71.466213268743346, 51.119913073372402 ], [ 71.466326905626786, 51.119886402512144 ], [ 71.466362299248971, 51.119837289746123 ], [ 71.466320078430613, 51.119765791389504 ], [ 71.466216143352256, 51.119735850010123 ], [ 71.466159010500178, 51.119685271025752 ], [ 71.466148320548299, 51.119613603273031 ], [ 71.466055075421821, 51.119564884926028 ], [ 71.465969735469827, 51.119569903369239 ], [ 71.465892480355379, 51.119628658585142 ], [ 71.465902810981163, 51.119700326314508 ], [ 71.46586166814113, 51.119756995054068 ], [ 71.465768602677699, 51.119798721245722 ], [ 71.465748480415343, 51.119873941068995 ] ] ] ] } },
{ "type": "Feature", "properties": { "Name": "Akbulak Town, жилой комплекс", "Type": "Жилые дома", "Caption": null, "Purpose": "Жилой дом", "PostIndex": null, "Elevation": 9, "Entrances": 3, "Apartments": 96, "District": "Алматы", "DistrictId": "9570759093518343", "CreateDate": "2016-01-21", "UpdateDate": "2026-05-20", "HouseId": "9570784863380745", "City": "Астана", "CityId": "9570771978420226", "Okato": null, "Oktmo": null, "Street": "проспект Тауелсиздик", "StreetId1": "9570887942537473", "Number": "45/1", "Street2": null, "StreetId2": null, "Number2": null, "Street3": null, "StreetId3": null, "Number3": null, "Street4": null, "StreetId4": null, "Number4": null, "FIAS": null, "FIAS2": null, "FIAS3": null, "FIAS4": null, "GAR": null, "GAR2": null, "GAR3": null, "GAR4": null }, "geometry": { "type": "MultiPolygon", "coordinates": [ [ [ [ 71.467718934991041, 51.134500628216607 ], [ 71.467549422896937, 51.134728470240155 ], [ 71.46699300640995, 51.134564775837191 ], [ 71.466920332703467, 51.134662462683984 ], [ 71.467632067903082, 51.134871984208324 ], [ 71.467874163872139, 51.134546343269925 ], [ 71.467718934991041, 51.134500628216607 ] ] ] ] } },
{ "type": "Feature", "properties": { "Name": "Хайвил Астана блок F1, жилой комплекс", "Type": "Жилые дома", "Caption": null, "Purpose": "Жилой дом", "PostIndex": null, "Elevation": 31, "Entrances": 1, "Apartments": 186, "District": "Сарайшык", "DistrictId": "70030076987083136", "CreateDate": "2017-06-09", "UpdateDate": "2025-12-03", "HouseId": "70030076139045565", "City": "Астана", "CityId": "9570771978420226", "Okato": null, "Oktmo": null, "Street": "Ахмет Байтурсынулы", "StreetId1": "9570887942540595", "Number": "9 блок F1", "Street2": null, "StreetId2": null, "Number2": null, "Street3": null, "StreetId3": null, "Number3": null, "Street4": null, "StreetId4": null, "Number4": null, "FIAS": null, "FIAS2": null, "FIAS3": null, "FIAS4": null, "GAR": null, "GAR2": null, "GAR3": null, "GAR4": null }, "geometry": { "type": "MultiPolygon", "coordinates": [ [ [ [ 71.466276510139338, 51.12601358577502 ], [ 71.46653252999532, 51.125946832831701 ], [ 71.466696652197726, 51.125962280734257 ], [ 71.466721984688746, 51.125855611170387 ], [ 71.466509802618631, 51.125835709263605 ], [ 71.466466324158873, 51.125769576236969 ], [ 71.466505939862898, 51.125759146040828 ], [ 71.466462102077045, 51.125692731006943 ], [ 71.466039893893509, 51.125803065607563 ], [ 71.466083731679362, 51.125869424103485 ], [ 71.466123167720355, 51.125859050309231 ], [ 71.466167005506207, 51.125925577862432 ], [ 71.466039175241278, 51.126033431226055 ], [ 71.46617652764823, 51.126097985262049 ], [ 71.466276510139338, 51.12601358577502 ] ] ] ] } },
{ "type": "Feature", "properties": { "Name": "Хайвил Астана блок F2, жилой комплекс", "Type": "Жилые дома", "Caption": null, "Purpose": "Жилой дом", "PostIndex": null, "Elevation": 31, "Entrances": 1, "Apartments": 186, "District": "Сарайшык", "DistrictId": "70030076987083136", "CreateDate": "2017-06-09", "UpdateDate": "2025-12-03", "HouseId": "70030076139045583", "City": "Астана", "CityId": "9570771978420226", "Okato": null, "Oktmo": null, "Street": "Ахмет Байтурсынулы", "StreetId1": "9570887942540595", "Number": "9 блок F2", "Street2": null, "StreetId2": null, "Number2": null, "Street3": null, "StreetId3": null, "Number3": null, "Street4": null, "StreetId4": null, "Number4": null, "FIAS": null, "FIAS2": null, "FIAS3": null, "FIAS4": null, "GAR": null, "GAR2": null, "GAR3": null, "GAR4": null }, "geometry": { "type": "MultiPolygon", "coordinates": [ [ [ [ 71.467280736795459, 51.125751365676777 ], [ 71.467536756651427, 51.125684612354505 ], [ 71.467700878853847, 51.125700003965235 ], [ 71.467726211344853, 51.125593333795649 ], [ 71.467514029274753, 51.125573431775862 ], [ 71.467470550814994, 51.125507298373705 ], [ 71.46751016651902, 51.125496924498115 ], [ 71.467466328733167, 51.125430509087174 ], [ 71.46704412054963, 51.125540844314166 ], [ 71.467087958335483, 51.125607203186824 ], [ 71.467127394376462, 51.125596829333666 ], [ 71.467171232162329, 51.125663357264557 ], [ 71.467043401897385, 51.125771211240483 ], [ 71.467180754304323, 51.125835765642947 ], [ 71.467280736795459, 51.125751365676777 ] ] ] ] } },
{ "type": "Feature", "properties": { "Name": "Хайвил Астана блок F3, жилой комплекс", "Type": "Жилые дома", "Caption": null, "Purpose": "Жилой дом", "PostIndex": null, "Elevation": 31, "Entrances": 1, "Apartments": 186, "District": "Сарайшык", "DistrictId": "70030076987083136", "CreateDate": "2017-06-09", "UpdateDate": "2025-12-03", "HouseId": "70030076139045632", "City": "Астана", "CityId": "9570771978420226", "Okato": null, "Oktmo": null, "Street": "Ахмет Байтурсынулы", "StreetId1": "9570887942540595", "Number": "9 блок F3", "Street2": null, "StreetId2": null, "Number2": null, "Street3": null, "StreetId3": null, "Number3": null, "Street4": null, "StreetId4": null, "Number4": null, "FIAS": null, "FIAS2": null, "FIAS3": null, "FIAS4": null, "GAR": null, "GAR2": null, "GAR3": null, "GAR4": null }, "geometry": { "type": "MultiPolygon", "coordinates": [ [ [ [ 71.468136471935111, 51.125586060820581 ], [ 71.468236454426233, 51.125501660398129 ], [ 71.468492474282215, 51.125434906714972 ], [ 71.468656596484621, 51.12545035478874 ], [ 71.468681928975627, 51.125343684042612 ], [ 71.468469836737043, 51.125323781915249 ], [ 71.468426268445768, 51.1252575917756 ], [ 71.468465884149794, 51.125247217843928 ], [ 71.468422046363941, 51.125180802073949 ], [ 71.467999838180404, 51.125291137897428 ], [ 71.468043675966257, 51.125357497128796 ], [ 71.468083112007236, 51.125347123219576 ], [ 71.468126949793103, 51.125413651510129 ], [ 71.467999119528173, 51.125521506069113 ], [ 71.468136471935111, 51.125586060820581 ] ] ] ] } },
{ "type": "Feature", "properties": { "Name": "Highvill Ishim блок D1, жилой комплекс", "Type": "Жилые дома", "Caption": null, "Purpose": "Жилой дом", "PostIndex": null, "Elevation": 25, "Entrances": 4, "Apartments": 693, "District": "Сарайшык", "DistrictId": "70030076987083136", "CreateDate": "2017-08-30", "UpdateDate": "2026-04-21", "HouseId": "70030076143969950", "City": "Астана", "CityId": "9570771978420226", "Okato": null, "Oktmo": null, "Street": "Жумекен Нажимеденов", "StreetId1": "9570887942538475", "Number": "4", "Street2": null, "StreetId2": null, "Number2": null, "Street3": null, "StreetId3": null, "Number3": null, "Street4": null, "StreetId4": null, "Number4": null, "FIAS": null, "FIAS2": null, "FIAS3": null, "FIAS4": null, "GAR": null, "GAR2": null, "GAR3": null, "GAR4": null }, "geometry": { "type": "MultiPolygon", "coordinates": [ [ [ [ 71.457921728839381, 51.120134390170563 ], [ 71.457972932810591, 51.120048006262373 ], [ 71.457904930343574, 51.119875801827682 ], [ 71.458403944483905, 51.119797424351134 ], [ 71.458369449176971, 51.119710363170967 ], [ 71.458049289609733, 51.11976049103373 ], [ 71.457759582930592, 51.119805882358605 ], [ 71.457852828057099, 51.120041409051254 ], [ 71.457814739489038, 51.120109241869308 ], [ 71.457921728839381, 51.120134390170563 ] ] ], [ [ [ 71.457757696468505, 51.120210906330314 ], [ 71.457946252846639, 51.120252801270496 ], [ 71.457922447491612, 51.120295203647728 ], [ 71.458030155494185, 51.120319224126071 ], [ 71.458053960849199, 51.120276878157021 ], [ 71.458310160368242, 51.120333828119705 ], [ 71.458511023665778, 51.120321987044143 ], [ 71.458517671198877, 51.120366701185027 ], [ 71.458631397913834, 51.120359934861312 ], [ 71.458624660549205, 51.120315164327785 ], [ 71.45905127047763, 51.120289903352699 ], [ 71.459057918010743, 51.120334617524634 ], [ 71.459171734557231, 51.120327963968371 ], [ 71.459164997192616, 51.120283249790006 ], [ 71.459577323908022, 51.120258890976011 ], [ 71.459584061272651, 51.120303661564058 ], [ 71.459697787987608, 51.120297008003348 ], [ 71.459691050622993, 51.120252237408835 ], [ 71.459904310671433, 51.120239663292004 ], [ 71.459894788529439, 51.120175834090062 ], [ 71.459890117289959, 51.120144765250494 ], [ 71.459888230827843, 51.120132247490716 ], [ 71.45971755092387, 51.120142340639632 ], [ 71.459710813559241, 51.120097569895236 ], [ 71.459511746892275, 51.12010935464199 ], [ 71.459518394425373, 51.120154068988676 ], [ 71.459191407661962, 51.120173465867083 ], [ 71.459184760128863, 51.120128695152864 ], [ 71.458985693461898, 51.120140423505369 ], [ 71.458992430826527, 51.120185137821984 ], [ 71.458651160850096, 51.120205324094492 ], [ 71.458644423485467, 51.120160609797409 ], [ 71.458445356818501, 51.12017245091436 ], [ 71.458452004351599, 51.120217221586181 ], [ 71.45830980104212, 51.120225679516786 ], [ 71.458149272100854, 51.120187957134313 ], [ 71.458174335097283, 51.12014583659014 ], [ 71.457986946529019, 51.120101742485339 ], [ 71.457961883532576, 51.12014380668343 ], [ 71.457814739489038, 51.120109241869308 ], [ 71.457757696468505, 51.120210906330314 ] ] ], [ [ [ 71.458651160850096, 51.120205324094492 ], [ 71.458992430826527, 51.120185137821984 ], [ 71.458985693461898, 51.120140423505369 ], [ 71.458644423485467, 51.120160609797409 ], [ 71.458651160850096, 51.120205324094492 ] ] ], [ [ [ 71.459191407661962, 51.120173465867083 ], [ 71.459518394425373, 51.120154068988676 ], [ 71.459511746892275, 51.12010935464199 ], [ 71.459184760128863, 51.120128695152864 ], [ 71.459191407661962, 51.120173465867083 ] ] ], [ [ [ 71.458149272100854, 51.120187957134313 ], [ 71.45830980104212, 51.120225679516786 ], [ 71.458452004351599, 51.120217221586181 ], [ 71.458445356818501, 51.12017245091436 ], [ 71.458318963858034, 51.120179893900591 ], [ 71.458174335097283, 51.12014583659014 ], [ 71.458149272100854, 51.120187957134313 ] ] ], [ [ [ 71.459881493463229, 51.120087476736558 ], [ 71.459710813559241, 51.120097569895236 ], [ 71.45971755092387, 51.120142340639632 ], [ 71.459888230827843, 51.120132247490716 ], [ 71.459881493463229, 51.120087476736558 ] ] ], [ [ [ 71.460027829023005, 51.120078793235116 ], [ 71.459881493463229, 51.120087476736558 ], [ 71.459888230827843, 51.120132247490716 ], [ 71.459890117289959, 51.120144765250494 ], [ 71.459894788529439, 51.120175834090062 ], [ 71.46004112408923, 51.120167150605241 ], [ 71.460027829023005, 51.120078793235116 ] ] ] ] } },
{ "type": "Feature", "properties": { "Name": "Akbulak life, жилой комплекс", "Type": "Жилые дома", "Caption": null, "Purpose": "Жилой дом", "PostIndex": null, "Elevation": 16, "Entrances": 4, "Apartments": 188, "District": "Алматы", "DistrictId": "9570759093518343", "CreateDate": "2018-03-26", "UpdateDate": "2026-05-20", "HouseId": "70030076159504525", "City": "Астана", "CityId": "9570771978420226", "Okato": null, "Oktmo": null, "Street": "проспект Тауелсиздик", "StreetId1": "9570887942537473", "Number": "39", "Street2": null, "StreetId2": null, "Number2": null, "Street3": null, "StreetId3": null, "Number3": null, "Street4": null, "StreetId4": null, "Number4": null, "FIAS": null, "FIAS2": null, "FIAS3": null, "FIAS4": null, "GAR": null, "GAR2": null, "GAR3": null, "GAR4": null }, "geometry": { "type": "MultiPolygon", "coordinates": [ [ [ [ 71.466589483184336, 51.136117256362546 ], [ 71.466186229453285, 51.136001986111125 ], [ 71.466091636853861, 51.136132926330482 ], [ 71.466494890584926, 51.136248252621648 ], [ 71.466589483184336, 51.136117256362546 ] ] ], [ [ [ 71.466151015494148, 51.13597994663175 ], [ 71.466326546300664, 51.135743824797508 ], [ 71.466119484627683, 51.135682891752886 ], [ 71.465943953821153, 51.135919013898736 ], [ 71.466151015494148, 51.13597994663175 ] ] ], [ [ [ 71.4666087071314, 51.136001986111125 ], [ 71.466815768804409, 51.136062862367773 ], [ 71.466991119947863, 51.135826740957548 ], [ 71.466784058274854, 51.135765864389576 ], [ 71.4666087071314, 51.136001986111125 ] ] ], [ [ [ 71.466696023377025, 51.13565211517988 ], [ 71.466903174881551, 51.135713048265117 ], [ 71.46704241375059, 51.135525795734104 ], [ 71.46683526224605, 51.135464806034165 ], [ 71.466696023377025, 51.13565211517988 ] ] ] ] } },
{ "type": "Feature", "properties": { "Name": "Highvill Ishim блок D2, жилой комплекс", "Type": "Жилые дома", "Caption": null, "Purpose": "Жилой дом", "PostIndex": "010010", "Elevation": 26, "Entrances": 3, "Apartments": null, "District": "Сарайшык", "DistrictId": "70030076987083136", "CreateDate": "2019-06-21", "UpdateDate": "2026-04-21", "HouseId": "70030076182601998", "City": "Астана", "CityId": "9570771978420226", "Okato": null, "Oktmo": null, "Street": "Жумекен Нажимеденов", "StreetId1": "9570887942538475", "Number": "4/1", "Street2": null, "StreetId2": null, "Number2": null, "Street3": null, "StreetId3": null, "Number3": null, "Street4": null, "StreetId4": null, "Number4": null, "FIAS": null, "FIAS2": null, "FIAS3": null, "FIAS4": null, "GAR": null, "GAR2": null, "GAR3": null, "GAR4": null }, "geometry": { "type": "MultiPolygon", "coordinates": [ [ [ [ 71.460334513861, 51.12001812145234 ], [ 71.460288430286937, 51.119904784544325 ], [ 71.46034376650843, 51.119895988235378 ], [ 71.460329662958458, 51.119861084915975 ], [ 71.460371165124585, 51.119854487678168 ], [ 71.460282950563709, 51.119636721915072 ], [ 71.460241358566037, 51.119643319183979 ], [ 71.460213151466121, 51.119573681298036 ], [ 71.460254743463778, 51.119566971245177 ], [ 71.460166618734405, 51.119349204126841 ], [ 71.460125116568278, 51.119355857824075 ], [ 71.46011101301832, 51.119321066871223 ], [ 71.459917336243052, 51.119352079877466 ], [ 71.459931529624555, 51.119386927194185 ], [ 71.459890027458414, 51.119393637273191 ], [ 71.459978152187787, 51.119611460569025 ], [ 71.460019744185431, 51.119604863295557 ], [ 71.460048041116892, 51.119674557521392 ], [ 71.460006538950765, 51.119681211171752 ], [ 71.460094663680152, 51.119898920338549 ], [ 71.460136165846279, 51.119892266719525 ], [ 71.460196083475722, 51.120040281322765 ], [ 71.460334513861, 51.12001812145234 ] ] ], [ [ [ 71.46047105778419, 51.120209553061088 ], [ 71.460389939914023, 51.120009212392034 ], [ 71.460334513861, 51.12001812145234 ], [ 71.460196083475722, 51.120040281322765 ], [ 71.460126913198849, 51.120051389447198 ], [ 71.460165720419113, 51.120147189861228 ], [ 71.46004112408923, 51.120167150605241 ], [ 71.460083524570621, 51.120271747018336 ], [ 71.46047105778419, 51.120209553061088 ] ] ] ] } },
{ "type": "Feature", "properties": { "Name": "Highvill Ishim блок С, жилой комплекс", "Type": "Жилые дома", "Caption": null, "Purpose": "Жилой дом", "PostIndex": null, "Elevation": 21, "Entrances": null, "Apartments": null, "District": "Сарайшык", "DistrictId": "70030076987083136", "CreateDate": "2020-08-20", "UpdateDate": "2026-04-21", "HouseId": "70030076220850423", "City": "Астана", "CityId": "9570771978420226", "Okato": null, "Oktmo": null, "Street": "Шамши Калдаяков", "StreetId1": "9570887942538294", "Number": "3", "Street2": null, "StreetId2": null, "Number2": null, "Street3": null, "StreetId3": null, "Number3": null, "Street4": null, "StreetId4": null, "Number4": null, "FIAS": null, "FIAS2": null, "FIAS3": null, "FIAS4": null, "GAR": null, "GAR2": null, "GAR3": null, "GAR4": null }, "geometry": { "type": "MultiPolygon", "coordinates": [ [ [ [ 71.46059259984213, 51.118723865085322 ], [ 71.460537083957576, 51.118584248107432 ], [ 71.458111722521991, 51.118963457211571 ], [ 71.458167597732654, 51.119103524144073 ], [ 71.46059259984213, 51.118723865085322 ] ] ], [ [ [ 71.458111722521991, 51.118963457211571 ], [ 71.45707246156978, 51.119126812204009 ], [ 71.457127707959756, 51.119266371154922 ], [ 71.458167597732654, 51.119103524144073 ], [ 71.458111722521991, 51.118963457211571 ] ] ], [ [ [ 71.457248351702404, 51.119571651366186 ], [ 71.457932239128212, 51.119464515947357 ], [ 71.458057015121184, 51.119445062384116 ], [ 71.460713333416308, 51.119029148881339 ], [ 71.46059259984213, 51.118723865085322 ], [ 71.458167597732654, 51.119103524144073 ], [ 71.457127707959756, 51.119266371154922 ], [ 71.457248351702404, 51.119571651366186 ] ] ] ] } },
{ "type": "Feature", "properties": { "Name": "Highvill Ishim B Gold, жилой комплекс", "Type": "Жилые дома", "Caption": null, "Purpose": "Жилой дом", "PostIndex": "010000", "Elevation": 20, "Entrances": 4, "Apartments": null, "District": "Сарайшык", "DistrictId": "70030076987083136", "CreateDate": "2020-11-19", "UpdateDate": "2026-04-21", "HouseId": "70030076247337809", "City": "Астана", "CityId": "9570771978420226", "Okato": null, "Oktmo": null, "Street": "Жумекен Нажимеденов", "StreetId1": "9570887942538475", "Number": "2", "Street2": null, "StreetId2": null, "Number2": null, "Street3": null, "StreetId3": null, "Number3": null, "Street4": null, "StreetId4": null, "Number4": null, "FIAS": null, "FIAS2": null, "FIAS3": null, "FIAS4": null, "GAR": null, "GAR2": null, "GAR3": null, "GAR4": null }, "geometry": { "type": "MultiPolygon", "coordinates": [ [ [ [ 71.457568780764248, 51.120240565470894 ], [ 71.457398011028758, 51.120250094734459 ], [ 71.457394238104555, 51.120223254910179 ], [ 71.457308808321045, 51.120227991350887 ], [ 71.457312491413703, 51.120254887558588 ], [ 71.456971041774196, 51.120273720533277 ], [ 71.456967358681538, 51.120246824336533 ], [ 71.456882018729544, 51.12025156077484 ], [ 71.456885701822216, 51.120278456968826 ], [ 71.456487298993693, 51.12030061671436 ], [ 71.456482358259635, 51.120264755136112 ], [ 71.456414355792646, 51.120251109685483 ], [ 71.456401420052543, 51.120276934543156 ], [ 71.456061048391391, 51.120208989198893 ], [ 71.456095633529827, 51.120140479891667 ], [ 71.45593196048506, 51.120108621619551 ], [ 71.455888751519893, 51.120194272393313 ], [ 71.455877342915798, 51.120211695737353 ], [ 71.455870336056591, 51.120229908481505 ], [ 71.455868180099898, 51.120249981962125 ], [ 71.455870695382686, 51.120268476621938 ], [ 71.455877881904968, 51.120286914888233 ], [ 71.455890098992825, 51.120304563741726 ], [ 71.45590438220583, 51.120319167739979 ], [ 71.455923785815969, 51.120333433417237 ], [ 71.455955226850918, 51.120347699090082 ], [ 71.456015952964123, 51.120358017736081 ], [ 71.45606149754903, 51.120354465415595 ], [ 71.456066617946149, 51.120353281308688 ], [ 71.456350395744394, 51.120410005633303 ], [ 71.456337460004306, 51.120435717630258 ], [ 71.456432771255948, 51.120454776074922 ], [ 71.45644570699605, 51.120429120474512 ], [ 71.45681563323005, 51.120408595983939 ], [ 71.456819406154253, 51.120435492086486 ], [ 71.457075515841737, 51.120421282826719 ], [ 71.457071742917563, 51.12039444310188 ], [ 71.457242422821523, 51.120385026640093 ], [ 71.45724862119701, 51.120411697212496 ], [ 71.457504730884509, 51.120397431559411 ], [ 71.457500957960306, 51.120370591820709 ], [ 71.4575862979123, 51.120365911780652 ], [ 71.457568780764248, 51.120240565470894 ] ] ], [ [ [ 71.457568780764248, 51.120240565470894 ], [ 71.457497095204587, 51.119730211330108 ], [ 71.457410856937315, 51.119735060594955 ], [ 71.457483440812268, 51.120245358296017 ], [ 71.457568780764248, 51.120240565470894 ] ] ] ] } },
{ "type": "Feature", "properties": { "Name": "Kurmet, жилой комплекс", "Type": "Жилые дома", "Caption": null, "Purpose": "Жилой дом", "PostIndex": "010000", "Elevation": 9, "Entrances": null, "Apartments": null, "District": "Алматы", "DistrictId": "9570759093518343", "CreateDate": "2021-02-18", "UpdateDate": "2026-04-15", "HouseId": "70030076261391675", "City": "Астана", "CityId": "9570771978420226", "Okato": null, "Oktmo": null, "Street": "Дауылпаз", "StreetId1": "9570887942541699", "Number": "7/2", "Street2": null, "StreetId2": null, "Number2": null, "Street3": null, "StreetId3": null, "Number3": null, "Street4": null, "StreetId4": null, "Number4": null, "FIAS": null, "FIAS2": null, "FIAS3": null, "FIAS4": null, "GAR": null, "GAR2": null, "GAR3": null, "GAR4": null }, "geometry": { "type": "MultiPolygon", "coordinates": [ [ [ [ 71.462155219278856, 51.132728529055619 ], [ 71.461064844186993, 51.132413245325417 ], [ 71.460975371984688, 51.132535740046642 ], [ 71.461871082154488, 51.132794708488923 ], [ 71.461703905680125, 51.133023404488611 ], [ 71.461898570602187, 51.133079718661314 ], [ 71.462155219278856, 51.132728529055619 ] ] ], [ [ [ 71.461569966871252, 51.133026166646829 ], [ 71.46160580965109, 51.132977180591844 ], [ 71.461514900144351, 51.132950911868903 ], [ 71.4614790573645, 51.132999897951755 ], [ 71.461569966871252, 51.133026166646829 ] ] ] ] } },
{ "type": "Feature", "properties": { "Name": "TENGRI CITY. Jassyl, жилой комплекс", "Type": "Жилые дома", "Caption": null, "Purpose": "Жилой дом", "PostIndex": null, "Elevation": 16, "Entrances": null, "Apartments": 143, "District": "Алматы", "DistrictId": "9570759093518343", "CreateDate": "2022-11-07", "UpdateDate": "2026-03-05", "HouseId": "70030076471828010", "City": "Астана", "CityId": "9570771978420226", "Okato": null, "Oktmo": null, "Street": "проспект Тауелсиздик", "StreetId1": "9570887942537473", "Number": "47а", "Street2": null, "StreetId2": null, "Number2": null, "Street3": null, "StreetId3": null, "Number3": null, "Street4": null, "StreetId4": null, "Number4": null, "FIAS": null, "FIAS2": null, "FIAS3": null, "FIAS4": null, "GAR": null, "GAR2": null, "GAR3": null, "GAR4": null }, "geometry": { "type": "MultiPolygon", "coordinates": [ [ [ [ 71.466117508334065, 51.133118557925599 ], [ 71.465766626384067, 51.133017711059928 ], [ 71.465866519043686, 51.132880279370241 ], [ 71.465698354422486, 51.132830729452358 ], [ 71.465520667659277, 51.133075547243465 ], [ 71.466040343051134, 51.133224816123196 ], [ 71.466117508334065, 51.133118557925599 ] ] ], [ [ [ 71.466606730837782, 51.133091105502707 ], [ 71.466437847564379, 51.133042570481024 ], [ 71.466337056589481, 51.133181580058498 ], [ 71.466259891306578, 51.133287894481327 ], [ 71.46642877458001, 51.133336429245148 ], [ 71.466606730837782, 51.133091105502707 ] ] ], [ [ [ 71.465866519043686, 51.132880279370241 ], [ 71.46601590887542, 51.132674356552819 ], [ 71.465847025602002, 51.13262576472205 ], [ 71.465698354422486, 51.132830729452358 ], [ 71.465866519043686, 51.132880279370241 ] ] ], [ [ [ 71.466040343051134, 51.133224816123196 ], [ 71.466259891306578, 51.133287894481327 ], [ 71.466337056589481, 51.133181580058498 ], [ 71.466117508334065, 51.133118557925599 ], [ 71.466040343051134, 51.133224816123196 ] ] ], [ [ [ 71.466247764050237, 51.132711392287412 ], [ 71.466289266216364, 51.13265417572908 ], [ 71.466146344254682, 51.132613081231135 ], [ 71.46610475225701, 51.132670354211378 ], [ 71.466247764050237, 51.132711392287412 ] ] ], [ [ [ 71.466606730837782, 51.133091105502707 ], [ 71.466755132522721, 51.132886705635556 ], [ 71.466586249249303, 51.132838170399047 ], [ 71.466437847564379, 51.133042570481024 ], [ 71.466606730837782, 51.133091105502707 ] ] ], [ [ [ 71.466557233665625, 51.132661785817298 ], [ 71.466474139501855, 51.132776331585937 ], [ 71.466604035891919, 51.132813649092917 ], [ 71.466586249249303, 51.132838170399047 ], [ 71.466755132522721, 51.132886705635556 ], [ 71.466856013329121, 51.132747695170409 ], [ 71.466557233665625, 51.132661785817298 ] ] ] ] } },
{ "type": "Feature", "properties": { "Name": "La Vie, элит-класс, жилой комплекс", "Type": "Жилые дома", "Caption": null, "Purpose": "Жилой дом", "PostIndex": null, "Elevation": 12, "Entrances": null, "Apartments": null, "District": "Алматы", "DistrictId": "9570759093518343", "CreateDate": "2023-09-22", "UpdateDate": "2026-04-16", "HouseId": "70030076697210175", "City": "Астана", "CityId": "9570771978420226", "Okato": null, "Oktmo": null, "Street": "проспект Ракымжан Кошкарбаев", "StreetId1": "9570887942538806", "Number": "1 блок 1", "Street2": null, "StreetId2": null, "Number2": null, "Street3": null, "StreetId3": null, "Number3": null, "Street4": null, "StreetId4": null, "Number4": null, "FIAS": null, "FIAS2": null, "FIAS3": null, "FIAS4": null, "GAR": null, "GAR2": null, "GAR3": null, "GAR4": null }, "geometry": { "type": "MultiPolygon", "coordinates": [ [ [ [ 71.463910257849449, 51.129715065895986 ], [ 71.463698884263096, 51.129747594038044 ], [ 71.463754130653058, 51.129881032467708 ], [ 71.464093065009763, 51.129976530625534 ], [ 71.464180740581483, 51.129853352622355 ], [ 71.463937656465603, 51.129784857618041 ], [ 71.463910257849449, 51.129715065895986 ] ] ] ] } },
{ "type": "Feature", "properties": { "Name": "La Vie, элит-класс, жилой комплекс", "Type": "Жилые дома", "Caption": null, "Purpose": "Жилой дом", "PostIndex": null, "Elevation": 10, "Entrances": null, "Apartments": null, "District": "Алматы", "DistrictId": "9570759093518343", "CreateDate": "2023-09-22", "UpdateDate": "2026-04-16", "HouseId": "70030076697210853", "City": "Астана", "CityId": "9570771978420226", "Okato": null, "Oktmo": null, "Street": "проспект Ракымжан Кошкарбаев", "StreetId1": "9570887942538806", "Number": "1 блок 2", "Street2": null, "StreetId2": null, "Number2": null, "Street3": null, "StreetId3": null, "Number3": null, "Street4": null, "StreetId4": null, "Number4": null, "FIAS": null, "FIAS2": null, "FIAS3": null, "FIAS4": null, "GAR": null, "GAR2": null, "GAR3": null, "GAR4": null }, "geometry": { "type": "MultiPolygon", "coordinates": [ [ [ [ 71.463798327765048, 51.129436123452912 ], [ 71.463590188113713, 51.129468200792111 ], [ 71.463698884263096, 51.129747594038044 ], [ 71.463910257849449, 51.129715065895986 ], [ 71.463798327765048, 51.129436123452912 ] ] ] ] } },
{ "type": "Feature", "properties": { "Name": "La Vie, элит-класс, жилой комплекс", "Type": "Жилые дома", "Caption": null, "Purpose": "Жилой дом", "PostIndex": null, "Elevation": 18, "Entrances": null, "Apartments": null, "District": "Алматы", "DistrictId": "9570759093518343", "CreateDate": "2023-09-22", "UpdateDate": "2026-04-20", "HouseId": "70030076697211656", "City": "Астана", "CityId": "9570771978420226", "Okato": null, "Oktmo": null, "Street": "проспект Ракымжан Кошкарбаев", "StreetId1": "9570887942538806", "Number": "1 блок 3", "Street2": null, "StreetId2": null, "Number2": null, "Street3": null, "StreetId3": null, "Number3": null, "Street4": null, "StreetId4": null, "Number4": null, "FIAS": null, "FIAS2": null, "FIAS3": null, "FIAS4": null, "GAR": null, "GAR2": null, "GAR3": null, "GAR4": null }, "geometry": { "type": "MultiPolygon", "coordinates": [ [ [ [ 71.463689541784134, 51.129156728322663 ], [ 71.4634814021328, 51.129188693105384 ], [ 71.463532426440935, 51.12931970902072 ], [ 71.463590188113713, 51.129468200792111 ], [ 71.463798327765048, 51.129436123452912 ], [ 71.463689541784134, 51.129156728322663 ] ] ] ] } },
{ "type": "Feature", "properties": { "Name": "La Vie, элит-класс, жилой комплекс", "Type": "Жилые дома", "Caption": null, "Purpose": "Жилой дом", "PostIndex": null, "Elevation": 16, "Entrances": null, "Apartments": null, "District": "Алматы", "DistrictId": "9570759093518343", "CreateDate": "2023-09-22", "UpdateDate": "2026-04-20", "HouseId": "70030076697219600", "City": "Астана", "CityId": "9570771978420226", "Okato": null, "Oktmo": null, "Street": "проспект Ракымжан Кошкарбаев", "StreetId1": "9570887942538806", "Number": "1 блок 4", "Street2": null, "StreetId2": null, "Number2": null, "Street3": null, "StreetId3": null, "Number3": null, "Street4": null, "StreetId4": null, "Number4": null, "FIAS": null, "FIAS2": null, "FIAS3": null, "FIAS4": null, "GAR": null, "GAR2": null, "GAR3": null, "GAR4": null }, "geometry": { "type": "MultiPolygon", "coordinates": [ [ [ [ 71.462815481012697, 51.12929135233734 ], [ 71.462866415489302, 51.129422311586474 ], [ 71.463227178907417, 51.129366725829144 ], [ 71.463176244430798, 51.129235766422397 ], [ 71.462815481012697, 51.12929135233734 ] ] ] ] } },
{ "type": "Feature", "properties": { "Name": "La Vie, элит-класс, жилой комплекс", "Type": "Жилые дома", "Caption": null, "Purpose": "Жилой дом", "PostIndex": null, "Elevation": 18, "Entrances": null, "Apartments": null, "District": "Алматы", "DistrictId": "9570759093518343", "CreateDate": "2023-09-22", "UpdateDate": "2026-04-20", "HouseId": "70030076697221772", "City": "Астана", "CityId": "9570771978420226", "Okato": null, "Oktmo": null, "Street": "проспект Ракымжан Кошкарбаев", "StreetId1": "9570887942538806", "Number": "1 блок 5", "Street2": null, "StreetId2": null, "Number2": null, "Street3": null, "StreetId3": null, "Number3": null, "Street4": null, "StreetId4": null, "Number4": null, "FIAS": null, "FIAS2": null, "FIAS3": null, "FIAS4": null, "GAR": null, "GAR2": null, "GAR3": null, "GAR4": null }, "geometry": { "type": "MultiPolygon", "coordinates": [ [ [ [ 71.462232743887867, 51.129381214212501 ], [ 71.462283678364486, 51.129512116831954 ], [ 71.462321048280316, 51.129608235874848 ], [ 71.46252909810012, 51.129576158632908 ], [ 71.46249172818429, 51.129480039523273 ], [ 71.4624407937077, 51.129349136812905 ], [ 71.462232743887867, 51.129381214212501 ] ] ] ] } },
{ "type": "Feature", "properties": { "Name": "La Vie, премиум-класс, жилой комплекс", "Type": "Жилые дома", "Caption": null, "Purpose": "Жилой дом", "PostIndex": null, "Elevation": 16, "Entrances": null, "Apartments": null, "District": "Алматы", "DistrictId": "9570759093518343", "CreateDate": "2023-09-22", "UpdateDate": "2026-04-20", "HouseId": "70030076697228781", "City": "Астана", "CityId": "9570771978420226", "Okato": null, "Oktmo": null, "Street": "проспект Ракымжан Кошкарбаев", "StreetId1": "9570887942538806", "Number": "1/6 блок 6", "Street2": null, "StreetId2": null, "Number2": null, "Street3": null, "StreetId3": null, "Number3": null, "Street4": null, "StreetId4": null, "Number4": null, "FIAS": null, "FIAS2": null, "FIAS3": null, "FIAS4": null, "GAR": null, "GAR2": null, "GAR3": null, "GAR4": null }, "geometry": { "type": "MultiPolygon", "coordinates": [ [ [ [ 71.461872339795889, 51.129575425760692 ], [ 71.461711810854624, 51.129461323051665 ], [ 71.461551371744861, 51.12955062084793 ], [ 71.461797420301195, 51.129725607948011 ], [ 71.461957949242461, 51.129636310490078 ], [ 71.461872339795889, 51.129575425760692 ] ] ] ] } },
{ "type": "Feature", "properties": { "Name": "La Vie, элит-класс, жилой комплекс", "Type": "Жилые дома", "Caption": null, "Purpose": "Жилой дом", "PostIndex": null, "Elevation": 18, "Entrances": null, "Apartments": null, "District": "Алматы", "DistrictId": "9570759093518343", "CreateDate": "2023-09-22", "UpdateDate": "2026-04-20", "HouseId": "70030076697243722", "City": "Астана", "CityId": "9570771978420226", "Okato": null, "Oktmo": null, "Street": "проспект Ракымжан Кошкарбаев", "StreetId1": "9570887942538806", "Number": "1/6 блок 10", "Street2": null, "StreetId2": null, "Number2": null, "Street3": null, "StreetId3": null, "Number3": null, "Street4": null, "StreetId4": null, "Number4": null, "FIAS": null, "FIAS2": null, "FIAS3": null, "FIAS4": null, "GAR": null, "GAR2": null, "GAR3": null, "GAR4": null }, "geometry": { "type": "MultiPolygon", "coordinates": [ [ [ [ 71.462687920242331, 51.130098242572316 ], [ 71.462571139255402, 51.130262347426758 ], [ 71.462766702492758, 51.130317368367315 ], [ 71.4628834834797, 51.130153263708387 ], [ 71.462687920242331, 51.130098242572316 ] ] ], [ [ [ 71.463118213263428, 51.129883512941838 ], [ 71.463053085405321, 51.129865078505908 ], [ 71.46299460508034, 51.129947103233121 ], [ 71.463059732938433, 51.129965481261998 ], [ 71.463118213263428, 51.129883512941838 ] ] ] ] } },
{ "type": "Feature", "properties": { "Name": "La Vie, элит-класс, жилой комплекс", "Type": "Жилые дома", "Caption": null, "Purpose": "Жилой дом", "PostIndex": null, "Elevation": 18, "Entrances": null, "Apartments": null, "District": "Алматы", "DistrictId": "9570759093518343", "CreateDate": "2023-09-22", "UpdateDate": "2026-04-20", "HouseId": "70030076697255280", "City": "Астана", "CityId": "9570771978420226", "Okato": null, "Oktmo": null, "Street": "проспект Ракымжан Кошкарбаев", "StreetId1": "9570887942538806", "Number": "1/6 блок 9", "Street2": null, "StreetId2": null, "Number2": null, "Street3": null, "StreetId3": null, "Number3": null, "Street4": null, "StreetId4": null, "Number4": null, "FIAS": null, "FIAS2": null, "FIAS3": null, "FIAS4": null, "GAR": null, "GAR2": null, "GAR3": null, "GAR4": null }, "geometry": { "type": "MultiPolygon", "coordinates": [ [ [ [ 71.462039606101797, 51.130754207504495 ], [ 71.462392554176915, 51.130852015159142 ], [ 71.46248022974865, 51.130728895864458 ], [ 71.462282780049193, 51.130674326401753 ], [ 71.462126024032131, 51.13063080608157 ], [ 71.462039606101797, 51.130754207504495 ] ] ] ] } },
{ "type": "Feature", "properties": { "Name": "La Vie, элит-класс, жилой комплекс", "Type": "Жилые дома", "Caption": null, "Purpose": "Жилой дом", "PostIndex": null, "Elevation": 18, "Entrances": null, "Apartments": null, "District": "Алматы", "DistrictId": "9570759093518343", "CreateDate": "2023-09-22", "UpdateDate": "2026-04-16", "HouseId": "70030076697258846", "City": "Астана", "CityId": "9570771978420226", "Okato": null, "Oktmo": null, "Street": "проспект Ракымжан Кошкарбаев", "StreetId1": "9570887942538806", "Number": "1/6 блок 7", "Street2": null, "StreetId2": null, "Number2": null, "Street3": null, "StreetId3": null, "Number3": null, "Street4": null, "StreetId4": null, "Number4": null, "FIAS": null, "FIAS2": null, "FIAS3": null, "FIAS4": null, "GAR": null, "GAR2": null, "GAR3": null, "GAR4": null }, "geometry": { "type": "MultiPolygon", "coordinates": [ [ [ [ 71.461815835764511, 51.129923482381606 ], [ 71.461643359229967, 51.130003477531616 ], [ 71.461863895632206, 51.130191541693698 ], [ 71.462036282335234, 51.130111546869422 ], [ 71.461815835764511, 51.129923482381606 ] ] ] ] } },
{ "type": "Feature", "properties": { "Name": "La Vie, элит-класс, жилой комплекс", "Type": "Жилые дома", "Caption": null, "Purpose": "Жилой дом", "PostIndex": null, "Elevation": 13, "Entrances": null, "Apartments": null, "District": "Алматы", "DistrictId": "9570759093518343", "CreateDate": "2023-09-26", "UpdateDate": "2026-04-20", "HouseId": "70030076699592482", "City": "Астана", "CityId": "9570771978420226", "Okato": null, "Oktmo": null, "Street": "проспект Ракымжан Кошкарбаев", "StreetId1": "9570887942538806", "Number": "1/6 блок 8", "Street2": null, "StreetId2": null, "Number2": null, "Street3": null, "StreetId3": null, "Number3": null, "Street4": null, "StreetId4": null, "Number4": null, "FIAS": null, "FIAS2": null, "FIAS3": null, "FIAS4": null, "GAR": null, "GAR2": null, "GAR3": null, "GAR4": null }, "geometry": { "type": "MultiPolygon", "coordinates": [ [ [ [ 71.462057123249835, 51.130611695461695 ], [ 71.462001337870689, 51.130442123597291 ], [ 71.461903331673199, 51.130454864058201 ], [ 71.461791491420328, 51.130469408473886 ], [ 71.46186964485004, 51.130707079361798 ], [ 71.462039606101797, 51.130754207504495 ], [ 71.462126024032131, 51.13063080608157 ], [ 71.462057123249835, 51.130611695461695 ] ] ] ] } },
{ "type": "Feature", "properties": { "Name": null, "Type": "Известный по назначению", "Caption": null, "Purpose": "Сооружение", "PostIndex": null, "Elevation": 1, "Entrances": null, "Apartments": null, "District": "Алматы", "DistrictId": "9570759093518343", "CreateDate": "2025-12-12", "UpdateDate": "2026-05-20", "HouseId": "70030077122271140", "City": "Астана", "CityId": "9570771978420226", "Okato": null, "Oktmo": null, "Street": null, "StreetId1": null, "Number": null, "Street2": null, "StreetId2": null, "Number2": null, "Street3": null, "StreetId3": null, "Number3": null, "Street4": null, "StreetId4": null, "Number4": null, "FIAS": null, "FIAS2": null, "FIAS3": null, "FIAS4": null, "GAR": null, "GAR2": null, "GAR3": null, "GAR4": null }, "geometry": { "type": "MultiPolygon", "coordinates": [ [ [ [ 71.466915391969408, 51.135478390623106 ], [ 71.466915391969408, 51.135451503279306 ], [ 71.466872632161881, 51.135451503279306 ], [ 71.466872632161881, 51.135478390623106 ], [ 71.466915391969408, 51.135478390623106 ] ] ] ] } },
{ "type": "Feature", "properties": { "Name": null, "Type": "Известный по назначению", "Caption": null, "Purpose": "Сооружение", "PostIndex": null, "Elevation": 1, "Entrances": null, "Apartments": null, "District": "Сарайшык", "DistrictId": "70030076987083136", "CreateDate": "2026-01-29", "UpdateDate": "2026-04-22", "HouseId": "70030077130539499", "City": "Астана", "CityId": "9570771978420226", "Okato": null, "Oktmo": null, "Street": "Шамши Калдаяков", "StreetId1": "9570887942538294", "Number": "3/1", "Street2": null, "StreetId2": null, "Number2": null, "Street3": null, "StreetId3": null, "Number3": null, "Street4": null, "StreetId4": null, "Number4": null, "FIAS": null, "FIAS2": null, "FIAS3": null, "FIAS4": null, "GAR": null, "GAR2": null, "GAR3": null, "GAR4": null }, "geometry": { "type": "MultiPolygon", "coordinates": [ [ [ [ 71.461178660733495, 51.118868218221436 ], [ 71.461168330107725, 51.118842110636884 ], [ 71.461126648278551, 51.118848651631367 ], [ 71.461136978904321, 51.118874759212247 ], [ 71.461178660733495, 51.118868218221436 ] ] ] ] } },
{ "type": "Feature", "properties": { "Name": null, "Type": "Известный по назначению", "Caption": null, "Purpose": "Сооружение", "PostIndex": null, "Elevation": 1, "Entrances": null, "Apartments": null, "District": "Алматы", "DistrictId": "9570759093518343", "CreateDate": "2026-03-10", "UpdateDate": "2026-03-10", "HouseId": "70030077139709789", "City": "Астана", "CityId": "9570771978420226", "Okato": null, "Oktmo": null, "Street": null, "StreetId1": null, "Number": null, "Street2": null, "StreetId2": null, "Number2": null, "Street3": null, "StreetId3": null, "Number3": null, "Street4": null, "StreetId4": null, "Number4": null, "FIAS": null, "FIAS2": null, "FIAS3": null, "FIAS4": null, "GAR": null, "GAR2": null, "GAR3": null, "GAR4": null }, "geometry": { "type": "MultiPolygon", "coordinates": [ [ [ [ 71.466873979634812, 51.132639688372528 ], [ 71.466730967841585, 51.13259853749058 ], [ 71.466701323437192, 51.132639293775199 ], [ 71.466844335230434, 51.132680444620824 ], [ 71.466873979634812, 51.132639688372528 ] ] ] ] } },
{ "type": "Feature", "properties": { "Name": null, "Type": "Известный по назначению", "Caption": null, "Purpose": "Хозяйственный корпус", "PostIndex": null, "Elevation": 1, "Entrances": null, "Apartments": null, "District": "Алматы", "DistrictId": "9570759093518343", "CreateDate": "2026-04-15", "UpdateDate": "2026-04-15", "HouseId": "70030077148745887", "City": "Астана", "CityId": "9570771978420226", "Okato": null, "Oktmo": null, "Street": null, "StreetId1": null, "Number": null, "Street2": null, "StreetId2": null, "Number2": null, "Street3": null, "StreetId3": null, "Number3": null, "Street4": null, "StreetId4": null, "Number4": null, "FIAS": null, "FIAS2": null, "FIAS3": null, "FIAS4": null, "GAR": null, "GAR2": null, "GAR3": null, "GAR4": null }, "geometry": { "type": "MultiPolygon", "coordinates": [ [ [ [ 71.461181355679344, 51.130812159269531 ], [ 71.461264899000767, 51.13080020813328 ], [ 71.461245944548281, 51.130747611822358 ], [ 71.461162401226844, 51.130759562972223 ], [ 71.461181355679344, 51.130812159269531 ] ] ] ] } },
{ "type": "Feature", "properties": { "Name": null, "Type": "Известный по назначению", "Caption": null, "Purpose": "Шиномонтаж", "PostIndex": null, "Elevation": 1, "Entrances": null, "Apartments": null, "District": "Алматы", "DistrictId": "9570759093518343", "CreateDate": "2025-05-28", "UpdateDate": "2026-03-05", "HouseId": "70030077055394489", "City": "Астана", "CityId": "9570771978420226", "Okato": null, "Oktmo": null, "Street": "Акыртас", "StreetId1": "9570887942537761", "Number": "13/1", "Street2": null, "StreetId2": null, "Number2": null, "Street3": null, "StreetId3": null, "Number3": null, "Street4": null, "StreetId4": null, "Number4": null, "FIAS": null, "FIAS2": null, "FIAS3": null, "FIAS4": null, "GAR": null, "GAR2": null, "GAR3": null, "GAR4": null }, "geometry": { "type": "MultiPolygon", "coordinates": [ [ [ [ 71.468575209119876, 51.131161052162533 ], [ 71.468610153584422, 51.131111782264448 ], [ 71.468505949011472, 51.131082355595431 ], [ 71.468470914715382, 51.131131569152018 ], [ 71.468575209119876, 51.131161052162533 ] ] ] ] } },
{ "type": "Feature", "properties": { "Name": null, "Type": "Известный по назначению", "Caption": null, "Purpose": "Сооружение", "PostIndex": null, "Elevation": 1, "Entrances": null, "Apartments": null, "District": "Сарайшык", "DistrictId": "70030076987083136", "CreateDate": "2025-02-26", "UpdateDate": "2025-02-26", "HouseId": "70030077019739208", "City": "Астана", "CityId": "9570771978420226", "Okato": null, "Oktmo": null, "Street": null, "StreetId1": null, "Number": null, "Street2": null, "StreetId2": null, "Number2": null, "Street3": null, "StreetId3": null, "Number3": null, "Street4": null, "StreetId4": null, "Number4": null, "FIAS": null, "FIAS2": null, "FIAS3": null, "FIAS4": null, "GAR": null, "GAR2": null, "GAR3": null, "GAR4": null }, "geometry": { "type": "MultiPolygon", "coordinates": [ [ [ [ 71.456170912350643, 51.119633677021412 ], [ 71.456158425768194, 51.119598604342961 ], [ 71.455991159462272, 51.11962211770107 ], [ 71.456003556213204, 51.11965713397479 ], [ 71.456170912350643, 51.119633677021412 ] ] ] ] } },
{ "type": "Feature", "properties": { "Name": null, "Type": "Известный по назначению", "Caption": null, "Purpose": "Сооружение", "PostIndex": null, "Elevation": 1, "Entrances": null, "Apartments": null, "District": "Сарайшык", "DistrictId": "70030076987083136", "CreateDate": "2025-02-26", "UpdateDate": "2025-02-26", "HouseId": "70030077019742571", "City": "Астана", "CityId": "9570771978420226", "Okato": null, "Oktmo": null, "Street": null, "StreetId1": null, "Number": null, "Street2": null, "StreetId2": null, "Number2": null, "Street3": null, "StreetId3": null, "Number3": null, "Street4": null, "StreetId4": null, "Number4": null, "FIAS": null, "FIAS2": null, "FIAS3": null, "FIAS4": null, "GAR": null, "GAR2": null, "GAR3": null, "GAR4": null }, "geometry": { "type": "MultiPolygon", "coordinates": [ [ [ [ 71.458605256939066, 51.119674162813283 ], [ 71.458584955013649, 51.119621835766402 ], [ 71.458418407359972, 51.119647322654401 ], [ 71.458438709285403, 51.119699706059251 ], [ 71.458605256939066, 51.119674162813283 ] ] ] ] } },
{ "type": "Feature", "properties": { "Name": null, "Type": "Известный по назначению", "Caption": null, "Purpose": "Сооружение", "PostIndex": null, "Elevation": 1, "Entrances": null, "Apartments": null, "District": "Сарайшык", "DistrictId": "70030076987083136", "CreateDate": "2025-02-26", "UpdateDate": "2025-02-26", "HouseId": "70030077019743159", "City": "Астана", "CityId": "9570771978420226", "Okato": null, "Oktmo": null, "Street": null, "StreetId1": null, "Number": null, "Street2": null, "StreetId2": null, "Number2": null, "Street3": null, "StreetId3": null, "Number3": null, "Street4": null, "StreetId4": null, "Number4": null, "FIAS": null, "FIAS2": null, "FIAS3": null, "FIAS4": null, "GAR": null, "GAR2": null, "GAR3": null, "GAR4": null }, "geometry": { "type": "MultiPolygon", "coordinates": [ [ [ [ 71.464551834625368, 51.118336195739673 ], [ 71.464676520786796, 51.118316798089879 ], [ 71.464655949366787, 51.118264413117011 ], [ 71.464531173373828, 51.11828392356594 ], [ 71.464551834625368, 51.118336195739673 ] ] ] ] } },
{ "type": "Feature", "properties": { "Name": null, "Type": "Известный по назначению", "Caption": null, "Purpose": "Сооружение", "PostIndex": null, "Elevation": 1, "Entrances": null, "Apartments": null, "District": "Сарайшык", "DistrictId": "70030076987083136", "CreateDate": "2025-02-26", "UpdateDate": "2025-07-07", "HouseId": "70030077019743537", "City": "Астана", "CityId": "9570771978420226", "Okato": null, "Oktmo": null, "Street": null, "StreetId1": null, "Number": null, "Street2": null, "StreetId2": null, "Number2": null, "Street3": null, "StreetId3": null, "Number3": null, "Street4": null, "StreetId4": null, "Number4": null, "FIAS": null, "FIAS2": null, "FIAS3": null, "FIAS4": null, "GAR": null, "GAR2": null, "GAR3": null, "GAR4": null }, "geometry": { "type": "MultiPolygon", "coordinates": [ [ [ [ 71.462437110615014, 51.118883781267009 ], [ 71.462419773130023, 51.118840193448669 ], [ 71.462295086968595, 51.118859760042312 ], [ 71.462312334622055, 51.118903404230018 ], [ 71.462437110615014, 51.118883781267009 ] ] ] ] } },
{ "type": "Feature", "properties": { "Name": null, "Type": "Известный по назначению", "Caption": null, "Purpose": "Пост охраны", "PostIndex": null, "Elevation": 1, "Entrances": null, "Apartments": null, "District": "Сарайшык", "DistrictId": "70030076987083136", "CreateDate": "2022-11-17", "UpdateDate": "2025-10-21", "HouseId": "70030076475579317", "City": "Астана", "CityId": "9570771978420226", "Okato": null, "Oktmo": null, "Street": null, "StreetId1": null, "Number": null, "Street2": null, "StreetId2": null, "Number2": null, "Street3": null, "StreetId3": null, "Number3": null, "Street4": null, "StreetId4": null, "Number4": null, "FIAS": null, "FIAS2": null, "FIAS3": null, "FIAS4": null, "GAR": null, "GAR2": null, "GAR3": null, "GAR4": null }, "geometry": { "type": "MultiPolygon", "coordinates": [ [ [ [ 71.464562794071824, 51.119066026395785 ], [ 71.46455273294066, 51.119039749760063 ], [ 71.464511051111472, 51.119046121563656 ], [ 71.46452111224265, 51.119072341808156 ], [ 71.464562794071824, 51.119066026395785 ] ] ] ] } },
{ "type": "Feature", "properties": { "Name": null, "Type": "Известный по назначению", "Caption": null, "Purpose": "Проходная, КПП", "PostIndex": null, "Elevation": 2, "Entrances": null, "Apartments": null, "District": "Алматы", "DistrictId": "9570759093518343", "CreateDate": "2023-02-09", "UpdateDate": "2023-02-09", "HouseId": "70030076538016391", "City": "Астана", "CityId": "9570771978420226", "Okato": null, "Oktmo": null, "Street": null, "StreetId1": null, "Number": null, "Street2": null, "StreetId2": null, "Number2": null, "Street3": null, "StreetId3": null, "Number3": null, "Street4": null, "StreetId4": null, "Number4": null, "FIAS": null, "FIAS2": null, "FIAS3": null, "FIAS4": null, "GAR": null, "GAR2": null, "GAR3": null, "GAR4": null }, "geometry": { "type": "MultiPolygon", "coordinates": [ [ [ [ 71.466829423196728, 51.132434215452605 ], [ 71.466891047625211, 51.132353097085165 ], [ 71.466826638419334, 51.132333761692337 ], [ 71.466765013990866, 51.132414823722414 ], [ 71.466829423196728, 51.132434215452605 ] ] ] ] } },
{ "type": "Feature", "properties": { "Name": null, "Type": "Известный по назначению", "Caption": null, "Purpose": "Проходная, КПП", "PostIndex": null, "Elevation": 1, "Entrances": null, "Apartments": null, "District": "Сарайшык", "DistrictId": "70030076987083136", "CreateDate": "2023-02-08", "UpdateDate": "2025-04-05", "HouseId": "70030076535424345", "City": "Астана", "CityId": "9570771978420226", "Okato": null, "Oktmo": null, "Street": null, "StreetId1": null, "Number": null, "Street2": null, "StreetId2": null, "Number2": null, "Street3": null, "StreetId3": null, "Number3": null, "Street4": null, "StreetId4": null, "Number4": null, "FIAS": null, "FIAS2": null, "FIAS3": null, "FIAS4": null, "GAR": null, "GAR2": null, "GAR3": null, "GAR4": null }, "geometry": { "type": "MultiPolygon", "coordinates": [ [ [ [ 71.46898142729134, 51.125800584914273 ], [ 71.468802662549805, 51.125832213743678 ], [ 71.468821976328428, 51.125875456689293 ], [ 71.469000741069962, 51.125843827889504 ], [ 71.46898142729134, 51.125800584914273 ] ] ] ] } },
{ "type": "Feature", "properties": { "Name": null, "Type": "Известный по назначению", "Caption": null, "Purpose": "Проходная, КПП", "PostIndex": null, "Elevation": 1, "Entrances": null, "Apartments": null, "District": "Сарайшык", "DistrictId": "70030076987083136", "CreateDate": "2023-02-08", "UpdateDate": "2025-05-26", "HouseId": "70030076535425673", "City": "Астана", "CityId": "9570771978420226", "Okato": null, "Oktmo": null, "Street": null, "StreetId1": null, "Number": null, "Street2": null, "StreetId2": null, "Number2": null, "Street3": null, "StreetId3": null, "Number3": null, "Street4": null, "StreetId4": null, "Number4": null, "FIAS": null, "FIAS2": null, "FIAS3": null, "FIAS4": null, "GAR": null, "GAR2": null, "GAR3": null, "GAR4": null }, "geometry": { "type": "MultiPolygon", "coordinates": [ [ [ [ 71.465429488657946, 51.127917808163325 ], [ 71.465419158032176, 51.127891649316091 ], [ 71.465377566034519, 51.12789813265244 ], [ 71.465387806828758, 51.127924291496029 ], [ 71.465429488657946, 51.127917808163325 ] ] ] ] } },
{ "type": "Feature", "properties": { "Name": null, "Type": "Известный по назначению", "Caption": null, "Purpose": "Проходная, КПП", "PostIndex": null, "Elevation": 1, "Entrances": null, "Apartments": null, "District": "Сарайшык", "DistrictId": "70030076987083136", "CreateDate": "2023-02-02", "UpdateDate": "2025-07-02", "HouseId": "70030076527615073", "City": "Астана", "CityId": "9570771978420226", "Okato": null, "Oktmo": null, "Street": null, "StreetId1": null, "Number": null, "Street2": null, "StreetId2": null, "Number2": null, "Street3": null, "StreetId3": null, "Number3": null, "Street4": null, "StreetId4": null, "Number4": null, "FIAS": null, "FIAS2": null, "FIAS3": null, "FIAS4": null, "GAR": null, "GAR2": null, "GAR3": null, "GAR4": null }, "geometry": { "type": "MultiPolygon", "coordinates": [ [ [ [ 71.463782876742144, 51.128308948814841 ], [ 71.463792848041805, 51.128335163802042 ], [ 71.463834529870994, 51.128328849655944 ], [ 71.463824468739801, 51.128302578288817 ], [ 71.463782876742144, 51.128308948814841 ] ] ] ] } },
{ "type": "Feature", "properties": { "Name": null, "Type": "Известный по назначению", "Caption": null, "Purpose": "Сооружение", "PostIndex": null, "Elevation": 1, "Entrances": null, "Apartments": null, "District": "Сарайшык", "DistrictId": "70030076987083136", "CreateDate": "2023-05-16", "UpdateDate": "2023-05-16", "HouseId": "70030076607693559", "City": "Астана", "CityId": "9570771978420226", "Okato": null, "Oktmo": null, "Street": null, "StreetId1": null, "Number": null, "Street2": null, "StreetId2": null, "Number2": null, "Street3": null, "StreetId3": null, "Number3": null, "Street4": null, "StreetId4": null, "Number4": null, "FIAS": null, "FIAS2": null, "FIAS3": null, "FIAS4": null, "GAR": null, "GAR2": null, "GAR3": null, "GAR4": null }, "geometry": { "type": "MultiPolygon", "coordinates": [ [ [ [ 71.457222031064603, 51.127505015315826 ], [ 71.457203974927381, 51.127424903083337 ], [ 71.457161574445976, 51.127428680369761 ], [ 71.457179630583184, 51.127508792595691 ], [ 71.457222031064603, 51.127505015315826 ] ] ] ] } },
{ "type": "Feature", "properties": { "Name": null, "Type": "Известный по назначению", "Caption": null, "Purpose": "Пост охраны", "PostIndex": null, "Elevation": 1, "Entrances": null, "Apartments": null, "District": "Сарайшык", "DistrictId": "70030076987083136", "CreateDate": "2023-08-07", "UpdateDate": "2025-10-21", "HouseId": "70030076658577500", "City": "Астана", "CityId": "9570771978420226", "Okato": null, "Oktmo": null, "Street": null, "StreetId1": null, "Number": null, "Street2": null, "StreetId2": null, "Number2": null, "Street3": null, "StreetId3": null, "Number3": null, "Street4": null, "StreetId4": null, "Number4": null, "FIAS": null, "FIAS2": null, "FIAS3": null, "FIAS4": null, "GAR": null, "GAR2": null, "GAR3": null, "GAR4": null }, "geometry": { "type": "MultiPolygon", "coordinates": [ [ [ [ 71.456789582086799, 51.119190868405141 ], [ 71.456780239607866, 51.11916453545291 ], [ 71.456738467947147, 51.119170456139408 ], [ 71.456747810426094, 51.119196732700807 ], [ 71.456789582086799, 51.119190868405141 ] ] ] ] } },
{ "type": "Feature", "properties": { "Name": null, "Type": "Известный по назначению", "Caption": null, "Purpose": "Хозяйственный корпус", "PostIndex": null, "Elevation": 2, "Entrances": null, "Apartments": null, "District": "Сарайшык", "DistrictId": "70030076987083136", "CreateDate": "2023-08-07", "UpdateDate": "2025-07-07", "HouseId": "70030076658597134", "City": "Астана", "CityId": "9570771978420226", "Okato": null, "Oktmo": null, "Street": null, "StreetId1": null, "Number": null, "Street2": null, "StreetId2": null, "Number2": null, "Street3": null, "StreetId3": null, "Number3": null, "Street4": null, "StreetId4": null, "Number4": null, "FIAS": null, "FIAS2": null, "FIAS3": null, "FIAS4": null, "GAR": null, "GAR2": null, "GAR3": null, "GAR4": null }, "geometry": { "type": "MultiPolygon", "coordinates": [ [ [ [ 71.463614801952488, 51.118698772404329 ], [ 71.463420765851126, 51.118729278336083 ], [ 71.463445020363793, 51.118790290139152 ], [ 71.463638966633638, 51.118759840635668 ], [ 71.463614801952488, 51.118698772404329 ] ] ] ] } },
{ "type": "Feature", "properties": { "Name": null, "Type": "Известный по назначению", "Caption": null, "Purpose": "Сооружение", "PostIndex": null, "Elevation": 1, "Entrances": null, "Apartments": null, "District": "Сарайшык", "DistrictId": "70030076987083136", "CreateDate": "2024-11-07", "UpdateDate": "2024-11-07", "HouseId": "70030076987057882", "City": "Астана", "CityId": "9570771978420226", "Okato": null, "Oktmo": null, "Street": null, "StreetId1": null, "Number": null, "Street2": null, "StreetId2": null, "Number2": null, "Street3": null, "StreetId3": null, "Number3": null, "Street4": null, "StreetId4": null, "Number4": null, "FIAS": null, "FIAS2": null, "FIAS3": null, "FIAS4": null, "GAR": null, "GAR2": null, "GAR3": null, "GAR4": null }, "geometry": { "type": "MultiPolygon", "coordinates": [ [ [ [ 71.458332169092699, 51.12396122693049 ], [ 71.458332258924216, 51.123951980340678 ], [ 71.458317346890524, 51.123951923959027 ], [ 71.458317257058994, 51.123961170548839 ], [ 71.458332169092699, 51.12396122693049 ] ] ] ] } },
{ "type": "Feature", "properties": { "Name": null, "Type": "Известный по назначению", "Caption": null, "Purpose": "Туалет", "PostIndex": null, "Elevation": 1, "Entrances": null, "Apartments": null, "District": "Сарыарка", "DistrictId": "70030076297673516", "CreateDate": "2024-07-10", "UpdateDate": "2025-12-24", "HouseId": "70030076915043071", "City": "Астана", "CityId": "9570771978420226", "Okato": null, "Oktmo": null, "Street": null, "StreetId1": null, "Number": null, "Street2": null, "StreetId2": null, "Number2": null, "Street3": null, "StreetId3": null, "Number3": null, "Street4": null, "StreetId4": null, "Number4": null, "FIAS": null, "FIAS2": null, "FIAS3": null, "FIAS4": null, "GAR": null, "GAR2": null, "GAR3": null, "GAR4": null }, "geometry": { "type": "MultiPolygon", "coordinates": [ [ [ [ 71.407482403614409, 51.193583427451358 ], [ 71.40746300000427, 51.193559782865712 ], [ 71.407411975696135, 51.193576334076944 ], [ 71.407431379306274, 51.19359997865412 ], [ 71.407482403614409, 51.193583427451358 ] ] ] ] } },
{ "type": "Feature", "properties": { "Name": null, "Type": "Известный по назначению", "Caption": null, "Purpose": "Проходная, КПП", "PostIndex": null, "Elevation": 1, "Entrances": null, "Apartments": null, "District": "Алматы", "DistrictId": "9570759093518343", "CreateDate": "2021-03-10", "UpdateDate": "2025-04-03", "HouseId": "70030076264550567", "City": "Астана", "CityId": "9570771978420226", "Okato": null, "Oktmo": null, "Street": null, "StreetId1": null, "Number": null, "Street2": null, "StreetId2": null, "Number2": null, "Street3": null, "StreetId3": null, "Number3": null, "Street4": null, "StreetId4": null, "Number4": null, "FIAS": null, "FIAS2": null, "FIAS3": null, "FIAS4": null, "GAR": null, "GAR2": null, "GAR3": null, "GAR4": null }, "geometry": { "type": "MultiPolygon", "coordinates": [ [ [ [ 71.46460995562424, 51.135924763336739 ], [ 71.464636006767492, 51.135932203784854 ], [ 71.46464786452924, 51.13591585734423 ], [ 71.464621903217534, 51.135908473260535 ], [ 71.46460995562424, 51.135924763336739 ] ] ] ] } },
{ "type": "Feature", "properties": { "Name": null, "Type": "Известный по назначению", "Caption": null, "Purpose": "Проходная, КПП", "PostIndex": null, "Elevation": 1, "Entrances": null, "Apartments": null, "District": "Алматы", "DistrictId": "9570759093518343", "CreateDate": "2021-03-10", "UpdateDate": "2025-04-03", "HouseId": "70030076264552320", "City": "Астана", "CityId": "9570771978420226", "Okato": null, "Oktmo": null, "Street": null, "StreetId1": null, "Number": null, "Street2": null, "StreetId2": null, "Number2": null, "Street3": null, "StreetId3": null, "Number3": null, "Street4": null, "StreetId4": null, "Number4": null, "FIAS": null, "FIAS2": null, "FIAS3": null, "FIAS4": null, "GAR": null, "GAR2": null, "GAR3": null, "GAR4": null }, "geometry": { "type": "MultiPolygon", "coordinates": [ [ [ [ 71.464535305624139, 51.135881755268436 ], [ 71.464523447862391, 51.135898101721132 ], [ 71.464549499005599, 51.135905485806497 ], [ 71.464561266935831, 51.135889195723493 ], [ 71.464535305624139, 51.135881755268436 ] ] ] ] } },
{ "type": "Feature", "properties": { "Name": null, "Type": "Известный по назначению", "Caption": null, "Purpose": "Пост охраны", "PostIndex": null, "Elevation": 1, "Entrances": null, "Apartments": null, "District": "Сарайшык", "DistrictId": "70030076987083136", "CreateDate": "2024-06-05", "UpdateDate": "2025-02-26", "HouseId": "70030076894606893", "City": "Астана", "CityId": "9570771978420226", "Okato": null, "Oktmo": null, "Street": null, "StreetId1": null, "Number": null, "Street2": null, "StreetId2": null, "Number2": null, "Street3": null, "StreetId3": null, "Number3": null, "Street4": null, "StreetId4": null, "Number4": null, "FIAS": null, "FIAS2": null, "FIAS3": null, "FIAS4": null, "GAR": null, "GAR2": null, "GAR3": null, "GAR4": null }, "geometry": { "type": "MultiPolygon", "coordinates": [ [ [ [ 71.456975982508268, 51.119432939144922 ], [ 71.456934390510611, 51.119439423668616 ], [ 71.456944810967912, 51.119465587302763 ], [ 71.456986313134024, 51.119459046395619 ], [ 71.456975982508268, 51.119432939144922 ] ] ] ] } },
{ "type": "Feature", "properties": { "Name": null, "Type": "Известный по назначению", "Caption": null, "Purpose": "Шиномонтаж", "PostIndex": null, "Elevation": 1, "Entrances": null, "Apartments": null, "District": "Сарыарка", "DistrictId": "70030076297673516", "CreateDate": "2023-12-06", "UpdateDate": "2026-03-16", "HouseId": "70030076753292947", "City": "Астана", "CityId": "9570771978420226", "Okato": null, "Oktmo": null, "Street": "Карасай батыра", "StreetId1": "9570887942537724", "Number": "2/2а", "Street2": null, "StreetId2": null, "Number2": null, "Street3": null, "StreetId3": null, "Number3": null, "Street4": null, "StreetId4": null, "Number4": null, "FIAS": null, "FIAS2": null, "FIAS3": null, "FIAS4": null, "GAR": null, "GAR2": null, "GAR3": null, "GAR4": null }, "geometry": { "type": "MultiPolygon", "coordinates": [ [ [ [ 71.404399026233193, 51.195475011287066 ], [ 71.404450499698996, 51.195459305172747 ], [ 71.40436318345337, 51.195345871965948 ], [ 71.404311709987581, 51.195361634413381 ], [ 71.404399026233193, 51.195475011287066 ] ] ] ] } },
{ "type": "Feature", "properties": { "Name": null, "Type": "Известный по назначению", "Caption": null, "Purpose": "Сооружение", "PostIndex": null, "Elevation": 1, "Entrances": null, "Apartments": null, "District": "Сарайшык", "DistrictId": "70030076987083136", "CreateDate": "2022-06-10", "UpdateDate": "2023-08-07", "HouseId": "70030076399322914", "City": "Астана", "CityId": "9570771978420226", "Okato": null, "Oktmo": null, "Street": null, "StreetId1": null, "Number": null, "Street2": null, "StreetId2": null, "Number2": null, "Street3": null, "StreetId3": null, "Number3": null, "Street4": null, "StreetId4": null, "Number4": null, "FIAS": null, "FIAS2": null, "FIAS3": null, "FIAS4": null, "GAR": null, "GAR2": null, "GAR3": null, "GAR4": null }, "geometry": { "type": "MultiPolygon", "coordinates": [ [ [ [ 71.457932239128212, 51.119464515947357 ], [ 71.458049289609733, 51.11976049103373 ], [ 71.458174065602691, 51.119740924821564 ], [ 71.458057015121184, 51.119445062384116 ], [ 71.457932239128212, 51.119464515947357 ] ] ] ] } },
{ "type": "Feature", "properties": { "Name": null, "Type": "Известный по назначению", "Caption": null, "Purpose": "Сооружение", "PostIndex": null, "Elevation": 1, "Entrances": null, "Apartments": null, "District": "Сарайшык", "DistrictId": "70030076987083136", "CreateDate": "2022-02-11", "UpdateDate": "2026-05-04", "HouseId": "70030076351500597", "City": "Астана", "CityId": "9570771978420226", "Okato": null, "Oktmo": null, "Street": null, "StreetId1": null, "Number": null, "Street2": null, "StreetId2": null, "Number2": null, "Street3": null, "StreetId3": null, "Number3": null, "Street4": null, "StreetId4": null, "Number4": null, "FIAS": null, "FIAS2": null, "FIAS3": null, "FIAS4": null, "GAR": null, "GAR2": null, "GAR3": null, "GAR4": null }, "geometry": { "type": "MultiPolygon", "coordinates": [ [ [ [ 71.45823766632482, 51.123977859511129 ], [ 71.458280515963864, 51.123977859511129 ], [ 71.458280515963864, 51.123950909089295 ], [ 71.45823766632482, 51.123950909089295 ], [ 71.45823766632482, 51.123977859511129 ] ] ] ] } },
{ "type": "Feature", "properties": { "Name": null, "Type": "Известный по назначению", "Caption": null, "Purpose": "Туалет", "PostIndex": null, "Elevation": 1, "Entrances": null, "Apartments": null, "District": "Алматы", "DistrictId": "9570759093518343", "CreateDate": "2022-03-28", "UpdateDate": "2026-05-04", "HouseId": "70030076367180555", "City": "Астана", "CityId": "9570771978420226", "Okato": null, "Oktmo": null, "Street": "Динмухамед Конаев", "StreetId1": "9570887942538277", "Number": "39/1а", "Street2": null, "StreetId2": null, "Number2": null, "Street3": null, "StreetId3": null, "Number3": null, "Street4": null, "StreetId4": null, "Number4": null, "FIAS": null, "FIAS2": null, "FIAS3": null, "FIAS4": null, "GAR": null, "GAR2": null, "GAR3": null, "GAR4": null }, "geometry": { "type": "MultiPolygon", "coordinates": [ [ [ [ 71.448321792724116, 51.13122187842874 ], [ 71.448332033518355, 51.13124803538976 ], [ 71.44840138345829, 51.13123715544873 ], [ 71.44839105283252, 51.131210998481535 ], [ 71.448321792724116, 51.13122187842874 ] ] ] ] } },
{ "type": "Feature", "properties": { "Name": null, "Type": "Известный по назначению", "Caption": null, "Purpose": "Туалет", "PostIndex": null, "Elevation": 1, "Entrances": null, "Apartments": null, "District": "Сарайшык", "DistrictId": "70030076987083136", "CreateDate": "2022-03-28", "UpdateDate": "2022-03-28", "HouseId": "70030076367183457", "City": "Астана", "CityId": "9570771978420226", "Okato": null, "Oktmo": null, "Street": "Динмухамед Конаев", "StreetId1": "9570887942538277", "Number": "39/2а", "Street2": null, "StreetId2": null, "Number2": null, "Street3": null, "StreetId3": null, "Number3": null, "Street4": null, "StreetId4": null, "Number4": null, "FIAS": null, "FIAS2": null, "FIAS3": null, "FIAS4": null, "GAR": null, "GAR2": null, "GAR3": null, "GAR4": null }, "geometry": { "type": "MultiPolygon", "coordinates": [ [ [ [ 71.448279122748119, 51.130936462177893 ], [ 71.448269061616941, 51.130910305040395 ], [ 71.44819971167702, 51.130920734073278 ], [ 71.448209682976668, 51.1309470039511 ], [ 71.448279122748119, 51.130936462177893 ] ] ] ] } },
{ "type": "Feature", "properties": { "Name": null, "Type": "Известный по назначению", "Caption": null, "Purpose": "Хозяйственный корпус", "PostIndex": null, "Elevation": 1, "Entrances": null, "Apartments": null, "District": "Есиль", "DistrictId": "9570759093518340", "CreateDate": "2025-07-23", "UpdateDate": "2025-07-23", "HouseId": "70030077079271467", "City": "Астана", "CityId": "9570771978420226", "Okato": null, "Oktmo": null, "Street": null, "StreetId1": null, "Number": null, "Street2": null, "StreetId2": null, "Number2": null, "Street3": null, "StreetId3": null, "Number3": null, "Street4": null, "StreetId4": null, "Number4": null, "FIAS": null, "FIAS2": null, "FIAS3": null, "FIAS4": null, "GAR": null, "GAR2": null, "GAR3": null, "GAR4": null }, "geometry": { "type": "MultiPolygon", "coordinates": [ [ [ [ 71.441496213532318, 51.121849178814735 ], [ 71.441478786215797, 51.12180559379415 ], [ 71.441423360162773, 51.121814446123786 ], [ 71.44144078747928, 51.121858031136014 ], [ 71.441496213532318, 51.121849178814735 ] ] ] ] } },
{ "type": "Feature", "properties": { "Name": null, "Type": "Известный по назначению", "Caption": null, "Purpose": "Хозяйственный корпус", "PostIndex": null, "Elevation": 1, "Entrances": null, "Apartments": null, "District": "Есиль", "DistrictId": "9570759093518340", "CreateDate": "2025-07-23", "UpdateDate": "2025-07-23", "HouseId": "70030077079271508", "City": "Астана", "CityId": "9570771978420226", "Okato": null, "Oktmo": null, "Street": null, "StreetId1": null, "Number": null, "Street2": null, "StreetId2": null, "Number2": null, "Street3": null, "StreetId3": null, "Number3": null, "Street4": null, "StreetId4": null, "Number4": null, "FIAS": null, "FIAS2": null, "FIAS3": null, "FIAS4": null, "GAR": null, "GAR2": null, "GAR3": null, "GAR4": null }, "geometry": { "type": "MultiPolygon", "coordinates": [ [ [ [ 71.44139102081256, 51.121985402883055 ], [ 71.441363173038738, 51.121915655759189 ], [ 71.441321581041095, 51.12192225270266 ], [ 71.441349518646419, 51.121991999816565 ], [ 71.44139102081256, 51.121985402883055 ] ] ] ] } },
{ "type": "Feature", "properties": { "Name": null, "Type": "Известный по назначению", "Caption": null, "Purpose": "Проходная, КПП", "PostIndex": null, "Elevation": 1, "Entrances": null, "Apartments": null, "District": "Сарайшык", "DistrictId": "70030076987083136", "CreateDate": "2025-10-06", "UpdateDate": "2025-10-06", "HouseId": "70030077103969182", "City": "Астана", "CityId": "9570771978420226", "Okato": null, "Oktmo": null, "Street": null, "StreetId1": null, "Number": null, "Street2": null, "StreetId2": null, "Number2": null, "Street3": null, "StreetId3": null, "Number3": null, "Street4": null, "StreetId4": null, "Number4": null, "FIAS": null, "FIAS2": null, "FIAS3": null, "FIAS4": null, "GAR": null, "GAR2": null, "GAR3": null, "GAR4": null }, "geometry": { "type": "MultiPolygon", "coordinates": [ [ [ [ 71.468802303223697, 51.12723451617174 ], [ 71.468760711226054, 51.127241055977976 ], [ 71.46877113168334, 51.127267215193719 ], [ 71.468812723680998, 51.127260675391184 ], [ 71.468802303223697, 51.12723451617174 ] ] ] ] } },
{ "type": "Feature", "properties": { "Name": null, "Type": "Известный по назначению", "Caption": null, "Purpose": "Сооружение", "PostIndex": null, "Elevation": 1, "Entrances": null, "Apartments": null, "District": "Алматы", "DistrictId": "9570759093518343", "CreateDate": "2022-04-07", "UpdateDate": "2025-04-24", "HouseId": "70030076371473057", "City": "Астана", "CityId": "9570771978420226", "Okato": null, "Oktmo": null, "Street": null, "StreetId1": null, "Number": null, "Street2": null, "StreetId2": null, "Number2": null, "Street3": null, "StreetId3": null, "Number3": null, "Street4": null, "StreetId4": null, "Number4": null, "FIAS": null, "FIAS2": null, "FIAS3": null, "FIAS4": null, "GAR": null, "GAR2": null, "GAR3": null, "GAR4": null }, "geometry": { "type": "MultiPolygon", "coordinates": [ [ [ [ 71.468914412971159, 51.131344432682852 ], [ 71.468931480961558, 51.131319685092883 ], [ 71.468892224583641, 51.131309030659409 ], [ 71.468875066761711, 51.131333721882449 ], [ 71.468914412971159, 51.131344432682852 ] ] ] ] } },
{ "type": "Feature", "properties": { "Name": null, "Type": "Известный по назначению", "Caption": null, "Purpose": "Строящееся здание", "PostIndex": null, "Elevation": 2, "Entrances": null, "Apartments": null, "District": "Сарыарка", "DistrictId": "70030076297673516", "CreateDate": "2021-10-27", "UpdateDate": "2025-09-02", "HouseId": "70030076320973640", "City": "Астана", "CityId": "9570771978420226", "Okato": null, "Oktmo": null, "Street": null, "StreetId1": null, "Number": null, "Street2": null, "StreetId2": null, "Number2": null, "Street3": null, "StreetId3": null, "Number3": null, "Street4": null, "StreetId4": null, "Number4": null, "FIAS": null, "FIAS2": null, "FIAS3": null, "FIAS4": null, "GAR": null, "GAR2": null, "GAR3": null, "GAR4": null }, "geometry": { "type": "MultiPolygon", "coordinates": [ [ [ [ 71.404240922743213, 51.195120186904127 ], [ 71.404355996931088, 51.195083989371781 ], [ 71.404279280805824, 51.19498750000978 ], [ 71.404164116786404, 51.195023641323075 ], [ 71.404240922743213, 51.195120186904127 ] ] ] ] } },
{ "type": "Feature", "properties": { "Name": null, "Type": "Известный по назначению", "Caption": null, "Purpose": "Сооружение", "PostIndex": null, "Elevation": 1, "Entrances": null, "Apartments": null, "District": "Алматы", "DistrictId": "9570759093518343", "CreateDate": "2021-11-01", "UpdateDate": "2026-05-20", "HouseId": "70030076321582258", "City": "Астана", "CityId": "9570771978420226", "Okato": null, "Oktmo": null, "Street": "проспект Бауыржан Момышулы", "StreetId1": "9570887942540534", "Number": "2/7а", "Street2": null, "StreetId2": null, "Number2": null, "Street3": null, "StreetId3": null, "Number3": null, "Street4": null, "StreetId4": null, "Number4": null, "FIAS": null, "FIAS2": null, "FIAS3": null, "FIAS4": null, "GAR": null, "GAR2": null, "GAR3": null, "GAR4": null }, "geometry": { "type": "MultiPolygon", "coordinates": [ [ [ [ 71.463454812000393, 51.13463901335011 ], [ 71.46348086314363, 51.134646397636821 ], [ 71.463492541242331, 51.134630050741009 ], [ 71.463466490099094, 51.134622666451669 ], [ 71.463454812000393, 51.13463901335011 ] ] ] ] } },
{ "type": "Feature", "properties": { "Name": null, "Type": "Известный по назначению", "Caption": null, "Purpose": "Сооружение", "PostIndex": null, "Elevation": 1, "Entrances": null, "Apartments": null, "District": "Алматы", "DistrictId": "9570759093518343", "CreateDate": "2022-02-02", "UpdateDate": "2026-05-20", "HouseId": "70030076348026945", "City": "Астана", "CityId": "9570771978420226", "Okato": null, "Oktmo": null, "Street": "проспект Тауелсиздик", "StreetId1": "9570887942537473", "Number": "43/3Б", "Street2": null, "StreetId2": null, "Number2": null, "Street3": null, "StreetId3": null, "Number3": null, "Street4": null, "StreetId4": null, "Number4": null, "FIAS": null, "FIAS2": null, "FIAS3": null, "FIAS4": null, "GAR": null, "GAR2": null, "GAR3": null, "GAR4": null }, "geometry": { "type": "MultiPolygon", "coordinates": [ [ [ [ 71.466804270368755, 51.134691097912082 ], [ 71.466816307793579, 51.134674863769206 ], [ 71.466790526144919, 51.134667254012768 ], [ 71.466778398888579, 51.134683544526879 ], [ 71.466804270368755, 51.134691097912082 ] ] ] ] } },
{ "type": "Feature", "properties": { "Name": null, "Type": "Известный по назначению", "Caption": null, "Purpose": "Парковка", "PostIndex": null, "Elevation": 1, "Entrances": null, "Apartments": null, "District": "Алматы", "DistrictId": "9570759093518343", "CreateDate": "2020-11-06", "UpdateDate": "2026-05-20", "HouseId": "70030076245683806", "City": "Астана", "CityId": "9570771978420226", "Okato": null, "Oktmo": null, "Street": null, "StreetId1": null, "Number": null, "Street2": null, "StreetId2": null, "Number2": null, "Street3": null, "StreetId3": null, "Number3": null, "Street4": null, "StreetId4": null, "Number4": null, "FIAS": null, "FIAS2": null, "FIAS3": null, "FIAS4": null, "GAR": null, "GAR2": null, "GAR3": null, "GAR4": null }, "geometry": { "type": "MultiPolygon", "coordinates": [ [ [ [ 71.466209136493035, 51.134986919071686 ], [ 71.465806781077276, 51.134870405895299 ], [ 71.465770938297453, 51.134919389941899 ], [ 71.466168891968309, 51.135036635780253 ], [ 71.466209136493035, 51.134986919071686 ] ] ] ] } },
{ "type": "Feature", "properties": { "Name": null, "Type": "Известный по назначению", "Caption": null, "Purpose": "Сооружение", "PostIndex": null, "Elevation": 1, "Entrances": null, "Apartments": null, "District": "Алматы", "DistrictId": "9570759093518343", "CreateDate": "2019-09-26", "UpdateDate": "2026-05-20", "HouseId": "70030076193037601", "City": "Астана", "CityId": "9570771978420226", "Okato": null, "Oktmo": null, "Street": "проспект Тауелсиздик", "StreetId1": "9570887942537473", "Number": "39/2а", "Street2": null, "StreetId2": null, "Number2": null, "Street3": null, "StreetId3": null, "Number3": null, "Street4": null, "StreetId4": null, "Number4": null, "FIAS": null, "FIAS2": null, "FIAS3": null, "FIAS4": null, "GAR": null, "GAR2": null, "GAR3": null, "GAR4": null }, "geometry": { "type": "MultiPolygon", "coordinates": [ [ [ [ 71.465990217058291, 51.13583271587563 ], [ 71.465964345578115, 51.135825106310008 ], [ 71.465952218321775, 51.135841340048486 ], [ 71.465978089801951, 51.135849005978557 ], [ 71.465990217058291, 51.13583271587563 ] ] ] ] } },
{ "type": "Feature", "properties": { "Name": null, "Type": "Известный по назначению", "Caption": null, "Purpose": "Сооружение", "PostIndex": null, "Elevation": 1, "Entrances": null, "Apartments": null, "District": "Алматы", "DistrictId": "9570759093518343", "CreateDate": "2019-01-17", "UpdateDate": "2019-01-17", "HouseId": "70030076172651287", "City": "Астана", "CityId": "9570771978420226", "Okato": null, "Oktmo": null, "Street": null, "StreetId1": null, "Number": null, "Street2": null, "StreetId2": null, "Number2": null, "Street3": null, "StreetId3": null, "Number3": null, "Street4": null, "StreetId4": null, "Number4": null, "FIAS": null, "FIAS2": null, "FIAS3": null, "FIAS4": null, "GAR": null, "GAR2": null, "GAR3": null, "GAR4": null }, "geometry": { "type": "MultiPolygon", "coordinates": [ [ [ [ 71.469751463152903, 51.129888755761726 ], [ 71.469891690168751, 51.129691952297598 ], [ 71.469709152503015, 51.129640425843903 ], [ 71.469568925487167, 51.129837285902077 ], [ 71.469751463152903, 51.129888755761726 ] ] ] ] } },
{ "type": "Feature", "properties": { "Name": null, "Type": "Известный по назначению", "Caption": null, "Purpose": "Парковка", "PostIndex": null, "Elevation": 1, "Entrances": null, "Apartments": null, "District": "Алматы", "DistrictId": "9570759093518343", "CreateDate": "2019-01-17", "UpdateDate": "2026-04-15", "HouseId": "70030076172652065", "City": "Астана", "CityId": "9570771978420226", "Okato": null, "Oktmo": null, "Street": null, "StreetId1": null, "Number": null, "Street2": null, "StreetId2": null, "Number2": null, "Street3": null, "StreetId3": null, "Number3": null, "Street4": null, "StreetId4": null, "Number4": null, "FIAS": null, "FIAS2": null, "FIAS3": null, "FIAS4": null, "GAR": null, "GAR2": null, "GAR3": null, "GAR4": null }, "geometry": { "type": "MultiPolygon", "coordinates": [ [ [ [ 71.46058801843418, 51.132158615359842 ], [ 71.460569602970864, 51.132111883252207 ], [ 71.460333076556552, 51.132148919437903 ], [ 71.46035185134599, 51.132196440710302 ], [ 71.46058801843418, 51.132158615359842 ] ] ] ] } },
{ "type": "Feature", "properties": { "Name": null, "Type": "Известный по назначению", "Caption": null, "Purpose": "Сооружение", "PostIndex": null, "Elevation": 1, "Entrances": null, "Apartments": null, "District": "Алматы", "DistrictId": "9570759093518343", "CreateDate": "2019-01-17", "UpdateDate": "2025-04-24", "HouseId": "70030076172652801", "City": "Астана", "CityId": "9570771978420226", "Okato": null, "Oktmo": null, "Street": null, "StreetId1": null, "Number": null, "Street2": null, "StreetId2": null, "Number2": null, "Street3": null, "StreetId3": null, "Number3": null, "Street4": null, "StreetId4": null, "Number4": null, "FIAS": null, "FIAS2": null, "FIAS3": null, "FIAS4": null, "GAR": null, "GAR2": null, "GAR3": null, "GAR4": null }, "geometry": { "type": "MultiPolygon", "coordinates": [ [ [ [ 71.467673300574617, 51.132698877932924 ], [ 71.467691177048778, 51.132674356552819 ], [ 71.467652279996969, 51.132663138721725 ], [ 71.467634313691292, 51.132687603736784 ], [ 71.467673300574617, 51.132698877932924 ] ] ] ] } },
{ "type": "Feature", "properties": { "Name": null, "Type": "Известный по назначению", "Caption": null, "Purpose": "Сооружение", "PostIndex": null, "Elevation": 1, "Entrances": null, "Apartments": null, "District": "Алматы", "DistrictId": "9570759093518343", "CreateDate": "2019-01-18", "UpdateDate": "2025-02-11", "HouseId": "70030076172771713", "City": "Астана", "CityId": "9570771978420226", "Okato": null, "Oktmo": null, "Street": null, "StreetId1": null, "Number": null, "Street2": null, "StreetId2": null, "Number2": null, "Street3": null, "StreetId3": null, "Number3": null, "Street4": null, "StreetId4": null, "Number4": null, "FIAS": null, "FIAS2": null, "FIAS3": null, "FIAS4": null, "GAR": null, "GAR2": null, "GAR3": null, "GAR4": null }, "geometry": { "type": "MultiPolygon", "coordinates": [ [ [ [ 71.462960289436481, 51.134250068335064 ], [ 71.462983645633855, 51.134217261518764 ], [ 71.462840274514519, 51.134176788472701 ], [ 71.462816828485614, 51.134209651686902 ], [ 71.462960289436481, 51.134250068335064 ] ] ] ] } },
{ "type": "Feature", "properties": { "Name": null, "Type": "Известный по назначению", "Caption": null, "Purpose": "Сооружение", "PostIndex": null, "Elevation": 1, "Entrances": null, "Apartments": null, "District": "Алматы", "DistrictId": "9570759093518343", "CreateDate": "2019-01-21", "UpdateDate": "2019-01-21", "HouseId": "70030076172825592", "City": "Астана", "CityId": "9570771978420226", "Okato": null, "Oktmo": null, "Street": null, "StreetId1": null, "Number": null, "Street2": null, "StreetId2": null, "Number2": null, "Street3": null, "StreetId3": null, "Number3": null, "Street4": null, "StreetId4": null, "Number4": null, "FIAS": null, "FIAS2": null, "FIAS3": null, "FIAS4": null, "GAR": null, "GAR2": null, "GAR3": null, "GAR4": null }, "geometry": { "type": "MultiPolygon", "coordinates": [ [ [ [ 71.468754063692955, 51.133288119962344 ], [ 71.468777599553377, 51.133255312462587 ], [ 71.468725497266902, 51.133240487072761 ], [ 71.468701961406452, 51.133273350953303 ], [ 71.468754063692955, 51.133288119962344 ] ] ] ] } },
{ "type": "Feature", "properties": { "Name": null, "Type": "Известный по назначению", "Caption": null, "Purpose": "Сооружение", "PostIndex": null, "Elevation": 1, "Entrances": null, "Apartments": null, "District": "Сарыарка", "DistrictId": "70030076297673516", "CreateDate": "2019-01-25", "UpdateDate": "2025-01-27", "HouseId": "70030076173124783", "City": "Астана", "CityId": "9570771978420226", "Okato": null, "Oktmo": null, "Street": null, "StreetId1": null, "Number": null, "Street2": null, "StreetId2": null, "Number2": null, "Street3": null, "StreetId3": null, "Number3": null, "Street4": null, "StreetId4": null, "Number4": null, "FIAS": null, "FIAS2": null, "FIAS3": null, "FIAS4": null, "GAR": null, "GAR2": null, "GAR3": null, "GAR4": null }, "geometry": { "type": "MultiPolygon", "coordinates": [ [ [ [ 71.408820354398586, 51.194565849260066 ], [ 71.408705280210697, 51.194602103494837 ], [ 71.408737350066332, 51.19464229837395 ], [ 71.408852424254235, 51.194606100466167 ], [ 71.408820354398586, 51.194565849260066 ] ] ] ] } },
{ "type": "Feature", "properties": { "Name": null, "Type": "Известный по назначению", "Caption": null, "Purpose": "Проходная, КПП", "PostIndex": null, "Elevation": 1, "Entrances": null, "Apartments": null, "District": "Есиль", "DistrictId": "9570759093518340", "CreateDate": "2018-09-03", "UpdateDate": "2018-09-03", "HouseId": "70030076167271710", "City": "Астана", "CityId": "9570771978420226", "Okato": null, "Oktmo": null, "Street": null, "StreetId1": null, "Number": null, "Street2": null, "StreetId2": null, "Number2": null, "Street3": null, "StreetId3": null, "Number3": null, "Street4": null, "StreetId4": null, "Number4": null, "FIAS": null, "FIAS2": null, "FIAS3": null, "FIAS4": null, "GAR": null, "GAR2": null, "GAR3": null, "GAR4": null }, "geometry": { "type": "MultiPolygon", "coordinates": [ [ [ [ 71.443615339287547, 51.131166069346008 ], [ 71.44362549025027, 51.131192282711439 ], [ 71.443667172079458, 51.131185912583142 ], [ 71.443657021116749, 51.131159699214081 ], [ 71.443615339287547, 51.131166069346008 ] ] ] ] } },
{ "type": "Feature", "properties": { "Name": null, "Type": "Известный по назначению", "Caption": null, "Purpose": "Проходная, КПП", "PostIndex": null, "Elevation": 1, "Entrances": null, "Apartments": null, "District": "Есиль", "DistrictId": "9570759093518340", "CreateDate": "2018-09-03", "UpdateDate": "2018-09-03", "HouseId": "70030076167271729", "City": "Астана", "CityId": "9570771978420226", "Okato": null, "Oktmo": null, "Street": null, "StreetId1": null, "Number": null, "Street2": null, "StreetId2": null, "Number2": null, "Street3": null, "StreetId3": null, "Number3": null, "Street4": null, "StreetId4": null, "Number4": null, "FIAS": null, "FIAS2": null, "FIAS3": null, "FIAS4": null, "GAR": null, "GAR2": null, "GAR3": null, "GAR4": null }, "geometry": { "type": "MultiPolygon", "coordinates": [ [ [ [ 71.439992613409771, 51.124806661877528 ], [ 71.43997985733273, 51.124832484188552 ], [ 71.440020730678143, 51.124840490229666 ], [ 71.440033486755183, 51.124814724303697 ], [ 71.439992613409771, 51.124806661877528 ] ] ] ] } },
{ "type": "Feature", "properties": { "Name": null, "Type": "Известный по назначению", "Caption": null, "Purpose": "Проходная, КПП", "PostIndex": null, "Elevation": 1, "Entrances": null, "Apartments": null, "District": "Есиль", "DistrictId": "9570759093518340", "CreateDate": "2018-09-03", "UpdateDate": "2018-09-03", "HouseId": "70030076167271751", "City": "Астана", "CityId": "9570771978420226", "Okato": null, "Oktmo": null, "Street": null, "StreetId1": null, "Number": null, "Street2": null, "StreetId2": null, "Number2": null, "Street3": null, "StreetId3": null, "Number3": null, "Street4": null, "StreetId4": null, "Number4": null, "FIAS": null, "FIAS2": null, "FIAS3": null, "FIAS4": null, "GAR": null, "GAR2": null, "GAR3": null, "GAR4": null }, "geometry": { "type": "MultiPolygon", "coordinates": [ [ [ [ 71.442686660946833, 51.12973023066526 ], [ 71.442719898612353, 51.129713149158995 ], [ 71.442692859322293, 51.129692290545449 ], [ 71.442659621656787, 51.129709372059416 ], [ 71.442686660946833, 51.12973023066526 ] ] ] ] } },
{ "type": "Feature", "properties": { "Name": null, "Type": "Известный по назначению", "Caption": null, "Purpose": "Хозяйственный корпус", "PostIndex": null, "Elevation": 1, "Entrances": null, "Apartments": null, "District": "Есиль", "DistrictId": "9570759093518340", "CreateDate": "2018-09-03", "UpdateDate": "2022-08-25", "HouseId": "70030076167271797", "City": "Астана", "CityId": "9570771978420226", "Okato": null, "Oktmo": null, "Street": null, "StreetId1": null, "Number": null, "Street2": null, "StreetId2": null, "Number2": null, "Street3": null, "StreetId3": null, "Number3": null, "Street4": null, "StreetId4": null, "Number4": null, "FIAS": null, "FIAS2": null, "FIAS3": null, "FIAS4": null, "GAR": null, "GAR2": null, "GAR3": null, "GAR4": null }, "geometry": { "type": "MultiPolygon", "coordinates": [ [ [ [ 71.444790605173779, 51.128756743853444 ], [ 71.444832197171422, 51.128750373389209 ], [ 71.444815308844085, 51.128706682128403 ], [ 71.444773716846427, 51.128713108974516 ], [ 71.444790605173779, 51.128756743853444 ] ] ] ] } },
{ "type": "Feature", "properties": { "Name": null, "Type": "Известный по назначению", "Caption": null, "Purpose": "Проходная, КПП", "PostIndex": null, "Elevation": 1, "Entrances": null, "Apartments": null, "District": "Есиль", "DistrictId": "9570759093518340", "CreateDate": "2018-09-03", "UpdateDate": "2018-09-03", "HouseId": "70030076167271878", "City": "Астана", "CityId": "9570771978420226", "Okato": null, "Oktmo": null, "Street": null, "StreetId1": null, "Number": null, "Street2": null, "StreetId2": null, "Number2": null, "Street3": null, "StreetId3": null, "Number3": null, "Street4": null, "StreetId4": null, "Number4": null, "FIAS": null, "FIAS2": null, "FIAS3": null, "FIAS4": null, "GAR": null, "GAR2": null, "GAR3": null, "GAR4": null }, "geometry": { "type": "MultiPolygon", "coordinates": [ [ [ [ 71.445390410288979, 51.125548568333983 ], [ 71.445400561251688, 51.125574784887966 ], [ 71.445442153249331, 51.125568413984816 ], [ 71.445432002286637, 51.125542197427229 ], [ 71.445390410288979, 51.125548568333983 ] ] ] ] } },
{ "type": "Feature", "properties": { "Name": null, "Type": "Известный по назначению", "Caption": null, "Purpose": "Сооружение", "PostIndex": null, "Elevation": 1, "Entrances": null, "Apartments": null, "District": "Сарайшык", "DistrictId": "70030076987083136", "CreateDate": "2018-09-10", "UpdateDate": "2024-09-16", "HouseId": "70030076167627204", "City": "Астана", "CityId": "9570771978420226", "Okato": null, "Oktmo": null, "Street": null, "StreetId1": null, "Number": null, "Street2": null, "StreetId2": null, "Number2": null, "Street3": null, "StreetId3": null, "Number3": null, "Street4": null, "StreetId4": null, "Number4": null, "FIAS": null, "FIAS2": null, "FIAS3": null, "FIAS4": null, "GAR": null, "GAR2": null, "GAR3": null, "GAR4": null }, "geometry": { "type": "MultiPolygon", "coordinates": [ [ [ [ 71.461591885764179, 51.120142848116323 ], [ 71.461776938712717, 51.120133600762209 ], [ 71.461765619940138, 51.120044059213107 ], [ 71.461580566991614, 51.120053306585149 ], [ 71.461591885764179, 51.120142848116323 ] ] ] ] } },
{ "type": "Feature", "properties": { "Name": null, "Type": "Известный по назначению", "Caption": null, "Purpose": "Проходная, КПП", "PostIndex": null, "Elevation": 1, "Entrances": null, "Apartments": null, "District": "Алматы", "DistrictId": "9570759093518343", "CreateDate": "2018-10-15", "UpdateDate": "2025-10-13", "HouseId": "70030076169033793", "City": "Астана", "CityId": "9570771978420226", "Okato": null, "Oktmo": null, "Street": null, "StreetId1": null, "Number": null, "Street2": null, "StreetId2": null, "Number2": null, "Street3": null, "StreetId3": null, "Number3": null, "Street4": null, "StreetId4": null, "Number4": null, "FIAS": null, "FIAS2": null, "FIAS3": null, "FIAS4": null, "GAR": null, "GAR2": null, "GAR3": null, "GAR4": null }, "geometry": { "type": "MultiPolygon", "coordinates": [ [ [ [ 71.468294305930527, 51.12815380088707 ], [ 71.4682528037644, 51.128160453316184 ], [ 71.468263403884762, 51.128186555634692 ], [ 71.468304906050889, 51.128179903209343 ], [ 71.468294305930527, 51.12815380088707 ] ] ] ] } },
{ "type": "Feature", "properties": { "Name": null, "Type": "Известный по назначению", "Caption": null, "Purpose": "Проходная, КПП", "PostIndex": null, "Elevation": 1, "Entrances": null, "Apartments": null, "District": "Сарайшык", "DistrictId": "70030076987083136", "CreateDate": "2018-09-25", "UpdateDate": "2025-10-13", "HouseId": "70030076168225413", "City": "Астана", "CityId": "9570771978420226", "Okato": null, "Oktmo": null, "Street": null, "StreetId1": null, "Number": null, "Street2": null, "StreetId2": null, "Number2": null, "Street3": null, "StreetId3": null, "Number3": null, "Street4": null, "StreetId4": null, "Number4": null, "FIAS": null, "FIAS2": null, "FIAS3": null, "FIAS4": null, "GAR": null, "GAR2": null, "GAR3": null, "GAR4": null }, "geometry": { "type": "MultiPolygon", "coordinates": [ [ [ [ 71.468516998289473, 51.127459180536903 ], [ 71.468506577832159, 51.127433077807297 ], [ 71.468465075666046, 51.127439617585431 ], [ 71.468475496123332, 51.127465720311342 ], [ 71.468516998289473, 51.127459180536903 ] ] ] ] } },
{ "type": "Feature", "properties": { "Name": null, "Type": "Известный по назначению", "Caption": null, "Purpose": "Пост охраны", "PostIndex": null, "Elevation": 1, "Entrances": null, "Apartments": null, "District": "Сарыарка", "DistrictId": "70030076297673516", "CreateDate": "2018-04-28", "UpdateDate": "2025-01-27", "HouseId": "70030076161431079", "City": "Астана", "CityId": "9570771978420226", "Okato": null, "Oktmo": null, "Street": null, "StreetId1": null, "Number": null, "Street2": null, "StreetId2": null, "Number2": null, "Street3": null, "StreetId3": null, "Number3": null, "Street4": null, "StreetId4": null, "Number4": null, "FIAS": null, "FIAS2": null, "FIAS3": null, "FIAS4": null, "GAR": null, "GAR2": null, "GAR3": null, "GAR4": null }, "geometry": { "type": "MultiPolygon", "coordinates": [ [ [ [ 71.408035496334861, 51.195196184741086 ], [ 71.408073944229002, 51.195184306568905 ], [ 71.408054989776517, 51.195160099857823 ], [ 71.408016541882347, 51.19517197803625 ], [ 71.408035496334861, 51.195196184741086 ] ] ] ] } },
{ "type": "Feature", "properties": { "Name": null, "Type": "Известный по назначению", "Caption": null, "Purpose": "Проходная, КПП", "PostIndex": null, "Elevation": 1, "Entrances": null, "Apartments": null, "District": "Сарайшык", "DistrictId": "70030076987083136", "CreateDate": "2018-06-19", "UpdateDate": "2025-10-15", "HouseId": "70030076163869547", "City": "Астана", "CityId": "9570771978420226", "Okato": null, "Oktmo": null, "Street": null, "StreetId1": null, "Number": null, "Street2": null, "StreetId2": null, "Number2": null, "Street3": null, "StreetId3": null, "Number3": null, "Street4": null, "StreetId4": null, "Number4": null, "FIAS": null, "FIAS2": null, "FIAS3": null, "FIAS4": null, "GAR": null, "GAR2": null, "GAR3": null, "GAR4": null }, "geometry": { "type": "MultiPolygon", "coordinates": [ [ [ [ 71.469300329217205, 51.126429887427079 ], [ 71.469288651118518, 51.126403896873079 ], [ 71.469247418446983, 51.126411282476681 ], [ 71.469259096545684, 51.126437216647908 ], [ 71.469300329217205, 51.126429887427079 ] ] ] ] } },
{ "type": "Feature", "properties": { "Name": null, "Type": "Известный по назначению", "Caption": null, "Purpose": "Проходная, КПП", "PostIndex": null, "Elevation": 1, "Entrances": null, "Apartments": null, "District": "Сарайшык", "DistrictId": "70030076987083136", "CreateDate": "2018-06-19", "UpdateDate": "2025-07-02", "HouseId": "70030076163871625", "City": "Астана", "CityId": "9570771978420226", "Okato": null, "Oktmo": null, "Street": null, "StreetId1": null, "Number": null, "Street2": null, "StreetId2": null, "Number2": null, "Street3": null, "StreetId3": null, "Number3": null, "Street4": null, "StreetId4": null, "Number4": null, "FIAS": null, "FIAS2": null, "FIAS3": null, "FIAS4": null, "GAR": null, "GAR2": null, "GAR3": null, "GAR4": null }, "geometry": { "type": "MultiPolygon", "coordinates": [ [ [ [ 71.465259168080081, 51.127611568316134 ], [ 71.465227008392901, 51.127629439879946 ], [ 71.465255395155879, 51.127649679276672 ], [ 71.465287554843059, 51.127631807720697 ], [ 71.465259168080081, 51.127611568316134 ] ] ] ] } },
{ "type": "Feature", "properties": { "Name": null, "Type": "Известный по назначению", "Caption": null, "Purpose": "Проходная, КПП", "PostIndex": null, "Elevation": 1, "Entrances": null, "Apartments": null, "District": "Сарайшык", "DistrictId": "70030076987083136", "CreateDate": "2018-06-19", "UpdateDate": "2025-04-05", "HouseId": "70030076163872268", "City": "Астана", "CityId": "9570771978420226", "Okato": null, "Oktmo": null, "Street": null, "StreetId1": null, "Number": null, "Street2": null, "StreetId2": null, "Number2": null, "Street3": null, "StreetId3": null, "Number3": null, "Street4": null, "StreetId4": null, "Number4": null, "FIAS": null, "FIAS2": null, "FIAS3": null, "FIAS4": null, "GAR": null, "GAR2": null, "GAR3": null, "GAR4": null }, "geometry": { "type": "MultiPolygon", "coordinates": [ [ [ [ 71.466429583063771, 51.127642068362512 ], [ 71.466439913689513, 51.127668340105338 ], [ 71.46648150568717, 51.127661800359597 ], [ 71.4664711750614, 51.127635584990202 ], [ 71.466429583063771, 51.127642068362512 ] ] ] ] } },
{ "type": "Feature", "properties": { "Name": null, "Type": "Известный по назначению", "Caption": null, "Purpose": "Проходная, КПП", "PostIndex": null, "Elevation": 1, "Entrances": null, "Apartments": null, "District": "Сарайшык", "DistrictId": "70030076987083136", "CreateDate": "2018-06-19", "UpdateDate": "2025-04-04", "HouseId": "70030076163875721", "City": "Астана", "CityId": "9570771978420226", "Okato": null, "Oktmo": null, "Street": null, "StreetId1": null, "Number": null, "Street2": null, "StreetId2": null, "Number2": null, "Street3": null, "StreetId3": null, "Number3": null, "Street4": null, "StreetId4": null, "Number4": null, "FIAS": null, "FIAS2": null, "FIAS3": null, "FIAS4": null, "GAR": null, "GAR2": null, "GAR3": null, "GAR4": null }, "geometry": { "type": "MultiPolygon", "coordinates": [ [ [ [ 71.460227524510671, 51.128626628356194 ], [ 71.460217283716432, 51.12860041353445 ], [ 71.460175691718774, 51.128606896771309 ], [ 71.460185932513014, 51.128633055213449 ], [ 71.460227524510671, 51.128626628356194 ] ] ] ] } },
{ "type": "Feature", "properties": { "Name": null, "Type": "Известный по назначению", "Caption": null, "Purpose": "Пост охраны", "PostIndex": null, "Elevation": 1, "Entrances": null, "Apartments": null, "District": "Сарыарка", "DistrictId": "70030076297673516", "CreateDate": "2018-05-28", "UpdateDate": "2025-01-27", "HouseId": "70030076162848186", "City": "Астана", "CityId": "9570771978420226", "Okato": null, "Oktmo": null, "Street": null, "StreetId1": null, "Number": null, "Street2": null, "StreetId2": null, "Number2": null, "Street3": null, "StreetId3": null, "Number3": null, "Street4": null, "StreetId4": null, "Number4": null, "FIAS": null, "FIAS2": null, "FIAS3": null, "FIAS4": null, "GAR": null, "GAR2": null, "GAR3": null, "GAR4": null }, "geometry": { "type": "MultiPolygon", "coordinates": [ [ [ [ 71.407189912157904, 51.195836475614058 ], [ 71.407151733758326, 51.195848691381222 ], [ 71.407171137368465, 51.195872672555225 ], [ 71.407209315768043, 51.195860513088277 ], [ 71.407189912157904, 51.195836475614058 ] ] ] ] } },
{ "type": "Feature", "properties": { "Name": null, "Type": "Известный по назначению", "Caption": null, "Purpose": "Сооружение", "PostIndex": null, "Elevation": 1, "Entrances": null, "Apartments": null, "District": "Алматы", "DistrictId": "9570759093518343", "CreateDate": "2018-07-26", "UpdateDate": "2018-07-26", "HouseId": "70030076165622080", "City": "Астана", "CityId": "9570771978420226", "Okato": null, "Oktmo": null, "Street": null, "StreetId1": null, "Number": null, "Street2": null, "StreetId2": null, "Number2": null, "Street3": null, "StreetId3": null, "Number3": null, "Street4": null, "StreetId4": null, "Number4": null, "FIAS": null, "FIAS2": null, "FIAS3": null, "FIAS4": null, "GAR": null, "GAR2": null, "GAR3": null, "GAR4": null }, "geometry": { "type": "MultiPolygon", "coordinates": [ [ [ [ 71.463795812482246, 51.13172195862392 ], [ 71.463834799365571, 51.131733176683653 ], [ 71.463852586008201, 51.131708598418562 ], [ 71.463813599124876, 51.131697436725048 ], [ 71.463795812482246, 51.13172195862392 ] ] ] ] } },
{ "type": "Feature", "properties": { "Name": null, "Type": "Известный по назначению", "Caption": null, "Purpose": "Сооружение", "PostIndex": null, "Elevation": 1, "Entrances": null, "Apartments": null, "District": "Алматы", "DistrictId": "9570759093518343", "CreateDate": "2018-07-26", "UpdateDate": "2025-04-24", "HouseId": "70030076165622122", "City": "Астана", "CityId": "9570771978420226", "Okato": null, "Oktmo": null, "Street": null, "StreetId1": null, "Number": null, "Street2": null, "StreetId2": null, "Number2": null, "Street3": null, "StreetId3": null, "Number3": null, "Street4": null, "StreetId4": null, "Number4": null, "FIAS": null, "FIAS2": null, "FIAS3": null, "FIAS4": null, "GAR": null, "GAR2": null, "GAR3": null, "GAR4": null }, "geometry": { "type": "MultiPolygon", "coordinates": [ [ [ [ 71.464624957489477, 51.130805394475807 ], [ 71.464586060437682, 51.130794119817402 ], [ 71.464568183963522, 51.130818642195933 ], [ 71.46460708101533, 51.130829860475103 ], [ 71.464624957489477, 51.130805394475807 ] ] ] ] } },
{ "type": "Feature", "properties": { "Name": null, "Type": "Известный по назначению", "Caption": null, "Purpose": "Хозяйственный корпус", "PostIndex": null, "Elevation": 1, "Entrances": null, "Apartments": null, "District": "Сарайшык", "DistrictId": "70030076987083136", "CreateDate": "2017-11-24", "UpdateDate": "2018-03-28", "HouseId": "70030076152314143", "City": "Астана", "CityId": "9570771978420226", "Okato": null, "Oktmo": null, "Street": null, "StreetId1": null, "Number": null, "Street2": null, "StreetId2": null, "Number2": null, "Street3": null, "StreetId3": null, "Number3": null, "Street4": null, "StreetId4": null, "Number4": null, "FIAS": null, "FIAS2": null, "FIAS3": null, "FIAS4": null, "GAR": null, "GAR2": null, "GAR3": null, "GAR4": null }, "geometry": { "type": "MultiPolygon", "coordinates": [ [ [ [ 71.46272160706549, 51.119181113373187 ], [ 71.462832459171551, 51.119163689640509 ], [ 71.462780536548138, 51.119032926854366 ], [ 71.462669684442076, 51.119050350636357 ], [ 71.46272160706549, 51.119181113373187 ] ] ] ] } },
{ "type": "Feature", "properties": { "Name": null, "Type": "Известный по назначению", "Caption": null, "Purpose": "Проходная, КПП", "PostIndex": null, "Elevation": 1, "Entrances": null, "Apartments": null, "District": "Есиль", "DistrictId": "9570759093518340", "CreateDate": "2017-12-06", "UpdateDate": "2017-12-06", "HouseId": "70030076153341814", "City": "Астана", "CityId": "9570771978420226", "Okato": null, "Oktmo": null, "Street": null, "StreetId1": null, "Number": null, "Street2": null, "StreetId2": null, "Number2": null, "Street3": null, "StreetId3": null, "Number3": null, "Street4": null, "StreetId4": null, "Number4": null, "FIAS": null, "FIAS2": null, "FIAS3": null, "FIAS4": null, "GAR": null, "GAR2": null, "GAR3": null, "GAR4": null }, "geometry": { "type": "MultiPolygon", "coordinates": [ [ [ [ 71.439730305346799, 51.124319643622101 ], [ 71.439738210521298, 51.12429314444956 ], [ 71.439696079534471, 51.124288182900678 ], [ 71.439688174359972, 51.124314682076061 ], [ 71.439730305346799, 51.124319643622101 ] ] ] ] } },
{ "type": "Feature", "properties": { "Name": null, "Type": "Известный по назначению", "Caption": null, "Purpose": "Проходная, КПП", "PostIndex": null, "Elevation": 1, "Entrances": null, "Apartments": null, "District": "Есиль", "DistrictId": "9570759093518340", "CreateDate": "2017-12-06", "UpdateDate": "2017-12-06", "HouseId": "70030076153342376", "City": "Астана", "CityId": "9570771978420226", "Okato": null, "Oktmo": null, "Street": null, "StreetId1": null, "Number": null, "Street2": null, "StreetId2": null, "Number2": null, "Street3": null, "StreetId3": null, "Number3": null, "Street4": null, "StreetId4": null, "Number4": null, "FIAS": null, "FIAS2": null, "FIAS3": null, "FIAS4": null, "GAR": null, "GAR2": null, "GAR3": null, "GAR4": null }, "geometry": { "type": "MultiPolygon", "coordinates": [ [ [ [ 71.440077953361751, 51.125563114294792 ], [ 71.440035103722707, 51.125563114294792 ], [ 71.440035103722707, 51.125590063775995 ], [ 71.440077953361751, 51.125590063775995 ], [ 71.440077953361751, 51.125563114294792 ] ] ] ] } },
{ "type": "Feature", "properties": { "Name": null, "Type": "Известный по назначению", "Caption": null, "Purpose": "Проходная, КПП", "PostIndex": null, "Elevation": 1, "Entrances": null, "Apartments": null, "District": "Есиль", "DistrictId": "9570759093518340", "CreateDate": "2017-12-06", "UpdateDate": "2017-12-06", "HouseId": "70030076153342556", "City": "Астана", "CityId": "9570771978420226", "Okato": null, "Oktmo": null, "Street": null, "StreetId1": null, "Number": null, "Street2": null, "StreetId2": null, "Number2": null, "Street3": null, "StreetId3": null, "Number3": null, "Street4": null, "StreetId4": null, "Number4": null, "FIAS": null, "FIAS2": null, "FIAS3": null, "FIAS4": null, "GAR": null, "GAR2": null, "GAR3": null, "GAR4": null }, "geometry": { "type": "MultiPolygon", "coordinates": [ [ [ [ 71.441713515999552, 51.128701664677742 ], [ 71.441679020692632, 51.128717675417271 ], [ 71.441704443015169, 51.128739380108115 ], [ 71.441738938322075, 51.128723369376118 ], [ 71.441713515999552, 51.128701664677742 ] ] ] ] } },
{ "type": "Feature", "properties": { "Name": null, "Type": "Известный по назначению", "Caption": null, "Purpose": "Сооружение", "PostIndex": null, "Elevation": 1, "Entrances": null, "Apartments": null, "District": "Сарыарка", "DistrictId": "70030076297673516", "CreateDate": "2017-09-22", "UpdateDate": "2025-01-27", "HouseId": "70030076147111286", "City": "Астана", "CityId": "9570771978420226", "Okato": null, "Oktmo": null, "Street": null, "StreetId1": null, "Number": null, "Street2": null, "StreetId2": null, "Number2": null, "Street3": null, "StreetId3": null, "Number3": null, "Street4": null, "StreetId4": null, "Number4": null, "FIAS": null, "FIAS2": null, "FIAS3": null, "FIAS4": null, "GAR": null, "GAR2": null, "GAR3": null, "GAR4": null }, "geometry": { "type": "MultiPolygon", "coordinates": [ [ [ [ 71.405388610350187, 51.196481261035416 ], [ 71.405440443142098, 51.196466005608897 ], [ 71.405422207341829, 51.196441518105566 ], [ 71.405370374549918, 51.196456773540199 ], [ 71.405388610350187, 51.196481261035416 ] ] ] ] } },
{ "type": "Feature", "properties": { "Name": null, "Type": "Известный по назначению", "Caption": null, "Purpose": "Пост охраны", "PostIndex": null, "Elevation": 1, "Entrances": null, "Apartments": null, "District": "Сарыарка", "DistrictId": "70030076297673516", "CreateDate": "2017-09-19", "UpdateDate": "2025-01-27", "HouseId": "70030076145736488", "City": "Астана", "CityId": "9570771978420226", "Okato": null, "Oktmo": null, "Street": null, "StreetId1": null, "Number": null, "Street2": null, "StreetId2": null, "Number2": null, "Street3": null, "StreetId3": null, "Number3": null, "Street4": null, "StreetId4": null, "Number4": null, "FIAS": null, "FIAS2": null, "FIAS3": null, "FIAS4": null, "GAR": null, "GAR2": null, "GAR3": null, "GAR4": null }, "geometry": { "type": "MultiPolygon", "coordinates": [ [ [ [ 71.409180938153639, 51.19404742184134 ], [ 71.409200521426826, 51.19407140395289 ], [ 71.409238699826403, 51.194059075122453 ], [ 71.409219116553203, 51.194035093004487 ], [ 71.409180938153639, 51.19404742184134 ] ] ] ] } },
{ "type": "Feature", "properties": { "Name": null, "Type": "Известный по назначению", "Caption": null, "Purpose": "Сооружение", "PostIndex": null, "Elevation": 1, "Entrances": null, "Apartments": null, "District": "Сарыарка", "DistrictId": "70030076297673516", "CreateDate": "2017-09-19", "UpdateDate": "2025-01-27", "HouseId": "70030076145736855", "City": "Астана", "CityId": "9570771978420226", "Okato": null, "Oktmo": null, "Street": null, "StreetId1": null, "Number": null, "Street2": null, "StreetId2": null, "Number2": null, "Street3": null, "StreetId3": null, "Number3": null, "Street4": null, "StreetId4": null, "Number4": null, "FIAS": null, "FIAS2": null, "FIAS3": null, "FIAS4": null, "GAR": null, "GAR2": null, "GAR3": null, "GAR4": null }, "geometry": { "type": "MultiPolygon", "coordinates": [ [ [ [ 71.408607453676254, 51.193478434139038 ], [ 71.408587870403053, 51.19345445171885 ], [ 71.408549692003476, 51.193466724414307 ], [ 71.408569275276676, 51.193490706828108 ], [ 71.408607453676254, 51.193478434139038 ] ] ] ] } },
{ "type": "Feature", "properties": { "Name": null, "Type": "Известный по назначению", "Caption": null, "Purpose": "Сооружение", "PostIndex": null, "Elevation": 1, "Entrances": null, "Apartments": null, "District": "Сарайшык", "DistrictId": "70030076987083136", "CreateDate": "2017-06-14", "UpdateDate": "2025-07-17", "HouseId": "70030076139169745", "City": "Астана", "CityId": "9570771978420226", "Okato": null, "Oktmo": null, "Street": null, "StreetId1": null, "Number": null, "Street2": null, "StreetId2": null, "Number2": null, "Street3": null, "StreetId3": null, "Number3": null, "Street4": null, "StreetId4": null, "Number4": null, "FIAS": null, "FIAS2": null, "FIAS3": null, "FIAS4": null, "GAR": null, "GAR2": null, "GAR3": null, "GAR4": null }, "geometry": { "type": "MultiPolygon", "coordinates": [ [ [ [ 71.457814829320583, 51.121011188975721 ], [ 71.457808720776654, 51.120967603164495 ], [ 71.457153848934539, 51.121004084434915 ], [ 71.457159957478453, 51.121047670211695 ], [ 71.457814829320583, 51.121011188975721 ] ] ] ] } },
{ "type": "Feature", "properties": { "Name": null, "Type": "Известный по назначению", "Caption": null, "Purpose": "Сооружение", "PostIndex": null, "Elevation": 1, "Entrances": null, "Apartments": null, "District": "Сарайшык", "DistrictId": "70030076987083136", "CreateDate": "2017-06-14", "UpdateDate": "2018-03-28", "HouseId": "70030076139189114", "City": "Астана", "CityId": "9570771978420226", "Okato": null, "Oktmo": null, "Street": null, "StreetId1": null, "Number": null, "Street2": null, "StreetId2": null, "Number2": null, "Street3": null, "StreetId3": null, "Number3": null, "Street4": null, "StreetId4": null, "Number4": null, "FIAS": null, "FIAS2": null, "FIAS3": null, "FIAS4": null, "GAR": null, "GAR2": null, "GAR3": null, "GAR4": null }, "geometry": { "type": "MultiPolygon", "coordinates": [ [ [ [ 71.467841914353443, 51.122933378207435 ], [ 71.467821612428011, 51.122880998469185 ], [ 71.467710580658917, 51.122898082502275 ], [ 71.467730882584334, 51.122950462221176 ], [ 71.467841914353443, 51.122933378207435 ] ] ] ] } },
{ "type": "Feature", "properties": { "Name": null, "Type": "Известный по назначению", "Caption": null, "Purpose": "Проходная, КПП", "PostIndex": null, "Elevation": 1, "Entrances": null, "Apartments": null, "District": "Сарайшык", "DistrictId": "70030076987083136", "CreateDate": "2017-06-14", "UpdateDate": "2025-07-16", "HouseId": "70030076139190320", "City": "Астана", "CityId": "9570771978420226", "Okato": null, "Oktmo": null, "Street": null, "StreetId1": null, "Number": null, "Street2": null, "StreetId2": null, "Number2": null, "Street3": null, "StreetId3": null, "Number3": null, "Street4": null, "StreetId4": null, "Number4": null, "FIAS": null, "FIAS2": null, "FIAS3": null, "FIAS4": null, "GAR": null, "GAR2": null, "GAR3": null, "GAR4": null }, "geometry": { "type": "MultiPolygon", "coordinates": [ [ [ [ 71.464564770365442, 51.125589443599829 ], [ 71.464604386069496, 51.125579126122346 ], [ 71.464587946899783, 51.125554149924149 ], [ 71.464548331195758, 51.125564523786885 ], [ 71.464564770365442, 51.125589443599829 ] ] ] ] } },
{ "type": "Feature", "properties": { "Name": null, "Type": "Известный по назначению", "Caption": null, "Purpose": "Проходная, КПП", "PostIndex": null, "Elevation": 1, "Entrances": null, "Apartments": null, "District": "Алматы", "DistrictId": "9570759093518343", "CreateDate": "2017-06-08", "UpdateDate": "2018-03-28", "HouseId": "70030076138975431", "City": "Астана", "CityId": "9570771978420226", "Okato": null, "Oktmo": null, "Street": null, "StreetId1": null, "Number": null, "Street2": null, "StreetId2": null, "Number2": null, "Street3": null, "StreetId3": null, "Number3": null, "Street4": null, "StreetId4": null, "Number4": null, "FIAS": null, "FIAS2": null, "FIAS3": null, "FIAS4": null, "GAR": null, "GAR2": null, "GAR3": null, "GAR4": null }, "geometry": { "type": "MultiPolygon", "coordinates": [ [ [ [ 71.47040642482655, 51.128746539835063 ], [ 71.470396273863855, 51.128721170718805 ], [ 71.470354681866183, 51.128727766690389 ], [ 71.470364832828906, 51.128753192178792 ], [ 71.47040642482655, 51.128746539835063 ] ] ] ] } },
{ "type": "Feature", "properties": { "Name": null, "Type": "Известный по назначению", "Caption": null, "Purpose": "Проходная, КПП", "PostIndex": null, "Elevation": 1, "Entrances": null, "Apartments": null, "District": "Алматы", "DistrictId": "9570759093518343", "CreateDate": "2017-06-08", "UpdateDate": "2025-10-13", "HouseId": "70030076138976462", "City": "Астана", "CityId": "9570771978420226", "Okato": null, "Oktmo": null, "Street": null, "StreetId1": null, "Number": null, "Street2": null, "StreetId2": null, "Number2": null, "Street3": null, "StreetId3": null, "Number3": null, "Street4": null, "StreetId4": null, "Number4": null, "FIAS": null, "FIAS2": null, "FIAS3": null, "FIAS4": null, "GAR": null, "GAR2": null, "GAR3": null, "GAR4": null }, "geometry": { "type": "MultiPolygon", "coordinates": [ [ [ [ 71.468159109480268, 51.130612428317463 ], [ 71.468198186195124, 51.130623477526221 ], [ 71.468215703343162, 51.130598955044043 ], [ 71.46817662662832, 51.130587905829444 ], [ 71.468159109480268, 51.130612428317463 ] ] ] ] } },
{ "type": "Feature", "properties": { "Name": null, "Type": "Известный по назначению", "Caption": null, "Purpose": "Проходная, КПП", "PostIndex": null, "Elevation": 1, "Entrances": null, "Apartments": null, "District": "Сарайшык", "DistrictId": "70030076987083136", "CreateDate": "2017-06-09", "UpdateDate": "2025-10-06", "HouseId": "70030076139043520", "City": "Астана", "CityId": "9570771978420226", "Okato": null, "Oktmo": null, "Street": null, "StreetId1": null, "Number": null, "Street2": null, "StreetId2": null, "Number2": null, "Street3": null, "StreetId3": null, "Number3": null, "Street4": null, "StreetId4": null, "Number4": null, "FIAS": null, "FIAS2": null, "FIAS3": null, "FIAS4": null, "GAR": null, "GAR2": null, "GAR3": null, "GAR4": null }, "geometry": { "type": "MultiPolygon", "coordinates": [ [ [ [ 71.469665494380209, 51.126975403792827 ], [ 71.469707176209397, 51.12696908946085 ], [ 71.469697115078205, 51.126942873698269 ], [ 71.469655433249031, 51.126949188033834 ], [ 71.469665494380209, 51.126975403792827 ] ] ] ] } },
{ "type": "Feature", "properties": { "Name": null, "Type": "Известный по назначению", "Caption": null, "Purpose": "Проходная, КПП", "PostIndex": null, "Elevation": 1, "Entrances": null, "Apartments": null, "District": "Сарайшык", "DistrictId": "70030076987083136", "CreateDate": "2017-06-09", "UpdateDate": "2025-04-05", "HouseId": "70030076139043606", "City": "Астана", "CityId": "9570771978420226", "Okato": null, "Oktmo": null, "Street": null, "StreetId1": null, "Number": null, "Street2": null, "StreetId2": null, "Number2": null, "Street3": null, "StreetId3": null, "Number3": null, "Street4": null, "StreetId4": null, "Number4": null, "FIAS": null, "FIAS2": null, "FIAS3": null, "FIAS4": null, "GAR": null, "GAR2": null, "GAR3": null, "GAR4": null }, "geometry": { "type": "MultiPolygon", "coordinates": [ [ [ [ 71.467990944859096, 51.127248948846372 ], [ 71.468031548709916, 51.127257461867174 ], [ 71.468044394618488, 51.127233275863553 ], [ 71.468003790767639, 51.127224762838296 ], [ 71.467990944859096, 51.127248948846372 ] ] ] ] } },
{ "type": "Feature", "properties": { "Name": null, "Type": "Известный по назначению", "Caption": null, "Purpose": "Проходная, КПП", "PostIndex": null, "Elevation": 1, "Entrances": null, "Apartments": null, "District": "Сарайшык", "DistrictId": "70030076987083136", "CreateDate": "2017-06-09", "UpdateDate": "2025-04-05", "HouseId": "70030076139044941", "City": "Астана", "CityId": "9570771978420226", "Okato": null, "Oktmo": null, "Street": null, "StreetId1": null, "Number": null, "Street2": null, "StreetId2": null, "Number2": null, "Street3": null, "StreetId3": null, "Number3": null, "Street4": null, "StreetId4": null, "Number4": null, "FIAS": null, "FIAS2": null, "FIAS3": null, "FIAS4": null, "GAR": null, "GAR2": null, "GAR3": null, "GAR4": null }, "geometry": { "type": "MultiPolygon", "coordinates": [ [ [ [ 71.468862041190093, 51.125921405798358 ], [ 71.468873270131155, 51.125947453003072 ], [ 71.468914592634221, 51.125940405600645 ], [ 71.468903363693158, 51.125914302012703 ], [ 71.468862041190093, 51.125921405798358 ] ] ] ] } },
{ "type": "Feature", "properties": { "Name": null, "Type": "Известный по назначению", "Caption": null, "Purpose": "Проходная, КПП", "PostIndex": null, "Elevation": 1, "Entrances": null, "Apartments": null, "District": "Сарайшык", "DistrictId": "70030076987083136", "CreateDate": "2017-06-09", "UpdateDate": "2025-04-05", "HouseId": "70030076139046331", "City": "Астана", "CityId": "9570771978420226", "Okato": null, "Oktmo": null, "Street": null, "StreetId1": null, "Number": null, "Street2": null, "StreetId2": null, "Number2": null, "Street3": null, "StreetId3": null, "Number3": null, "Street4": null, "StreetId4": null, "Number4": null, "FIAS": null, "FIAS2": null, "FIAS3": null, "FIAS4": null, "GAR": null, "GAR2": null, "GAR3": null, "GAR4": null }, "geometry": { "type": "MultiPolygon", "coordinates": [ [ [ [ 71.468860514054114, 51.125568188466104 ], [ 71.46890012975814, 51.125557870983876 ], [ 71.468883780419972, 51.1255329511539 ], [ 71.468844164715946, 51.125543325021418 ], [ 71.468860514054114, 51.125568188466104 ] ] ] ] } },
{ "type": "Feature", "properties": { "Name": null, "Type": "Известный по назначению", "Caption": null, "Purpose": "Проходная, КПП", "PostIndex": null, "Elevation": 1, "Entrances": null, "Apartments": null, "District": "Сарайшык", "DistrictId": "70030076987083136", "CreateDate": "2017-06-13", "UpdateDate": "2025-04-05", "HouseId": "70030076139075569", "City": "Астана", "CityId": "9570771978420226", "Okato": null, "Oktmo": null, "Street": null, "StreetId1": null, "Number": null, "Street2": null, "StreetId2": null, "Number2": null, "Street3": null, "StreetId3": null, "Number3": null, "Street4": null, "StreetId4": null, "Number4": null, "FIAS": null, "FIAS2": null, "FIAS3": null, "FIAS4": null, "GAR": null, "GAR2": null, "GAR3": null, "GAR4": null }, "geometry": { "type": "MultiPolygon", "coordinates": [ [ [ [ 71.46383345189264, 51.126404855310255 ], [ 71.463873067596666, 51.126394594393581 ], [ 71.463856718258512, 51.126369675015042 ], [ 71.463817102554486, 51.126379935937237 ], [ 71.46383345189264, 51.126404855310255 ] ] ] ] } },
{ "type": "Feature", "properties": { "Name": null, "Type": "Известный по назначению", "Caption": null, "Purpose": "Проходная, КПП", "PostIndex": null, "Elevation": 1, "Entrances": null, "Apartments": null, "District": "Сарайшык", "DistrictId": "70030076987083136", "CreateDate": "2017-06-13", "UpdateDate": "2025-04-04", "HouseId": "70030076139075724", "City": "Астана", "CityId": "9570771978420226", "Okato": null, "Oktmo": null, "Street": null, "StreetId1": null, "Number": null, "Street2": null, "StreetId2": null, "Number2": null, "Street3": null, "StreetId3": null, "Number3": null, "Street4": null, "StreetId4": null, "Number4": null, "FIAS": null, "FIAS2": null, "FIAS3": null, "FIAS4": null, "GAR": null, "GAR2": null, "GAR3": null, "GAR4": null }, "geometry": { "type": "MultiPolygon", "coordinates": [ [ [ [ 71.4624664855248, 51.126696613937561 ], [ 71.462506011397309, 51.126686240329086 ], [ 71.46248948239608, 51.126661321107868 ], [ 71.462449956523571, 51.126671751100289 ], [ 71.4624664855248, 51.126696613937561 ] ] ] ] } },
{ "type": "Feature", "properties": { "Name": null, "Type": "Известный по назначению", "Caption": null, "Purpose": "Проходная, КПП", "PostIndex": null, "Elevation": 1, "Entrances": null, "Apartments": null, "District": "Сарайшык", "DistrictId": "70030076987083136", "CreateDate": "2017-06-13", "UpdateDate": "2025-04-04", "HouseId": "70030076139075836", "City": "Астана", "CityId": "9570771978420226", "Okato": null, "Oktmo": null, "Street": null, "StreetId1": null, "Number": null, "Street2": null, "StreetId2": null, "Number2": null, "Street3": null, "StreetId3": null, "Number3": null, "Street4": null, "StreetId4": null, "Number4": null, "FIAS": null, "FIAS2": null, "FIAS3": null, "FIAS4": null, "GAR": null, "GAR2": null, "GAR3": null, "GAR4": null }, "geometry": { "type": "MultiPolygon", "coordinates": [ [ [ [ 71.460616495028688, 51.127256954468628 ], [ 71.460653056460757, 51.127247426650428 ], [ 71.460636617291058, 51.127222507732014 ], [ 71.46060005585899, 51.127232035555338 ], [ 71.460616495028688, 51.127256954468628 ] ] ] ] } },
{ "type": "Feature", "properties": { "Name": null, "Type": "Известный по назначению", "Caption": null, "Purpose": "Проходная, КПП", "PostIndex": null, "Elevation": 1, "Entrances": null, "Apartments": null, "District": "Сарайшык", "DistrictId": "70030076987083136", "CreateDate": "2017-06-13", "UpdateDate": "2025-04-04", "HouseId": "70030076139082539", "City": "Астана", "CityId": "9570771978420226", "Okato": null, "Oktmo": null, "Street": null, "StreetId1": null, "Number": null, "Street2": null, "StreetId2": null, "Number2": null, "Street3": null, "StreetId3": null, "Number3": null, "Street4": null, "StreetId4": null, "Number4": null, "FIAS": null, "FIAS2": null, "FIAS3": null, "FIAS4": null, "GAR": null, "GAR2": null, "GAR3": null, "GAR4": null }, "geometry": { "type": "MultiPolygon", "coordinates": [ [ [ [ 71.461631860794327, 51.128589871225586 ], [ 71.461673632455046, 51.128584064498284 ], [ 71.461664379807615, 51.128557680524281 ], [ 71.461622608146911, 51.128563543630925 ], [ 71.461631860794327, 51.128589871225586 ] ] ] ] } },
{ "type": "Feature", "properties": { "Name": null, "Type": "Известный по назначению", "Caption": null, "Purpose": "Проходная, КПП", "PostIndex": null, "Elevation": 1, "Entrances": null, "Apartments": null, "District": "Сарайшык", "DistrictId": "70030076987083136", "CreateDate": "2017-06-13", "UpdateDate": "2025-04-04", "HouseId": "70030076139083144", "City": "Астана", "CityId": "9570771978420226", "Okato": null, "Oktmo": null, "Street": null, "StreetId1": null, "Number": null, "Street2": null, "StreetId2": null, "Number2": null, "Street3": null, "StreetId3": null, "Number3": null, "Street4": null, "StreetId4": null, "Number4": null, "FIAS": null, "FIAS2": null, "FIAS3": null, "FIAS4": null, "GAR": null, "GAR2": null, "GAR3": null, "GAR4": null }, "geometry": { "type": "MultiPolygon", "coordinates": [ [ [ [ 71.462219987810855, 51.128490649377241 ], [ 71.462261669640029, 51.128484504380751 ], [ 71.462251878003428, 51.128458233102172 ], [ 71.462210196174254, 51.128464378102159 ], [ 71.462219987810855, 51.128490649377241 ] ] ] ] } },
{ "type": "Feature", "properties": { "Name": null, "Type": "Известный по назначению", "Caption": null, "Purpose": "Проходная, КПП", "PostIndex": null, "Elevation": 1, "Entrances": null, "Apartments": null, "District": "Алматы", "DistrictId": "9570759093518343", "CreateDate": "2017-06-13", "UpdateDate": "2025-04-03", "HouseId": "70030076139095048", "City": "Астана", "CityId": "9570771978420226", "Okato": null, "Oktmo": null, "Street": null, "StreetId1": null, "Number": null, "Street2": null, "StreetId2": null, "Number2": null, "Street3": null, "StreetId3": null, "Number3": null, "Street4": null, "StreetId4": null, "Number4": null, "FIAS": null, "FIAS2": null, "FIAS3": null, "FIAS4": null, "GAR": null, "GAR2": null, "GAR3": null, "GAR4": null }, "geometry": { "type": "MultiPolygon", "coordinates": [ [ [ [ 71.467174915255001, 51.135447388443339 ], [ 71.467136108034708, 51.13543594581536 ], [ 71.46711796206597, 51.135460409361372 ], [ 71.467156769286248, 51.135471795615686 ], [ 71.467174915255001, 51.135447388443339 ] ] ] ] } },
{ "type": "Feature", "properties": { "Name": null, "Type": "Известный по назначению", "Caption": null, "Purpose": "Сооружение", "PostIndex": null, "Elevation": 1, "Entrances": null, "Apartments": null, "District": "Алматы", "DistrictId": "9570759093518343", "CreateDate": "2017-06-13", "UpdateDate": "2025-02-11", "HouseId": "70030076139095819", "City": "Астана", "CityId": "9570771978420226", "Okato": null, "Oktmo": null, "Street": null, "StreetId1": null, "Number": null, "Street2": null, "StreetId2": null, "Number2": null, "Street3": null, "StreetId3": null, "Number3": null, "Street4": null, "StreetId4": null, "Number4": null, "FIAS": null, "FIAS2": null, "FIAS3": null, "FIAS4": null, "GAR": null, "GAR2": null, "GAR3": null, "GAR4": null }, "geometry": { "type": "MultiPolygon", "coordinates": [ [ [ [ 71.46439840237484, 51.134472105607998 ], [ 71.46439831254331, 51.134427179645279 ], [ 71.464326896478227, 51.134427236014147 ], [ 71.464326986309743, 51.134472161976809 ], [ 71.46439840237484, 51.134472105607998 ] ] ] ] } },
{ "type": "Feature", "properties": { "Name": null, "Type": "Известный по назначению", "Caption": null, "Purpose": "Проходная, КПП", "PostIndex": null, "Elevation": 1, "Entrances": null, "Apartments": null, "District": "Есиль", "DistrictId": "9570759093518340", "CreateDate": "2017-05-25", "UpdateDate": "2017-05-25", "HouseId": "70030076137943135", "City": "Астана", "CityId": "9570771978420226", "Okato": null, "Oktmo": null, "Street": null, "StreetId1": null, "Number": null, "Street2": null, "StreetId2": null, "Number2": null, "Street3": null, "StreetId3": null, "Number3": null, "Street4": null, "StreetId4": null, "Number4": null, "FIAS": null, "FIAS2": null, "FIAS3": null, "FIAS4": null, "GAR": null, "GAR2": null, "GAR3": null, "GAR4": null }, "geometry": { "type": "MultiPolygon", "coordinates": [ [ [ [ 71.441307926648776, 51.1288974576008 ], [ 71.44134385926013, 51.128882743563153 ], [ 71.44132041323121, 51.128860193304796 ], [ 71.441284480619842, 51.128874907349626 ], [ 71.441307926648776, 51.1288974576008 ] ] ] ] } },
{ "type": "Feature", "properties": { "Name": null, "Type": "Известный по назначению", "Caption": null, "Purpose": "Проходная, КПП", "PostIndex": null, "Elevation": 1, "Entrances": null, "Apartments": null, "District": "Есиль", "DistrictId": "9570759093518340", "CreateDate": "2017-05-25", "UpdateDate": "2018-06-14", "HouseId": "70030076137945812", "City": "Астана", "CityId": "9570771978420226", "Okato": null, "Oktmo": null, "Street": null, "StreetId1": null, "Number": null, "Street2": null, "StreetId2": null, "Number2": null, "Street3": null, "StreetId3": null, "Number3": null, "Street4": null, "StreetId4": null, "Number4": null, "FIAS": null, "FIAS2": null, "FIAS3": null, "FIAS4": null, "GAR": null, "GAR2": null, "GAR3": null, "GAR4": null }, "geometry": { "type": "MultiPolygon", "coordinates": [ [ [ [ 71.448852697057035, 51.124172093780821 ], [ 71.448882970282114, 51.124191094302681 ], [ 71.448913243507192, 51.124172093780821 ], [ 71.448882970282114, 51.124153036869743 ], [ 71.448852697057035, 51.124172093780821 ] ] ] ] } },
{ "type": "Feature", "properties": { "Name": null, "Type": "Известный по назначению", "Caption": null, "Purpose": "Проходная, КПП", "PostIndex": null, "Elevation": 1, "Entrances": null, "Apartments": null, "District": "Есиль", "DistrictId": "9570759093518340", "CreateDate": "2017-05-25", "UpdateDate": "2018-06-14", "HouseId": "70030076137945847", "City": "Астана", "CityId": "9570771978420226", "Okato": null, "Oktmo": null, "Street": null, "StreetId1": null, "Number": null, "Street2": null, "StreetId2": null, "Number2": null, "Street3": null, "StreetId3": null, "Number3": null, "Street4": null, "StreetId4": null, "Number4": null, "FIAS": null, "FIAS2": null, "FIAS3": null, "FIAS4": null, "GAR": null, "GAR2": null, "GAR3": null, "GAR4": null }, "geometry": { "type": "MultiPolygon", "coordinates": [ [ [ [ 71.449920793929849, 51.126499007571105 ], [ 71.449933190680767, 51.126473186191717 ], [ 71.44989222750381, 51.126465349569351 ], [ 71.449879830752892, 51.126491170953123 ], [ 71.449920793929849, 51.126499007571105 ] ] ] ] } },
{ "type": "Feature", "properties": { "Name": null, "Type": "Известный по назначению", "Caption": null, "Purpose": "Проходная, КПП", "PostIndex": null, "Elevation": 1, "Entrances": null, "Apartments": null, "District": "Есиль", "DistrictId": "9570759093518340", "CreateDate": "2017-05-25", "UpdateDate": "2017-05-25", "HouseId": "70030076137952966", "City": "Астана", "CityId": "9570771978420226", "Okato": null, "Oktmo": null, "Street": null, "StreetId1": null, "Number": null, "Street2": null, "StreetId2": null, "Number2": null, "Street3": null, "StreetId3": null, "Number3": null, "Street4": null, "StreetId4": null, "Number4": null, "FIAS": null, "FIAS2": null, "FIAS3": null, "FIAS4": null, "GAR": null, "GAR2": null, "GAR3": null, "GAR4": null }, "geometry": { "type": "MultiPolygon", "coordinates": [ [ [ [ 71.441024059018986, 51.124973491793973 ], [ 71.441034299813225, 51.124999708674359 ], [ 71.441075891810883, 51.124993281311518 ], [ 71.441065651016643, 51.124967064427487 ], [ 71.441024059018986, 51.124973491793973 ] ] ] ] } },
{ "type": "Feature", "properties": { "Name": null, "Type": "Известный по назначению", "Caption": null, "Purpose": "Проходная, КПП", "PostIndex": null, "Elevation": 1, "Entrances": null, "Apartments": null, "District": "Есиль", "DistrictId": "9570759093518340", "CreateDate": "2017-05-25", "UpdateDate": "2025-04-03", "HouseId": "70030076137955750", "City": "Астана", "CityId": "9570771978420226", "Okato": null, "Oktmo": null, "Street": "проспект Мангилик Ел", "StreetId1": "9570887942538656", "Number": "8/3", "Street2": null, "StreetId2": null, "Number2": null, "Street3": null, "StreetId3": null, "Number3": null, "Street4": null, "StreetId4": null, "Number4": null, "FIAS": null, "FIAS2": null, "FIAS3": null, "FIAS4": null, "GAR": null, "GAR2": null, "GAR3": null, "GAR4": null }, "geometry": { "type": "MultiPolygon", "coordinates": [ [ [ [ 71.439106335550449, 51.128101934457767 ], [ 71.439147927548106, 51.12809545115001 ], [ 71.439137866416914, 51.128070025299479 ], [ 71.439096274419271, 51.12807650861081 ], [ 71.439106335550449, 51.128101934457767 ] ] ] ] } },
{ "type": "Feature", "properties": { "Name": null, "Type": "Известный по назначению", "Caption": null, "Purpose": "Проходная, КПП", "PostIndex": null, "Elevation": 1, "Entrances": null, "Apartments": null, "District": "Есиль", "DistrictId": "9570759093518340", "CreateDate": "2017-05-25", "UpdateDate": "2023-10-03", "HouseId": "70030076137955987", "City": "Астана", "CityId": "9570771978420226", "Okato": null, "Oktmo": null, "Street": "проспект Мангилик Ел", "StreetId1": "9570887942538656", "Number": "8/6", "Street2": null, "StreetId2": null, "Number2": null, "Street3": null, "StreetId3": null, "Number3": null, "Street4": null, "StreetId4": null, "Number4": null, "FIAS": null, "FIAS2": null, "FIAS3": null, "FIAS4": null, "GAR": null, "GAR2": null, "GAR3": null, "GAR4": null }, "geometry": { "type": "MultiPolygon", "coordinates": [ [ [ [ 71.439063935069044, 51.127458334876351 ], [ 71.439074445357861, 51.127484437591669 ], [ 71.439114689882601, 51.127478066951937 ], [ 71.439104179593755, 51.127451964233003 ], [ 71.439063935069044, 51.127458334876351 ] ] ] ] } },
{ "type": "Feature", "properties": { "Name": null, "Type": "Известный по назначению", "Caption": null, "Purpose": "Проходная, КПП", "PostIndex": null, "Elevation": 1, "Entrances": null, "Apartments": null, "District": "Есиль", "DistrictId": "9570759093518340", "CreateDate": "2017-05-25", "UpdateDate": "2025-04-03", "HouseId": "70030076137956472", "City": "Астана", "CityId": "9570771978420226", "Okato": null, "Oktmo": null, "Street": "проспект Мангилик Ел", "StreetId1": "9570887942538656", "Number": "8/7", "Street2": null, "StreetId2": null, "Number2": null, "Street3": null, "StreetId3": null, "Number3": null, "Street4": null, "StreetId4": null, "Number4": null, "FIAS": null, "FIAS2": null, "FIAS3": null, "FIAS4": null, "GAR": null, "GAR2": null, "GAR3": null, "GAR4": null }, "geometry": { "type": "MultiPolygon", "coordinates": [ [ [ [ 71.438506799929826, 51.126564350254874 ], [ 71.438496648967117, 51.126538134262574 ], [ 71.43845505696946, 51.126544505031958 ], [ 71.438465207932168, 51.126570721020649 ], [ 71.438506799929826, 51.126564350254874 ] ] ] ] } },
{ "type": "Feature", "properties": { "Name": null, "Type": "Известный по назначению", "Caption": null, "Purpose": "Проходная, КПП", "PostIndex": null, "Elevation": 1, "Entrances": null, "Apartments": null, "District": "Есиль", "DistrictId": "9570759093518340", "CreateDate": "2017-05-25", "UpdateDate": "2025-04-03", "HouseId": "70030076137966892", "City": "Астана", "CityId": "9570771978420226", "Okato": null, "Oktmo": null, "Street": "проспект Мангилик Ел", "StreetId1": "9570887942538656", "Number": "8/8", "Street2": null, "StreetId2": null, "Number2": null, "Street3": null, "StreetId3": null, "Number3": null, "Street4": null, "StreetId4": null, "Number4": null, "FIAS": null, "FIAS2": null, "FIAS3": null, "FIAS4": null, "GAR": null, "GAR2": null, "GAR3": null, "GAR4": null }, "geometry": { "type": "MultiPolygon", "coordinates": [ [ [ [ 71.43834968458664, 51.12614957204692 ], [ 71.43833935396087, 51.126123468577191 ], [ 71.438297761963213, 51.126129952161769 ], [ 71.438308092588969, 51.126156112006797 ], [ 71.43834968458664, 51.12614957204692 ] ] ] ] } },
{ "type": "Feature", "properties": { "Name": null, "Type": "Известный по назначению", "Caption": null, "Purpose": "Проходная, КПП", "PostIndex": null, "Elevation": 1, "Entrances": null, "Apartments": null, "District": "Есиль", "DistrictId": "9570759093518340", "CreateDate": "2017-05-25", "UpdateDate": "2023-10-03", "HouseId": "70030076137971793", "City": "Астана", "CityId": "9570771978420226", "Okato": null, "Oktmo": null, "Street": "проспект Мангилик Ел", "StreetId1": "9570887942538656", "Number": "8/9", "Street2": null, "StreetId2": null, "Number2": null, "Street3": null, "StreetId3": null, "Number3": null, "Street4": null, "StreetId4": null, "Number4": null, "FIAS": null, "FIAS2": null, "FIAS3": null, "FIAS4": null, "GAR": null, "GAR2": null, "GAR3": null, "GAR4": null }, "geometry": { "type": "MultiPolygon", "coordinates": [ [ [ [ 71.438301624718932, 51.124704049057819 ], [ 71.438297582300152, 51.124730886278833 ], [ 71.438340072613116, 51.124733423410262 ], [ 71.438344115031867, 51.124706586190712 ], [ 71.438301624718932, 51.124704049057819 ] ] ] ] } },
{ "type": "Feature", "properties": { "Name": null, "Type": "Известный по назначению", "Caption": null, "Purpose": "Проходная, КПП", "PostIndex": null, "Elevation": 1, "Entrances": null, "Apartments": null, "District": "Есиль", "DistrictId": "9570759093518340", "CreateDate": "2017-05-25", "UpdateDate": "2023-10-03", "HouseId": "70030076137971837", "City": "Астана", "CityId": "9570771978420226", "Okato": null, "Oktmo": null, "Street": "проспект Мангилик Ел", "StreetId1": "9570887942538656", "Number": "8/10", "Street2": null, "StreetId2": null, "Number2": null, "Street3": null, "StreetId3": null, "Number3": null, "Street4": null, "StreetId4": null, "Number4": null, "FIAS": null, "FIAS2": null, "FIAS3": null, "FIAS4": null, "GAR": null, "GAR2": null, "GAR3": null, "GAR4": null }, "geometry": { "type": "MultiPolygon", "coordinates": [ [ [ [ 71.438367740723848, 51.124520134741303 ], [ 71.438371872974145, 51.124493353778838 ], [ 71.438329202998162, 51.124490703872233 ], [ 71.438325070747837, 51.124517541217195 ], [ 71.438367740723848, 51.124520134741303 ] ] ] ] } },
{ "type": "Feature", "properties": { "Name": null, "Type": "Известный по назначению", "Caption": null, "Purpose": "Сооружение", "PostIndex": null, "Elevation": 1, "Entrances": null, "Apartments": null, "District": "Сарыарка", "DistrictId": "70030076297673516", "CreateDate": "2017-03-16", "UpdateDate": "2026-03-16", "HouseId": "70030076132035730", "City": "Астана", "CityId": "9570771978420226", "Okato": null, "Oktmo": null, "Street": "Карасай батыра", "StreetId1": "9570887942537724", "Number": "1/1а", "Street2": null, "StreetId2": null, "Number2": null, "Street3": null, "StreetId3": null, "Number3": null, "Street4": null, "StreetId4": null, "Number4": null, "FIAS": null, "FIAS2": null, "FIAS3": null, "FIAS4": null, "GAR": null, "GAR2": null, "GAR3": null, "GAR4": null }, "geometry": { "type": "MultiPolygon", "coordinates": [ [ [ [ 71.405619118052087, 51.195077290291913 ], [ 71.405439904152914, 51.195133416166243 ], [ 71.405471794345502, 51.195173554287187 ], [ 71.405612560350519, 51.195129362945913 ], [ 71.405651008244689, 51.195117372167019 ], [ 71.405619118052087, 51.195077290291913 ] ] ] ] } },
{ "type": "Feature", "properties": { "Name": null, "Type": "Известный по назначению", "Caption": null, "Purpose": "Пост охраны", "PostIndex": null, "Elevation": 1, "Entrances": null, "Apartments": null, "District": "Сарыарка", "DistrictId": "70030076297673516", "CreateDate": "2017-03-10", "UpdateDate": "2025-01-27", "HouseId": "70030076131821246", "City": "Астана", "CityId": "9570771978420226", "Okato": null, "Oktmo": null, "Street": null, "StreetId1": null, "Number": null, "Street2": null, "StreetId2": null, "Number2": null, "Street3": null, "StreetId3": null, "Number3": null, "Street4": null, "StreetId4": null, "Number4": null, "FIAS": null, "FIAS2": null, "FIAS3": null, "FIAS4": null, "GAR": null, "GAR2": null, "GAR3": null, "GAR4": null }, "geometry": { "type": "MultiPolygon", "coordinates": [ [ [ [ 71.407189912157904, 51.195836475614058 ], [ 71.407209315768043, 51.195860513088277 ], [ 71.407247583999151, 51.195848241030404 ], [ 71.407228180389012, 51.195824259843675 ], [ 71.407189912157904, 51.195836475614058 ] ] ] ] } },
{ "type": "Feature", "properties": { "Name": null, "Type": "Известный по назначению", "Caption": null, "Purpose": "Хозяйственный корпус", "PostIndex": null, "Elevation": 1, "Entrances": null, "Apartments": null, "District": "Сарыарка", "DistrictId": "70030076297673516", "CreateDate": "2017-03-10", "UpdateDate": "2025-01-27", "HouseId": "70030076131822053", "City": "Астана", "CityId": "9570771978420226", "Okato": null, "Oktmo": null, "Street": null, "StreetId1": null, "Number": null, "Street2": null, "StreetId2": null, "Number2": null, "Street3": null, "StreetId3": null, "Number3": null, "Street4": null, "StreetId4": null, "Number4": null, "FIAS": null, "FIAS2": null, "FIAS3": null, "FIAS4": null, "GAR": null, "GAR2": null, "GAR3": null, "GAR4": null }, "geometry": { "type": "MultiPolygon", "coordinates": [ [ [ [ 71.406331931230042, 51.196172886524941 ], [ 71.406241201386365, 51.196199513321105 ], [ 71.406298603733006, 51.196271906604586 ], [ 71.406388165766828, 51.196243928809452 ], [ 71.406331931230042, 51.196172886524941 ] ] ] ] } },
{ "type": "Feature", "properties": { "Name": null, "Type": "Известный по назначению", "Caption": null, "Purpose": "Проходная, КПП", "PostIndex": null, "Elevation": 1, "Entrances": null, "Apartments": null, "District": "Сарыарка", "DistrictId": "70030076297673516", "CreateDate": "2017-03-10", "UpdateDate": "2025-01-27", "HouseId": "70030076131823287", "City": "Астана", "CityId": "9570771978420226", "Okato": null, "Oktmo": null, "Street": null, "StreetId1": null, "Number": null, "Street2": null, "StreetId2": null, "Number2": null, "Street3": null, "StreetId3": null, "Number3": null, "Street4": null, "StreetId4": null, "Number4": null, "FIAS": null, "FIAS2": null, "FIAS3": null, "FIAS4": null, "GAR": null, "GAR2": null, "GAR3": null, "GAR4": null }, "geometry": { "type": "MultiPolygon", "coordinates": [ [ [ [ 71.405825191578259, 51.196446865952232 ], [ 71.405887714322049, 51.196423335422267 ], [ 71.405843696873134, 51.196377006137958 ], [ 71.405780994466284, 51.196400649277948 ], [ 71.405825191578259, 51.196446865952232 ] ] ] ] } },
{ "type": "Feature", "properties": { "Name": null, "Type": "Известный по назначению", "Caption": null, "Purpose": "Гараж", "PostIndex": null, "Elevation": 1, "Entrances": null, "Apartments": null, "District": "Сарыарка", "DistrictId": "70030076297673516", "CreateDate": "2016-08-23", "UpdateDate": "2025-01-27", "HouseId": "9570784906928654", "City": "Астана", "CityId": "9570771978420226", "Okato": null, "Oktmo": null, "Street": null, "StreetId1": null, "Number": null, "Street2": null, "StreetId2": null, "Number2": null, "Street3": null, "StreetId3": null, "Number3": null, "Street4": null, "StreetId4": null, "Number4": null, "FIAS": null, "FIAS2": null, "FIAS3": null, "FIAS4": null, "GAR": null, "GAR2": null, "GAR3": null, "GAR4": null }, "geometry": { "type": "MultiPolygon", "coordinates": [ [ [ [ 71.406693413300374, 51.194287186099466 ], [ 71.406747671543528, 51.194360539414049 ], [ 71.406643916128218, 51.194390939065073 ], [ 71.406668080809368, 51.194423477928574 ], [ 71.406875591640002, 51.194362791240756 ], [ 71.406797168715684, 51.194256786379995 ], [ 71.406693413300374, 51.194287186099466 ] ] ] ] } },
{ "type": "Feature", "properties": { "Name": null, "Type": "Известный по назначению", "Caption": null, "Purpose": "Проходная, КПП", "PostIndex": null, "Elevation": 1, "Entrances": null, "Apartments": null, "District": "Есиль", "DistrictId": "9570759093518340", "CreateDate": "2015-03-12", "UpdateDate": "2025-01-14", "HouseId": "9570784863379923", "City": "Астана", "CityId": "9570771978420226", "Okato": null, "Oktmo": null, "Street": "проспект Мангилик Ел", "StreetId1": "9570887942538656", "Number": "8/1а", "Street2": null, "StreetId2": null, "Number2": null, "Street3": null, "StreetId3": null, "Number3": null, "Street4": null, "StreetId4": null, "Number4": null, "FIAS": null, "FIAS2": null, "FIAS3": null, "FIAS4": null, "GAR": null, "GAR2": null, "GAR3": null, "GAR4": null }, "geometry": { "type": "MultiPolygon", "coordinates": [ [ [ [ 71.440456952580121, 51.129406921216145 ], [ 71.440516421051939, 51.129382059837859 ], [ 71.44047698501096, 51.129344570432586 ], [ 71.440417426707612, 51.129369488206088 ], [ 71.440456952580121, 51.129406921216145 ] ] ] ] } },
{ "type": "Feature", "properties": { "Name": null, "Type": "Известный по назначению", "Caption": null, "Purpose": "Проходная, КПП", "PostIndex": null, "Elevation": 1, "Entrances": null, "Apartments": null, "District": "Есиль", "DistrictId": "9570759093518340", "CreateDate": "2015-03-12", "UpdateDate": "2023-10-03", "HouseId": "9570784863379924", "City": "Астана", "CityId": "9570771978420226", "Okato": null, "Oktmo": null, "Street": "проспект Мангилик Ел", "StreetId1": "9570887942538656", "Number": "8/1", "Street2": null, "StreetId2": null, "Number2": null, "Street3": null, "StreetId3": null, "Number3": null, "Street4": null, "StreetId4": null, "Number4": null, "FIAS": null, "FIAS2": null, "FIAS3": null, "FIAS4": null, "GAR": null, "GAR2": null, "GAR3": null, "GAR4": null }, "geometry": { "type": "MultiPolygon", "coordinates": [ [ [ [ 71.440211443012956, 51.129078704844744 ], [ 71.440172006972006, 51.129041158817778 ], [ 71.440112448668671, 51.12906596400417 ], [ 71.440151794878105, 51.129103510010978 ], [ 71.440211443012956, 51.129078704844744 ] ] ] ] } },
{ "type": "Feature", "properties": { "Name": null, "Type": "Известный по назначению", "Caption": null, "Purpose": "Хозяйственный корпус", "PostIndex": null, "Elevation": 1, "Entrances": null, "Apartments": null, "District": "Сарайшык", "DistrictId": "70030076987083136", "CreateDate": "2014-12-10", "UpdateDate": "2018-03-28", "HouseId": "9570784863375163", "City": "Астана", "CityId": "9570771978420226", "Okato": null, "Oktmo": null, "Street": null, "StreetId1": null, "Number": null, "Street2": null, "StreetId2": null, "Number2": null, "Street3": null, "StreetId3": null, "Number3": null, "Street4": null, "StreetId4": null, "Number4": null, "FIAS": null, "FIAS2": null, "FIAS3": null, "FIAS4": null, "GAR": null, "GAR2": null, "GAR3": null, "GAR4": null }, "geometry": { "type": "MultiPolygon", "coordinates": [ [ [ [ 71.455457919509627, 51.121186208429677 ], [ 71.455494391110165, 51.121196865198485 ], [ 71.455534186477237, 51.121193425712519 ], [ 71.455564908859984, 51.121176961284405 ], [ 71.455574700496584, 51.121159369149247 ], [ 71.45557362251823, 51.12113997268478 ], [ 71.455548559521802, 51.12108234709401 ], [ 71.455526999954984, 51.121060977115967 ], [ 71.455490618185976, 51.121050320315831 ], [ 71.455450732987373, 51.121053759812447 ], [ 71.455420010604641, 51.121070280669635 ], [ 71.455411207114864, 51.121088718615901 ], [ 71.455411296946394, 51.121107269325059 ], [ 71.455436359942809, 51.121164782114626 ], [ 71.455457919509627, 51.121186208429677 ] ] ] ] } },
{ "type": "Feature", "properties": { "Name": null, "Type": "Известный по назначению", "Caption": null, "Purpose": "Туалет", "PostIndex": null, "Elevation": 1, "Entrances": null, "Apartments": null, "District": "Сарайшык", "DistrictId": "70030076987083136", "CreateDate": "2014-12-10", "UpdateDate": "2026-05-04", "HouseId": "9570784863375166", "City": "Астана", "CityId": "9570771978420226", "Okato": null, "Oktmo": null, "Street": "Ахмет Байтурсынулы", "StreetId1": "9570887942540595", "Number": "16/1а", "Street2": null, "StreetId2": null, "Number2": null, "Street3": null, "StreetId3": null, "Number3": null, "Street4": null, "StreetId4": null, "Number4": null, "FIAS": null, "FIAS2": null, "FIAS3": null, "FIAS4": null, "GAR": null, "GAR2": null, "GAR3": null, "GAR4": null }, "geometry": { "type": "MultiPolygon", "coordinates": [ [ [ [ 71.457527188766605, 51.127520237188058 ], [ 71.457563570535612, 51.127530836118368 ], [ 71.457603455734215, 51.127527453481299 ], [ 71.457634178116948, 51.127510934933404 ], [ 71.457643430764364, 51.127493965360991 ], [ 71.457642891775194, 51.127474007782787 ], [ 71.457617828778766, 51.127416390093394 ], [ 71.457596269211948, 51.127395023045494 ], [ 71.45755979761141, 51.127384311329095 ], [ 71.457520002244323, 51.127387806731555 ], [ 71.457489279861605, 51.127404268946052 ], [ 71.457480835697936, 51.127422591609388 ], [ 71.457480476371842, 51.127441252529835 ], [ 71.457505539368242, 51.127498813810881 ], [ 71.457527188766605, 51.127520237188058 ] ] ] ] } },
{ "type": "Feature", "properties": { "Name": null, "Type": "Известный по назначению", "Caption": null, "Purpose": "Хозяйственный корпус", "PostIndex": null, "Elevation": 1, "Entrances": null, "Apartments": null, "District": "Сарайшык", "DistrictId": "70030076987083136", "CreateDate": "2014-12-10", "UpdateDate": "2018-03-28", "HouseId": "9570784863370021", "City": "Астана", "CityId": "9570771978420226", "Okato": null, "Oktmo": null, "Street": null, "StreetId1": null, "Number": null, "Street2": null, "StreetId2": null, "Number2": null, "Street3": null, "StreetId3": null, "Number3": null, "Street4": null, "StreetId4": null, "Number4": null, "FIAS": null, "FIAS2": null, "FIAS3": null, "FIAS4": null, "GAR": null, "GAR2": null, "GAR3": null, "GAR4": null }, "geometry": { "type": "MultiPolygon", "coordinates": [ [ [ [ 71.463304523853353, 51.125770591066754 ], [ 71.463462807006422, 51.125729039407432 ], [ 71.463396960496084, 51.125629529515059 ], [ 71.463238587511498, 51.125670968504792 ], [ 71.463304523853353, 51.125770591066754 ] ] ] ] } },
{ "type": "Feature", "properties": { "Name": null, "Type": "Известный по назначению", "Caption": null, "Purpose": "Хозяйственный корпус", "PostIndex": null, "Elevation": 1, "Entrances": null, "Apartments": null, "District": "Сарайшык", "DistrictId": "70030076987083136", "CreateDate": "2014-12-10", "UpdateDate": "2024-09-16", "HouseId": "9570784863370024", "City": "Астана", "CityId": "9570771978420226", "Okato": null, "Oktmo": null, "Street": null, "StreetId1": null, "Number": null, "Street2": null, "StreetId2": null, "Number2": null, "Street3": null, "StreetId3": null, "Number3": null, "Street4": null, "StreetId4": null, "Number4": null, "FIAS": null, "FIAS2": null, "FIAS3": null, "FIAS4": null, "GAR": null, "GAR2": null, "GAR3": null, "GAR4": null }, "geometry": { "type": "MultiPolygon", "coordinates": [ [ [ [ 71.463819617837274, 51.125635618511808 ], [ 71.463977900990344, 51.125594235870018 ], [ 71.463912144311536, 51.125494612927696 ], [ 71.46375386115848, 51.125535995658737 ], [ 71.463819617837274, 51.125635618511808 ] ] ] ] } },
{ "type": "Feature", "properties": { "Name": null, "Type": "Известный по назначению", "Caption": null, "Purpose": "Хозяйственный корпус", "PostIndex": null, "Elevation": 1, "Entrances": null, "Apartments": null, "District": "Сарайшык", "DistrictId": "70030076987083136", "CreateDate": "2014-12-10", "UpdateDate": "2017-06-09", "HouseId": "9570784863369441", "City": "Астана", "CityId": "9570771978420226", "Okato": null, "Oktmo": null, "Street": null, "StreetId1": null, "Number": null, "Street2": null, "StreetId2": null, "Number2": null, "Street3": null, "StreetId3": null, "Number3": null, "Street4": null, "StreetId4": null, "Number4": null, "FIAS": null, "FIAS2": null, "FIAS3": null, "FIAS4": null, "GAR": null, "GAR2": null, "GAR3": null, "GAR4": null }, "geometry": { "type": "MultiPolygon", "coordinates": [ [ [ [ 71.463730954118731, 51.12571804540719 ], [ 71.463676067054877, 51.125635111095441 ], [ 71.463570604840513, 51.125662849848503 ], [ 71.463625491904367, 51.125745727730987 ], [ 71.463730954118731, 51.12571804540719 ] ] ] ] } },
{ "type": "Feature", "properties": { "Name": null, "Type": "Известный по назначению", "Caption": null, "Purpose": "Сооружение", "PostIndex": null, "Elevation": 1, "Entrances": null, "Apartments": null, "District": "Есиль", "DistrictId": "9570759093518340", "CreateDate": "2014-12-10", "UpdateDate": "2025-07-23", "HouseId": "9570784863371534", "City": "Астана", "CityId": "9570771978420226", "Okato": null, "Oktmo": null, "Street": null, "StreetId1": null, "Number": null, "Street2": null, "StreetId2": null, "Number2": null, "Street3": null, "StreetId3": null, "Number3": null, "Street4": null, "StreetId4": null, "Number4": null, "FIAS": null, "FIAS2": null, "FIAS3": null, "FIAS4": null, "GAR": null, "GAR2": null, "GAR3": null, "GAR4": null }, "geometry": { "type": "MultiPolygon", "coordinates": [ [ [ [ 71.44094707339913, 51.121638132207018 ], [ 71.441112453242937, 51.122069696962548 ], [ 71.441251242954337, 51.122048722129065 ], [ 71.441086042773591, 51.121617157177589 ], [ 71.44094707339913, 51.121638132207018 ] ] ] ] } },
{ "type": "Feature", "properties": { "Name": null, "Type": "Известный по назначению", "Caption": null, "Purpose": "Проходная, КПП", "PostIndex": null, "Elevation": 1, "Entrances": null, "Apartments": null, "District": "Есиль", "DistrictId": "9570759093518340", "CreateDate": "2014-12-10", "UpdateDate": "2023-10-03", "HouseId": "9570784863371528", "City": "Астана", "CityId": "9570771978420226", "Okato": null, "Oktmo": null, "Street": "проспект Мангилик Ел", "StreetId1": "9570887942538656", "Number": "10/2", "Street2": null, "StreetId2": null, "Number2": null, "Street3": null, "StreetId3": null, "Number3": null, "Street4": null, "StreetId4": null, "Number4": null, "FIAS": null, "FIAS2": null, "FIAS3": null, "FIAS4": null, "GAR": null, "GAR2": null, "GAR3": null, "GAR4": null }, "geometry": { "type": "MultiPolygon", "coordinates": [ [ [ [ 71.440443388019332, 51.121716168254473 ], [ 71.440432967562046, 51.121690062279285 ], [ 71.440391465395919, 51.121696546486163 ], [ 71.440401885853205, 51.121722708842064 ], [ 71.440443388019332, 51.121716168254473 ] ] ] ] } },
{ "type": "Feature", "properties": { "Name": null, "Type": "Известный по назначению", "Caption": null, "Purpose": "Сооружение", "PostIndex": null, "Elevation": 1, "Entrances": null, "Apartments": null, "District": "Есиль", "DistrictId": "9570759093518340", "CreateDate": "2014-12-10", "UpdateDate": "2025-04-09", "HouseId": "9570784863371510", "City": "Астана", "CityId": "9570771978420226", "Okato": null, "Oktmo": null, "Street": null, "StreetId1": null, "Number": null, "Street2": null, "StreetId2": null, "Number2": null, "Street3": null, "StreetId3": null, "Number3": null, "Street4": null, "StreetId4": null, "Number4": null, "FIAS": null, "FIAS2": null, "FIAS3": null, "FIAS4": null, "GAR": null, "GAR2": null, "GAR3": null, "GAR4": null }, "geometry": { "type": "MultiPolygon", "coordinates": [ [ [ [ 71.443022810526145, 51.121307774386999 ], [ 71.442988764376892, 51.121220546898094 ], [ 71.442849974665478, 51.121241860417371 ], [ 71.442884020814759, 51.121329200635728 ], [ 71.443022810526145, 51.121307774386999 ] ] ] ] } },
{ "type": "Feature", "properties": { "Name": null, "Type": "Известный по назначению", "Caption": null, "Purpose": "Сооружение", "PostIndex": null, "Elevation": 2, "Entrances": null, "Apartments": null, "District": "Сарайшык", "DistrictId": "70030076987083136", "CreateDate": "2014-12-10", "UpdateDate": "2018-03-28", "HouseId": "9570784863371519", "City": "Астана", "CityId": "9570771978420226", "Okato": null, "Oktmo": null, "Street": null, "StreetId1": null, "Number": null, "Street2": null, "StreetId2": null, "Number2": null, "Street3": null, "StreetId3": null, "Number3": null, "Street4": null, "StreetId4": null, "Number4": null, "FIAS": null, "FIAS2": null, "FIAS3": null, "FIAS4": null, "GAR": null, "GAR2": null, "GAR3": null, "GAR4": null }, "geometry": { "type": "MultiPolygon", "coordinates": [ [ [ [ 71.448920070703338, 51.12040182966637 ], [ 71.448884497418092, 51.120314769625168 ], [ 71.448746156864331, 51.120337211283598 ], [ 71.448781819981122, 51.120424271282502 ], [ 71.448920070703338, 51.12040182966637 ] ] ] ] } },
{ "type": "Feature", "properties": { "Name": null, "Type": "Известный по назначению", "Caption": null, "Purpose": "Хозяйственный корпус", "PostIndex": null, "Elevation": 1, "Entrances": null, "Apartments": null, "District": "Алматы", "DistrictId": "9570759093518343", "CreateDate": "2014-12-08", "UpdateDate": "2025-02-11", "HouseId": "9570784863359316", "City": "Астана", "CityId": "9570771978420226", "Okato": null, "Oktmo": null, "Street": null, "StreetId1": null, "Number": null, "Street2": null, "StreetId2": null, "Number2": null, "Street3": null, "StreetId3": null, "Number3": null, "Street4": null, "StreetId4": null, "Number4": null, "FIAS": null, "FIAS2": null, "FIAS3": null, "FIAS4": null, "GAR": null, "GAR2": null, "GAR3": null, "GAR4": null }, "geometry": { "type": "MultiPolygon", "coordinates": [ [ [ [ 71.460161767831877, 51.130484516621756 ], [ 71.460245490816348, 51.130693775236253 ], [ 71.460411768975447, 51.130667448840931 ], [ 71.460328045990948, 51.130458190107156 ], [ 71.460161767831877, 51.130484516621756 ] ] ] ] } },
{ "type": "Feature", "properties": { "Name": null, "Type": "Известный по назначению", "Caption": null, "Purpose": "Сооружение", "PostIndex": null, "Elevation": 1, "Entrances": null, "Apartments": null, "District": "Сарайшык", "DistrictId": "70030076987083136", "CreateDate": "2014-12-08", "UpdateDate": "2024-04-25", "HouseId": "9570784863359059", "City": "Астана", "CityId": "9570771978420226", "Okato": null, "Oktmo": null, "Street": null, "StreetId1": null, "Number": null, "Street2": null, "StreetId2": null, "Number2": null, "Street3": null, "StreetId3": null, "Number3": null, "Street4": null, "StreetId4": null, "Number4": null, "FIAS": null, "FIAS2": null, "FIAS3": null, "FIAS4": null, "GAR": null, "GAR2": null, "GAR3": null, "GAR4": null }, "geometry": { "type": "MultiPolygon", "coordinates": [ [ [ [ 71.452479106027496, 51.119325183144156 ], [ 71.452451617579783, 51.119255375616525 ], [ 71.452285249589181, 51.119281257418152 ], [ 71.45231264820535, 51.119351064906681 ], [ 71.452479106027496, 51.119325183144156 ] ] ] ] } },
{ "type": "Feature", "properties": { "Name": null, "Type": "Известный по назначению", "Caption": null, "Purpose": "Хозяйственный корпус", "PostIndex": null, "Elevation": 1, "Entrances": null, "Apartments": null, "District": "Сарыарка", "DistrictId": "70030076297673516", "CreateDate": "2015-03-10", "UpdateDate": "2025-01-27", "HouseId": "9570784863379429", "City": "Астана", "CityId": "9570771978420226", "Okato": null, "Oktmo": null, "Street": null, "StreetId1": null, "Number": null, "Street2": null, "StreetId2": null, "Number2": null, "Street3": null, "StreetId3": null, "Number3": null, "Street4": null, "StreetId4": null, "Number4": null, "FIAS": null, "FIAS2": null, "FIAS3": null, "FIAS4": null, "GAR": null, "GAR2": null, "GAR3": null, "GAR4": null }, "geometry": { "type": "MultiPolygon", "coordinates": [ [ [ [ 71.40655489308358, 51.196086982633638 ], [ 71.406322229424973, 51.196160670843746 ], [ 71.406388165766828, 51.196243928809452 ], [ 71.406619931110129, 51.196171535482016 ], [ 71.40655489308358, 51.196086982633638 ] ] ] ] } },
{ "type": "Feature", "properties": { "Name": null, "Type": "Известный по назначению", "Caption": null, "Purpose": "Хозяйственный корпус", "PostIndex": null, "Elevation": 1, "Entrances": null, "Apartments": null, "District": "Сарайшык", "DistrictId": "70030076987083136", "CreateDate": "2014-12-11", "UpdateDate": "2023-05-16", "HouseId": "9570784863377424", "City": "Астана", "CityId": "9570771978420226", "Okato": null, "Oktmo": null, "Street": null, "StreetId1": null, "Number": null, "Street2": null, "StreetId2": null, "Number2": null, "Street3": null, "StreetId3": null, "Number3": null, "Street4": null, "StreetId4": null, "Number4": null, "FIAS": null, "FIAS2": null, "FIAS3": null, "FIAS4": null, "GAR": null, "GAR2": null, "GAR3": null, "GAR4": null }, "geometry": { "type": "MultiPolygon", "coordinates": [ [ [ [ 71.457001314999275, 51.127197588800122 ], [ 71.45698254020985, 51.127231528156514 ], [ 71.457036439126895, 51.127243367461013 ], [ 71.457055213916334, 51.127209428113332 ], [ 71.457001314999275, 51.127197588800122 ] ] ] ] } },
{ "type": "Feature", "properties": { "Name": null, "Type": "Известный по назначению", "Caption": null, "Purpose": "Сооружение", "PostIndex": null, "Elevation": 1, "Entrances": null, "Apartments": null, "District": "Сарайшык", "DistrictId": "70030076987083136", "CreateDate": "2014-12-11", "UpdateDate": "2015-03-10", "HouseId": "9570784863377457", "City": "Астана", "CityId": "9570771978420226", "Okato": null, "Oktmo": null, "Street": null, "StreetId1": null, "Number": null, "Street2": null, "StreetId2": null, "Number2": null, "Street3": null, "StreetId3": null, "Number3": null, "Street4": null, "StreetId4": null, "Number4": null, "FIAS": null, "FIAS2": null, "FIAS3": null, "FIAS4": null, "GAR": null, "GAR2": null, "GAR3": null, "GAR4": null }, "geometry": { "type": "MultiPolygon", "coordinates": [ [ [ [ 71.467247678793001, 51.121989575302656 ], [ 71.467164315134639, 51.122002374479322 ], [ 71.467184706891601, 51.122054698829892 ], [ 71.467267890886887, 51.122041956051703 ], [ 71.467247678793001, 51.121989575302656 ] ] ] ] } },
{ "type": "Feature", "properties": { "Name": null, "Type": "Известный по назначению", "Caption": null, "Purpose": "Сооружение", "PostIndex": null, "Elevation": 1, "Entrances": null, "Apartments": null, "District": "Есиль", "DistrictId": "9570759093518340", "CreateDate": "2014-12-11", "UpdateDate": "2024-09-16", "HouseId": "9570784863377247", "City": "Астана", "CityId": "9570771978420226", "Okato": null, "Oktmo": null, "Street": null, "StreetId1": null, "Number": null, "Street2": null, "StreetId2": null, "Number2": null, "Street3": null, "StreetId3": null, "Number3": null, "Street4": null, "StreetId4": null, "Number4": null, "FIAS": null, "FIAS2": null, "FIAS3": null, "FIAS4": null, "GAR": null, "GAR2": null, "GAR3": null, "GAR4": null }, "geometry": { "type": "MultiPolygon", "coordinates": [ [ [ [ 71.440564211425041, 51.124677606486571 ], [ 71.440702731641849, 51.124655843506126 ], [ 71.440661319307267, 51.124551200638322 ], [ 71.440522709258929, 51.124572907287174 ], [ 71.440564211425041, 51.124677606486571 ] ] ] ] } },
{ "type": "Feature", "properties": { "Name": null, "Type": "Известный по назначению", "Caption": null, "Purpose": "Гараж", "PostIndex": null, "Elevation": 1, "Entrances": null, "Apartments": null, "District": "Сарыарка", "DistrictId": "70030076297673516", "CreateDate": "2014-12-16", "UpdateDate": "2025-01-27", "HouseId": "9570784863378322", "City": "Астана", "CityId": "9570771978420226", "Okato": null, "Oktmo": null, "Street": null, "StreetId1": null, "Number": null, "Street2": null, "StreetId2": null, "Number2": null, "Street3": null, "StreetId3": null, "Number3": null, "Street4": null, "StreetId4": null, "Number4": null, "FIAS": null, "FIAS2": null, "FIAS3": null, "FIAS4": null, "GAR": null, "GAR2": null, "GAR3": null, "GAR4": null }, "geometry": { "type": "MultiPolygon", "coordinates": [ [ [ [ 71.403956785618831, 51.197296377586838 ], [ 71.403996041996763, 51.197343325158933 ], [ 71.404249366906868, 51.197259618842928 ], [ 71.404209481708264, 51.197211883094958 ], [ 71.403956785618831, 51.197296377586838 ] ] ] ] } },
{ "type": "Feature", "properties": { "Name": null, "Type": "Известный по назначению", "Caption": null, "Purpose": "Сооружение", "PostIndex": null, "Elevation": 1, "Entrances": null, "Apartments": null, "District": "Сарайшык", "DistrictId": "70030076987083136", "CreateDate": "2014-12-08", "UpdateDate": "2026-04-21", "HouseId": "9570784863354168", "City": "Астана", "CityId": "9570771978420226", "Okato": null, "Oktmo": null, "Street": "проспект Тауелсиздик", "StreetId1": "9570887942537473", "Number": "57/1", "Street2": null, "StreetId2": null, "Number2": null, "Street3": null, "StreetId3": null, "Number3": null, "Street4": null, "StreetId4": null, "Number4": null, "FIAS": null, "FIAS2": null, "FIAS3": null, "FIAS4": null, "GAR": null, "GAR2": null, "GAR3": null, "GAR4": null }, "geometry": { "type": "MultiPolygon", "coordinates": [ [ [ [ 71.455342935153269, 51.121435034881756 ], [ 71.455295504106275, 51.121303601905815 ], [ 71.455156265237235, 51.121323505765325 ], [ 71.455203606452699, 51.121454995069342 ], [ 71.455342935153269, 51.121435034881756 ] ] ] ] } },
{ "type": "Feature", "properties": { "Name": null, "Type": "Известный по назначению", "Caption": null, "Purpose": "Хозяйственный корпус", "PostIndex": null, "Elevation": 1, "Entrances": null, "Apartments": null, "District": "Алматы", "DistrictId": "9570759093518343", "CreateDate": "2014-12-08", "UpdateDate": "2018-07-26", "HouseId": "9570784863355819", "City": "Астана", "CityId": "9570771978420226", "Okato": null, "Oktmo": null, "Street": null, "StreetId1": null, "Number": null, "Street2": null, "StreetId2": null, "Number2": null, "Street3": null, "StreetId3": null, "Number3": null, "Street4": null, "StreetId4": null, "Number4": null, "FIAS": null, "FIAS2": null, "FIAS3": null, "FIAS4": null, "GAR": null, "GAR2": null, "GAR3": null, "GAR4": null }, "geometry": { "type": "MultiPolygon", "coordinates": [ [ [ [ 71.467715431561444, 51.130252932976482 ], [ 71.467611047325448, 51.130223449386207 ], [ 71.467575923197828, 51.130272663858108 ], [ 71.467680307433838, 51.130302091043056 ], [ 71.467715431561444, 51.130252932976482 ] ] ] ] } },
{ "type": "Feature", "properties": { "Name": null, "Type": "Известный по назначению", "Caption": null, "Purpose": "Хозяйственный корпус", "PostIndex": null, "Elevation": 1, "Entrances": null, "Apartments": null, "District": "Алматы", "DistrictId": "9570759093518343", "CreateDate": "2014-12-08", "UpdateDate": "2024-09-16", "HouseId": "9570784863355864", "City": "Астана", "CityId": "9570771978420226", "Okato": null, "Oktmo": null, "Street": null, "StreetId1": null, "Number": null, "Street2": null, "StreetId2": null, "Number2": null, "Street3": null, "StreetId3": null, "Number3": null, "Street4": null, "StreetId4": null, "Number4": null, "FIAS": null, "FIAS2": null, "FIAS3": null, "FIAS4": null, "GAR": null, "GAR2": null, "GAR3": null, "GAR4": null }, "geometry": { "type": "MultiPolygon", "coordinates": [ [ [ [ 71.468332214835527, 51.12983768052333 ], [ 71.468175728313028, 51.129793539294994 ], [ 71.468047179395882, 51.129973993782102 ], [ 71.468203576086836, 51.130018134837961 ], [ 71.468332214835527, 51.12983768052333 ] ] ] ] } },
{ "type": "Feature", "properties": { "Name": null, "Type": "Известный по назначению", "Caption": null, "Purpose": "Пост охраны", "PostIndex": null, "Elevation": 1, "Entrances": null, "Apartments": null, "District": "Алматы", "DistrictId": "9570759093518343", "CreateDate": "2014-12-08", "UpdateDate": "2018-07-26", "HouseId": "9570784863355662", "City": "Астана", "CityId": "9570771978420226", "Okato": null, "Oktmo": null, "Street": "проспект Ракымжан Кошкарбаев", "StreetId1": "9570887942538806", "Number": "3/1", "Street2": null, "StreetId2": null, "Number2": null, "Street3": null, "StreetId3": null, "Number3": null, "Street4": null, "StreetId4": null, "Number4": null, "FIAS": null, "FIAS2": null, "FIAS3": null, "FIAS4": null, "GAR": null, "GAR2": null, "GAR3": null, "GAR4": null }, "geometry": { "type": "MultiPolygon", "coordinates": [ [ [ [ 71.470171695042808, 51.128658706257646 ], [ 71.470060932768291, 51.128676351912716 ], [ 71.470102973923574, 51.128780985435043 ], [ 71.470213826029635, 51.128763227068376 ], [ 71.470171695042808, 51.128658706257646 ] ] ] ] } },
{ "type": "Feature", "properties": { "Name": null, "Type": "Известный по назначению", "Caption": null, "Purpose": "Пост охраны", "PostIndex": null, "Elevation": 1, "Entrances": null, "Apartments": null, "District": "Алматы", "DistrictId": "9570759093518343", "CreateDate": "2014-12-08", "UpdateDate": "2025-10-13", "HouseId": "9570784863355676", "City": "Астана", "CityId": "9570771978420226", "Okato": null, "Oktmo": null, "Street": "проспект Ракымжан Кошкарбаев", "StreetId1": "9570887942538806", "Number": "3/2", "Street2": null, "StreetId2": null, "Number2": null, "Street3": null, "StreetId3": null, "Number3": null, "Street4": null, "StreetId4": null, "Number4": null, "FIAS": null, "FIAS2": null, "FIAS3": null, "FIAS4": null, "GAR": null, "GAR2": null, "GAR3": null, "GAR4": null }, "geometry": { "type": "MultiPolygon", "coordinates": [ [ [ [ 71.468617429938234, 51.128638749182734 ], [ 71.468576107435155, 51.128534058962117 ], [ 71.468243281622406, 51.128586150410122 ], [ 71.468284783788519, 51.128690896888529 ], [ 71.468617429938234, 51.128638749182734 ] ] ] ] } },
{ "type": "Feature", "properties": { "Name": null, "Type": "Известный по назначению", "Caption": null, "Purpose": "Сооружение", "PostIndex": null, "Elevation": 1, "Entrances": null, "Apartments": null, "District": "Алматы", "DistrictId": "9570759093518343", "CreateDate": "2014-12-08", "UpdateDate": "2018-07-26", "HouseId": "9570784863355679", "City": "Астана", "CityId": "9570771978420226", "Okato": null, "Oktmo": null, "Street": null, "StreetId1": null, "Number": null, "Street2": null, "StreetId2": null, "Number2": null, "Street3": null, "StreetId3": null, "Number3": null, "Street4": null, "StreetId4": null, "Number4": null, "FIAS": null, "FIAS2": null, "FIAS3": null, "FIAS4": null, "GAR": null, "GAR2": null, "GAR3": null, "GAR4": null }, "geometry": { "type": "MultiPolygon", "coordinates": [ [ [ [ 71.466966865435182, 51.129650404166007 ], [ 71.466932370128291, 51.129563136055573 ], [ 71.466793670248407, 51.12958489672387 ], [ 71.466828255386858, 51.129672108418511 ], [ 71.466966865435182, 51.129650404166007 ] ] ] ] } },
{ "type": "Feature", "properties": { "Name": null, "Type": "Известный по назначению", "Caption": null, "Purpose": "Хозяйственный корпус", "PostIndex": null, "Elevation": 1, "Entrances": null, "Apartments": null, "District": "Алматы", "DistrictId": "9570759093518343", "CreateDate": "2014-12-08", "UpdateDate": "2025-04-02", "HouseId": "9570784863355713", "City": "Астана", "CityId": "9570771978420226", "Okato": null, "Oktmo": null, "Street": null, "StreetId1": null, "Number": null, "Street2": null, "StreetId2": null, "Number2": null, "Street3": null, "StreetId3": null, "Number3": null, "Street4": null, "StreetId4": null, "Number4": null, "FIAS": null, "FIAS2": null, "FIAS3": null, "FIAS4": null, "GAR": null, "GAR2": null, "GAR3": null, "GAR4": null }, "geometry": { "type": "MultiPolygon", "coordinates": [ [ [ [ 71.465360587875665, 51.129760672937934 ], [ 71.465336602857562, 51.129695165652208 ], [ 71.465177690883806, 51.129718222874388 ], [ 71.465202484385642, 51.129782828134893 ], [ 71.465360587875665, 51.129760672937934 ] ] ] ] } },
{ "type": "Feature", "properties": { "Name": null, "Type": "Известный по назначению", "Caption": null, "Purpose": "Хозяйственный корпус", "PostIndex": null, "Elevation": 1, "Entrances": null, "Apartments": null, "District": "Алматы", "DistrictId": "9570759093518343", "CreateDate": "2014-12-08", "UpdateDate": "2026-04-16", "HouseId": "9570784863355954", "City": "Астана", "CityId": "9570771978420226", "Okato": null, "Oktmo": null, "Street": null, "StreetId1": null, "Number": null, "Street2": null, "StreetId2": null, "Number2": null, "Street3": null, "StreetId3": null, "Number3": null, "Street4": null, "StreetId4": null, "Number4": null, "FIAS": null, "FIAS2": null, "FIAS3": null, "FIAS4": null, "GAR": null, "GAR2": null, "GAR3": null, "GAR4": null }, "geometry": { "type": "MultiPolygon", "coordinates": [ [ [ [ 71.463303176380435, 51.131118096030058 ], [ 71.463198971807472, 51.131088556619204 ], [ 71.463140401650961, 51.131170579173371 ], [ 71.463244785886971, 51.131200062158968 ], [ 71.463303176380435, 51.131118096030058 ] ] ] ] } },
{ "type": "Feature", "properties": { "Name": null, "Type": "Известный по назначению", "Caption": null, "Purpose": "Хозяйственный корпус", "PostIndex": null, "Elevation": 1, "Entrances": null, "Apartments": null, "District": "Алматы", "DistrictId": "9570759093518343", "CreateDate": "2014-12-08", "UpdateDate": "2018-07-26", "HouseId": "9570784863355920", "City": "Астана", "CityId": "9570771978420226", "Okato": null, "Oktmo": null, "Street": null, "StreetId1": null, "Number": null, "Street2": null, "StreetId2": null, "Number2": null, "Street3": null, "StreetId3": null, "Number3": null, "Street4": null, "StreetId4": null, "Number4": null, "FIAS": null, "FIAS2": null, "FIAS3": null, "FIAS4": null, "GAR": null, "GAR2": null, "GAR3": null, "GAR4": null }, "geometry": { "type": "MultiPolygon", "coordinates": [ [ [ [ 71.469508918026193, 51.129511947707371 ], [ 71.469487717785483, 51.129459744553714 ], [ 71.469404623621699, 51.129473049034758 ], [ 71.469425913693954, 51.12952530854821 ], [ 71.469508918026193, 51.129511947707371 ] ] ] ] } },
{ "type": "Feature", "properties": { "Name": null, "Type": "Известный по назначению", "Caption": null, "Purpose": "Хозяйственный корпус", "PostIndex": null, "Elevation": 1, "Entrances": null, "Apartments": null, "District": "Есиль", "DistrictId": "9570759093518340", "CreateDate": "2014-12-04", "UpdateDate": "2018-06-14", "HouseId": "9570784863337180", "City": "Астана", "CityId": "9570771978420226", "Okato": null, "Oktmo": null, "Street": null, "StreetId1": null, "Number": null, "Street2": null, "StreetId2": null, "Number2": null, "Street3": null, "StreetId3": null, "Number3": null, "Street4": null, "StreetId4": null, "Number4": null, "FIAS": null, "FIAS2": null, "FIAS3": null, "FIAS4": null, "GAR": null, "GAR2": null, "GAR3": null, "GAR4": null }, "geometry": { "type": "MultiPolygon", "coordinates": [ [ [ [ 71.446817563780868, 51.128898190483781 ], [ 71.446798699159899, 51.128845535630965 ], [ 71.446715155838476, 51.128857318146068 ], [ 71.446733840796384, 51.128909972985454 ], [ 71.446817563780868, 51.128898190483781 ] ] ] ] } },
{ "type": "Feature", "properties": { "Name": null, "Type": "Известный по назначению", "Caption": null, "Purpose": "Хозяйственный корпус", "PostIndex": null, "Elevation": 1, "Entrances": null, "Apartments": null, "District": "Есиль", "DistrictId": "9570759093518340", "CreateDate": "2014-12-04", "UpdateDate": "2016-10-04", "HouseId": "9570784863337208", "City": "Астана", "CityId": "9570771978420226", "Okato": null, "Oktmo": null, "Street": null, "StreetId1": null, "Number": null, "Street2": null, "StreetId2": null, "Number2": null, "Street3": null, "StreetId3": null, "Number3": null, "Street4": null, "StreetId4": null, "Number4": null, "FIAS": null, "FIAS2": null, "FIAS3": null, "FIAS4": null, "GAR": null, "GAR2": null, "GAR3": null, "GAR4": null }, "geometry": { "type": "MultiPolygon", "coordinates": [ [ [ [ 71.443193041272494, 51.132166732874325 ], [ 71.443172649515546, 51.132114250863133 ], [ 71.443033859804146, 51.132135559356072 ], [ 71.443054161729563, 51.132187984971445 ], [ 71.443193041272494, 51.132166732874325 ] ] ] ] } },
{ "type": "Feature", "properties": { "Name": null, "Type": "Известный по назначению", "Caption": null, "Purpose": "Сооружение", "PostIndex": null, "Elevation": 1, "Entrances": null, "Apartments": null, "District": "Есиль", "DistrictId": "9570759093518340", "CreateDate": "2014-12-04", "UpdateDate": "2024-09-16", "HouseId": "9570784863337206", "City": "Астана", "CityId": "9570771978420226", "Okato": null, "Oktmo": null, "Street": null, "StreetId1": null, "Number": null, "Street2": null, "StreetId2": null, "Number2": null, "Street3": null, "StreetId3": null, "Number3": null, "Street4": null, "StreetId4": null, "Number4": null, "FIAS": null, "FIAS2": null, "FIAS3": null, "FIAS4": null, "GAR": null, "GAR2": null, "GAR3": null, "GAR4": null }, "geometry": { "type": "MultiPolygon", "coordinates": [ [ [ [ 71.442995861067629, 51.131313991454142 ], [ 71.442928217926749, 51.131139348609771 ], [ 71.442761580441541, 51.131164829143401 ], [ 71.442829313413952, 51.131339528264014 ], [ 71.442995861067629, 51.131313991454142 ] ] ] ] } },
{ "type": "Feature", "properties": { "Name": null, "Type": "Известный по назначению", "Caption": null, "Purpose": "Проходная, КПП", "PostIndex": null, "Elevation": 1, "Entrances": null, "Apartments": null, "District": "Есиль", "DistrictId": "9570759093518340", "CreateDate": "2014-12-04", "UpdateDate": "2024-09-16", "HouseId": "9570784863337188", "City": "Астана", "CityId": "9570771978420226", "Okato": null, "Oktmo": null, "Street": null, "StreetId1": null, "Number": null, "Street2": null, "StreetId2": null, "Number2": null, "Street3": null, "StreetId3": null, "Number3": null, "Street4": null, "StreetId4": null, "Number4": null, "FIAS": null, "FIAS2": null, "FIAS3": null, "FIAS4": null, "GAR": null, "GAR2": null, "GAR3": null, "GAR4": null }, "geometry": { "type": "MultiPolygon", "coordinates": [ [ [ [ 71.444099800720295, 51.13049376190385 ], [ 71.444059286700963, 51.130388906766797 ], [ 71.443781617446646, 51.130431412587598 ], [ 71.443822221297495, 51.130536267628145 ], [ 71.444099800720295, 51.13049376190385 ] ] ] ] } },
{ "type": "Feature", "properties": { "Name": null, "Type": "Известный по назначению", "Caption": null, "Purpose": "Проходная, КПП", "PostIndex": null, "Elevation": 1, "Entrances": null, "Apartments": null, "District": "Есиль", "DistrictId": "9570759093518340", "CreateDate": "2014-12-04", "UpdateDate": "2024-10-23", "HouseId": "9570784863337024", "City": "Астана", "CityId": "9570771978420226", "Okato": null, "Oktmo": null, "Street": "проспект Мангилик Ел", "StreetId1": "9570887942538656", "Number": "8/5", "Street2": null, "StreetId2": null, "Number2": null, "Street3": null, "StreetId3": null, "Number3": null, "Street4": null, "StreetId4": null, "Number4": null, "FIAS": null, "FIAS2": null, "FIAS3": null, "FIAS4": null, "GAR": null, "GAR2": null, "GAR3": null, "GAR4": null }, "geometry": { "type": "MultiPolygon", "coordinates": [ [ [ [ 71.443290777975406, 51.124038920764335 ], [ 71.443152886579298, 51.123689974066529 ], [ 71.443041854810161, 51.123707339710201 ], [ 71.443179925869359, 51.124056286276819 ], [ 71.443290777975406, 51.124038920764335 ] ] ] ] } },
{ "type": "Feature", "properties": { "Name": null, "Type": "Известный по назначению", "Caption": null, "Purpose": "Хозяйственный корпус", "PostIndex": null, "Elevation": 1, "Entrances": null, "Apartments": null, "District": "Есиль", "DistrictId": "9570759093518340", "CreateDate": "2014-12-04", "UpdateDate": "2014-12-04", "HouseId": "9570784863337026", "City": "Астана", "CityId": "9570771978420226", "Okato": null, "Oktmo": null, "Street": null, "StreetId1": null, "Number": null, "Street2": null, "StreetId2": null, "Number2": null, "Street3": null, "StreetId3": null, "Number3": null, "Street4": null, "StreetId4": null, "Number4": null, "FIAS": null, "FIAS2": null, "FIAS3": null, "FIAS4": null, "GAR": null, "GAR2": null, "GAR3": null, "GAR4": null }, "geometry": { "type": "MultiPolygon", "coordinates": [ [ [ [ 71.444540783693256, 51.123008423778458 ], [ 71.444519403789499, 51.122956156891014 ], [ 71.444436399457246, 51.122969632394081 ], [ 71.444457779361002, 51.123021899266277 ], [ 71.444540783693256, 51.123008423778458 ] ] ] ] } },
{ "type": "Feature", "properties": { "Name": null, "Type": "Известный по назначению", "Caption": null, "Purpose": "Сооружение", "PostIndex": null, "Elevation": 1, "Entrances": null, "Apartments": null, "District": "Есиль", "DistrictId": "9570759093518340", "CreateDate": "2014-12-04", "UpdateDate": "2024-09-16", "HouseId": "9570784863337017", "City": "Астана", "CityId": "9570771978420226", "Okato": null, "Oktmo": null, "Street": null, "StreetId1": null, "Number": null, "Street2": null, "StreetId2": null, "Number2": null, "Street3": null, "StreetId3": null, "Number3": null, "Street4": null, "StreetId4": null, "Number4": null, "FIAS": null, "FIAS2": null, "FIAS3": null, "FIAS4": null, "GAR": null, "GAR2": null, "GAR3": null, "GAR4": null }, "geometry": { "type": "MultiPolygon", "coordinates": [ [ [ [ 71.43845918921977, 51.123468617919734 ], [ 71.438425412565095, 51.1233812253639 ], [ 71.43821718308223, 51.123413250526127 ], [ 71.438251049568436, 51.123500586639167 ], [ 71.43845918921977, 51.123468617919734 ] ] ] ] } },
{ "type": "Feature", "properties": { "Name": null, "Type": "Известный по назначению", "Caption": null, "Purpose": "Хозяйственный корпус", "PostIndex": null, "Elevation": 1, "Entrances": null, "Apartments": null, "District": "Есиль", "DistrictId": "9570759093518340", "CreateDate": "2014-12-04", "UpdateDate": "2024-09-16", "HouseId": "9570784863337042", "City": "Астана", "CityId": "9570771978420226", "Okato": null, "Oktmo": null, "Street": null, "StreetId1": null, "Number": null, "Street2": null, "StreetId2": null, "Number2": null, "Street3": null, "StreetId3": null, "Number3": null, "Street4": null, "StreetId4": null, "Number4": null, "FIAS": null, "FIAS2": null, "FIAS3": null, "FIAS4": null, "GAR": null, "GAR2": null, "GAR3": null, "GAR4": null }, "geometry": { "type": "MultiPolygon", "coordinates": [ [ [ [ 71.446282617029169, 51.128493355430464 ], [ 71.446491654995782, 51.128463927093001 ], [ 71.446460573286942, 51.128376262106862 ], [ 71.446251445488798, 51.128405577747763 ], [ 71.446282617029169, 51.128493355430464 ] ] ] ] } },
{ "type": "Feature", "properties": { "Name": null, "Type": "Известный по назначению", "Caption": null, "Purpose": "Проходная, КПП", "PostIndex": null, "Elevation": 1, "Entrances": null, "Apartments": null, "District": "Есиль", "DistrictId": "9570759093518340", "CreateDate": "2014-12-04", "UpdateDate": "2024-10-23", "HouseId": "9570784863337043", "City": "Астана", "CityId": "9570771978420226", "Okato": null, "Oktmo": null, "Street": "проспект Мангилик Ел", "StreetId1": "9570887942538656", "Number": "8/4", "Street2": null, "StreetId2": null, "Number2": null, "Street3": null, "StreetId3": null, "Number3": null, "Street4": null, "StreetId4": null, "Number4": null, "FIAS": null, "FIAS2": null, "FIAS3": null, "FIAS4": null, "GAR": null, "GAR2": null, "GAR3": null, "GAR4": null }, "geometry": { "type": "MultiPolygon", "coordinates": [ [ [ [ 71.445144182069598, 51.128657635115424 ], [ 71.445094684897455, 51.128518104535004 ], [ 71.445059740432882, 51.128419784551639 ], [ 71.445025784115145, 51.128324226798433 ], [ 71.444886455414576, 51.128343845751516 ], [ 71.444920860889965, 51.128440869244606 ], [ 71.445004763537511, 51.128677197550978 ], [ 71.445144182069598, 51.128657635115424 ] ] ] ] } },
{ "type": "Feature", "properties": { "Name": null, "Type": "Известный по назначению", "Caption": null, "Purpose": "Сооружение", "PostIndex": null, "Elevation": 1, "Entrances": null, "Apartments": null, "District": "Есиль", "DistrictId": "9570759093518340", "CreateDate": "2014-12-04", "UpdateDate": "2024-09-16", "HouseId": "9570784863337004", "City": "Астана", "CityId": "9570771978420226", "Okato": null, "Oktmo": null, "Street": null, "StreetId1": null, "Number": null, "Street2": null, "StreetId2": null, "Number2": null, "Street3": null, "StreetId3": null, "Number3": null, "Street4": null, "StreetId4": null, "Number4": null, "FIAS": null, "FIAS2": null, "FIAS3": null, "FIAS4": null, "GAR": null, "GAR2": null, "GAR3": null, "GAR4": null }, "geometry": { "type": "MultiPolygon", "coordinates": [ [ [ [ 71.439174966838152, 51.122171075190217 ], [ 71.439383196321003, 51.122139105550666 ], [ 71.439315463348578, 51.121964428011289 ], [ 71.439107323697257, 51.121996341387678 ], [ 71.439174966838152, 51.122171075190217 ] ] ] ] } },
{ "type": "Feature", "properties": { "Name": null, "Type": "Известный по назначению", "Caption": null, "Purpose": "Сооружение", "PostIndex": null, "Elevation": 2, "Entrances": null, "Apartments": null, "District": "Есиль", "DistrictId": "9570759093518340", "CreateDate": "2014-12-04", "UpdateDate": "2022-11-02", "HouseId": "9570784863337005", "City": "Астана", "CityId": "9570771978420226", "Okato": null, "Oktmo": null, "Street": null, "StreetId1": null, "Number": null, "Street2": null, "StreetId2": null, "Number2": null, "Street3": null, "StreetId3": null, "Number3": null, "Street4": null, "StreetId4": null, "Number4": null, "FIAS": null, "FIAS2": null, "FIAS3": null, "FIAS4": null, "GAR": null, "GAR2": null, "GAR3": null, "GAR4": null }, "geometry": { "type": "MultiPolygon", "coordinates": [ [ [ [ 71.438735241506564, 51.122036712341071 ], [ 71.438796147282844, 51.122193967017274 ], [ 71.438907089220422, 51.122176882723757 ], [ 71.438846273275701, 51.122019684373413 ], [ 71.438735241506564, 51.122036712341071 ] ] ] ] } },
{ "type": "Feature", "properties": { "Name": null, "Type": "Известный по назначению", "Caption": null, "Purpose": "АЗС", "PostIndex": null, "Elevation": 1, "Entrances": null, "Apartments": null, "District": "Сарыарка", "DistrictId": "70030076297673516", "CreateDate": "2014-12-05", "UpdateDate": "2026-03-16", "HouseId": "9570784863349286", "City": "Астана", "CityId": "9570771978420226", "Okato": null, "Oktmo": null, "Street": "Биржан сал", "StreetId1": "9570887942537681", "Number": "7Б", "Street2": null, "StreetId2": null, "Number2": null, "Street3": null, "StreetId3": null, "Number3": null, "Street4": null, "StreetId4": null, "Number4": null, "FIAS": null, "FIAS2": null, "FIAS3": null, "FIAS4": null, "GAR": null, "GAR2": null, "GAR3": null, "GAR4": null }, "geometry": { "type": "MultiPolygon", "coordinates": [ [ [ [ 71.407852689174518, 51.19384317931501 ], [ 71.407787471484909, 51.193763125905846 ], [ 71.407379816008984, 51.193893789661551 ], [ 71.407444764204016, 51.193973899139841 ], [ 71.407852689174518, 51.19384317931501 ] ] ] ] } },
{ "type": "Feature", "properties": { "Name": null, "Type": "Известный по назначению", "Caption": null, "Purpose": "Сооружение", "PostIndex": null, "Elevation": 1, "Entrances": null, "Apartments": null, "District": "Сарыарка", "DistrictId": "70030076297673516", "CreateDate": "2014-12-05", "UpdateDate": "2025-01-27", "HouseId": "9570784863349356", "City": "Астана", "CityId": "9570771978420226", "Okato": null, "Oktmo": null, "Street": null, "StreetId1": null, "Number": null, "Street2": null, "StreetId2": null, "Number2": null, "Street3": null, "StreetId3": null, "Number3": null, "Street4": null, "StreetId4": null, "Number4": null, "FIAS": null, "FIAS2": null, "FIAS3": null, "FIAS4": null, "GAR": null, "GAR2": null, "GAR3": null, "GAR4": null }, "geometry": { "type": "MultiPolygon", "coordinates": [ [ [ [ 71.405786743684118, 51.194606044170804 ], [ 71.405838037486831, 51.194670277141668 ], [ 71.405940265766162, 51.194638019929101 ], [ 71.405888971963449, 51.194573786913267 ], [ 71.405786743684118, 51.194606044170804 ] ] ] ] } },
{ "type": "Feature", "properties": { "Name": null, "Type": "Известный по назначению", "Caption": null, "Purpose": "Автосервис", "PostIndex": null, "Elevation": 1, "Entrances": null, "Apartments": null, "District": "Сарыарка", "DistrictId": "70030076297673516", "CreateDate": "2014-12-05", "UpdateDate": "2026-03-16", "HouseId": "9570784863349379", "City": "Астана", "CityId": "9570771978420226", "Okato": null, "Oktmo": null, "Street": "Карасай батыра", "StreetId1": "9570887942537724", "Number": "2Б", "Street2": null, "StreetId2": null, "Number2": null, "Street3": null, "StreetId3": null, "Number3": null, "Street4": null, "StreetId4": null, "Number4": null, "FIAS": null, "FIAS2": null, "FIAS3": null, "FIAS4": null, "GAR": null, "GAR2": null, "GAR3": null, "GAR4": null }, "geometry": { "type": "MultiPolygon", "coordinates": [ [ [ [ 71.402559905352035, 51.195718314639272 ], [ 71.402501874184694, 51.195646033074148 ], [ 71.402859403667748, 51.195532600327063 ], [ 71.402820776110531, 51.19548446872966 ], [ 71.402335416362519, 51.195638433370299 ], [ 71.402432164918636, 51.195758790014445 ], [ 71.402559905352035, 51.195718314639272 ] ] ] ] } },
{ "type": "Feature", "properties": { "Name": null, "Type": "Известный по назначению", "Caption": null, "Purpose": "Производственный корпус", "PostIndex": null, "Elevation": 1, "Entrances": null, "Apartments": null, "District": "Сарыарка", "DistrictId": "70030076297673516", "CreateDate": "2014-12-05", "UpdateDate": "2026-03-16", "HouseId": "9570784863349409", "City": "Астана", "CityId": "9570771978420226", "Okato": null, "Oktmo": null, "Street": "Карасай батыра", "StreetId1": "9570887942537724", "Number": "2к", "Street2": null, "StreetId2": null, "Number2": null, "Street3": null, "StreetId3": null, "Number3": null, "Street4": null, "StreetId4": null, "Number4": null, "FIAS": null, "FIAS2": null, "FIAS3": null, "FIAS4": null, "GAR": null, "GAR2": null, "GAR3": null, "GAR4": null }, "geometry": { "type": "MultiPolygon", "coordinates": [ [ [ [ 71.402499179238831, 51.196645917992846 ], [ 71.402664199756515, 51.196675471743418 ], [ 71.402868027494492, 51.196225914928341 ], [ 71.402702827313718, 51.196196360889395 ], [ 71.402499179238831, 51.196645917992846 ] ] ] ] } },
{ "type": "Feature", "properties": { "Name": null, "Type": "Известный по назначению", "Caption": null, "Purpose": "Проходная, КПП", "PostIndex": null, "Elevation": 1, "Entrances": null, "Apartments": null, "District": "Сарыарка", "DistrictId": "70030076297673516", "CreateDate": "2014-12-05", "UpdateDate": "2026-03-16", "HouseId": "9570784863349388", "City": "Астана", "CityId": "9570771978420226", "Okato": null, "Oktmo": null, "Street": "Карасай батыра", "StreetId1": "9570887942537724", "Number": "2 к4", "Street2": null, "StreetId2": null, "Number2": null, "Street3": null, "StreetId3": null, "Number3": null, "Street4": null, "StreetId4": null, "Number4": null, "FIAS": null, "FIAS2": null, "FIAS3": null, "FIAS4": null, "GAR": null, "GAR2": null, "GAR3": null, "GAR4": null }, "geometry": { "type": "MultiPolygon", "coordinates": [ [ [ [ 71.402943485978369, 51.195676938523583 ], [ 71.40291123645963, 51.195636857135277 ], [ 71.402834610165925, 51.195661176184018 ], [ 71.402866859684607, 51.195701257551185 ], [ 71.402943485978369, 51.195676938523583 ] ] ] ] } },
{ "type": "Feature", "properties": { "Name": null, "Type": "Известный по назначению", "Caption": null, "Purpose": "Хозяйственный корпус", "PostIndex": null, "Elevation": 1, "Entrances": null, "Apartments": null, "District": "Сарыарка", "DistrictId": "70030076297673516", "CreateDate": "2014-12-05", "UpdateDate": "2025-01-27", "HouseId": "9570784863349437", "City": "Астана", "CityId": "9570771978420226", "Okato": null, "Oktmo": null, "Street": null, "StreetId1": null, "Number": null, "Street2": null, "StreetId2": null, "Number2": null, "Street3": null, "StreetId3": null, "Number3": null, "Street4": null, "StreetId4": null, "Number4": null, "FIAS": null, "FIAS2": null, "FIAS3": null, "FIAS4": null, "GAR": null, "GAR2": null, "GAR3": null, "GAR4": null }, "geometry": { "type": "MultiPolygon", "coordinates": [ [ [ [ 71.404099168591372, 51.195784178583509 ], [ 71.40413788598012, 51.195832309867846 ], [ 71.404265626413519, 51.195791834557248 ], [ 71.404226909024771, 51.19574370323064 ], [ 71.404099168591372, 51.195784178583509 ] ] ] ] } },
{ "type": "Feature", "properties": { "Name": null, "Type": "Известный по назначению", "Caption": null, "Purpose": "Хозяйственный корпус", "PostIndex": null, "Elevation": 1, "Entrances": null, "Apartments": null, "District": "Сарыарка", "DistrictId": "70030076297673516", "CreateDate": "2014-12-05", "UpdateDate": "2025-01-27", "HouseId": "9570784863349441", "City": "Астана", "CityId": "9570771978420226", "Okato": null, "Oktmo": null, "Street": null, "StreetId1": null, "Number": null, "Street2": null, "StreetId2": null, "Number2": null, "Street3": null, "StreetId3": null, "Number3": null, "Street4": null, "StreetId4": null, "Number4": null, "FIAS": null, "FIAS2": null, "FIAS3": null, "FIAS4": null, "GAR": null, "GAR2": null, "GAR3": null, "GAR4": null }, "geometry": { "type": "MultiPolygon", "coordinates": [ [ [ [ 71.404652530806388, 51.195806977619206 ], [ 71.404808208845125, 51.195761435830512 ], [ 71.404759879482839, 51.195696247382195 ], [ 71.404604201444087, 51.195741789235321 ], [ 71.404652530806388, 51.195806977619206 ] ] ] ] } },
{ "type": "Feature", "properties": { "Name": null, "Type": "Известный по назначению", "Caption": null, "Purpose": "Гараж", "PostIndex": null, "Elevation": 1, "Entrances": null, "Apartments": null, "District": "Сарыарка", "DistrictId": "70030076297673516", "CreateDate": "2014-12-05", "UpdateDate": "2025-01-27", "HouseId": "9570784863349445", "City": "Астана", "CityId": "9570771978420226", "Okato": null, "Oktmo": null, "Street": null, "StreetId1": null, "Number": null, "Street2": null, "StreetId2": null, "Number2": null, "Street3": null, "StreetId3": null, "Number3": null, "Street4": null, "StreetId4": null, "Number4": null, "FIAS": null, "FIAS2": null, "FIAS3": null, "FIAS4": null, "GAR": null, "GAR2": null, "GAR3": null, "GAR4": null }, "geometry": { "type": "MultiPolygon", "coordinates": [ [ [ [ 71.405509254092848, 51.195679922108674 ], [ 71.405473141818433, 51.195629144841668 ], [ 71.404928223767072, 51.195788175452314 ], [ 71.404964246209957, 51.195838896250201 ], [ 71.405509254092848, 51.195679922108674 ] ] ] ] } },
{ "type": "Feature", "properties": { "Name": null, "Type": "Известный по назначению", "Caption": null, "Purpose": "Сооружение", "PostIndex": null, "Elevation": 1, "Entrances": null, "Apartments": null, "District": "Сарыарка", "DistrictId": "70030076297673516", "CreateDate": "2014-12-05", "UpdateDate": "2025-01-27", "HouseId": "9570784863349449", "City": "Астана", "CityId": "9570771978420226", "Okato": null, "Oktmo": null, "Street": "Гете", "StreetId1": "9570887942537512", "Number": "4Б", "Street2": null, "StreetId2": null, "Number2": null, "Street3": null, "StreetId3": null, "Number3": null, "Street4": null, "StreetId4": null, "Number4": null, "FIAS": null, "FIAS2": null, "FIAS3": null, "FIAS4": null, "GAR": null, "GAR2": null, "GAR3": null, "GAR4": null }, "geometry": { "type": "MultiPolygon", "coordinates": [ [ [ [ 71.405215864321065, 51.194553070198445 ], [ 71.405247844345155, 51.194593265120339 ], [ 71.405311804393406, 51.194573167663783 ], [ 71.405279824369288, 51.194532972724346 ], [ 71.405215864321065, 51.194553070198445 ] ] ] ] } },
{ "type": "Feature", "properties": { "Name": null, "Type": "Известный по назначению", "Caption": null, "Purpose": "Сооружение", "PostIndex": null, "Elevation": 1, "Entrances": null, "Apartments": null, "District": "Сарыарка", "DistrictId": "70030076297673516", "CreateDate": "2014-12-05", "UpdateDate": "2025-01-27", "HouseId": "9570784863349433", "City": "Астана", "CityId": "9570771978420226", "Okato": null, "Oktmo": null, "Street": null, "StreetId1": null, "Number": null, "Street2": null, "StreetId2": null, "Number2": null, "Street3": null, "StreetId3": null, "Number3": null, "Street4": null, "StreetId4": null, "Number4": null, "FIAS": null, "FIAS2": null, "FIAS3": null, "FIAS4": null, "GAR": null, "GAR2": null, "GAR3": null, "GAR4": null }, "geometry": { "type": "MultiPolygon", "coordinates": [ [ [ [ 71.40404787478866, 51.195991227189886 ], [ 71.40417561522203, 51.195950639431459 ], [ 71.404078866665955, 51.195830283288466 ], [ 71.403951126232556, 51.195870871152927 ], [ 71.40404787478866, 51.195991227189886 ] ] ] ] } },
{ "type": "Feature", "properties": { "Name": null, "Type": "Известный по назначению", "Caption": null, "Purpose": "Хозяйственный корпус", "PostIndex": null, "Elevation": 1, "Entrances": null, "Apartments": null, "District": "Сарыарка", "DistrictId": "70030076297673516", "CreateDate": "2014-12-05", "UpdateDate": "2025-01-27", "HouseId": "9570784863349495", "City": "Астана", "CityId": "9570771978420226", "Okato": null, "Oktmo": null, "Street": null, "StreetId1": null, "Number": null, "Street2": null, "StreetId2": null, "Number2": null, "Street3": null, "StreetId3": null, "Number3": null, "Street4": null, "StreetId4": null, "Number4": null, "FIAS": null, "FIAS2": null, "FIAS3": null, "FIAS4": null, "GAR": null, "GAR2": null, "GAR3": null, "GAR4": null }, "geometry": { "type": "MultiPolygon", "coordinates": [ [ [ [ 71.406982940316453, 51.19654126941694 ], [ 71.406906044528114, 51.196444839399888 ], [ 71.406752522446084, 51.196493082580162 ], [ 71.406829418234395, 51.1965895687892 ], [ 71.406982940316453, 51.19654126941694 ] ] ] ] } },
{ "type": "Feature", "properties": { "Name": null, "Type": "Известный по назначению", "Caption": null, "Purpose": "Проходная, КПП", "PostIndex": null, "Elevation": 1, "Entrances": null, "Apartments": null, "District": "Сарыарка", "DistrictId": "70030076297673516", "CreateDate": "2014-12-05", "UpdateDate": "2025-01-27", "HouseId": "9570784863349493", "City": "Астана", "CityId": "9570771978420226", "Okato": null, "Oktmo": null, "Street": null, "StreetId1": null, "Number": null, "Street2": null, "StreetId2": null, "Number2": null, "Street3": null, "StreetId3": null, "Number3": null, "Street4": null, "StreetId4": null, "Number4": null, "FIAS": null, "FIAS2": null, "FIAS3": null, "FIAS4": null, "GAR": null, "GAR2": null, "GAR3": null, "GAR4": null }, "geometry": { "type": "MultiPolygon", "coordinates": [ [ [ [ 71.405666908425218, 51.196506536620277 ], [ 71.405825191578259, 51.196446865952232 ], [ 71.405780994466284, 51.196400649277948 ], [ 71.405622711313242, 51.19646037629893 ], [ 71.405666908425218, 51.196506536620277 ] ] ] ] } },
{ "type": "Feature", "properties": { "Name": null, "Type": "Известный по назначению", "Caption": null, "Purpose": "Автосервис", "PostIndex": null, "Elevation": 1, "Entrances": null, "Apartments": null, "District": "Сарыарка", "DistrictId": "70030076297673516", "CreateDate": "2014-12-05", "UpdateDate": "2026-03-16", "HouseId": "9570784863349091", "City": "Астана", "CityId": "9570771978420226", "Okato": null, "Oktmo": null, "Street": "Карасай батыра", "StreetId1": "9570887942537724", "Number": "2/2", "Street2": null, "StreetId2": null, "Number2": null, "Street3": null, "StreetId3": null, "Number3": null, "Street4": null, "StreetId4": null, "Number4": null, "FIAS": null, "FIAS2": null, "FIAS3": null, "FIAS4": null, "GAR": null, "GAR2": null, "GAR3": null, "GAR4": null }, "geometry": { "type": "MultiPolygon", "coordinates": [ [ [ [ 71.404768233814977, 51.195213636078535 ], [ 71.404864353550394, 51.195334275304759 ], [ 71.404506105415066, 51.195446920419336 ], [ 71.404685678640362, 51.195671984646019 ], [ 71.40546577563309, 51.195426204097082 ], [ 71.405273715825359, 51.195185432462132 ], [ 71.405209755777108, 51.195205529651638 ], [ 71.405004670397759, 51.19494831874092 ], [ 71.404544193983114, 51.195093221715545 ], [ 71.404640223886986, 51.19521374866779 ], [ 71.404742631829379, 51.195181548130378 ], [ 71.404768233814977, 51.195213636078535 ] ] ] ] } },
{ "type": "Feature", "properties": { "Name": null, "Type": "Известный по назначению", "Caption": null, "Purpose": "Хозяйственный корпус", "PostIndex": null, "Elevation": 1, "Entrances": null, "Apartments": null, "District": "Сарыарка", "DistrictId": "70030076297673516", "CreateDate": "2014-12-05", "UpdateDate": "2025-07-17", "HouseId": "9570784863349152", "City": "Астана", "CityId": "9570771978420226", "Okato": null, "Oktmo": null, "Street": "Гете", "StreetId1": "9570887942537512", "Number": "1/3", "Street2": null, "StreetId2": null, "Number2": null, "Street3": null, "StreetId3": null, "Number3": null, "Street4": null, "StreetId4": null, "Number4": null, "FIAS": null, "FIAS2": null, "FIAS3": null, "FIAS4": null, "GAR": null, "GAR2": null, "GAR3": null, "GAR4": null }, "geometry": { "type": "MultiPolygon", "coordinates": [ [ [ [ 71.403282510166562, 51.19757873780263 ], [ 71.403510502585675, 51.197503475689402 ], [ 71.403470527555541, 51.197455683902206 ], [ 71.40343252881901, 51.197468180699389 ], [ 71.403272808361507, 51.197277238275142 ], [ 71.40308281467891, 51.197340003929398 ], [ 71.403282510166562, 51.19757873780263 ] ] ] ] } },
{ "type": "Feature", "properties": { "Name": null, "Type": "Известный по назначению", "Caption": null, "Purpose": "Сооружение", "PostIndex": null, "Elevation": 2, "Entrances": null, "Apartments": null, "District": "Алматы", "DistrictId": "9570759093518343", "CreateDate": "2014-12-02", "UpdateDate": "2026-03-05", "HouseId": "9570784863324544", "City": "Астана", "CityId": "9570771978420226", "Okato": null, "Oktmo": null, "Street": "Дауылпаз", "StreetId1": "9570887942541699", "Number": "8а", "Street2": null, "StreetId2": null, "Number2": null, "Street3": null, "StreetId3": null, "Number3": null, "Street4": null, "StreetId4": null, "Number4": null, "FIAS": null, "FIAS2": null, "FIAS3": null, "FIAS4": null, "GAR": null, "GAR2": null, "GAR3": null, "GAR4": null }, "geometry": { "type": "MultiPolygon", "coordinates": [ [ [ [ 71.464617231978039, 51.131790563499379 ], [ 71.464694576924018, 51.131684358373654 ], [ 71.464512757910512, 51.131631988558794 ], [ 71.464435412964548, 51.131738250177108 ], [ 71.464617231978039, 51.131790563499379 ] ] ] ] } },
{ "type": "Feature", "properties": { "Name": null, "Type": "Известный по назначению", "Caption": null, "Purpose": "Производственный корпус", "PostIndex": null, "Elevation": 1, "Entrances": null, "Apartments": null, "District": "Сарыарка", "DistrictId": "70030076297673516", "CreateDate": "2014-12-03", "UpdateDate": "2026-03-16", "HouseId": "9570784863332777", "City": "Астана", "CityId": "9570771978420226", "Okato": null, "Oktmo": null, "Street": "Гете", "StreetId1": "9570887942537512", "Number": "1в", "Street2": null, "StreetId2": null, "Number2": null, "Street3": null, "StreetId3": null, "Number3": null, "Street4": null, "StreetId4": null, "Number4": null, "FIAS": null, "FIAS2": null, "FIAS3": null, "FIAS4": null, "GAR": null, "GAR2": null, "GAR3": null, "GAR4": null }, "geometry": { "type": "MultiPolygon", "coordinates": [ [ [ [ 71.404587223285219, 51.196873565822202 ], [ 71.403808922923062, 51.197101156234424 ], [ 71.403929476834207, 51.197263728167968 ], [ 71.404707956859411, 51.197036588898044 ], [ 71.404587223285219, 51.196873565822202 ] ] ] ] } },
{ "type": "Feature", "properties": { "Name": null, "Type": "Известный по назначению", "Caption": null, "Purpose": "Хозяйственный корпус", "PostIndex": null, "Elevation": 1, "Entrances": null, "Apartments": null, "District": "Сарыарка", "DistrictId": "70030076297673516", "CreateDate": "2014-12-03", "UpdateDate": "2025-01-27", "HouseId": "9570784863332806", "City": "Астана", "CityId": "9570771978420226", "Okato": null, "Oktmo": null, "Street": null, "StreetId1": null, "Number": null, "Street2": null, "StreetId2": null, "Number2": null, "Street3": null, "StreetId3": null, "Number3": null, "Street4": null, "StreetId4": null, "Number4": null, "FIAS": null, "FIAS2": null, "FIAS3": null, "FIAS4": null, "GAR": null, "GAR2": null, "GAR3": null, "GAR4": null }, "geometry": { "type": "MultiPolygon", "coordinates": [ [ [ [ 71.403779637844806, 51.196602065821331 ], [ 71.40312117274155, 51.19681963748161 ], [ 71.403587218710939, 51.197376593733232 ], [ 71.403625486942062, 51.197363984327183 ], [ 71.403691872441541, 51.197443581144924 ], [ 71.403996041996763, 51.197343325158933 ], [ 71.403956785618831, 51.197296377586838 ], [ 71.403929476834207, 51.197263728167968 ], [ 71.403688548675007, 51.197343099990839 ], [ 71.403461993560342, 51.19707250343459 ], [ 71.403525504450926, 51.197051618966107 ], [ 71.403365694161877, 51.196860674815412 ], [ 71.403986160528632, 51.19665576924514 ], [ 71.403946275330014, 51.196608032871509 ], [ 71.403819523043424, 51.196649802201151 ], [ 71.403779637844806, 51.196602065821331 ] ] ] ] } },
{ "type": "Feature", "properties": { "Name": null, "Type": "Известный по назначению", "Caption": null, "Purpose": "Парковка", "PostIndex": null, "Elevation": 5, "Entrances": null, "Apartments": null, "District": "Алматы", "DistrictId": "9570759093518343", "CreateDate": "2014-12-04", "UpdateDate": "2026-05-20", "HouseId": "9570784863333888", "City": "Астана", "CityId": "9570771978420226", "Okato": null, "Oktmo": null, "Street": "проспект Тауелсиздик", "StreetId1": "9570887942537473", "Number": "45", "Street2": null, "StreetId2": null, "Number2": null, "Street3": null, "StreetId3": null, "Number3": null, "Street4": null, "StreetId4": null, "Number4": null, "FIAS": null, "FIAS2": null, "FIAS3": null, "FIAS4": null, "GAR": null, "GAR2": null, "GAR3": null, "GAR4": null }, "geometry": { "type": "MultiPolygon", "coordinates": [ [ [ [ 71.467216327589583, 51.133989135125738 ], [ 71.467149133606341, 51.134085470327626 ], [ 71.466998396301662, 51.13430192785971 ], [ 71.467718934991041, 51.134500628216607 ], [ 71.467874163872139, 51.134546343269925 ], [ 71.468106108878501, 51.134234566835431 ], [ 71.467216327589583, 51.133989135125738 ] ] ] ] } },
{ "type": "Feature", "properties": { "Name": null, "Type": "Известный по назначению", "Caption": null, "Purpose": "Сооружение", "PostIndex": null, "Elevation": 2, "Entrances": null, "Apartments": null, "District": "Алматы", "DistrictId": "9570759093518343", "CreateDate": "2014-12-04", "UpdateDate": "2026-06-02", "HouseId": "9570784863334276", "City": "Астана", "CityId": "9570771978420226", "Okato": null, "Oktmo": null, "Street": "проспект Тауелсиздик", "StreetId1": "9570887942537473", "Number": "35", "Street2": null, "StreetId2": null, "Number2": null, "Street3": null, "StreetId3": null, "Number3": null, "Street4": null, "StreetId4": null, "Number4": null, "FIAS": null, "FIAS2": null, "FIAS3": null, "FIAS4": null, "GAR": null, "GAR2": null, "GAR3": null, "GAR4": null }, "geometry": { "type": "MultiPolygon", "coordinates": [ [ [ [ 71.465966771029372, 51.137094082686296 ], [ 71.466055524579446, 51.136971374594118 ], [ 71.465730514109666, 51.136878201902064 ], [ 71.465641670728047, 51.137000966607602 ], [ 71.465966771029372, 51.137094082686296 ] ] ] ] } },
{ "type": "Feature", "properties": { "Name": "Памятник Паровоз", "Type": "Известный по назначению", "Caption": null, "Purpose": "Сооружение", "PostIndex": null, "Elevation": 1, "Entrances": null, "Apartments": null, "District": "Сарыарка", "DistrictId": "70030076297673516", "CreateDate": "2023-12-18", "UpdateDate": "2025-08-28", "HouseId": "70030076782028762", "City": "Астана", "CityId": "9570771978420226", "Okato": null, "Oktmo": null, "Street": null, "StreetId1": null, "Number": null, "Street2": null, "StreetId2": null, "Number2": null, "Street3": null, "StreetId3": null, "Number3": null, "Street4": null, "StreetId4": null, "Number4": null, "FIAS": null, "FIAS2": null, "FIAS3": null, "FIAS4": null, "GAR": null, "GAR2": null, "GAR3": null, "GAR4": null }, "geometry": { "type": "MultiPolygon", "coordinates": [ [ [ [ 71.407119214745052, 51.195374244367443 ], [ 71.407336337549239, 51.195305396228022 ], [ 71.407317023770602, 51.195281302169668 ], [ 71.407099811134927, 51.195350094050617 ], [ 71.407119214745052, 51.195374244367443 ] ] ] ] } },
{ "type": "Feature", "properties": { "Name": null, "Type": "Школы", "Caption": null, "Purpose": "Школа", "PostIndex": null, "Elevation": 4, "Entrances": null, "Apartments": null, "District": "Алматы", "DistrictId": "9570759093518343", "CreateDate": "2014-12-04", "UpdateDate": "2026-05-20", "HouseId": "9570784863336322", "City": "Астана", "CityId": "9570771978420226", "Okato": null, "Oktmo": null, "Street": "Майкайын", "StreetId1": "9570887942540611", "Number": "1", "Street2": null, "StreetId2": null, "Number2": null, "Street3": null, "StreetId3": null, "Number3": null, "Street4": null, "StreetId4": null, "Number4": null, "FIAS": null, "FIAS2": null, "FIAS3": null, "FIAS4": null, "GAR": null, "GAR2": null, "GAR3": null, "GAR4": null }, "geometry": { "type": "MultiPolygon", "coordinates": [ [ [ [ 71.464543480293216, 51.133955989907399 ], [ 71.464286292627378, 51.133955651690762 ], [ 71.464286472290439, 51.133928707090789 ], [ 71.464329321929483, 51.133928707090789 ], [ 71.464329411761014, 51.133730906188248 ], [ 71.464243622651381, 51.133730793448819 ], [ 71.464243712482912, 51.133703848717623 ], [ 71.463986884143182, 51.133703510499146 ], [ 71.463986884143182, 51.133730455230534 ], [ 71.463901095033549, 51.133730455230534 ], [ 71.463900466212834, 51.133928199765535 ], [ 71.463943315851907, 51.13392831250448 ], [ 71.463943315851907, 51.133955257104681 ], [ 71.463686218017571, 51.13395503162694 ], [ 71.463685768859946, 51.134116868006515 ], [ 71.46454294130406, 51.134117826283642 ], [ 71.464543480293216, 51.133955989907399 ] ] ], [ [ [ 71.464401007489158, 51.133650071947706 ], [ 71.464486796598791, 51.133650184687326 ], [ 71.46448661693573, 51.133677129449836 ], [ 71.464600972471402, 51.133677242189378 ], [ 71.464601691123647, 51.133461570909574 ], [ 71.464344503457781, 51.133461232689307 ], [ 71.464344323794734, 51.133515178789096 ], [ 71.464387083602247, 51.133515178789096 ], [ 71.464386993770717, 51.133569068455927 ], [ 71.463872708270557, 51.133568504756802 ], [ 71.463872887933618, 51.133514502349357 ], [ 71.463915917235724, 51.133514671459288 ], [ 71.463916007067269, 51.133460725358923 ], [ 71.463658819401431, 51.133460387138655 ], [ 71.463658190580716, 51.133676171163579 ], [ 71.463772366453327, 51.133676283903128 ], [ 71.463772366453327, 51.133649282770321 ], [ 71.46385815556296, 51.133649395509948 ], [ 71.463858065731444, 51.133703341389896 ], [ 71.463986884143182, 51.133703510499146 ], [ 71.464243712482912, 51.133703848717623 ], [ 71.464401007489158, 51.133704017826851 ], [ 71.464401007489158, 51.133650071947706 ] ] ] ] } },
{ "type": "Feature", "properties": { "Name": null, "Type": "Школы", "Caption": null, "Purpose": "Школа", "PostIndex": null, "Elevation": 4, "Entrances": null, "Apartments": null, "District": "Алматы", "DistrictId": "9570759093518343", "CreateDate": "2016-03-28", "UpdateDate": "2026-05-20", "HouseId": "9570784895670977", "City": "Астана", "CityId": "9570771978420226", "Okato": null, "Oktmo": null, "Street": "проспект Бауыржан Момышулы", "StreetId1": "9570887942540534", "Number": "2/3", "Street2": null, "StreetId2": null, "Number2": null, "Street3": null, "StreetId3": null, "Number3": null, "Street4": null, "StreetId4": null, "Number4": null, "FIAS": null, "FIAS2": null, "FIAS3": null, "FIAS4": null, "GAR": null, "GAR2": null, "GAR3": null, "GAR4": null }, "geometry": { "type": "MultiPolygon", "coordinates": [ [ [ [ 71.462806318196783, 51.135004900517821 ], [ 71.462702203455365, 51.134975250856833 ], [ 71.462593058148329, 51.134917304316126 ], [ 71.462430642744977, 51.135143058668078 ], [ 71.462563054417842, 51.135210080159574 ], [ 71.462595214105022, 51.135221071900375 ], [ 71.462632045031683, 51.135222424729832 ], [ 71.462666450507058, 51.135213969545084 ], [ 71.462691872829581, 51.135197228274713 ], [ 71.462704000085935, 51.135175301147122 ], [ 71.462700227161747, 51.135152303017506 ], [ 71.462806318196783, 51.135004900517821 ] ] ] ] } },
{ "type": "Feature", "properties": { "Name": null, "Type": "Школы", "Caption": null, "Purpose": "Школа", "PostIndex": null, "Elevation": 4, "Entrances": null, "Apartments": null, "District": "Сарайшык", "DistrictId": "70030076987083136", "CreateDate": "2018-06-19", "UpdateDate": "2026-04-21", "HouseId": "70030076163862160", "City": "Астана", "CityId": "9570771978420226", "Okato": null, "Oktmo": null, "Street": "Жумекен Нажимеденов", "StreetId1": "9570887942538475", "Number": "8", "Street2": null, "StreetId2": null, "Number2": null, "Street3": null, "StreetId3": null, "Number3": null, "Street4": null, "StreetId4": null, "Number4": null, "FIAS": null, "FIAS2": null, "FIAS3": null, "FIAS4": null, "GAR": null, "GAR2": null, "GAR3": null, "GAR4": null }, "geometry": { "type": "MultiPolygon", "coordinates": [ [ [ [ 71.461430638170683, 51.119702187080208 ], [ 71.461503491540228, 51.11964675878535 ], [ 71.461351137268053, 51.119570692787221 ], [ 71.461070683236343, 51.1197842298564 ], [ 71.461006992682698, 51.119832722425372 ], [ 71.461381320661587, 51.120027312443156 ], [ 71.461654228844893, 51.119819471554017 ], [ 71.461430638170683, 51.119702187080208 ] ] ], [ [ [ 71.461167880950086, 51.119479176598283 ], [ 71.461158448639594, 51.119425608812705 ], [ 71.460987589072559, 51.119434123275411 ], [ 71.461003399421543, 51.119559584547204 ], [ 71.46087538949358, 51.119566069053121 ], [ 71.460784390155283, 51.119635368629034 ], [ 71.461070683236343, 51.1197842298564 ], [ 71.461351137268053, 51.119570692787221 ], [ 71.461167880950086, 51.119479176598283 ] ] ], [ [ [ 71.462129886787849, 51.11961540765526 ], [ 71.461503491540228, 51.11964675878535 ], [ 71.461430638170683, 51.119702187080208 ], [ 71.461654228844893, 51.119819471554017 ], [ 71.462152524333007, 51.119794548628249 ], [ 71.462129886787849, 51.11961540765526 ] ] ], [ [ [ 71.460978605919735, 51.119362511520336 ], [ 71.460451833837126, 51.119388900746934 ], [ 71.460476717170479, 51.119586030048225 ], [ 71.46087538949358, 51.119566069053121 ], [ 71.461003399421543, 51.119559584547204 ], [ 71.460978605919735, 51.119362511520336 ] ] ] ] } },
{ "type": "Feature", "properties": { "Name": null, "Type": "Школы", "Caption": null, "Purpose": "Школа", "PostIndex": null, "Elevation": 4, "Entrances": null, "Apartments": null, "District": "Алматы", "DistrictId": "9570759093518343", "CreateDate": "2020-08-20", "UpdateDate": "2026-04-15", "HouseId": "70030076220843817", "City": "Астана", "CityId": "9570771978420226", "Okato": null, "Oktmo": null, "Street": "А351", "StreetId1": "70030076321254445", "Number": "3", "Street2": null, "StreetId2": null, "Number2": null, "Street3": null, "StreetId3": null, "Number3": null, "Street4": null, "StreetId4": null, "Number4": null, "FIAS": null, "FIAS2": null, "FIAS3": null, "FIAS4": null, "GAR": null, "GAR2": null, "GAR3": null, "GAR4": null }, "geometry": { "type": "MultiPolygon", "coordinates": [ [ [ [ 71.461213245871932, 51.131140870677449 ], [ 71.461384015607436, 51.131568062353402 ], [ 71.461467379265827, 51.131555547689068 ], [ 71.461552449723229, 51.131773820987817 ], [ 71.461787898159173, 51.131736559012687 ], [ 71.46181224250337, 51.131797553637085 ], [ 71.46231098714911, 51.131718519921634 ], [ 71.462223850566559, 51.131500584596139 ], [ 71.462417886667936, 51.131469917980453 ], [ 71.462257627221248, 51.131068882459111 ], [ 71.462022088953759, 51.131106201345887 ], [ 71.462144080169338, 51.131411290570284 ], [ 71.461671476498353, 51.131489422852347 ], [ 71.461517954416308, 51.131092671843597 ], [ 71.461213245871932, 51.131140870677449 ] ] ] ] } },
{ "type": "Feature", "properties": { "Name": null, "Type": "Школы", "Caption": null, "Purpose": "Школа", "PostIndex": null, "Elevation": 4, "Entrances": null, "Apartments": null, "District": "Сарайшык", "DistrictId": "70030076987083136", "CreateDate": "2023-11-29", "UpdateDate": "2025-12-03", "HouseId": "70030076747357951", "City": "Астана", "CityId": "9570771978420226", "Okato": null, "Oktmo": null, "Street": "Ахмет Байтурсынулы", "StreetId1": "9570887942540595", "Number": "7", "Street2": null, "StreetId2": null, "Number2": null, "Street3": null, "StreetId3": null, "Number3": null, "Street4": null, "StreetId4": null, "Number4": null, "FIAS": null, "FIAS2": null, "FIAS3": null, "FIAS4": null, "GAR": null, "GAR2": null, "GAR3": null, "GAR4": null }, "geometry": { "type": "MultiPolygon", "coordinates": [ [ [ [ 71.464915382820863, 51.126757784353252 ], [ 71.465904427948658, 51.126498782056927 ], [ 71.465767165373251, 51.126291308555949 ], [ 71.465503509837347, 51.126360316149928 ], [ 71.465041955444377, 51.126481191948436 ], [ 71.464778120245441, 51.126550255637206 ], [ 71.464915382820863, 51.126757784353252 ] ] ], [ [ [ 71.464778120245441, 51.126550255637206 ], [ 71.465041955444377, 51.126481191948436 ], [ 71.464932181316655, 51.12631526953777 ], [ 71.464668435949235, 51.12638433347464 ], [ 71.464778120245441, 51.126550255637206 ] ] ], [ [ [ 71.465503509837347, 51.126360316149928 ], [ 71.465767165373251, 51.126291308555949 ], [ 71.465657391245514, 51.12612527270516 ], [ 71.465393645878109, 51.126194336926119 ], [ 71.465503509837347, 51.126360316149928 ] ] ] ] } },
{ "type": "Feature", "properties": { "Name": null, "Type": "Частные дома", "Caption": null, "Purpose": "Частный дом", "PostIndex": null, "Elevation": 1, "Entrances": null, "Apartments": null, "District": "Алматы", "DistrictId": "9570759093518343", "CreateDate": "2020-02-21", "UpdateDate": "2026-03-05", "HouseId": "70030076201722708", "City": "Астана", "CityId": "9570771978420226", "Okato": null, "Oktmo": null, "Street": "Балталы", "StreetId1": "9570887942540610", "Number": "20/1", "Street2": null, "StreetId2": null, "Number2": null, "Street3": null, "StreetId3": null, "Number3": null, "Street4": null, "StreetId4": null, "Number4": null, "FIAS": null, "FIAS2": null, "FIAS3": null, "FIAS4": null, "GAR": null, "GAR2": null, "GAR3": null, "GAR4": null }, "geometry": { "type": "MultiPolygon", "coordinates": [ [ [ [ 71.467835356651875, 51.133958075576601 ], [ 71.467905425244027, 51.133859598065825 ], [ 71.467748938721542, 51.133815517051339 ], [ 71.467678870129376, 51.133913994656126 ], [ 71.467835356651875, 51.133958075576601 ] ] ] ] } },
{ "type": "Feature", "properties": { "Name": null, "Type": "Частные дома", "Caption": null, "Purpose": "Частный дом", "PostIndex": null, "Elevation": 1, "Entrances": null, "Apartments": null, "District": "Алматы", "DistrictId": "9570759093518343", "CreateDate": "2019-01-17", "UpdateDate": "2026-03-05", "HouseId": "70030076172653325", "City": "Астана", "CityId": "9570771978420226", "Okato": null, "Oktmo": null, "Street": null, "StreetId1": null, "Number": null, "Street2": null, "StreetId2": null, "Number2": null, "Street3": null, "StreetId3": null, "Number3": null, "Street4": null, "StreetId4": null, "Number4": null, "FIAS": null, "FIAS2": null, "FIAS3": null, "FIAS4": null, "GAR": null, "GAR2": null, "GAR3": null, "GAR4": null }, "geometry": { "type": "MultiPolygon", "coordinates": [ [ [ [ 71.46503485875364, 51.132834449925859 ], [ 71.465191345276111, 51.132878588247635 ], [ 71.465261413868291, 51.132780164805581 ], [ 71.465105017177336, 51.132735970018786 ], [ 71.46503485875364, 51.132834449925859 ] ] ] ] } },
{ "type": "Feature", "properties": { "Name": null, "Type": "Частные дома", "Caption": null, "Purpose": "Частный дом", "PostIndex": null, "Elevation": 2, "Entrances": null, "Apartments": null, "District": "Алматы", "DistrictId": "9570759093518343", "CreateDate": "2017-02-17", "UpdateDate": "2026-03-05", "HouseId": "70030076131195243", "City": "Астана", "CityId": "9570771978420226", "Okato": null, "Oktmo": null, "Street": "Дауылпаз", "StreetId1": "9570887942541699", "Number": "6", "Street2": null, "StreetId2": null, "Number2": null, "Street3": null, "StreetId3": null, "Number3": null, "Street4": null, "StreetId4": null, "Number4": null, "FIAS": null, "FIAS2": null, "FIAS3": null, "FIAS4": null, "GAR": null, "GAR2": null, "GAR3": null, "GAR4": null }, "geometry": { "type": "MultiPolygon", "coordinates": [ [ [ [ 71.464251168499757, 51.131399734196997 ], [ 71.464094502314211, 51.131355425343834 ], [ 71.464024164227482, 51.131453851822585 ], [ 71.464180830413014, 51.13149827332618 ], [ 71.464251168499757, 51.131399734196997 ] ] ] ] } },
{ "type": "Feature", "properties": { "Name": null, "Type": "Частные дома", "Caption": null, "Purpose": "Частный дом", "PostIndex": null, "Elevation": 2, "Entrances": null, "Apartments": null, "District": "Алматы", "DistrictId": "9570759093518343", "CreateDate": "2014-12-18", "UpdateDate": "2026-03-05", "HouseId": "9570784863378515", "City": "Астана", "CityId": "9570771978420226", "Okato": null, "Oktmo": null, "Street": "Балталы", "StreetId1": "9570887942540610", "Number": "18", "Street2": null, "StreetId2": null, "Number2": null, "Street3": null, "StreetId3": null, "Number3": null, "Street4": null, "StreetId4": null, "Number4": null, "FIAS": null, "FIAS2": null, "FIAS3": null, "FIAS4": null, "GAR": null, "GAR2": null, "GAR3": null, "GAR4": null }, "geometry": { "type": "MultiPolygon", "coordinates": [ [ [ [ 71.467624432223175, 51.133653003177876 ], [ 71.467695668625183, 51.13355486323605 ], [ 71.467539631260337, 51.133510049120879 ], [ 71.467468394858315, 51.133608189157933 ], [ 71.467624432223175, 51.133653003177876 ] ] ] ] } },
{ "type": "Feature", "properties": { "Name": null, "Type": "Частные дома", "Caption": null, "Purpose": "Частный дом", "PostIndex": null, "Elevation": 2, "Entrances": null, "Apartments": null, "District": "Алматы", "DistrictId": "9570759093518343", "CreateDate": "2014-12-08", "UpdateDate": "2026-03-05", "HouseId": "9570784863355766", "City": "Астана", "CityId": "9570771978420226", "Okato": null, "Oktmo": null, "Street": "Акыртас", "StreetId1": "9570887942537761", "Number": "5", "Street2": null, "StreetId2": null, "Number2": null, "Street3": null, "StreetId3": null, "Number3": null, "Street4": null, "StreetId4": null, "Number4": null, "FIAS": null, "FIAS2": null, "FIAS3": null, "FIAS4": null, "GAR": null, "GAR2": null, "GAR3": null, "GAR4": null }, "geometry": { "type": "MultiPolygon", "coordinates": [ [ [ [ 71.466277498286161, 51.130597883946812 ], [ 71.466459856288822, 51.130649296585318 ], [ 71.466296273075585, 51.130878848807995 ], [ 71.466478631078274, 51.130930430253102 ], [ 71.466712642209785, 51.130602337456153 ], [ 71.466347566878312, 51.130499455643722 ], [ 71.466277498286161, 51.130597883946812 ] ] ] ] } },
{ "type": "Feature", "properties": { "Name": null, "Type": "Частные дома", "Caption": null, "Purpose": "Частный дом", "PostIndex": null, "Elevation": 2, "Entrances": null, "Apartments": null, "District": "Алматы", "DistrictId": "9570759093518343", "CreateDate": "2014-12-08", "UpdateDate": "2026-03-05", "HouseId": "9570784863355769", "City": "Астана", "CityId": "9570771978420226", "Okato": null, "Oktmo": null, "Street": "Акыртас", "StreetId1": "9570887942537761", "Number": "3", "Street2": null, "StreetId2": null, "Number2": null, "Street3": null, "StreetId3": null, "Number3": null, "Street4": null, "StreetId4": null, "Number4": null, "FIAS": null, "FIAS2": null, "FIAS3": null, "FIAS4": null, "GAR": null, "GAR2": null, "GAR3": null, "GAR4": null }, "geometry": { "type": "MultiPolygon", "coordinates": [ [ [ [ 71.465791958875101, 51.130461008792516 ], [ 71.466026598827298, 51.130527191475437 ], [ 71.466096667419464, 51.130428650274183 ], [ 71.465862027467253, 51.130362523823862 ], [ 71.465791958875101, 51.130461008792516 ] ] ] ] } },
{ "type": "Feature", "properties": { "Name": null, "Type": "Частные дома", "Caption": null, "Purpose": "Частный дом", "PostIndex": null, "Elevation": 2, "Entrances": null, "Apartments": null, "District": "Алматы", "DistrictId": "9570759093518343", "CreateDate": "2014-12-08", "UpdateDate": "2026-03-05", "HouseId": "9570784863355771", "City": "Астана", "CityId": "9570771978420226", "Okato": null, "Oktmo": null, "Street": "Акыртас", "StreetId1": "9570887942537761", "Number": "1", "Street2": null, "StreetId2": null, "Number2": null, "Street3": null, "StreetId3": null, "Number3": null, "Street4": null, "StreetId4": null, "Number4": null, "FIAS": null, "FIAS2": null, "FIAS3": null, "FIAS4": null, "GAR": null, "GAR2": null, "GAR3": null, "GAR4": null }, "geometry": { "type": "MultiPolygon", "coordinates": [ [ [ [ 71.465284590402618, 51.130317875732246 ], [ 71.465519230354829, 51.130384058620287 ], [ 71.465589298946981, 51.130285573487534 ], [ 71.465354658994769, 51.130219503206341 ], [ 71.465284590402618, 51.130317875732246 ] ] ] ] } },
{ "type": "Feature", "properties": { "Name": null, "Type": "Частные дома", "Caption": null, "Purpose": "Частный дом", "PostIndex": null, "Elevation": 3, "Entrances": null, "Apartments": null, "District": "Алматы", "DistrictId": "9570759093518343", "CreateDate": "2014-12-08", "UpdateDate": "2026-03-05", "HouseId": "9570784863355940", "City": "Астана", "CityId": "9570771978420226", "Okato": null, "Oktmo": null, "Street": "переулок Тарлан", "StreetId1": "9570887942540614", "Number": "16", "Street2": null, "StreetId2": null, "Number2": null, "Street3": null, "StreetId3": null, "Number3": null, "Street4": null, "StreetId4": null, "Number4": null, "FIAS": null, "FIAS2": null, "FIAS3": null, "FIAS4": null, "GAR": null, "GAR2": null, "GAR3": null, "GAR4": null }, "geometry": { "type": "MultiPolygon", "coordinates": [ [ [ [ 71.468048526868813, 51.131647829165686 ], [ 71.467892040346314, 51.131603746039822 ], [ 71.467821971754134, 51.131702115617095 ], [ 71.467978458276633, 51.131746198649083 ], [ 71.468048526868813, 51.131647829165686 ] ] ] ] } },
{ "type": "Feature", "properties": { "Name": null, "Type": "Частные дома", "Caption": null, "Purpose": "Частный дом", "PostIndex": null, "Elevation": 2, "Entrances": null, "Apartments": null, "District": "Алматы", "DistrictId": "9570759093518343", "CreateDate": "2014-12-08", "UpdateDate": "2026-03-05", "HouseId": "9570784863355942", "City": "Астана", "CityId": "9570771978420226", "Okato": null, "Oktmo": null, "Street": "Акыртас", "StreetId1": "9570887942537761", "Number": "13", "Street2": null, "StreetId2": null, "Number2": null, "Street3": null, "StreetId3": null, "Number3": null, "Street4": null, "StreetId4": null, "Number4": null, "FIAS": null, "FIAS2": null, "FIAS3": null, "FIAS4": null, "GAR": null, "GAR2": null, "GAR3": null, "GAR4": null }, "geometry": { "type": "MultiPolygon", "coordinates": [ [ [ [ 71.468210403282995, 51.131024573288506 ], [ 71.46814033469083, 51.131123000472407 ], [ 71.468374974643041, 51.131189182206633 ], [ 71.468445043235207, 51.13109075516379 ], [ 71.468210403282995, 51.131024573288506 ] ] ] ] } },
{ "type": "Feature", "properties": { "Name": null, "Type": "Частные дома", "Caption": null, "Purpose": "Коттедж", "PostIndex": null, "Elevation": 3, "Entrances": null, "Apartments": null, "District": "Алматы", "DistrictId": "9570759093518343", "CreateDate": "2014-12-08", "UpdateDate": "2026-03-05", "HouseId": "9570784863355958", "City": "Астана", "CityId": "9570771978420226", "Okato": null, "Oktmo": null, "Street": "Дауылпаз", "StreetId1": "9570887942541699", "Number": "4", "Street2": null, "StreetId2": null, "Number2": null, "Street3": null, "StreetId3": null, "Number3": null, "Street4": null, "StreetId4": null, "Number4": null, "FIAS": null, "FIAS2": null, "FIAS3": null, "FIAS4": null, "GAR": null, "GAR2": null, "GAR3": null, "GAR4": null }, "geometry": { "type": "MultiPolygon", "coordinates": [ [ [ [ 71.464864268681168, 51.131484743938742 ], [ 71.464934516936395, 51.131386317525845 ], [ 71.464217571508158, 51.131183995907215 ], [ 71.464147413084447, 51.131282366378613 ], [ 71.464864268681168, 51.131484743938742 ] ] ] ] } },
{ "type": "Feature", "properties": { "Name": null, "Type": "Частные дома", "Caption": null, "Purpose": "Коттедж", "PostIndex": null, "Elevation": 3, "Entrances": null, "Apartments": null, "District": "Алматы", "DistrictId": "9570759093518343", "CreateDate": "2014-12-08", "UpdateDate": "2026-03-05", "HouseId": "9570784863356057", "City": "Астана", "CityId": "9570771978420226", "Okato": null, "Oktmo": null, "Street": "Шертер", "StreetId1": "9570887942540612", "Number": "11/1", "Street2": null, "StreetId2": null, "Number2": null, "Street3": null, "StreetId3": null, "Number3": null, "Street4": null, "StreetId4": null, "Number4": null, "FIAS": null, "FIAS2": null, "FIAS3": null, "FIAS4": null, "GAR": null, "GAR2": null, "GAR3": null, "GAR4": null }, "geometry": { "type": "MultiPolygon", "coordinates": [ [ [ [ 71.465429219163354, 51.13255563906641 ], [ 71.465272552977808, 51.132511669549537 ], [ 71.465202484385642, 51.132610093563883 ], [ 71.465358970908142, 51.13265417572908 ], [ 71.465429219163354, 51.13255563906641 ] ] ] ] } },
{ "type": "Feature", "properties": { "Name": null, "Type": "Частные дома", "Caption": null, "Purpose": "Частный дом", "PostIndex": null, "Elevation": 1, "Entrances": null, "Apartments": null, "District": "Сарыарка", "DistrictId": "70030076297673516", "CreateDate": "2014-12-05", "UpdateDate": "2026-03-16", "HouseId": "9570784863349509", "City": "Астана", "CityId": "9570771978420226", "Okato": null, "Oktmo": null, "Street": "Уланбел", "StreetId1": "9570887942537723", "Number": "2", "Street2": null, "StreetId2": null, "Number2": null, "Street3": null, "StreetId3": null, "Number3": null, "Street4": null, "StreetId4": null, "Number4": null, "FIAS": null, "FIAS2": null, "FIAS3": null, "FIAS4": null, "GAR": null, "GAR2": null, "GAR3": null, "GAR4": null }, "geometry": { "type": "MultiPolygon", "coordinates": [ [ [ [ 71.403879710167459, 51.196541438295952 ], [ 71.403813145004904, 51.196461952505793 ], [ 71.403686482549844, 51.196503778260919 ], [ 71.403753047712399, 51.196583263978908 ], [ 71.403879710167459, 51.196541438295952 ] ] ] ] } },
{ "type": "Feature", "properties": { "Name": null, "Type": "Частные дома", "Caption": null, "Purpose": "Частный дом", "PostIndex": null, "Elevation": 1, "Entrances": null, "Apartments": null, "District": "Сарыарка", "DistrictId": "70030076297673516", "CreateDate": "2014-12-05", "UpdateDate": "2026-03-16", "HouseId": "9570784863349511", "City": "Астана", "CityId": "9570771978420226", "Okato": null, "Oktmo": null, "Street": "Уланбел", "StreetId1": "9570887942537723", "Number": "1", "Street2": null, "StreetId2": null, "Number2": null, "Street3": null, "StreetId3": null, "Number3": null, "Street4": null, "StreetId4": null, "Number4": null, "FIAS": null, "FIAS2": null, "FIAS3": null, "FIAS4": null, "GAR": null, "GAR2": null, "GAR3": null, "GAR4": null }, "geometry": { "type": "MultiPolygon", "coordinates": [ [ [ [ 71.403441871297971, 51.19658450242386 ], [ 71.403315388505973, 51.196626271774832 ], [ 71.403381953668529, 51.196705757281499 ], [ 71.403508616123588, 51.196664044295446 ], [ 71.403441871297971, 51.19658450242386 ] ] ] ] } },
{ "type": "Feature", "properties": { "Name": null, "Type": "Частные дома", "Caption": null, "Purpose": "Частный дом", "PostIndex": null, "Elevation": 1, "Entrances": null, "Apartments": null, "District": "Сарыарка", "DistrictId": "70030076297673516", "CreateDate": "2014-12-05", "UpdateDate": "2026-03-16", "HouseId": "9570784863349503", "City": null, "CityId": null, "Okato": null, "Oktmo": null, "Street": "Вольфганга Гете", "StreetId1": null, "Number": "1/1а", "Street2": null, "StreetId2": null, "Number2": null, "Street3": null, "StreetId3": null, "Number3": null, "Street4": null, "StreetId4": null, "Number4": null, "FIAS": null, "FIAS2": null, "FIAS3": null, "FIAS4": null, "GAR": null, "GAR2": null, "GAR3": null, "GAR4": null }, "geometry": { "type": "MultiPolygon", "coordinates": [ [ [ [ 71.404282065583203, 51.196767397859759 ], [ 71.404031255955886, 51.196853975993875 ], [ 71.404113990793562, 51.196948547501933 ], [ 71.404364710589348, 51.19686196954553 ], [ 71.404282065583203, 51.196767397859759 ] ] ] ] } },
{ "type": "Feature", "properties": { "Name": null, "Type": "Частные дома", "Caption": null, "Purpose": "Частный дом", "PostIndex": null, "Elevation": 1, "Entrances": null, "Apartments": null, "District": "Сарыарка", "DistrictId": "70030076297673516", "CreateDate": "2014-12-05", "UpdateDate": "2026-03-16", "HouseId": "9570784863349427", "City": "Астана", "CityId": "9570771978420226", "Okato": null, "Oktmo": null, "Street": "Уланбел", "StreetId1": "9570887942537723", "Number": "7", "Street2": null, "StreetId2": null, "Number2": null, "Street3": null, "StreetId3": null, "Number3": null, "Street4": null, "StreetId4": null, "Number4": null, "FIAS": null, "FIAS2": null, "FIAS3": null, "FIAS4": null, "GAR": null, "GAR2": null, "GAR3": null, "GAR4": null }, "geometry": { "type": "MultiPolygon", "coordinates": [ [ [ [ 71.404693314320284, 51.195936115647903 ], [ 71.40463276787014, 51.195854714822815 ], [ 71.404503051143109, 51.195892656857374 ], [ 71.404563417930206, 51.195974170202838 ], [ 71.404693314320284, 51.195936115647903 ] ] ] ] } },
{ "type": "Feature", "properties": { "Name": null, "Type": "Частные дома", "Caption": null, "Purpose": "Частный дом", "PostIndex": null, "Elevation": 1, "Entrances": null, "Apartments": null, "District": "Сарыарка", "DistrictId": "70030076297673516", "CreateDate": "2014-12-05", "UpdateDate": "2026-03-16", "HouseId": "9570784863349423", "City": "Астана", "CityId": "9570771978420226", "Okato": null, "Oktmo": null, "Street": "Уланбел", "StreetId1": "9570887942537723", "Number": "6", "Street2": null, "StreetId2": null, "Number2": null, "Street3": null, "StreetId3": null, "Number3": null, "Street4": null, "StreetId4": null, "Number4": null, "FIAS": null, "FIAS2": null, "FIAS3": null, "FIAS4": null, "GAR": null, "GAR2": null, "GAR3": null, "GAR4": null }, "geometry": { "type": "MultiPolygon", "coordinates": [ [ [ [ 71.404048952766985, 51.19612447412883 ], [ 71.404178669494016, 51.196086532285165 ], [ 71.40411830270692, 51.196005019138497 ], [ 71.403988585979889, 51.196042961049287 ], [ 71.404048952766985, 51.19612447412883 ] ] ] ] } },
{ "type": "Feature", "properties": { "Name": null, "Type": "Частные дома", "Caption": null, "Purpose": "Частный дом", "PostIndex": null, "Elevation": 2, "Entrances": null, "Apartments": null, "District": "Алматы", "DistrictId": "9570759093518343", "CreateDate": "2014-12-02", "UpdateDate": "2026-03-05", "HouseId": "9570784863324599", "City": "Астана", "CityId": "9570771978420226", "Okato": null, "Oktmo": null, "Street": "Балталы", "StreetId1": "9570887942540610", "Number": "12", "Street2": null, "StreetId2": null, "Number2": null, "Street3": null, "StreetId3": null, "Number3": null, "Street4": null, "StreetId4": null, "Number4": null, "FIAS": null, "FIAS2": null, "FIAS3": null, "FIAS4": null, "GAR": null, "GAR2": null, "GAR3": null, "GAR4": null }, "geometry": { "type": "MultiPolygon", "coordinates": [ [ [ [ 71.468224147506845, 51.132812127080378 ], [ 71.468287568565898, 51.132711899626038 ], [ 71.468128207434503, 51.132672101712615 ], [ 71.468064786375436, 51.132772329253328 ], [ 71.468224147506845, 51.132812127080378 ] ] ] ] } },
{ "type": "Feature", "properties": { "Name": null, "Type": "Частные дома", "Caption": null, "Purpose": "Коттедж", "PostIndex": null, "Elevation": 2, "Entrances": null, "Apartments": null, "District": "Алматы", "DistrictId": "9570759093518343", "CreateDate": "2014-12-02", "UpdateDate": "2026-03-05", "HouseId": "9570784863324600", "City": "Астана", "CityId": "9570771978420226", "Okato": null, "Oktmo": null, "Street": "Балталы", "StreetId1": "9570887942540610", "Number": "10", "Street2": null, "StreetId2": null, "Number2": null, "Street3": null, "StreetId3": null, "Number3": null, "Street4": null, "StreetId4": null, "Number4": null, "FIAS": null, "FIAS2": null, "FIAS3": null, "FIAS4": null, "GAR": null, "GAR2": null, "GAR3": null, "GAR4": null }, "geometry": { "type": "MultiPolygon", "coordinates": [ [ [ [ 71.468343443776575, 51.132623340766287 ], [ 71.468406864835629, 51.132523112902184 ], [ 71.468247503704234, 51.13248325845484 ], [ 71.46818408264518, 51.132583599147658 ], [ 71.468343443776575, 51.132623340766287 ] ] ] ] } },
{ "type": "Feature", "properties": { "Name": null, "Type": "Частные дома", "Caption": null, "Purpose": "Частный дом", "PostIndex": null, "Elevation": 1, "Entrances": null, "Apartments": null, "District": "Сарыарка", "DistrictId": "70030076297673516", "CreateDate": "2014-12-03", "UpdateDate": "2026-03-16", "HouseId": "9570784863332738", "City": "Астана", "CityId": "9570771978420226", "Okato": null, "Oktmo": null, "Street": "Уланбел", "StreetId1": "9570887942537723", "Number": "3", "Street2": null, "StreetId2": null, "Number2": null, "Street3": null, "StreetId3": null, "Number3": null, "Street4": null, "StreetId4": null, "Number4": null, "FIAS": null, "FIAS2": null, "FIAS3": null, "FIAS4": null, "GAR": null, "GAR2": null, "GAR3": null, "GAR4": null }, "geometry": { "type": "MultiPolygon", "coordinates": [ [ [ [ 71.404069524186994, 51.196319418153379 ], [ 71.404133394403701, 51.196399861173475 ], [ 71.404389414259668, 51.196319643326476 ], [ 71.404325544042962, 51.196239143872972 ], [ 71.404069524186994, 51.196319418153379 ] ] ] ] } },
{ "type": "Feature", "properties": { "Name": null, "Type": "Частные дома", "Caption": null, "Purpose": "Частный дом", "PostIndex": null, "Elevation": 1, "Entrances": null, "Apartments": null, "District": "Алматы", "DistrictId": "9570759093518343", "CreateDate": "2014-12-04", "UpdateDate": "2026-03-05", "HouseId": "9570784863333050", "City": "Астана", "CityId": "9570771978420226", "Okato": null, "Oktmo": null, "Street": "Балталы", "StreetId1": "9570887942540610", "Number": "14а", "Street2": null, "StreetId2": null, "Number2": null, "Street3": null, "StreetId3": null, "Number3": null, "Street4": null, "StreetId4": null, "Number4": null, "FIAS": null, "FIAS2": null, "FIAS3": null, "FIAS4": null, "GAR": null, "GAR2": null, "GAR3": null, "GAR4": null }, "geometry": { "type": "MultiPolygon", "coordinates": [ [ [ [ 71.468056432043284, 51.133243474699221 ], [ 71.468212469408144, 51.133288289073107 ], [ 71.468283705810194, 51.133190148356142 ], [ 71.468127668445334, 51.133145333887022 ], [ 71.468056432043284, 51.133243474699221 ] ] ] ] } },
{ "type": "Feature", "properties": { "Name": null, "Type": "Частные дома", "Caption": null, "Purpose": "Частный дом", "PostIndex": null, "Elevation": 2, "Entrances": null, "Apartments": null, "District": "Алматы", "DistrictId": "9570759093518343", "CreateDate": "2014-12-02", "UpdateDate": "2026-03-05", "HouseId": "9570784863324545", "City": "Астана", "CityId": "9570771978420226", "Okato": null, "Oktmo": null, "Street": "Шертер", "StreetId1": "9570887942540612", "Number": "2", "Street2": null, "StreetId2": null, "Number2": null, "Street3": null, "StreetId3": null, "Number3": null, "Street4": null, "StreetId4": null, "Number4": null, "FIAS": null, "FIAS2": null, "FIAS3": null, "FIAS4": null, "GAR": null, "GAR2": null, "GAR3": null, "GAR4": null }, "geometry": { "type": "MultiPolygon", "coordinates": [ [ [ [ 71.464891487634276, 51.131849077684024 ], [ 71.464962903699373, 51.131750933908314 ], [ 71.464806776502996, 51.131706118042452 ], [ 71.464735540100961, 51.131804261913416 ], [ 71.464891487634276, 51.131849077684024 ] ] ] ] } },
{ "type": "Feature", "properties": { "Name": null, "Type": "Частные дома", "Caption": null, "Purpose": "Коттедж", "PostIndex": null, "Elevation": 3, "Entrances": null, "Apartments": null, "District": "Алматы", "DistrictId": "9570759093518343", "CreateDate": "2014-12-02", "UpdateDate": "2026-03-05", "HouseId": "9570784863324546", "City": "Астана", "CityId": "9570771978420226", "Okato": null, "Oktmo": null, "Street": "Шертер", "StreetId1": "9570887942540612", "Number": "4", "Street2": null, "StreetId2": null, "Number2": null, "Street3": null, "StreetId3": null, "Number3": null, "Street4": null, "StreetId4": null, "Number4": null, "FIAS": null, "FIAS2": null, "FIAS3": null, "FIAS4": null, "GAR": null, "GAR2": null, "GAR3": null, "GAR4": null }, "geometry": { "type": "MultiPolygon", "coordinates": [ [ [ [ 71.465245693350809, 51.131834251842719 ], [ 71.465317109415906, 51.131736220779786 ], [ 71.465161072051046, 51.131691404899641 ], [ 71.46508983564901, 51.131789436057716 ], [ 71.465245693350809, 51.131834251842719 ] ] ] ] } },
{ "type": "Feature", "properties": { "Name": null, "Type": "Частные дома", "Caption": null, "Purpose": "Частный дом", "PostIndex": null, "Elevation": 2, "Entrances": null, "Apartments": null, "District": "Алматы", "DistrictId": "9570759093518343", "CreateDate": "2014-12-02", "UpdateDate": "2026-03-05", "HouseId": "9570784863324547", "City": "Астана", "CityId": "9570771978420226", "Okato": null, "Oktmo": null, "Street": "Шертер", "StreetId1": "9570887942540612", "Number": "6", "Street2": null, "StreetId2": null, "Number2": null, "Street3": null, "StreetId3": null, "Number3": null, "Street4": null, "StreetId4": null, "Number4": null, "FIAS": null, "FIAS2": null, "FIAS3": null, "FIAS4": null, "GAR": null, "GAR2": null, "GAR3": null, "GAR4": null }, "geometry": { "type": "MultiPolygon", "coordinates": [ [ [ [ 71.465514648946893, 51.13191548386542 ], [ 71.465586065011976, 51.131817452974936 ], [ 71.465430027647116, 51.131772524429429 ], [ 71.46535870141355, 51.131870668159245 ], [ 71.465514648946893, 51.13191548386542 ] ] ] ] } },
{ "type": "Feature", "properties": { "Name": null, "Type": "Частные дома", "Caption": null, "Purpose": "Частный дом", "PostIndex": null, "Elevation": 1, "Entrances": null, "Apartments": null, "District": "Алматы", "DistrictId": "9570759093518343", "CreateDate": "2014-12-02", "UpdateDate": "2026-03-05", "HouseId": "9570784863324548", "City": "Астана", "CityId": "9570771978420226", "Okato": null, "Oktmo": null, "Street": "Шертер", "StreetId1": "9570887942540612", "Number": "8", "Street2": null, "StreetId2": null, "Number2": null, "Street3": null, "StreetId3": null, "Number3": null, "Street4": null, "StreetId4": null, "Number4": null, "FIAS": null, "FIAS2": null, "FIAS3": null, "FIAS4": null, "GAR": null, "GAR2": null, "GAR3": null, "GAR4": null }, "geometry": { "type": "MultiPolygon", "coordinates": [ [ [ [ 71.465676435529545, 51.13206289622731 ], [ 71.465747851594628, 51.131964809277889 ], [ 71.465591814229796, 51.131919993619604 ], [ 71.46552057782776, 51.13201808066421 ], [ 71.465676435529545, 51.13206289622731 ] ] ] ] } },
{ "type": "Feature", "properties": { "Name": null, "Type": "Частные дома", "Caption": null, "Purpose": "Частный дом", "PostIndex": null, "Elevation": 2, "Entrances": null, "Apartments": null, "District": "Алматы", "DistrictId": "9570759093518343", "CreateDate": "2014-12-02", "UpdateDate": "2026-03-05", "HouseId": "9570784863324549", "City": "Астана", "CityId": "9570771978420226", "Okato": null, "Oktmo": null, "Street": "Шертер", "StreetId1": "9570887942540612", "Number": "10", "Street2": null, "StreetId2": null, "Number2": null, "Street3": null, "StreetId3": null, "Number3": null, "Street4": null, "StreetId4": null, "Number4": null, "FIAS": null, "FIAS2": null, "FIAS3": null, "FIAS4": null, "GAR": null, "GAR2": null, "GAR3": null, "GAR4": null }, "geometry": { "type": "MultiPolygon", "coordinates": [ [ [ [ 71.466003152798379, 51.132159855535761 ], [ 71.466074479031946, 51.132061712420551 ], [ 71.465918441667085, 51.132016896856292 ], [ 71.465847205265064, 51.132115040066743 ], [ 71.466003152798379, 51.132159855535761 ] ] ] ] } },
{ "type": "Feature", "properties": { "Name": null, "Type": "Частные дома", "Caption": null, "Purpose": "Частный дом", "PostIndex": null, "Elevation": 2, "Entrances": null, "Apartments": null, "District": "Алматы", "DistrictId": "9570759093518343", "CreateDate": "2014-12-02", "UpdateDate": "2026-03-05", "HouseId": "9570784863324550", "City": "Астана", "CityId": "9570771978420226", "Okato": null, "Oktmo": null, "Street": "Шертер", "StreetId1": "9570887942540612", "Number": "12", "Street2": null, "StreetId2": null, "Number2": null, "Street3": null, "StreetId3": null, "Number3": null, "Street4": null, "StreetId4": null, "Number4": null, "FIAS": null, "FIAS2": null, "FIAS3": null, "FIAS4": null, "GAR": null, "GAR2": null, "GAR3": null, "GAR4": null }, "geometry": { "type": "MultiPolygon", "coordinates": [ [ [ [ 71.466319629272988, 51.132254954380656 ], [ 71.466391045338071, 51.132156811467546 ], [ 71.466235007973211, 51.132111995995587 ], [ 71.466163771571175, 51.132210139003938 ], [ 71.466319629272988, 51.132254954380656 ] ] ] ] } },
{ "type": "Feature", "properties": { "Name": null, "Type": "Частные дома", "Caption": null, "Purpose": "Частный дом", "PostIndex": null, "Elevation": 3, "Entrances": null, "Apartments": null, "District": "Алматы", "DistrictId": "9570759093518343", "CreateDate": "2014-12-02", "UpdateDate": "2026-03-05", "HouseId": "9570784863324553", "City": "Астана", "CityId": "9570771978420226", "Okato": null, "Oktmo": null, "Street": "Шертер", "StreetId1": "9570887942540612", "Number": "18/1", "Street2": null, "StreetId2": null, "Number2": null, "Street3": null, "StreetId3": null, "Number3": null, "Street4": null, "StreetId4": null, "Number4": null, "FIAS": null, "FIAS2": null, "FIAS3": null, "FIAS4": null, "GAR": null, "GAR2": null, "GAR3": null, "GAR4": null }, "geometry": { "type": "MultiPolygon", "coordinates": [ [ [ [ 71.46773097241585, 51.132324629521491 ], [ 71.467575923197828, 51.132278348553733 ], [ 71.467502261344535, 51.132376040237602 ], [ 71.467657400394089, 51.132422321107427 ], [ 71.46773097241585, 51.132324629521491 ] ] ] ] } },
{ "type": "Feature", "properties": { "Name": null, "Type": "Частные дома", "Caption": null, "Purpose": "Частный дом", "PostIndex": null, "Elevation": 2, "Entrances": null, "Apartments": null, "District": "Алматы", "DistrictId": "9570759093518343", "CreateDate": "2014-12-02", "UpdateDate": "2026-03-05", "HouseId": "9570784863324554", "City": "Астана", "CityId": "9570771978420226", "Okato": null, "Oktmo": null, "Street": "Шертер", "StreetId1": "9570887942540612", "Number": "18/2", "Street2": null, "StreetId2": null, "Number2": null, "Street3": null, "StreetId3": null, "Number3": null, "Street4": null, "StreetId4": null, "Number4": null, "FIAS": null, "FIAS2": null, "FIAS3": null, "FIAS4": null, "GAR": null, "GAR2": null, "GAR3": null, "GAR4": null }, "geometry": { "type": "MultiPolygon", "coordinates": [ [ [ [ 71.467837871934663, 51.132167803935168 ], [ 71.467683631200387, 51.132120789978416 ], [ 71.467608801537224, 51.132217580050636 ], [ 71.467762952439969, 51.132264875766339 ], [ 71.467837871934663, 51.132167803935168 ] ] ] ] } },
{ "type": "Feature", "properties": { "Name": null, "Type": "Частные дома", "Caption": null, "Purpose": "Частный дом", "PostIndex": null, "Elevation": 2, "Entrances": null, "Apartments": null, "District": "Алматы", "DistrictId": "9570759093518343", "CreateDate": "2014-12-02", "UpdateDate": "2026-03-05", "HouseId": "9570784863324555", "City": "Астана", "CityId": "9570771978420226", "Okato": null, "Oktmo": null, "Street": "переулок Тарлан", "StreetId1": "9570887942540614", "Number": "19", "Street2": null, "StreetId2": null, "Number2": null, "Street3": null, "StreetId3": null, "Number3": null, "Street4": null, "StreetId4": null, "Number4": null, "FIAS": null, "FIAS2": null, "FIAS3": null, "FIAS4": null, "GAR": null, "GAR2": null, "GAR3": null, "GAR4": null }, "geometry": { "type": "MultiPolygon", "coordinates": [ [ [ [ 71.467627845821241, 51.131908211885857 ], [ 71.467564604425249, 51.132008328340937 ], [ 71.467723785893583, 51.132048295941708 ], [ 71.467787206952636, 51.131948123201404 ], [ 71.467627845821241, 51.131908211885857 ] ] ] ] } },
{ "type": "Feature", "properties": { "Name": null, "Type": "Частные дома", "Caption": null, "Purpose": "Частный дом", "PostIndex": null, "Elevation": 2, "Entrances": null, "Apartments": null, "District": "Алматы", "DistrictId": "9570759093518343", "CreateDate": "2014-12-02", "UpdateDate": "2026-03-05", "HouseId": "9570784863324556", "City": "Астана", "CityId": "9570771978420226", "Okato": null, "Oktmo": null, "Street": "Дауылпаз", "StreetId1": "9570887942541699", "Number": "8", "Street2": null, "StreetId2": null, "Number2": null, "Street3": null, "StreetId3": null, "Number3": null, "Street4": null, "StreetId4": null, "Number4": null, "FIAS": null, "FIAS2": null, "FIAS3": null, "FIAS4": null, "GAR": null, "GAR2": null, "GAR3": null, "GAR4": null }, "geometry": { "type": "MultiPolygon", "coordinates": [ [ [ [ 71.464355732398829, 51.131707809207995 ], [ 71.46442714846394, 51.131609721504375 ], [ 71.464271021267535, 51.131564905501456 ], [ 71.464199784865514, 51.131662993300289 ], [ 71.464355732398829, 51.131707809207995 ] ] ] ] } },
{ "type": "Feature", "properties": { "Name": null, "Type": "Частные дома", "Caption": null, "Purpose": "Частный дом", "PostIndex": null, "Elevation": 2, "Entrances": null, "Apartments": null, "District": "Алматы", "DistrictId": "9570759093518343", "CreateDate": "2014-12-02", "UpdateDate": "2026-03-05", "HouseId": "9570784863324558", "City": "Астана", "CityId": "9570771978420226", "Okato": null, "Oktmo": null, "Street": "Дауылпаз", "StreetId1": "9570887942541699", "Number": "2", "Street2": null, "StreetId2": null, "Number2": null, "Street3": null, "StreetId3": null, "Number3": null, "Street4": null, "StreetId4": null, "Number4": null, "FIAS": null, "FIAS2": null, "FIAS3": null, "FIAS4": null, "GAR": null, "GAR2": null, "GAR3": null, "GAR4": null }, "geometry": { "type": "MultiPolygon", "coordinates": [ [ [ [ 71.464530095395503, 51.131149833963818 ], [ 71.464686671749504, 51.131193748404563 ], [ 71.464756560678623, 51.131095264998514 ], [ 71.464599894493077, 51.131051350464126 ], [ 71.464530095395503, 51.131149833963818 ] ] ] ] } },
{ "type": "Feature", "properties": { "Name": null, "Type": "Частные дома", "Caption": null, "Purpose": "Частный дом", "PostIndex": null, "Elevation": 3, "Entrances": null, "Apartments": null, "District": "Алматы", "DistrictId": "9570759093518343", "CreateDate": "2014-12-02", "UpdateDate": "2026-03-05", "HouseId": "9570784863324561", "City": "Астана", "CityId": "9570771978420226", "Okato": null, "Oktmo": null, "Street": "переулок Тарлан", "StreetId1": "9570887942540614", "Number": "1", "Street2": null, "StreetId2": null, "Number2": null, "Street3": null, "StreetId3": null, "Number3": null, "Street4": null, "StreetId4": null, "Number4": null, "FIAS": null, "FIAS2": null, "FIAS3": null, "FIAS4": null, "GAR": null, "GAR2": null, "GAR3": null, "GAR4": null }, "geometry": { "type": "MultiPolygon", "coordinates": [ [ [ [ 71.465180834987308, 51.131221991174286 ], [ 71.465111035889734, 51.13132047431008 ], [ 71.465267612243736, 51.131364388588558 ], [ 71.465337501172854, 51.131265905546421 ], [ 71.465180834987308, 51.131221991174286 ] ] ] ] } },
{ "type": "Feature", "properties": { "Name": null, "Type": "Частные дома", "Caption": null, "Purpose": "Частный дом", "PostIndex": null, "Elevation": 2, "Entrances": null, "Apartments": null, "District": "Алматы", "DistrictId": "9570759093518343", "CreateDate": "2014-12-02", "UpdateDate": "2026-03-05", "HouseId": "9570784863324562", "City": "Астана", "CityId": "9570771978420226", "Okato": null, "Oktmo": null, "Street": "переулок Тарлан", "StreetId1": "9570887942540614", "Number": "3", "Street2": null, "StreetId2": null, "Number2": null, "Street3": null, "StreetId3": null, "Number3": null, "Street4": null, "StreetId4": null, "Number4": null, "FIAS": null, "FIAS2": null, "FIAS3": null, "FIAS4": null, "GAR": null, "GAR2": null, "GAR3": null, "GAR4": null }, "geometry": { "type": "MultiPolygon", "coordinates": [ [ [ [ 71.465442424398034, 51.131295726707279 ], [ 71.465372625300461, 51.131394266058379 ], [ 71.465529201654476, 51.131438180266684 ], [ 71.465599180415126, 51.131339641009291 ], [ 71.465442424398034, 51.131295726707279 ] ] ] ] } },
{ "type": "Feature", "properties": { "Name": null, "Type": "Частные дома", "Caption": null, "Purpose": "Частный дом", "PostIndex": null, "Elevation": 2, "Entrances": null, "Apartments": null, "District": "Алматы", "DistrictId": "9570759093518343", "CreateDate": "2014-12-02", "UpdateDate": "2026-03-05", "HouseId": "9570784863324563", "City": "Астана", "CityId": "9570771978420226", "Okato": null, "Oktmo": null, "Street": "переулок Тарлан", "StreetId1": "9570887942540614", "Number": "5", "Street2": null, "StreetId2": null, "Number2": null, "Street3": null, "StreetId3": null, "Number3": null, "Street4": null, "StreetId4": null, "Number4": null, "FIAS": null, "FIAS2": null, "FIAS3": null, "FIAS4": null, "GAR": null, "GAR2": null, "GAR3": null, "GAR4": null }, "geometry": { "type": "MultiPolygon", "coordinates": [ [ [ [ 71.465714703760653, 51.1313728444782 ], [ 71.465644904663066, 51.131471327292296 ], [ 71.465801481017095, 51.131515241427309 ], [ 71.46587145977773, 51.131416758706891 ], [ 71.465714703760653, 51.1313728444782 ] ] ] ] } },
{ "type": "Feature", "properties": { "Name": null, "Type": "Частные дома", "Caption": null, "Purpose": "Частный дом", "PostIndex": null, "Elevation": 2, "Entrances": null, "Apartments": null, "District": "Алматы", "DistrictId": "9570759093518343", "CreateDate": "2014-12-02", "UpdateDate": "2026-03-05", "HouseId": "9570784863324564", "City": "Астана", "CityId": "9570771978420226", "Okato": null, "Oktmo": null, "Street": "переулок Тарлан", "StreetId1": "9570887942540614", "Number": "7", "Street2": null, "StreetId2": null, "Number2": null, "Street3": null, "StreetId3": null, "Number3": null, "Street4": null, "StreetId4": null, "Number4": null, "FIAS": null, "FIAS2": null, "FIAS3": null, "FIAS4": null, "GAR": null, "GAR2": null, "GAR3": null, "GAR4": null }, "geometry": { "type": "MultiPolygon", "coordinates": [ [ [ [ 71.466035851474729, 51.13146337877302 ], [ 71.465966142208686, 51.13156191776639 ], [ 71.466122718562715, 51.131605775442964 ], [ 71.466192607491806, 51.131507236543172 ], [ 71.466035851474729, 51.13146337877302 ] ] ] ] } },
{ "type": "Feature", "properties": { "Name": null, "Type": "Частные дома", "Caption": null, "Purpose": "Частный дом", "PostIndex": null, "Elevation": 2, "Entrances": null, "Apartments": null, "District": "Алматы", "DistrictId": "9570759093518343", "CreateDate": "2014-12-02", "UpdateDate": "2026-03-05", "HouseId": "9570784863324565", "City": "Астана", "CityId": "9570771978420226", "Okato": null, "Oktmo": null, "Street": "переулок Тарлан", "StreetId1": "9570887942540614", "Number": "9", "Street2": null, "StreetId2": null, "Number2": null, "Street3": null, "StreetId3": null, "Number3": null, "Street4": null, "StreetId4": null, "Number4": null, "FIAS": null, "FIAS2": null, "FIAS3": null, "FIAS4": null, "GAR": null, "GAR2": null, "GAR3": null, "GAR4": null }, "geometry": { "type": "MultiPolygon", "coordinates": [ [ [ [ 71.466272467720572, 51.131529785509045 ], [ 71.466202668622998, 51.131628324360719 ], [ 71.466359244977014, 51.131672238346439 ], [ 71.466429133906104, 51.131573699588465 ], [ 71.466272467720572, 51.131529785509045 ] ] ] ] } },
{ "type": "Feature", "properties": { "Name": null, "Type": "Частные дома", "Caption": null, "Purpose": "Частный дом", "PostIndex": null, "Elevation": 1, "Entrances": null, "Apartments": null, "District": "Алматы", "DistrictId": "9570759093518343", "CreateDate": "2014-12-02", "UpdateDate": "2026-03-05", "HouseId": "9570784863324566", "City": "Астана", "CityId": "9570771978420226", "Okato": null, "Oktmo": null, "Street": "переулок Тарлан", "StreetId1": "9570887942540614", "Number": "11", "Street2": null, "StreetId2": null, "Number2": null, "Street3": null, "StreetId3": null, "Number3": null, "Street4": null, "StreetId4": null, "Number4": null, "FIAS": null, "FIAS2": null, "FIAS3": null, "FIAS4": null, "GAR": null, "GAR2": null, "GAR3": null, "GAR4": null }, "geometry": { "type": "MultiPolygon", "coordinates": [ [ [ [ 71.466505400873729, 51.131595346564772 ], [ 71.466435601776155, 51.131693885276555 ], [ 71.466592178130185, 51.131737799199932 ], [ 71.466664672173593, 51.131636892946581 ], [ 71.466505400873729, 51.131595346564772 ] ] ] ] } },
{ "type": "Feature", "properties": { "Name": null, "Type": "Частные дома", "Caption": null, "Purpose": "Частный дом", "PostIndex": null, "Elevation": 2, "Entrances": null, "Apartments": null, "District": "Алматы", "DistrictId": "9570759093518343", "CreateDate": "2014-12-02", "UpdateDate": "2026-03-05", "HouseId": "9570784863324567", "City": "Астана", "CityId": "9570771978420226", "Okato": null, "Oktmo": null, "Street": "переулок Тарлан", "StreetId1": "9570887942540614", "Number": "13", "Street2": null, "StreetId2": null, "Number2": null, "Street3": null, "StreetId3": null, "Number3": null, "Street4": null, "StreetId4": null, "Number4": null, "FIAS": null, "FIAS2": null, "FIAS3": null, "FIAS4": null, "GAR": null, "GAR2": null, "GAR3": null, "GAR4": null }, "geometry": { "type": "MultiPolygon", "coordinates": [ [ [ [ 71.466739412005239, 51.131661302133104 ], [ 71.466669612907666, 51.131759840704149 ], [ 71.466826189261695, 51.131803754564814 ], [ 71.46689616802233, 51.131705216087482 ], [ 71.466739412005239, 51.131661302133104 ] ] ] ] } },
{ "type": "Feature", "properties": { "Name": null, "Type": "Частные дома", "Caption": null, "Purpose": "Частный дом", "PostIndex": null, "Elevation": 1, "Entrances": null, "Apartments": null, "District": "Алматы", "DistrictId": "9570759093518343", "CreateDate": "2014-12-02", "UpdateDate": "2026-03-05", "HouseId": "9570784863324568", "City": "Астана", "CityId": "9570771978420226", "Okato": null, "Oktmo": null, "Street": "переулок Тарлан", "StreetId1": "9570887942540614", "Number": "15", "Street2": null, "StreetId2": null, "Number2": null, "Street3": null, "StreetId3": null, "Number3": null, "Street4": null, "StreetId4": null, "Number4": null, "FIAS": null, "FIAS2": null, "FIAS3": null, "FIAS4": null, "GAR": null, "GAR2": null, "GAR3": null, "GAR4": null }, "geometry": { "type": "MultiPolygon", "coordinates": [ [ [ [ 71.467064242812, 51.131753245165626 ], [ 71.466994443714412, 51.131851727168481 ], [ 71.467151020068442, 51.13189564094175 ], [ 71.467220998829077, 51.13179715903258 ], [ 71.467064242812, 51.131753245165626 ] ] ] ] } },
{ "type": "Feature", "properties": { "Name": null, "Type": "Частные дома", "Caption": null, "Purpose": "Частный дом", "PostIndex": null, "Elevation": 2, "Entrances": null, "Apartments": null, "District": "Алматы", "DistrictId": "9570759093518343", "CreateDate": "2014-12-02", "UpdateDate": "2026-03-05", "HouseId": "9570784863324569", "City": "Астана", "CityId": "9570771978420226", "Okato": null, "Oktmo": null, "Street": "переулок Тарлан", "StreetId1": "9570887942540614", "Number": "17", "Street2": null, "StreetId2": null, "Number2": null, "Street3": null, "StreetId3": null, "Number3": null, "Street4": null, "StreetId4": null, "Number4": null, "FIAS": null, "FIAS2": null, "FIAS3": null, "FIAS4": null, "GAR": null, "GAR2": null, "GAR3": null, "GAR4": null }, "geometry": { "type": "MultiPolygon", "coordinates": [ [ [ [ 71.467265824761753, 51.131924616117189 ], [ 71.467422401115783, 51.131968529821158 ], [ 71.467492290044873, 51.131869991695424 ], [ 71.467335623859313, 51.131826077897742 ], [ 71.467265824761753, 51.131924616117189 ] ] ] ] } },
{ "type": "Feature", "properties": { "Name": null, "Type": "Частные дома", "Caption": null, "Purpose": "Частный дом", "PostIndex": null, "Elevation": 2, "Entrances": null, "Apartments": null, "District": "Алматы", "DistrictId": "9570759093518343", "CreateDate": "2014-12-02", "UpdateDate": "2026-03-05", "HouseId": "9570784863324513", "City": "Астана", "CityId": "9570771978420226", "Okato": null, "Oktmo": null, "Street": "Балталы", "StreetId1": "9570887942540610", "Number": "20", "Street2": null, "StreetId2": null, "Number2": null, "Street3": null, "StreetId3": null, "Number3": null, "Street4": null, "StreetId4": null, "Number4": null, "FIAS": null, "FIAS2": null, "FIAS3": null, "FIAS4": null, "GAR": null, "GAR2": null, "GAR3": null, "GAR4": null }, "geometry": { "type": "MultiPolygon", "coordinates": [ [ [ [ 71.467476749190453, 51.133856385000968 ], [ 71.467547985592489, 51.133758301861079 ], [ 71.467391948227629, 51.133713487943339 ], [ 71.467320711825607, 51.13381157117842 ], [ 71.467476749190453, 51.133856385000968 ] ] ] ] } },
{ "type": "Feature", "properties": { "Name": null, "Type": "Частные дома", "Caption": null, "Purpose": "Частный дом", "PostIndex": null, "Elevation": 2, "Entrances": null, "Apartments": null, "District": "Алматы", "DistrictId": "9570759093518343", "CreateDate": "2014-12-02", "UpdateDate": "2026-03-05", "HouseId": "9570784863324514", "City": "Астана", "CityId": "9570771978420226", "Okato": null, "Oktmo": null, "Street": "Балталы", "StreetId1": "9570887942540610", "Number": "16", "Street2": null, "StreetId2": null, "Number2": null, "Street3": null, "StreetId3": null, "Number3": null, "Street4": null, "StreetId4": null, "Number4": null, "FIAS": null, "FIAS2": null, "FIAS3": null, "FIAS4": null, "GAR": null, "GAR2": null, "GAR3": null, "GAR4": null }, "geometry": { "type": "MultiPolygon", "coordinates": [ [ [ [ 71.467670515797238, 51.133329833931811 ], [ 71.467826553162098, 51.133374648221881 ], [ 71.46789778956412, 51.133276564058733 ], [ 71.467741752199274, 51.133231749673477 ], [ 71.467670515797238, 51.133329833931811 ] ] ] ] } },
{ "type": "Feature", "properties": { "Name": null, "Type": "Частные дома", "Caption": null, "Purpose": "Частный дом", "PostIndex": null, "Elevation": 2, "Entrances": null, "Apartments": null, "District": "Алматы", "DistrictId": "9570759093518343", "CreateDate": "2014-12-02", "UpdateDate": "2026-03-05", "HouseId": "9570784863324515", "City": "Астана", "CityId": "9570771978420226", "Okato": null, "Oktmo": null, "Street": "Балталы", "StreetId1": "9570887942540610", "Number": "14", "Street2": null, "StreetId2": null, "Number2": null, "Street3": null, "StreetId3": null, "Number3": null, "Street4": null, "StreetId4": null, "Number4": null, "FIAS": null, "FIAS2": null, "FIAS3": null, "FIAS4": null, "GAR": null, "GAR2": null, "GAR3": null, "GAR4": null }, "geometry": { "type": "MultiPolygon", "coordinates": [ [ [ [ 71.467834188842005, 51.133104690789985 ], [ 71.467990226206865, 51.133149505298569 ], [ 71.468061462608887, 51.133051364286636 ], [ 71.467905425244027, 51.13300654968284 ], [ 71.467834188842005, 51.133104690789985 ] ] ] ] } },
{ "type": "Feature", "properties": { "Name": null, "Type": "Частные дома", "Caption": null, "Purpose": "Частный дом", "PostIndex": null, "Elevation": 2, "Entrances": null, "Apartments": null, "District": "Алматы", "DistrictId": "9570759093518343", "CreateDate": "2014-12-02", "UpdateDate": "2026-03-05", "HouseId": "9570784863324516", "City": "Астана", "CityId": "9570771978420226", "Okato": null, "Oktmo": null, "Street": "проспект Тауелсиздик", "StreetId1": "9570887942537473", "Number": "47/4", "Street2": null, "StreetId2": null, "Number2": null, "Street3": null, "StreetId3": null, "Number3": null, "Street4": null, "StreetId4": null, "Number4": null, "FIAS": null, "FIAS2": null, "FIAS3": null, "FIAS4": null, "GAR": null, "GAR2": null, "GAR3": null, "GAR4": null }, "geometry": { "type": "MultiPolygon", "coordinates": [ [ [ [ 71.46853774937253, 51.133337162057686 ], [ 71.46846489600297, 51.133434795131521 ], [ 71.468620124884083, 51.133480680350104 ], [ 71.468692888422083, 51.13338299100316 ], [ 71.46853774937253, 51.133337162057686 ] ] ] ] } },
{ "type": "Feature", "properties": { "Name": null, "Type": "Частные дома", "Caption": null, "Purpose": "Частный дом", "PostIndex": null, "Elevation": 1, "Entrances": null, "Apartments": null, "District": "Алматы", "DistrictId": "9570759093518343", "CreateDate": "2014-12-02", "UpdateDate": "2026-03-05", "HouseId": "9570784863324517", "City": "Астана", "CityId": "9570771978420226", "Okato": null, "Oktmo": null, "Street": "проспект Тауелсиздик", "StreetId1": "9570887942537473", "Number": "47/3", "Street2": null, "StreetId2": null, "Number2": null, "Street3": null, "StreetId3": null, "Number3": null, "Street4": null, "StreetId4": null, "Number4": null, "FIAS": null, "FIAS2": null, "FIAS3": null, "FIAS4": null, "GAR": null, "GAR2": null, "GAR3": null, "GAR4": null }, "geometry": { "type": "MultiPolygon", "coordinates": [ [ [ [ 71.468410008939117, 51.133508921721187 ], [ 71.4683371555696, 51.133606667171591 ], [ 71.468492384450684, 51.133652495849581 ], [ 71.468565058157154, 51.133554750496181 ], [ 71.468410008939117, 51.133508921721187 ] ] ] ] } },
{ "type": "Feature", "properties": { "Name": null, "Type": "Частные дома", "Caption": null, "Purpose": "Частный дом", "PostIndex": null, "Elevation": 2, "Entrances": null, "Apartments": null, "District": "Алматы", "DistrictId": "9570759093518343", "CreateDate": "2014-12-02", "UpdateDate": "2026-03-05", "HouseId": "9570784863324518", "City": "Астана", "CityId": "9570771978420226", "Okato": null, "Oktmo": null, "Street": "проспект Тауелсиздик", "StreetId1": "9570887942537473", "Number": "47/2", "Street2": null, "StreetId2": null, "Number2": null, "Street3": null, "StreetId3": null, "Number3": null, "Street4": null, "StreetId4": null, "Number4": null, "FIAS": null, "FIAS2": null, "FIAS3": null, "FIAS4": null, "GAR": null, "GAR2": null, "GAR3": null, "GAR4": null }, "geometry": { "type": "MultiPolygon", "coordinates": [ [ [ [ 71.468293766941358, 51.1336652917946 ], [ 71.468220913571827, 51.133762980544326 ], [ 71.468376232284442, 51.133808809067183 ], [ 71.468448905990925, 51.133711064044668 ], [ 71.468293766941358, 51.1336652917946 ] ] ] ] } },
{ "type": "Feature", "properties": { "Name": null, "Type": "Частные дома", "Caption": null, "Purpose": "Частный дом", "PostIndex": null, "Elevation": 2, "Entrances": null, "Apartments": null, "District": "Алматы", "DistrictId": "9570759093518343", "CreateDate": "2014-12-02", "UpdateDate": "2026-03-05", "HouseId": "9570784863324519", "City": "Астана", "CityId": "9570771978420226", "Okato": null, "Oktmo": null, "Street": "проспект Тауелсиздик", "StreetId1": "9570887942537473", "Number": "47/1", "Street2": null, "StreetId2": null, "Number2": null, "Street3": null, "StreetId3": null, "Number3": null, "Street4": null, "StreetId4": null, "Number4": null, "FIAS": null, "FIAS2": null, "FIAS3": null, "FIAS4": null, "GAR": null, "GAR2": null, "GAR3": null, "GAR4": null }, "geometry": { "type": "MultiPolygon", "coordinates": [ [ [ [ 71.468186687759484, 51.13380926002413 ], [ 71.468113834389939, 51.13390700483879 ], [ 71.468269153102582, 51.133952833218693 ], [ 71.468341826809066, 51.133855088501065 ], [ 71.468186687759484, 51.13380926002413 ] ] ] ] } },
{ "type": "Feature", "properties": { "Name": null, "Type": "Частные дома", "Caption": null, "Purpose": "Частный дом", "PostIndex": null, "Elevation": 1, "Entrances": null, "Apartments": null, "District": "Алматы", "DistrictId": "9570759093518343", "CreateDate": "2014-12-02", "UpdateDate": "2026-03-05", "HouseId": "9570784863324520", "City": "Астана", "CityId": "9570771978420226", "Okato": null, "Oktmo": null, "Street": "Балталы", "StreetId1": "9570887942540610", "Number": "7", "Street2": null, "StreetId2": null, "Number2": null, "Street3": null, "StreetId3": null, "Number3": null, "Street4": null, "StreetId4": null, "Number4": null, "FIAS": null, "FIAS2": null, "FIAS3": null, "FIAS4": null, "GAR": null, "GAR2": null, "GAR3": null, "GAR4": null }, "geometry": { "type": "MultiPolygon", "coordinates": [ [ [ [ 71.46682915370215, 51.133577918531181 ], [ 71.466699347143575, 51.13354037616206 ], [ 71.466639699008709, 51.133621999772487 ], [ 71.466769595398802, 51.133659598445057 ], [ 71.46682915370215, 51.133577918531181 ] ] ] ] } },
{ "type": "Feature", "properties": { "Name": null, "Type": "Частные дома", "Caption": null, "Purpose": "Частный дом", "PostIndex": null, "Elevation": 2, "Entrances": null, "Apartments": null, "District": "Алматы", "DistrictId": "9570759093518343", "CreateDate": "2014-12-02", "UpdateDate": "2026-03-05", "HouseId": "9570784863324521", "City": "Астана", "CityId": "9570771978420226", "Okato": null, "Oktmo": null, "Street": "Балталы", "StreetId1": "9570887942540610", "Number": "5", "Street2": null, "StreetId2": null, "Number2": null, "Street3": null, "StreetId3": null, "Number3": null, "Street4": null, "StreetId4": null, "Number4": null, "FIAS": null, "FIAS2": null, "FIAS3": null, "FIAS4": null, "GAR": null, "GAR2": null, "GAR3": null, "GAR4": null }, "geometry": { "type": "MultiPolygon", "coordinates": [ [ [ [ 71.466897695158309, 51.133267206593196 ], [ 71.466826458756287, 51.133365290776233 ], [ 71.466982496121133, 51.133410105031885 ], [ 71.467053732523155, 51.133312020944054 ], [ 71.466897695158309, 51.133267206593196 ] ] ] ] } },
{ "type": "Feature", "properties": { "Name": null, "Type": "Частные дома", "Caption": null, "Purpose": "Частный дом", "PostIndex": null, "Elevation": 2, "Entrances": null, "Apartments": null, "District": "Алматы", "DistrictId": "9570759093518343", "CreateDate": "2014-12-02", "UpdateDate": "2026-03-05", "HouseId": "9570784863324522", "City": "Астана", "CityId": "9570771978420226", "Okato": null, "Oktmo": null, "Street": "Балталы", "StreetId1": "9570887942540610", "Number": "3", "Street2": null, "StreetId2": null, "Number2": null, "Street3": null, "StreetId3": null, "Number3": null, "Street4": null, "StreetId4": null, "Number4": null, "FIAS": null, "FIAS2": null, "FIAS3": null, "FIAS4": null, "GAR": null, "GAR2": null, "GAR3": null, "GAR4": null }, "geometry": { "type": "MultiPolygon", "coordinates": [ [ [ [ 71.467169525363289, 51.133154578636415 ], [ 71.467014476145252, 51.133108749464263 ], [ 71.466941622775693, 51.13320643939138 ], [ 71.467096851656805, 51.133252268466585 ], [ 71.467169525363289, 51.133154578636415 ] ] ] ] } },
{ "type": "Feature", "properties": { "Name": null, "Type": "Частные дома", "Caption": null, "Purpose": "Частный дом", "PostIndex": null, "Elevation": 3, "Entrances": null, "Apartments": null, "District": "Алматы", "DistrictId": "9570759093518343", "CreateDate": "2014-12-02", "UpdateDate": "2026-03-05", "HouseId": "9570784863324523", "City": "Астана", "CityId": "9570771978420226", "Okato": null, "Oktmo": null, "Street": "Балталы", "StreetId1": "9570887942540610", "Number": "1", "Street2": null, "StreetId2": null, "Number2": null, "Street3": null, "StreetId3": null, "Number3": null, "Street4": null, "StreetId4": null, "Number4": null, "FIAS": null, "FIAS2": null, "FIAS3": null, "FIAS4": null, "GAR": null, "GAR2": null, "GAR3": null, "GAR4": null }, "geometry": { "type": "MultiPolygon", "coordinates": [ [ [ [ 71.467231419286364, 51.132807899267519 ], [ 71.467158565916833, 51.132905589831104 ], [ 71.467313794797917, 51.132951419204886 ], [ 71.467386558335932, 51.132853728738255 ], [ 71.467231419286364, 51.132807899267519 ] ] ] ] } },
{ "type": "Feature", "properties": { "Name": null, "Type": "Частные дома", "Caption": null, "Purpose": "Частный дом", "PostIndex": null, "Elevation": 2, "Entrances": null, "Apartments": null, "District": "Алматы", "DistrictId": "9570759093518343", "CreateDate": "2014-12-02", "UpdateDate": "2026-03-05", "HouseId": "9570784863324530", "City": "Астана", "CityId": "9570771978420226", "Okato": null, "Oktmo": null, "Street": "Майкайын", "StreetId1": "9570887942540611", "Number": "12", "Street2": null, "StreetId2": null, "Number2": null, "Street3": null, "StreetId3": null, "Number3": null, "Street4": null, "StreetId4": null, "Number4": null, "FIAS": null, "FIAS2": null, "FIAS3": null, "FIAS4": null, "GAR": null, "GAR2": null, "GAR3": null, "GAR4": null }, "geometry": { "type": "MultiPolygon", "coordinates": [ [ [ [ 71.465040967297568, 51.133066527960359 ], [ 71.46488510959577, 51.133021600630094 ], [ 71.464813693530687, 51.133119798075732 ], [ 71.464969641064002, 51.133164556199226 ], [ 71.465040967297568, 51.133066527960359 ] ] ] ] } },
{ "type": "Feature", "properties": { "Name": null, "Type": "Частные дома", "Caption": null, "Purpose": "Частный дом", "PostIndex": null, "Elevation": 2, "Entrances": null, "Apartments": null, "District": "Алматы", "DistrictId": "9570759093518343", "CreateDate": "2014-12-02", "UpdateDate": "2026-04-29", "HouseId": "9570784863324531", "City": "Астана", "CityId": "9570771978420226", "Okato": null, "Oktmo": null, "Street": "Майкайын", "StreetId1": "9570887942540611", "Number": "10", "Street2": null, "StreetId2": null, "Number2": null, "Street3": null, "StreetId3": null, "Number3": null, "Street4": null, "StreetId4": null, "Number4": null, "FIAS": null, "FIAS2": null, "FIAS3": null, "FIAS4": null, "GAR": null, "GAR2": null, "GAR3": null, "GAR4": null }, "geometry": { "type": "MultiPolygon", "coordinates": [ [ [ [ 71.464741918139467, 51.132984283291187 ], [ 71.464585970606166, 51.132939355880879 ], [ 71.464514644372599, 51.133037553501438 ], [ 71.464670502074398, 51.133082311704648 ], [ 71.464741918139467, 51.132984283291187 ] ] ] ] } },
{ "type": "Feature", "properties": { "Name": null, "Type": "Частные дома", "Caption": null, "Purpose": "Частный дом", "PostIndex": null, "Elevation": 2, "Entrances": null, "Apartments": null, "District": "Алматы", "DistrictId": "9570759093518343", "CreateDate": "2014-12-02", "UpdateDate": "2026-03-05", "HouseId": "9570784863324532", "City": "Астана", "CityId": "9570771978420226", "Okato": null, "Oktmo": null, "Street": "Майкайын", "StreetId1": "9570887942540611", "Number": "8", "Street2": null, "StreetId2": null, "Number2": null, "Street3": null, "StreetId3": null, "Number3": null, "Street4": null, "StreetId4": null, "Number4": null, "FIAS": null, "FIAS2": null, "FIAS3": null, "FIAS4": null, "GAR": null, "GAR2": null, "GAR3": null, "GAR4": null }, "geometry": { "type": "MultiPolygon", "coordinates": [ [ [ [ 71.464438736731083, 51.132900911060986 ], [ 71.464282789197767, 51.132855983569598 ], [ 71.46421137313267, 51.132954181367424 ], [ 71.464367320666, 51.132998939651443 ], [ 71.464438736731083, 51.132900911060986 ] ] ] ] } },
{ "type": "Feature", "properties": { "Name": null, "Type": "Частные дома", "Caption": null, "Purpose": "Частный дом", "PostIndex": null, "Elevation": 2, "Entrances": null, "Apartments": null, "District": "Алматы", "DistrictId": "9570759093518343", "CreateDate": "2014-12-02", "UpdateDate": "2026-03-05", "HouseId": "9570784863324536", "City": "Астана", "CityId": "9570771978420226", "Okato": null, "Oktmo": null, "Street": "Дауылпаз", "StreetId1": "9570887942541699", "Number": "10", "Street2": null, "StreetId2": null, "Number2": null, "Street3": null, "StreetId3": null, "Number3": null, "Street4": null, "StreetId4": null, "Number4": null, "FIAS": null, "FIAS2": null, "FIAS3": null, "FIAS4": null, "GAR": null, "GAR2": null, "GAR3": null, "GAR4": null }, "geometry": { "type": "MultiPolygon", "coordinates": [ [ [ [ 71.463796351471416, 51.131819651484825 ], [ 71.463952209173215, 51.131864354496521 ], [ 71.464023625238298, 51.131766323497502 ], [ 71.463867677704982, 51.131721394902243 ], [ 71.463796351471416, 51.131819651484825 ] ] ] ] } },
{ "type": "Feature", "properties": { "Name": null, "Type": "Частные дома", "Caption": null, "Purpose": "Частный дом", "PostIndex": null, "Elevation": 2, "Entrances": null, "Apartments": null, "District": "Алматы", "DistrictId": "9570759093518343", "CreateDate": "2014-12-02", "UpdateDate": "2026-03-05", "HouseId": "9570784863324587", "City": "Астана", "CityId": "9570771978420226", "Okato": null, "Oktmo": null, "Street": "Акыртас", "StreetId1": "9570887942537761", "Number": "21", "Street2": null, "StreetId2": null, "Number2": null, "Street3": null, "StreetId3": null, "Number3": null, "Street4": null, "StreetId4": null, "Number4": null, "FIAS": null, "FIAS2": null, "FIAS3": null, "FIAS4": null, "GAR": null, "GAR2": null, "GAR3": null, "GAR4": null }, "geometry": { "type": "MultiPolygon", "coordinates": [ [ [ [ 71.469902559783691, 51.131501542927545 ], [ 71.469832311528464, 51.131599912722542 ], [ 71.469988708219432, 51.131644221341119 ], [ 71.470058866643143, 51.131545795268117 ], [ 71.469902559783691, 51.131501542927545 ] ] ] ] } },
{ "type": "Feature", "properties": { "Name": null, "Type": "Частные дома", "Caption": null, "Purpose": "Частный дом", "PostIndex": null, "Elevation": 2, "Entrances": null, "Apartments": null, "District": "Алматы", "DistrictId": "9570759093518343", "CreateDate": "2014-12-02", "UpdateDate": "2026-03-05", "HouseId": "9570784863324588", "City": "Астана", "CityId": "9570771978420226", "Okato": null, "Oktmo": null, "Street": "Акыртас", "StreetId1": "9570887942537761", "Number": "19", "Street2": null, "StreetId2": null, "Number2": null, "Street3": null, "StreetId3": null, "Number3": null, "Street4": null, "StreetId4": null, "Number4": null, "FIAS": null, "FIAS2": null, "FIAS3": null, "FIAS4": null, "GAR": null, "GAR2": null, "GAR3": null, "GAR4": null }, "geometry": { "type": "MultiPolygon", "coordinates": [ [ [ [ 71.469670974103451, 51.131436432718765 ], [ 71.469600725848238, 51.131534859024853 ], [ 71.469757032707676, 51.131579111333508 ], [ 71.469827280962889, 51.131480741494187 ], [ 71.469670974103451, 51.131436432718765 ] ] ] ] } },
{ "type": "Feature", "properties": { "Name": null, "Type": "Частные дома", "Caption": null, "Purpose": "Частный дом", "PostIndex": null, "Elevation": 2, "Entrances": null, "Apartments": null, "District": "Алматы", "DistrictId": "9570759093518343", "CreateDate": "2014-12-02", "UpdateDate": "2026-03-05", "HouseId": "9570784863324589", "City": "Астана", "CityId": "9570771978420226", "Okato": null, "Oktmo": null, "Street": "Акыртас", "StreetId1": "9570887942537761", "Number": "17", "Street2": null, "StreetId2": null, "Number2": null, "Street3": null, "StreetId3": null, "Number3": null, "Street4": null, "StreetId4": null, "Number4": null, "FIAS": null, "FIAS2": null, "FIAS3": null, "FIAS4": null, "GAR": null, "GAR2": null, "GAR3": null, "GAR4": null }, "geometry": { "type": "MultiPolygon", "coordinates": [ [ [ [ 71.46939159805008, 51.131357623875722 ], [ 71.469321349794868, 51.131456050349769 ], [ 71.469477656654306, 51.13150035910639 ], [ 71.469547904909518, 51.131401876354218 ], [ 71.46939159805008, 51.131357623875722 ] ] ] ] } },
{ "type": "Feature", "properties": { "Name": null, "Type": "Частные дома", "Caption": null, "Purpose": "Частный дом", "PostIndex": null, "Elevation": 2, "Entrances": null, "Apartments": null, "District": "Алматы", "DistrictId": "9570759093518343", "CreateDate": "2014-12-02", "UpdateDate": "2026-03-05", "HouseId": "9570784863324540", "City": "Астана", "CityId": "9570771978420226", "Okato": null, "Oktmo": null, "Street": "Шертер", "StreetId1": "9570887942540612", "Number": "7", "Street2": null, "StreetId2": null, "Number2": null, "Street3": null, "StreetId3": null, "Number3": null, "Street4": null, "StreetId4": null, "Number4": null, "FIAS": null, "FIAS2": null, "FIAS3": null, "FIAS4": null, "GAR": null, "GAR2": null, "GAR3": null, "GAR4": null }, "geometry": { "type": "MultiPolygon", "coordinates": [ [ [ [ 71.464907747140927, 51.132032793702933 ], [ 71.46483399545609, 51.132130147676257 ], [ 71.464988775179549, 51.13217659790736 ], [ 71.465062257369794, 51.132079356775421 ], [ 71.464907747140927, 51.132032793702933 ] ] ] ] } },
{ "type": "Feature", "properties": { "Name": null, "Type": "Частные дома", "Caption": null, "Purpose": "Частный дом", "PostIndex": null, "Elevation": 2, "Entrances": null, "Apartments": null, "District": "Алматы", "DistrictId": "9570759093518343", "CreateDate": "2014-12-02", "UpdateDate": "2026-03-05", "HouseId": "9570784863324541", "City": "Астана", "CityId": "9570771978420226", "Okato": null, "Oktmo": null, "Street": "Шертер", "StreetId1": "9570887942540612", "Number": "9", "Street2": null, "StreetId2": null, "Number2": null, "Street3": null, "StreetId3": null, "Number3": null, "Street4": null, "StreetId4": null, "Number4": null, "FIAS": null, "FIAS2": null, "FIAS3": null, "FIAS4": null, "GAR": null, "GAR2": null, "GAR3": null, "GAR4": null }, "geometry": { "type": "MultiPolygon", "coordinates": [ [ [ [ 71.465192243591403, 51.1321184787395 ], [ 71.465118132580471, 51.132215776160628 ], [ 71.465272732640869, 51.132262339048609 ], [ 71.465346843651815, 51.132165098097218 ], [ 71.465192243591403, 51.1321184787395 ] ] ] ] } },
{ "type": "Feature", "properties": { "Name": null, "Type": "Частные дома", "Caption": null, "Purpose": "Частный дом", "PostIndex": null, "Elevation": 2, "Entrances": null, "Apartments": null, "District": "Алматы", "DistrictId": "9570759093518343", "CreateDate": "2014-12-02", "UpdateDate": "2026-03-05", "HouseId": "9570784863324542", "City": "Астана", "CityId": "9570771978420226", "Okato": null, "Oktmo": null, "Street": "Шертер", "StreetId1": "9570887942540612", "Number": "11", "Street2": null, "StreetId2": null, "Number2": null, "Street3": null, "StreetId3": null, "Number3": null, "Street4": null, "StreetId4": null, "Number4": null, "FIAS": null, "FIAS2": null, "FIAS3": null, "FIAS4": null, "GAR": null, "GAR2": null, "GAR3": null, "GAR4": null }, "geometry": { "type": "MultiPolygon", "coordinates": [ [ [ [ 71.465500904723029, 51.132211491921616 ], [ 71.465426883543614, 51.132308732775314 ], [ 71.465581483604026, 51.132355351940959 ], [ 71.465655774278005, 51.132258167556941 ], [ 71.465500904723029, 51.132211491921616 ] ] ] ] } },
{ "type": "Feature", "properties": { "Name": null, "Type": "Частные дома", "Caption": null, "Purpose": "Частный дом", "PostIndex": null, "Elevation": 2, "Entrances": null, "Apartments": null, "District": "Алматы", "DistrictId": "9570759093518343", "CreateDate": "2014-12-02", "UpdateDate": "2026-03-05", "HouseId": "9570784863324572", "City": "Астана", "CityId": "9570771978420226", "Okato": null, "Oktmo": null, "Street": "переулок Тарлан", "StreetId1": "9570887942540614", "Number": "2", "Street2": null, "StreetId2": null, "Number2": null, "Street3": null, "StreetId3": null, "Number3": null, "Street4": null, "StreetId4": null, "Number4": null, "FIAS": null, "FIAS2": null, "FIAS3": null, "FIAS4": null, "GAR": null, "GAR2": null, "GAR3": null, "GAR4": null }, "geometry": { "type": "MultiPolygon", "coordinates": [ [ [ [ 71.465188201172637, 51.130627536418565 ], [ 71.46503144515556, 51.130583621439385 ], [ 71.464961646057986, 51.130682105936543 ], [ 71.465118222411988, 51.13072602082206 ], [ 71.465188201172637, 51.130627536418565 ] ] ] ] } },
{ "type": "Feature", "properties": { "Name": null, "Type": "Частные дома", "Caption": null, "Purpose": "Коттедж", "PostIndex": null, "Elevation": 2, "Entrances": null, "Apartments": null, "District": "Алматы", "DistrictId": "9570759093518343", "CreateDate": "2014-12-02", "UpdateDate": "2026-03-05", "HouseId": "9570784863324573", "City": "Астана", "CityId": "9570771978420226", "Okato": null, "Oktmo": null, "Street": "переулок Тарлан", "StreetId1": "9570887942540614", "Number": "4", "Street2": null, "StreetId2": null, "Number2": null, "Street3": null, "StreetId3": null, "Number3": null, "Street4": null, "StreetId4": null, "Number4": null, "FIAS": null, "FIAS2": null, "FIAS3": null, "FIAS4": null, "GAR": null, "GAR2": null, "GAR3": null, "GAR4": null }, "geometry": { "type": "MultiPolygon", "coordinates": [ [ [ [ 71.465491472412538, 51.131045093062369 ], [ 71.465561361341656, 51.130946609339304 ], [ 71.465326541726384, 51.130880709123417 ], [ 71.465256652797294, 51.130979136613931 ], [ 71.465491472412538, 51.131045093062369 ] ] ] ] } },
{ "type": "Feature", "properties": { "Name": null, "Type": "Частные дома", "Caption": null, "Purpose": "Частный дом", "PostIndex": null, "Elevation": 2, "Entrances": null, "Apartments": null, "District": "Алматы", "DistrictId": "9570759093518343", "CreateDate": "2014-12-02", "UpdateDate": "2026-03-05", "HouseId": "9570784863324574", "City": "Астана", "CityId": "9570771978420226", "Okato": null, "Oktmo": null, "Street": "переулок Тарлан", "StreetId1": "9570887942540614", "Number": "6", "Street2": null, "StreetId2": null, "Number2": null, "Street3": null, "StreetId3": null, "Number3": null, "Street4": null, "StreetId4": null, "Number4": null, "FIAS": null, "FIAS2": null, "FIAS3": null, "FIAS4": null, "GAR": null, "GAR2": null, "GAR3": null, "GAR4": null }, "geometry": { "type": "MultiPolygon", "coordinates": [ [ [ [ 71.466030102256909, 51.131197130773096 ], [ 71.466100081017544, 51.131098647374273 ], [ 71.465943325000467, 51.131054732843083 ], [ 71.465873525902879, 51.131153216335576 ], [ 71.466030102256909, 51.131197130773096 ] ] ] ] } },
{ "type": "Feature", "properties": { "Name": null, "Type": "Частные дома", "Caption": null, "Purpose": "Частный дом", "PostIndex": null, "Elevation": 2, "Entrances": null, "Apartments": null, "District": "Алматы", "DistrictId": "9570759093518343", "CreateDate": "2014-12-02", "UpdateDate": "2026-03-05", "HouseId": "9570784863324575", "City": "Астана", "CityId": "9570771978420226", "Okato": null, "Oktmo": null, "Street": "переулок Тарлан", "StreetId1": "9570887942540614", "Number": "8", "Street2": null, "StreetId2": null, "Number2": null, "Street3": null, "StreetId3": null, "Number3": null, "Street4": null, "StreetId4": null, "Number4": null, "FIAS": null, "FIAS2": null, "FIAS3": null, "FIAS4": null, "GAR": null, "GAR2": null, "GAR3": null, "GAR4": null }, "geometry": { "type": "MultiPolygon", "coordinates": [ [ [ [ 71.466652994074906, 51.131254067273048 ], [ 71.466496238057829, 51.131210152889679 ], [ 71.466426438960255, 51.131308692423382 ], [ 71.466583015314271, 51.131352606713065 ], [ 71.466652994074906, 51.131254067273048 ] ] ] ] } },
{ "type": "Feature", "properties": { "Name": null, "Type": "Частные дома", "Caption": null, "Purpose": "Частный дом", "PostIndex": null, "Elevation": 2, "Entrances": null, "Apartments": null, "District": "Алматы", "DistrictId": "9570759093518343", "CreateDate": "2014-12-02", "UpdateDate": "2026-03-05", "HouseId": "9570784863324576", "City": "Астана", "CityId": "9570771978420226", "Okato": null, "Oktmo": null, "Street": "переулок Тарлан", "StreetId1": "9570887942540614", "Number": "10", "Street2": null, "StreetId2": null, "Number2": null, "Street3": null, "StreetId3": null, "Number3": null, "Street4": null, "StreetId4": null, "Number4": null, "FIAS": null, "FIAS2": null, "FIAS3": null, "FIAS4": null, "GAR": null, "GAR2": null, "GAR3": null, "GAR4": null }, "geometry": { "type": "MultiPolygon", "coordinates": [ [ [ [ 71.467126855387292, 51.13138767046766 ], [ 71.466970099370201, 51.131343756211315 ], [ 71.466900300272627, 51.131442295459941 ], [ 71.467056876626657, 51.131486209622572 ], [ 71.467126855387292, 51.13138767046766 ] ] ] ] } },
{ "type": "Feature", "properties": { "Name": null, "Type": "Частные дома", "Caption": null, "Purpose": "Частный дом", "PostIndex": null, "Elevation": 2, "Entrances": null, "Apartments": null, "District": "Алматы", "DistrictId": "9570759093518343", "CreateDate": "2014-12-02", "UpdateDate": "2026-03-05", "HouseId": "9570784863324577", "City": "Астана", "CityId": "9570771978420226", "Okato": null, "Oktmo": null, "Street": "переулок Тарлан", "StreetId1": "9570887942540614", "Number": "12", "Street2": null, "StreetId2": null, "Number2": null, "Street3": null, "StreetId3": null, "Number3": null, "Street4": null, "StreetId4": null, "Number4": null, "FIAS": null, "FIAS2": null, "FIAS3": null, "FIAS4": null, "GAR": null, "GAR2": null, "GAR3": null, "GAR4": null }, "geometry": { "type": "MultiPolygon", "coordinates": [ [ [ [ 71.467717677349654, 51.131554702103529 ], [ 71.467560921332577, 51.131510788006025 ], [ 71.467491122234989, 51.131609326898243 ], [ 71.467647698589019, 51.13165324090204 ], [ 71.467717677349654, 51.131554702103529 ] ] ] ] } },
{ "type": "Feature", "properties": { "Name": null, "Type": "Частные дома", "Caption": null, "Purpose": "Частный дом", "PostIndex": null, "Elevation": 2, "Entrances": null, "Apartments": null, "District": "Алматы", "DistrictId": "9570759093518343", "CreateDate": "2014-12-02", "UpdateDate": "2026-03-05", "HouseId": "9570784863324578", "City": "Астана", "CityId": "9570771978420226", "Okato": null, "Oktmo": null, "Street": "переулок Тарлан", "StreetId1": "9570887942540614", "Number": "14", "Street2": null, "StreetId2": null, "Number2": null, "Street3": null, "StreetId3": null, "Number3": null, "Street4": null, "StreetId4": null, "Number4": null, "FIAS": null, "FIAS2": null, "FIAS3": null, "FIAS4": null, "GAR": null, "GAR2": null, "GAR3": null, "GAR4": null }, "geometry": { "type": "MultiPolygon", "coordinates": [ [ [ [ 71.467447374280667, 51.131478035615999 ], [ 71.467290708095106, 51.131434121445608 ], [ 71.467220908997533, 51.131532604128992 ], [ 71.467377485351548, 51.131576518205755 ], [ 71.467447374280667, 51.131478035615999 ] ] ] ] } },
{ "type": "Feature", "properties": { "Name": null, "Type": "Частные дома", "Caption": null, "Purpose": "Частный дом", "PostIndex": null, "Elevation": 2, "Entrances": null, "Apartments": null, "District": "Алматы", "DistrictId": "9570759093518343", "CreateDate": "2014-12-02", "UpdateDate": "2026-03-05", "HouseId": "9570784863324579", "City": "Астана", "CityId": "9570771978420226", "Okato": null, "Oktmo": null, "Street": "Акыртас", "StreetId1": "9570887942537761", "Number": "11", "Street2": null, "StreetId2": null, "Number2": null, "Street3": null, "StreetId3": null, "Number3": null, "Street4": null, "StreetId4": null, "Number4": null, "FIAS": null, "FIAS2": null, "FIAS3": null, "FIAS4": null, "GAR": null, "GAR2": null, "GAR3": null, "GAR4": null }, "geometry": { "type": "MultiPolygon", "coordinates": [ [ [ [ 71.46783526682033, 51.130918986505769 ], [ 71.467765018565132, 51.131017470287738 ], [ 71.467921505087631, 51.131061553973268 ], [ 71.467991753342844, 51.130963183031504 ], [ 71.46783526682033, 51.130918986505769 ] ] ] ] } },
{ "type": "Feature", "properties": { "Name": null, "Type": "Частные дома", "Caption": null, "Purpose": "Частный дом", "PostIndex": null, "Elevation": 2, "Entrances": null, "Apartments": null, "District": "Алматы", "DistrictId": "9570759093518343", "CreateDate": "2014-12-02", "UpdateDate": "2026-03-05", "HouseId": "9570784863324581", "City": "Астана", "CityId": "9570771978420226", "Okato": null, "Oktmo": null, "Street": "Акыртас", "StreetId1": "9570887942537761", "Number": "9", "Street2": null, "StreetId2": null, "Number2": null, "Street3": null, "StreetId3": null, "Number3": null, "Street4": null, "StreetId4": null, "Number4": null, "FIAS": null, "FIAS2": null, "FIAS3": null, "FIAS4": null, "GAR": null, "GAR2": null, "GAR3": null, "GAR4": null }, "geometry": { "type": "MultiPolygon", "coordinates": [ [ [ [ 71.467364729274522, 51.130786283928174 ], [ 71.467294570850839, 51.130884767993152 ], [ 71.467450967541794, 51.130928851805351 ], [ 71.467521215797035, 51.130830480580912 ], [ 71.467364729274522, 51.130786283928174 ] ] ] ] } },
{ "type": "Feature", "properties": { "Name": null, "Type": "Частные дома", "Caption": null, "Purpose": "Коттедж", "PostIndex": null, "Elevation": 2, "Entrances": null, "Apartments": null, "District": "Алматы", "DistrictId": "9570759093518343", "CreateDate": "2014-12-02", "UpdateDate": "2026-03-05", "HouseId": "9570784863324593", "City": "Астана", "CityId": "9570771978420226", "Okato": null, "Oktmo": null, "Street": "проспект Тауелсиздик", "StreetId1": "9570887942537473", "Number": "49/5", "Street2": null, "StreetId2": null, "Number2": null, "Street3": null, "StreetId3": null, "Number3": null, "Street4": null, "StreetId4": null, "Number4": null, "FIAS": null, "FIAS2": null, "FIAS3": null, "FIAS4": null, "GAR": null, "GAR2": null, "GAR3": null, "GAR4": null }, "geometry": { "type": "MultiPolygon", "coordinates": [ [ [ [ 71.469452863152469, 51.13210641519791 ], [ 71.46938000978291, 51.132204107245506 ], [ 71.469535238664008, 51.132249937315493 ], [ 71.469608002202023, 51.13215224536485 ], [ 71.469452863152469, 51.13210641519791 ] ] ] ] } },
{ "type": "Feature", "properties": { "Name": null, "Type": "Частные дома", "Caption": null, "Purpose": "Коттедж", "PostIndex": null, "Elevation": 2, "Entrances": null, "Apartments": null, "District": "Алматы", "DistrictId": "9570759093518343", "CreateDate": "2014-12-02", "UpdateDate": "2026-03-05", "HouseId": "9570784863324594", "City": "Астана", "CityId": "9570771978420226", "Okato": null, "Oktmo": null, "Street": "проспект Тауелсиздик", "StreetId1": "9570887942537473", "Number": "51/4", "Street2": null, "StreetId2": null, "Number2": null, "Street3": null, "StreetId3": null, "Number3": null, "Street4": null, "StreetId4": null, "Number4": null, "FIAS": null, "FIAS2": null, "FIAS3": null, "FIAS4": null, "GAR": null, "GAR2": null, "GAR3": null, "GAR4": null }, "geometry": { "type": "MultiPolygon", "coordinates": [ [ [ [ 71.469336441491649, 51.132263071878199 ], [ 71.469263588122104, 51.132360819965761 ], [ 71.469418817003202, 51.132406649880203 ], [ 71.469491490709686, 51.13230895826112 ], [ 71.469336441491649, 51.132263071878199 ] ] ] ] } },
{ "type": "Feature", "properties": { "Name": null, "Type": "Частные дома", "Caption": null, "Purpose": "Частный дом", "PostIndex": null, "Elevation": 2, "Entrances": null, "Apartments": null, "District": "Алматы", "DistrictId": "9570759093518343", "CreateDate": "2014-12-02", "UpdateDate": "2026-03-05", "HouseId": "9570784863324596", "City": "Астана", "CityId": "9570771978420226", "Okato": null, "Oktmo": null, "Street": "проспект Тауелсиздик", "StreetId1": "9570887942537473", "Number": "49/2", "Street2": null, "StreetId2": null, "Number2": null, "Street3": null, "StreetId3": null, "Number3": null, "Street4": null, "StreetId4": null, "Number4": null, "FIAS": null, "FIAS2": null, "FIAS3": null, "FIAS4": null, "GAR": null, "GAR2": null, "GAR3": null, "GAR4": null }, "geometry": { "type": "MultiPolygon", "coordinates": [ [ [ [ 71.46904242289915, 51.132658347184986 ], [ 71.468969569529605, 51.132756038064954 ], [ 71.46912488824222, 51.132801867587162 ], [ 71.469197561948704, 51.132704120433189 ], [ 71.46904242289915, 51.132658347184986 ] ] ] ] } },
{ "type": "Feature", "properties": { "Name": null, "Type": "Частные дома", "Caption": null, "Purpose": "Частный дом", "PostIndex": null, "Elevation": 2, "Entrances": null, "Apartments": null, "District": "Алматы", "DistrictId": "9570759093518343", "CreateDate": "2014-12-02", "UpdateDate": "2026-03-05", "HouseId": "9570784863324597", "City": "Астана", "CityId": "9570771978420226", "Okato": null, "Oktmo": null, "Street": "проспект Тауелсиздик", "StreetId1": "9570887942537473", "Number": "51/1", "Street2": "проспект Тауелсиздик", "StreetId2": "9570887942537473", "Number2": "49/1", "Street3": null, "StreetId3": null, "Number3": null, "Street4": null, "StreetId4": null, "Number4": null, "FIAS": null, "FIAS2": null, "FIAS3": null, "FIAS4": null, "GAR": null, "GAR2": null, "GAR3": null, "GAR4": null }, "geometry": { "type": "MultiPolygon", "coordinates": [ [ [ [ 71.468917736737694, 51.132826163416283 ], [ 71.468820449192449, 51.132956041599222 ], [ 71.468975767905064, 51.133001870922939 ], [ 71.469072875787262, 51.1328719928689 ], [ 71.468917736737694, 51.132826163416283 ] ] ] ] } },
{ "type": "Feature", "properties": { "Name": null, "Type": "Частные дома", "Caption": null, "Purpose": "Частный дом", "PostIndex": null, "Elevation": 2, "Entrances": null, "Apartments": null, "District": "Алматы", "DistrictId": "9570759093518343", "CreateDate": "2014-12-02", "UpdateDate": "2026-03-05", "HouseId": "9570784863324602", "City": "Астана", "CityId": "9570771978420226", "Okato": null, "Oktmo": null, "Street": "Балталы", "StreetId1": "9570887942540610", "Number": "6", "Street2": null, "StreetId2": null, "Number2": null, "Street3": null, "StreetId3": null, "Number3": null, "Street4": null, "StreetId4": null, "Number4": null, "FIAS": null, "FIAS2": null, "FIAS3": null, "FIAS4": null, "GAR": null, "GAR2": null, "GAR3": null, "GAR4": null }, "geometry": { "type": "MultiPolygon", "coordinates": [ [ [ [ 71.468614375666263, 51.132194975048996 ], [ 71.468677706893786, 51.132094746255156 ], [ 71.468518345762391, 51.132054947809856 ], [ 71.468454924703323, 51.132155176690084 ], [ 71.468614375666263, 51.132194975048996 ] ] ] ] } },
{ "type": "Feature", "properties": { "Name": null, "Type": "Частные дома", "Caption": null, "Purpose": "Частный дом", "PostIndex": null, "Elevation": 2, "Entrances": null, "Apartments": null, "District": "Алматы", "DistrictId": "9570759093518343", "CreateDate": "2014-12-02", "UpdateDate": "2026-03-05", "HouseId": "9570784863324603", "City": "Астана", "CityId": "9570771978420226", "Okato": null, "Oktmo": null, "Street": "Балталы", "StreetId1": "9570887942540610", "Number": "4", "Street2": null, "StreetId2": null, "Number2": null, "Street3": null, "StreetId3": null, "Number3": null, "Street4": null, "StreetId4": null, "Number4": null, "FIAS": null, "FIAS2": null, "FIAS3": null, "FIAS4": null, "GAR": null, "GAR2": null, "GAR3": null, "GAR4": null }, "geometry": { "type": "MultiPolygon", "coordinates": [ [ [ [ 71.46875388402988, 51.131973941519909 ], [ 71.468817305088933, 51.13187365587433 ], [ 71.468657943957538, 51.131833857238497 ], [ 71.468594522898485, 51.131934142970508 ], [ 71.46875388402988, 51.131973941519909 ] ] ] ] } },
{ "type": "Feature", "properties": { "Name": null, "Type": "Частные дома", "Caption": null, "Purpose": "Частный дом", "PostIndex": null, "Elevation": 2, "Entrances": null, "Apartments": null, "District": "Алматы", "DistrictId": "9570759093518343", "CreateDate": "2014-12-02", "UpdateDate": "2026-03-05", "HouseId": "9570784863324604", "City": "Астана", "CityId": "9570771978420226", "Okato": null, "Oktmo": null, "Street": "Балталы", "StreetId1": "9570887942540610", "Number": "2", "Street2": null, "StreetId2": null, "Number2": null, "Street3": null, "StreetId3": null, "Number3": null, "Street4": null, "StreetId4": null, "Number4": null, "FIAS": null, "FIAS2": null, "FIAS3": null, "FIAS4": null, "GAR": null, "GAR2": null, "GAR3": null, "GAR4": null }, "geometry": { "type": "MultiPolygon", "coordinates": [ [ [ [ 71.468943338723307, 51.131838592488755 ], [ 71.469038380480356, 51.131688135311734 ], [ 71.468865814114295, 51.131644954180501 ], [ 71.468770772357232, 51.131795411498224 ], [ 71.468943338723307, 51.131838592488755 ] ] ] ] } },
{ "type": "Feature", "properties": { "Name": "Станция ЛРТ Дом министерств", "Type": "Навес", "Caption": null, "Purpose": "Навес", "PostIndex": null, "Elevation": 3, "Entrances": null, "Apartments": null, "District": "Есиль", "DistrictId": "9570759093518340", "CreateDate": "2014-12-04", "UpdateDate": "2026-06-11", "HouseId": "9570784863337011", "City": "Астана", "CityId": "9570771978420226", "Okato": null, "Oktmo": null, "Street": null, "StreetId1": null, "Number": null, "Street2": null, "StreetId2": null, "Number2": null, "Street3": null, "StreetId3": null, "Number3": null, "Street4": null, "StreetId4": null, "Number4": null, "FIAS": null, "FIAS2": null, "FIAS3": null, "FIAS4": null, "GAR": null, "GAR2": null, "GAR3": null, "GAR4": null }, "geometry": { "type": "MultiPolygon", "coordinates": [ [ [ [ 71.437010925318702, 51.122103640086905 ], [ 71.43708925841149, 51.12231372604591 ], [ 71.438257247943895, 51.122141248137439 ], [ 71.438350043912749, 51.122391197116535 ], [ 71.438297941626274, 51.122403488730072 ], [ 71.438333065753881, 51.122462409492634 ], [ 71.438547044454552, 51.122411946260407 ], [ 71.438511920326945, 51.122353025433483 ], [ 71.438242515573236, 51.121629336228096 ], [ 71.438287970326613, 51.121456179147998 ], [ 71.438095281698168, 51.121288772679144 ], [ 71.437979668521123, 51.121341548916668 ], [ 71.438113786993014, 51.121458039842942 ], [ 71.438067703418952, 51.121633677833294 ], [ 71.438179004682652, 51.121931161394045 ], [ 71.437010925318702, 51.122103640086905 ] ] ] ] } }
]
}
