{
"type": "FeatureCollection",
"name": "HouseEnterDirection",
"crs": { "type": "name", "properties": { "name": "urn:ogc:def:crs:OGC:1.3:CRS84" } },
"xy_coordinate_resolution": 1e-15,
"features": [
{ "type": "Feature", "properties": { "HouseEntId": "9571192885216172", "Id": "9571235834889130" }, "geometry": { "type": "MultiLineString", "coordinates": [ [ [ 71.456692743699193, 51.119475173113294 ], [ 71.456553414998623, 51.119494795825119 ] ] ] } },
{ "type": "Feature", "properties": { "HouseEntId": "9571192885216180", "Id": "9571235834889138" }, "geometry": { "type": "MultiLineString", "coordinates": [ [ [ 71.465258808753958, 51.118971802596249 ], [ 71.46527228348323, 51.119061289835948 ] ] ] } },
{ "type": "Feature", "properties": { "HouseEntId": "9571192885218796", "Id": "9571235834891754" }, "geometry": { "type": "MultiLineString", "coordinates": [ [ [ 71.459663562175308, 51.132473055259808 ], [ 71.459802172223647, 51.132451183209845 ] ] ] } },
{ "type": "Feature", "properties": { "HouseEntId": "9571192885218860", "Id": "9571235834891818" }, "geometry": { "type": "MultiLineString", "coordinates": [ [ [ 71.466710935410731, 51.127647085928281 ], [ 71.466676440103825, 51.127559870409641 ] ] ] } },
{ "type": "Feature", "properties": { "HouseEntId": "9571192885219429", "Id": "9571235834892387" }, "geometry": { "type": "MultiLineString", "coordinates": [ [ [ 71.468779396183947, 51.134515340464333 ], [ 71.468838289071115, 51.134532663085658 ] ] ] } },
{ "type": "Feature", "properties": { "HouseEntId": "9571192885220403", "Id": "9571235834893361" }, "geometry": { "type": "MultiLineString", "coordinates": [ [ [ 71.459098072703952, 51.130837076251233 ], [ 71.459236682752277, 51.13081514705312 ] ] ] } },
{ "type": "Feature", "properties": { "HouseEntId": "9571192885220647", "Id": "9571235834893605" }, "geometry": { "type": "MultiLineString", "coordinates": [ [ [ 71.463347732818534, 51.135542593252843 ], [ 71.463427233721177, 51.135467962619494 ] ] ] } },
{ "type": "Feature", "properties": { "HouseEntId": "9571192885220808", "Id": "9571235834893766" }, "geometry": { "type": "MultiLineString", "coordinates": [ [ [ 71.46315234924424, 51.126458640517498 ], [ 71.463207056645032, 51.126541629729068 ] ] ] } },
{ "type": "Feature", "properties": { "HouseEntId": "9571192885221390", "Id": "9571235834894348" }, "geometry": { "type": "MultiLineString", "coordinates": [ [ [ 71.441054242412534, 51.12981141001449 ], [ 71.441165992833859, 51.129755373728948 ] ] ] } },
{ "type": "Feature", "properties": { "HouseEntId": "9571192885221392", "Id": "9571235834894350" }, "geometry": { "type": "MultiLineString", "coordinates": [ [ [ 71.43928608843882, 51.127943966995772 ], [ 71.439417601796393, 51.127908844249667 ] ] ] } },
{ "type": "Feature", "properties": { "HouseEntId": "9571192885221393", "Id": "9571235834894351" }, "geometry": { "type": "MultiLineString", "coordinates": [ [ [ 71.440025401917623, 51.128884885837138 ], [ 71.440148111785447, 51.1288389396762 ] ] ] } },
{ "type": "Feature", "properties": { "HouseEntId": "9571192885221394", "Id": "9571235834894352" }, "geometry": { "type": "MultiLineString", "coordinates": [ [ [ 71.441906923280214, 51.13039183820397 ], [ 71.442005558298405, 51.130326951926079 ] ] ] } },
{ "type": "Feature", "properties": { "HouseEntId": "9571192885221418", "Id": "9571235834894376" }, "geometry": { "type": "MultiLineString", "coordinates": [ [ [ 71.441392997106178, 51.123588824700583 ], [ 71.44148848802088, 51.12334361832287 ] ] ] } },
{ "type": "Feature", "properties": { "HouseEntId": "9571192915799251", "Id": "9571235865472212" }, "geometry": { "type": "MultiLineString", "coordinates": [ [ [ 71.468764034992603, 51.126053784080341 ], [ 71.468798530299509, 51.126141002442942 ] ] ] } },
{ "type": "Feature", "properties": { "HouseEntId": "9571192915804651", "Id": "9571235865477612" }, "geometry": { "type": "MultiLineString", "coordinates": [ [ [ 71.439596546200974, 51.128381110464133 ], [ 71.439725364612727, 51.128342323591653 ] ] ] } },
{ "type": "Feature", "properties": { "HouseEntId": "9571192915805146", "Id": "9571235865478107" }, "geometry": { "type": "MultiLineString", "coordinates": [ [ [ 71.442944746927964, 51.130954896186132 ], [ 71.443031075026752, 51.130883358663418 ] ] ] } },
{ "type": "Feature", "properties": { "HouseEntId": "9571192915805156", "Id": "9571235865478118" }, "geometry": { "type": "MultiLineString", "coordinates": [ [ [ 71.44239452881645, 51.130672578824921 ], [ 71.44248840276363, 51.130604817891538 ] ] ] } },
{ "type": "Feature", "properties": { "HouseEntId": "9571192916073835", "Id": "9571235865746796" }, "geometry": { "type": "MultiLineString", "coordinates": [ [ [ 71.464685324276573, 51.135378338059027 ], [ 71.464744163927691, 51.13529643571421 ] ] ] } },
{ "type": "Feature", "properties": { "HouseEntId": "9571192919399076", "Id": "9571235869072038" }, "geometry": { "type": "MultiLineString", "coordinates": [ [ [ 71.469030115979749, 51.126012176296641 ], [ 71.469064521455138, 51.126099394737814 ] ] ] } },
{ "type": "Feature", "properties": { "HouseEntId": "9571192924152873", "Id": "9571235873825834" }, "geometry": { "type": "MultiLineString", "coordinates": [ [ [ 71.465862476624892, 51.127779910280204 ], [ 71.465827981317986, 51.127692695012399 ] ] ] } },
{ "type": "Feature", "properties": { "HouseEntId": "9571192924240217", "Id": "9571235873913178" }, "geometry": { "type": "MultiLineString", "coordinates": [ [ [ 71.467353859659596, 51.134889345647906 ], [ 71.467414316278209, 51.13480789338292 ] ] ] } },
{ "type": "Feature", "properties": { "HouseEntId": "9571192924240260", "Id": "9571235873913221" }, "geometry": { "type": "MultiLineString", "coordinates": [ [ [ 71.467821342933448, 51.134829595211514 ], [ 71.467691895700995, 51.134791546544257 ] ] ] } },
{ "type": "Feature", "properties": { "HouseEntId": "9571192924240375", "Id": "9571235873913336" }, "geometry": { "type": "MultiLineString", "coordinates": [ [ [ 71.466629548046001, 51.133769688535139 ], [ 71.466676799429948, 51.133840206934202 ] ] ] } },
{ "type": "Feature", "properties": { "HouseEntId": "9571192924240396", "Id": "9571235873913357" }, "geometry": { "type": "MultiLineString", "coordinates": [ [ [ 71.467215698768896, 51.134848647717561 ], [ 71.467276155387509, 51.134767195380768 ] ] ] } },
{ "type": "Feature", "properties": { "HouseEntId": "9571192924240436", "Id": "9571235873913397" }, "geometry": { "type": "MultiLineString", "coordinates": [ [ [ 71.466329061583465, 51.135183136291595 ], [ 71.466389697865139, 51.135101740912901 ] ] ] } },
{ "type": "Feature", "properties": { "HouseEntId": "9571192924240526", "Id": "9571235873913488" }, "geometry": { "type": "MultiLineString", "coordinates": [ [ [ 71.466741478130402, 51.134945319335642 ], [ 71.466612030897963, 51.134907270763755 ] ] ] } },
{ "type": "Feature", "properties": { "HouseEntId": "9571192924240550", "Id": "9571235873913511" }, "geometry": { "type": "MultiLineString", "coordinates": [ [ [ 71.466835711403689, 51.134419231634773 ], [ 71.46677516495356, 51.134500628216607 ] ] ] } },
{ "type": "Feature", "properties": { "HouseEntId": "9571192924179970", "Id": "9571235873852931" }, "geometry": { "type": "MultiLineString", "coordinates": [ [ [ 71.459761837867376, 51.127349695554948 ], [ 71.459816545268183, 51.12743273954289 ] ] ] } },
{ "type": "Feature", "properties": { "HouseEntId": "9571192924179989", "Id": "9571235873852950" }, "geometry": { "type": "MultiLineString", "coordinates": [ [ [ 71.459872240815798, 51.127320886641684 ], [ 71.459926948216605, 51.127403874303994 ] ] ] } },
{ "type": "Feature", "properties": { "HouseEntId": "9571192924180037", "Id": "9571235873852998" }, "geometry": { "type": "MultiLineString", "coordinates": [ [ [ 71.460574453873377, 51.127888379459129 ], [ 71.460519836304115, 51.127805336290443 ] ] ] } },
{ "type": "Feature", "properties": { "HouseEntId": "9571192924180065", "Id": "9571235873853026" }, "geometry": { "type": "MultiLineString", "coordinates": [ [ [ 71.460492797014055, 51.127909746278789 ], [ 71.460438089613262, 51.127826646771602 ] ] ] } },
{ "type": "Feature", "properties": { "HouseEntId": "9571192924180087", "Id": "9571235873853048" }, "geometry": { "type": "MultiLineString", "coordinates": [ [ [ 71.463248468979629, 51.128358616337124 ], [ 71.463214422830362, 51.128271345785713 ] ] ] } },
{ "type": "Feature", "properties": { "HouseEntId": "9571192924180111", "Id": "9571235873853072" }, "geometry": { "type": "MultiLineString", "coordinates": [ [ [ 71.462885459773318, 51.128414541565007 ], [ 71.462851503455582, 51.128327214742974 ] ] ] } },
{ "type": "Feature", "properties": { "HouseEntId": "9571192924180514", "Id": "9571235873853475" }, "geometry": { "type": "MultiLineString", "coordinates": [ [ [ 71.461295441720424, 51.12866045391069 ], [ 71.461260946413518, 51.128573240305627 ] ] ] } },
{ "type": "Feature", "properties": { "HouseEntId": "9571192924180532", "Id": "9571235873853493" }, "geometry": { "type": "MultiLineString", "coordinates": [ [ [ 71.460798314042194, 51.128012351976935 ], [ 71.460937193585124, 51.1279911543349 ] ] ] } },
{ "type": "Feature", "properties": { "HouseEntId": "9571192924180567", "Id": "9571235873853528" }, "geometry": { "type": "MultiLineString", "coordinates": [ [ [ 71.46412603318069, 51.13347887650945 ], [ 71.464125763686098, 51.133568786606375 ] ] ] } },
{ "type": "Feature", "properties": { "HouseEntId": "9571192924180618", "Id": "9571235873853579" }, "geometry": { "type": "MultiLineString", "coordinates": [ [ [ 71.461971334140202, 51.134305197262556 ], [ 71.462101679687933, 51.134341949844327 ] ] ] } },
{ "type": "Feature", "properties": { "HouseEntId": "9571192924180666", "Id": "9571235873853628" }, "geometry": { "type": "MultiLineString", "coordinates": [ [ [ 71.462325090699096, 51.134706486521424 ], [ 71.4623839303502, 51.134624639353511 ] ] ] } },
{ "type": "Feature", "properties": { "HouseEntId": "9571192924180693", "Id": "9571235873853654" }, "geometry": { "type": "MultiLineString", "coordinates": [ [ [ 71.461959835704562, 51.134602599216684 ], [ 71.462018765187196, 51.13452069549588 ] ] ] } },
{ "type": "Feature", "properties": { "HouseEntId": "9571192924180727", "Id": "9571235873853688" }, "geometry": { "type": "MultiLineString", "coordinates": [ [ [ 71.463602854359209, 51.135070231167525 ], [ 71.463661694010312, 51.134988271908014 ] ] ] } },
{ "type": "Feature", "properties": { "HouseEntId": "9571192924180749", "Id": "9571235873853710" }, "geometry": { "type": "MultiLineString", "coordinates": [ [ [ 71.463776588535168, 51.135119609578275 ], [ 71.463835518017802, 51.135037763142641 ] ] ] } },
{ "type": "Feature", "properties": { "HouseEntId": "9571192924180849", "Id": "9571235873853810" }, "geometry": { "type": "MultiLineString", "coordinates": [ [ [ 71.463566292927155, 51.134640253459409 ], [ 71.463436037210954, 51.134603219271845 ] ] ] } },
{ "type": "Feature", "properties": { "HouseEntId": "9571192924181199", "Id": "9571235873854160" }, "geometry": { "type": "MultiLineString", "coordinates": [ [ [ 71.46579411483178, 51.135577033783896 ], [ 71.465664667599327, 51.135538872997543 ] ] ] } },
{ "type": "Feature", "properties": { "HouseEntId": "9571192924181229", "Id": "9571235873854190" }, "geometry": { "type": "MultiLineString", "coordinates": [ [ [ 71.463832643408892, 51.126609960408189 ], [ 71.463700591062135, 51.12664429484493 ] ] ] } },
{ "type": "Feature", "properties": { "HouseEntId": "9571192924181397", "Id": "9571235873854358" }, "geometry": { "type": "MultiLineString", "coordinates": [ [ [ 71.463869923493192, 51.126655908786553 ], [ 71.463765090099528, 51.126716966499615 ] ] ] } },
{ "type": "Feature", "properties": { "HouseEntId": "9571192924181465", "Id": "9571235873854426" }, "geometry": { "type": "MultiLineString", "coordinates": [ [ [ 71.459238389551317, 51.127580504477407 ], [ 71.45935005014114, 51.127636487024667 ] ] ] } },
{ "type": "Feature", "properties": { "HouseEntId": "9571192924181503", "Id": "9571235873854464" }, "geometry": { "type": "MultiLineString", "coordinates": [ [ [ 71.459086664099829, 51.127932240624439 ], [ 71.459157900501879, 51.127854271454765 ] ] ] } },
{ "type": "Feature", "properties": { "HouseEntId": "9571192924202362", "Id": "9571235873875323" }, "geometry": { "type": "MultiLineString", "coordinates": [ [ [ 71.467418718023097, 51.126601052619115 ], [ 71.467556699250736, 51.126624336899589 ] ] ] } },
{ "type": "Feature", "properties": { "HouseEntId": "9571192924202368", "Id": "9571235873875329" }, "geometry": { "type": "MultiLineString", "coordinates": [ [ [ 71.468183902982105, 51.126144497939485 ], [ 71.468218398289011, 51.126231716130818 ] ] ] } },
{ "type": "Feature", "properties": { "HouseEntId": "9571192924202385", "Id": "9571235873875346" }, "geometry": { "type": "MultiLineString", "coordinates": [ [ [ 71.467506303763301, 51.126395721966958 ], [ 71.467644284990953, 51.126419006350936 ] ] ] } },
{ "type": "Feature", "properties": { "HouseEntId": "9571192924202425", "Id": "9571235873875386" }, "geometry": { "type": "MultiLineString", "coordinates": [ [ [ 71.463071141542557, 51.127481167705902 ], [ 71.462957684322163, 51.127426538028253 ] ] ] } },
{ "type": "Feature", "properties": { "HouseEntId": "9571192924202536", "Id": "9571235873875497" }, "geometry": { "type": "MultiLineString", "coordinates": [ [ [ 71.460828677098803, 51.127368638392213 ], [ 71.460960909108607, 51.127334642759067 ] ] ] } },
{ "type": "Feature", "properties": { "HouseEntId": "9571192924202555", "Id": "9571235873875516" }, "geometry": { "type": "MultiLineString", "coordinates": [ [ [ 71.458437361812472, 51.128213954596795 ], [ 71.458549202065356, 51.128269936376235 ] ] ] } },
{ "type": "Feature", "properties": { "HouseEntId": "9571192924202586", "Id": "9571235873875547" }, "geometry": { "type": "MultiLineString", "coordinates": [ [ [ 71.458228234014328, 51.128469959339952 ], [ 71.458368730524754, 51.128486026535917 ] ] ] } },
{ "type": "Feature", "properties": { "HouseEntId": "9571192924202596", "Id": "9571235873875557" }, "geometry": { "type": "MultiLineString", "coordinates": [ [ [ 71.458201643881907, 51.128792937093841 ], [ 71.45834034376179, 51.128771514307019 ] ] ] } },
{ "type": "Feature", "properties": { "HouseEntId": "9571192924202724", "Id": "9571235873875685" }, "geometry": { "type": "MultiLineString", "coordinates": [ [ [ 71.459529533534905, 51.128909578356264 ], [ 71.459495038227999, 51.128822308845969 ] ] ] } },
{ "type": "Feature", "properties": { "HouseEntId": "9571192924202798", "Id": "9571235873875759" }, "geometry": { "type": "MultiLineString", "coordinates": [ [ [ 71.462041851890007, 51.127685535122069 ], [ 71.462075808207743, 51.127772863157375 ] ] ] } },
{ "type": "Feature", "properties": { "HouseEntId": "9571192924202814", "Id": "9571235873875775" }, "geometry": { "type": "MultiLineString", "coordinates": [ [ [ 71.463205799003617, 51.127605930597426 ], [ 71.4631323168134, 51.127683054529882 ] ] ] } },
{ "type": "Feature", "properties": { "HouseEntId": "9571192924202842", "Id": "9571235873875803" }, "geometry": { "type": "MultiLineString", "coordinates": [ [ [ 71.463565574274924, 51.128120538727146 ], [ 71.463426874395054, 51.128141905439414 ] ] ] } },
{ "type": "Feature", "properties": { "HouseEntId": "9571192924203005", "Id": "9571235873875967" }, "geometry": { "type": "MultiLineString", "coordinates": [ [ [ 71.468742655088832, 51.126696444802654 ], [ 71.4688800973273, 51.126671976613615 ] ] ] } },
{ "type": "Feature", "properties": { "HouseEntId": "9571192924203016", "Id": "9571235873875977" }, "geometry": { "type": "MultiLineString", "coordinates": [ [ [ 71.467797537578406, 51.12620510529738 ], [ 71.467832032885312, 51.126292323374265 ] ] ] } },
{ "type": "Feature", "properties": { "HouseEntId": "9571192924203032", "Id": "9571235873875993" }, "geometry": { "type": "MultiLineString", "coordinates": [ [ [ 71.468370483066622, 51.126115293621432 ], [ 71.468404978373528, 51.126202568246796 ] ] ] } },
{ "type": "Feature", "properties": { "HouseEntId": "9571192924239387", "Id": "9571235873912348" }, "geometry": { "type": "MultiLineString", "coordinates": [ [ [ 71.459041029683405, 51.130694057103348 ], [ 71.459179549900213, 51.130672127837343 ] ] ] } },
{ "type": "Feature", "properties": { "HouseEntId": "9571192924239531", "Id": "9571235873912492" }, "geometry": { "type": "MultiLineString", "coordinates": [ [ [ 71.461626291239568, 51.13475936016571 ], [ 71.461865782094307, 51.134777116226715 ] ] ] } },
{ "type": "Feature", "properties": { "HouseEntId": "9571192924239542", "Id": "9571235873912504" }, "geometry": { "type": "MultiLineString", "coordinates": [ [ [ 71.462459209171016, 51.135272817598803 ], [ 71.462548771204823, 51.13520280869885 ] ] ] } },
{ "type": "Feature", "properties": { "HouseEntId": "9571192924239553", "Id": "9571235873912515" }, "geometry": { "type": "MultiLineString", "coordinates": [ [ [ 71.460550828181411, 51.133034622232202 ], [ 71.460417608024784, 51.133067091665602 ] ] ] } },
{ "type": "Feature", "properties": { "HouseEntId": "9571192924239568", "Id": "9571235873912529" }, "geometry": { "type": "MultiLineString", "coordinates": [ [ [ 71.460770735762978, 51.133321998472852 ], [ 71.460651080167139, 51.133371096902366 ] ] ] } },
{ "type": "Feature", "properties": { "HouseEntId": "9571192924239588", "Id": "9571235873912549" }, "geometry": { "type": "MultiLineString", "coordinates": [ [ [ 71.459887152849504, 51.132233758685885 ], [ 71.459922007482547, 51.132320909006907 ] ] ] } },
{ "type": "Feature", "properties": { "HouseEntId": "9571192924239601", "Id": "9571235873912562" }, "geometry": { "type": "MultiLineString", "coordinates": [ [ [ 71.460047412296191, 51.133337162057686 ], [ 71.460180542621316, 51.133304467333254 ] ] ] } },
{ "type": "Feature", "properties": { "HouseEntId": "9571192924239618", "Id": "9571235873912579" }, "geometry": { "type": "MultiLineString", "coordinates": [ [ [ 71.459979409829188, 51.133227352788055 ], [ 71.460112450322768, 51.133194657985847 ] ] ] } },
{ "type": "Feature", "properties": { "HouseEntId": "9571192924239795", "Id": "9571235873912756" }, "geometry": { "type": "MultiLineString", "coordinates": [ [ [ 71.459832714943289, 51.13289724696358 ], [ 71.459971324991628, 51.132875431485274 ] ] ] } },
{ "type": "Feature", "properties": { "HouseEntId": "9571192924239855", "Id": "9571235873912816" }, "geometry": { "type": "MultiLineString", "coordinates": [ [ [ 71.459803699359611, 51.13282458503334 ], [ 71.459942309407978, 51.132802713149886 ] ] ] } },
{ "type": "Feature", "properties": { "HouseEntId": "9571192924239872", "Id": "9571235873912833" }, "geometry": { "type": "MultiLineString", "coordinates": [ [ [ 71.459771180346337, 51.132743072755218 ], [ 71.459909790394676, 51.132721257204096 ] ] ] } },
{ "type": "Feature", "properties": { "HouseEntId": "9571192924239917", "Id": "9571235873912878" }, "geometry": { "type": "MultiLineString", "coordinates": [ [ [ 71.459727701886578, 51.132633825783358 ], [ 71.4598662221034, 51.132611953809558 ] ] ] } },
{ "type": "Feature", "properties": { "HouseEntId": "9571192924239930", "Id": "9571235873912891" }, "geometry": { "type": "MultiLineString", "coordinates": [ [ [ 71.459689882813109, 51.132539065945736 ], [ 71.459828492861448, 51.132517250298235 ] ] ] } },
{ "type": "Feature", "properties": { "HouseEntId": "9571192924239943", "Id": "9571235873912904" }, "geometry": { "type": "MultiLineString", "coordinates": [ [ [ 71.463190617475334, 51.130777320571269 ], [ 71.463249097800329, 51.130695297318603 ] ] ] } },
{ "type": "Feature", "properties": { "HouseEntId": "9571192924240118", "Id": "9571235873913079" }, "geometry": { "type": "MultiLineString", "coordinates": [ [ [ 71.466986179213805, 51.134139246590486 ], [ 71.467042503582107, 51.134056665616015 ] ] ] } },
{ "type": "Feature", "properties": { "HouseEntId": "9571192927372273", "Id": "9571235877045234" }, "geometry": { "type": "MultiLineString", "coordinates": [ [ [ 71.469439029097089, 51.132594760626986 ], [ 71.469308144560188, 51.132558739479471 ] ] ] } },
{ "type": "Feature", "properties": { "HouseEntId": "9571192928652446", "Id": "9571235878325407" }, "geometry": { "type": "MultiLineString", "coordinates": [ [ [ 71.455093472998854, 51.11939296062662 ], [ 71.455127878474244, 51.119480191566254 ] ] ] } },
{ "type": "Feature", "properties": { "HouseEntId": "9571192928652942", "Id": "9571235878325903" }, "geometry": { "type": "MultiLineString", "coordinates": [ [ [ 71.46271019846138, 51.118242365172023 ], [ 71.462744783599831, 51.11832959828412 ] ] ] } },
{ "type": "Feature", "properties": { "HouseEntId": "9571192928652973", "Id": "9571235878325934" }, "geometry": { "type": "MultiLineString", "coordinates": [ [ [ 71.463640314106556, 51.118658116593373 ], [ 71.463713796296815, 51.118580977591577 ] ] ] } },
{ "type": "Feature", "properties": { "HouseEntId": "9571192928653099", "Id": "9571235878326060" }, "geometry": { "type": "MultiLineString", "coordinates": [ [ [ 71.464741379150325, 51.118750705780712 ], [ 71.464708051653275, 51.118663360687506 ] ] ] } },
{ "type": "Feature", "properties": { "HouseEntId": "9571192928653149", "Id": "9571235878326110" }, "geometry": { "type": "MultiLineString", "coordinates": [ [ [ 71.464203108632049, 51.118821923768714 ], [ 71.464225027524989, 51.118733056333618 ] ] ] } },
{ "type": "Feature", "properties": { "HouseEntId": "9571192928653168", "Id": "9571235878326129" }, "geometry": { "type": "MultiLineString", "coordinates": [ [ [ 71.461611648700426, 51.118869176814982 ], [ 71.461559995571591, 51.118785384387166 ] ] ] } },
{ "type": "Feature", "properties": { "HouseEntId": "9571192928653266", "Id": "9571235878326228" }, "geometry": { "type": "MultiLineString", "coordinates": [ [ [ 71.463451667896891, 51.118220035273275 ], [ 71.463378185706645, 51.118297118489167 ] ] ] } },
{ "type": "Feature", "properties": { "HouseEntId": "9571192928653392", "Id": "9571235878326353" }, "geometry": { "type": "MultiLineString", "coordinates": [ [ [ 71.462385547317709, 51.118293340455971 ], [ 71.462420132456145, 51.118380629860269 ] ] ] } },
{ "type": "Feature", "properties": { "HouseEntId": "9571192928653609", "Id": "9571235878326570" }, "geometry": { "type": "MultiLineString", "coordinates": [ [ [ 71.465340375781764, 51.1194693652401 ], [ 71.465328428188485, 51.119379822403594 ] ] ] } },
{ "type": "Feature", "properties": { "HouseEntId": "9571192928653717", "Id": "9571235878326678" }, "geometry": { "type": "MultiLineString", "coordinates": [ [ [ 71.464032518559605, 51.119457580330099 ], [ 71.464032518559605, 51.119367699147269 ] ] ] } },
{ "type": "Feature", "properties": { "HouseEntId": "9571192928916046", "Id": "9571235878589010" }, "geometry": { "type": "MultiLineString", "coordinates": [ [ [ 71.466520762065102, 51.132463697631444 ], [ 71.466581667841353, 51.132382410201735 ] ] ] } },
{ "type": "Feature", "properties": { "HouseEntId": "9571192928916150", "Id": "9571235878589112" }, "geometry": { "type": "MultiLineString", "coordinates": [ [ [ 71.469128840829484, 51.133074588944723 ], [ 71.468975767905064, 51.133001870922939 ] ] ] } },
{ "type": "Feature", "properties": { "HouseEntId": "9571192928917356", "Id": "9571235878590318" }, "geometry": { "type": "MultiLineString", "coordinates": [ [ [ 71.469691186197338, 51.133232764339283 ], [ 71.469747313558273, 51.133249334397895 ] ] ] } },
{ "type": "Feature", "properties": { "HouseEntId": "9571192928918896", "Id": "9571235878591857" }, "geometry": { "type": "MultiLineString", "coordinates": [ [ [ 71.464070337633075, 51.123089051115585 ], [ 71.463931278427097, 51.123109630797984 ] ] ] } },
{ "type": "Feature", "properties": { "HouseEntId": "9571192933623887", "Id": "9571235883296848" }, "geometry": { "type": "MultiLineString", "coordinates": [ [ [ 71.464362110437364, 51.135016174148184 ], [ 71.464492186490489, 51.135053264372637 ] ] ] } },
{ "type": "Feature", "properties": { "HouseEntId": "70030076126080020", "Id": "70030076126080022" }, "geometry": { "type": "MultiLineString", "coordinates": [ [ [ 71.469634861829022, 51.12698916001311 ], [ 71.469496251780683, 51.127010865516269 ] ] ] } },
{ "type": "Feature", "properties": { "HouseEntId": "70030076126460253", "Id": "70030076126460254" }, "geometry": { "type": "MultiLineString", "coordinates": [ [ [ 71.466183085349797, 51.127702617378247 ], [ 71.466256657371559, 51.127625662609937 ] ] ] } },
{ "type": "Feature", "properties": { "HouseEntId": "70030076127790216", "Id": "70030076127790217" }, "geometry": { "type": "MultiLineString", "coordinates": [ [ [ 71.457751677756121, 51.127790621904843 ], [ 71.457875824928365, 51.127835159685922 ] ] ] } },
{ "type": "Feature", "properties": { "HouseEntId": "70030076128050187", "Id": "70030076128050189" }, "geometry": { "type": "MultiLineString", "coordinates": [ [ [ 71.440436201497064, 51.127900782363575 ], [ 71.440304688139449, 51.127935848739007 ] ] ] } },
{ "type": "Feature", "properties": { "HouseEntId": "70030076128242726", "Id": "70030076128242728" }, "geometry": { "type": "MultiLineString", "coordinates": [ [ [ 71.440982377189798, 51.128560555701661 ], [ 71.44085993681658, 51.128606784019375 ] ] ] } },
{ "type": "Feature", "properties": { "HouseEntId": "70030076129510653", "Id": "70030076129510654" }, "geometry": { "type": "MultiLineString", "coordinates": [ [ [ 71.4434292981922, 51.130748006435837 ], [ 71.443290598312345, 51.130769597425839 ] ] ] } },
{ "type": "Feature", "properties": { "HouseEntId": "70030076130610641", "Id": "70030076130610642" }, "geometry": { "type": "MultiLineString", "coordinates": [ [ [ 71.469851984633195, 51.132034823087203 ], [ 71.469722447569225, 51.131996997604368 ] ] ] } },
{ "type": "Feature", "properties": { "HouseEntId": "70030076130610690", "Id": "70030076130610691" }, "geometry": { "type": "MultiLineString", "coordinates": [ [ [ 71.464538898885266, 51.132052016478262 ], [ 71.464477094793722, 51.132132966259576 ] ] ] } },
{ "type": "Feature", "properties": { "HouseEntId": "70030076129519177", "Id": "70030076129519178" }, "geometry": { "type": "MultiLineString", "coordinates": [ [ [ 71.440743335492712, 51.127286270820001 ], [ 71.4408656860344, 51.127332669545751 ] ] ] } },
{ "type": "Feature", "properties": { "HouseEntId": "70030076129519213", "Id": "70030076129519214" }, "geometry": { "type": "MultiLineString", "coordinates": [ [ [ 71.441601226589029, 51.127094924914118 ], [ 71.441635901558996, 51.127182141310719 ] ] ] } },
{ "type": "Feature", "properties": { "HouseEntId": "70030076129519238", "Id": "70030076129519242" }, "geometry": { "type": "MultiLineString", "coordinates": [ [ [ 71.440925424000795, 51.126174660681038 ], [ 71.440890838862344, 51.1260873296239 ] ] ] } },
{ "type": "Feature", "properties": { "HouseEntId": "70030076129519281", "Id": "70030076129519282" }, "geometry": { "type": "MultiLineString", "coordinates": [ [ [ 71.438876007511595, 51.126432086193454 ], [ 71.438876007511595, 51.12634221858012 ] ] ] } },
{ "type": "Feature", "properties": { "HouseEntId": "70030076129510790", "Id": "70030076129510791" }, "geometry": { "type": "MultiLineString", "coordinates": [ [ [ 71.442789248552273, 51.129982280803461 ], [ 71.442690613534083, 51.130047280314038 ] ] ] } },
{ "type": "Feature", "properties": { "HouseEntId": "70030076129510834", "Id": "70030076129510835" }, "geometry": { "type": "MultiLineString", "coordinates": [ [ [ 71.442553620453253, 51.129840724744426 ], [ 71.442454985435049, 51.129905724454233 ] ] ] } },
{ "type": "Feature", "properties": { "HouseEntId": "70030076129510904", "Id": "70030076129510905" }, "geometry": { "type": "MultiLineString", "coordinates": [ [ [ 71.442356080922281, 51.129707624446077 ], [ 71.442251606854725, 51.129768959997584 ] ] ] } },
{ "type": "Feature", "properties": { "HouseEntId": "70030076129510946", "Id": "70030076129510947" }, "geometry": { "type": "MultiLineString", "coordinates": [ [ [ 71.442117937540459, 51.129541770000841 ], [ 71.442010409200947, 51.129600907157204 ] ] ] } },
{ "type": "Feature", "properties": { "HouseEntId": "70030076129510985", "Id": "70030076129510987" }, "geometry": { "type": "MultiLineString", "coordinates": [ [ [ 71.441794633869705, 51.129299639481204 ], [ 71.441682883448351, 51.129355732694769 ] ] ] } },
{ "type": "Feature", "properties": { "HouseEntId": "70030076129511043", "Id": "70030076129511045" }, "geometry": { "type": "MultiLineString", "coordinates": [ [ [ 71.44364731931168, 51.129015169733208 ], [ 71.443681634955524, 51.12910238250371 ] ] ] } },
{ "type": "Feature", "properties": { "HouseEntId": "70030076131580903", "Id": "70030076131580904" }, "geometry": { "type": "MultiLineString", "coordinates": [ [ [ 71.462811528425433, 51.134844983774691 ], [ 71.462870368076537, 51.134763136852271 ] ] ] } },
{ "type": "Feature", "properties": { "HouseEntId": "70030076131620409", "Id": "70030076131620411" }, "geometry": { "type": "MultiLineString", "coordinates": [ [ [ 71.467436055508088, 51.132613363086534 ], [ 71.467448811585115, 51.132597804666332 ] ] ] } },
{ "type": "Feature", "properties": { "HouseEntId": "70030076131620990", "Id": "70030076131620991" }, "geometry": { "type": "MultiLineString", "coordinates": [ [ [ 71.469800780661998, 51.132233702314338 ], [ 71.469566949193535, 51.132207376796899 ] ] ] } },
{ "type": "Feature", "properties": { "HouseEntId": "70030076132561306", "Id": "70030076132561307" }, "geometry": { "type": "MultiLineString", "coordinates": [ [ [ 71.466992287757733, 51.134782865806891 ], [ 71.467052834207863, 51.134701469722614 ] ] ] } },
{ "type": "Feature", "properties": { "HouseEntId": "70030076132714144", "Id": "70030076132714145" }, "geometry": { "type": "MultiLineString", "coordinates": [ [ [ 71.455074608377899, 51.12016861664825 ], [ 71.455168033167439, 51.120100614758329 ] ] ] } },
{ "type": "Feature", "properties": { "HouseEntId": "70030076134582678", "Id": "70030076134582679" }, "geometry": { "type": "MultiLineString", "coordinates": [ [ [ 71.466930034508536, 51.134691774334584 ], [ 71.466800677107614, 51.134653612816585 ] ] ] } },
{ "type": "Feature", "properties": { "HouseEntId": "70030076134650406", "Id": "70030076134650407" }, "geometry": { "type": "MultiLineString", "coordinates": [ [ [ 71.465191524939186, 51.135989303547554 ], [ 71.46525036459029, 51.13590745865352 ] ] ] } },
{ "type": "Feature", "properties": { "HouseEntId": "70030076138550333", "Id": "70030076138550334" }, "geometry": { "type": "MultiLineString", "coordinates": [ [ [ 71.456288232326756, 51.119205980242455 ], [ 71.456322727633648, 51.11929321153513 ] ] ] } },
{ "type": "Feature", "properties": { "HouseEntId": "70030076138755953", "Id": "70030076138755954" }, "geometry": { "type": "MultiLineString", "coordinates": [ [ [ 71.460670663440311, 51.127498531924282 ], [ 71.460538700925099, 51.127533034832318 ] ] ] } },
{ "type": "Feature", "properties": { "HouseEntId": "70030076139045756", "Id": "70030076139045757" }, "geometry": { "type": "MultiLineString", "coordinates": [ [ [ 71.466091367359297, 51.125692336350262 ], [ 71.466146164591606, 51.125775326938701 ] ] ] } },
{ "type": "Feature", "properties": { "HouseEntId": "70030076139067897", "Id": "70030076139067898" }, "geometry": { "type": "MultiLineString", "coordinates": [ [ [ 71.465441436251226, 51.13606043859243 ], [ 71.465500275902343, 51.135978481090554 ] ] ] } },
{ "type": "Feature", "properties": { "HouseEntId": "70030076139067900", "Id": "70030076139067901" }, "geometry": { "type": "MultiLineString", "coordinates": [ [ [ 71.467518880177266, 51.134937935096737 ], [ 71.467579426627424, 51.134856482917463 ] ] ] } },
{ "type": "Feature", "properties": { "HouseEntId": "70030076139067915", "Id": "70030076139067916" }, "geometry": { "type": "MultiLineString", "coordinates": [ [ [ 71.465120378368681, 51.135502177736008 ], [ 71.465179307851329, 51.135420275610869 ] ] ] } },
{ "type": "Feature", "properties": { "HouseEntId": "70030076139067923", "Id": "70030076139067924" }, "geometry": { "type": "MultiLineString", "coordinates": [ [ [ 71.464248024396284, 51.135253878003489 ], [ 71.464306864047387, 51.135171975437906 ] ] ] } },
{ "type": "Feature", "properties": { "HouseEntId": "70030076139067936", "Id": "70030076139067937" }, "geometry": { "type": "MultiLineString", "coordinates": [ [ [ 71.463704723312432, 51.135099204351015 ], [ 71.46376356296355, 51.13501730151107 ] ] ] } },
{ "type": "Feature", "properties": { "HouseEntId": "70030076139067954", "Id": "70030076139067955" }, "geometry": { "type": "MultiLineString", "coordinates": [ [ [ 71.460140477759623, 51.133487501121948 ], [ 71.460273608084748, 51.133454806503963 ] ] ] } },
{ "type": "Feature", "properties": { "HouseEntId": "70030076139067968", "Id": "70030076139067969" }, "geometry": { "type": "MultiLineString", "coordinates": [ [ [ 71.458811689791375, 51.129021709287308 ], [ 71.458777733473624, 51.128934439988903 ] ] ] } },
{ "type": "Feature", "properties": { "HouseEntId": "70030076139067981", "Id": "70030076139067982" }, "geometry": { "type": "MultiLineString", "coordinates": [ [ [ 71.468557332645716, 51.126944565038229 ], [ 71.468696032525585, 51.126922859503914 ] ] ] } },
{ "type": "Feature", "properties": { "HouseEntId": "70030076139828421", "Id": "70030076139828423" }, "geometry": { "type": "MultiLineString", "coordinates": [ [ [ 71.45977621091194, 51.128870961054538 ], [ 71.45974171560502, 51.128783747847024 ] ] ] } },
{ "type": "Feature", "properties": { "HouseEntId": "70030076149386036", "Id": "70030076149386037" }, "geometry": { "type": "MultiLineString", "coordinates": [ [ [ 71.466723421993194, 51.133795674944132 ], [ 71.46677058354561, 51.133866136933953 ] ] ] } },
{ "type": "Feature", "properties": { "HouseEntId": "70030076150015607", "Id": "70030076150015608" }, "geometry": { "type": "MultiLineString", "coordinates": [ [ [ 71.465244974698578, 51.127522435902527 ], [ 71.465352053880451, 51.127462957820526 ] ] ] } },
{ "type": "Feature", "properties": { "HouseEntId": "70030076153180557", "Id": "70030076153180558" }, "geometry": { "type": "MultiLineString", "coordinates": [ [ [ 71.441328587900315, 51.125510906677711 ], [ 71.441189977851977, 51.125532669255293 ] ] ] } },
{ "type": "Feature", "properties": { "HouseEntId": "70030076155071016", "Id": "70030076155071018" }, "geometry": { "type": "MultiLineString", "coordinates": [ [ [ 71.464471345575902, 51.133123969489567 ], [ 71.464530724216189, 51.133042175887141 ] ] ] } },
{ "type": "Feature", "properties": { "HouseEntId": "70030076155215647", "Id": "70030076155215648" }, "geometry": { "type": "MultiLineString", "coordinates": [ [ [ 71.467149942090074, 51.125415793945017 ], [ 71.467204739322426, 51.125498841410078 ] ] ] } },
{ "type": "Feature", "properties": { "HouseEntId": "70030076155270910", "Id": "70030076155270911" }, "geometry": { "type": "MultiLineString", "coordinates": [ [ [ 71.467554543294057, 51.134989737480645 ], [ 71.467425096061618, 51.134951745313572 ] ] ] } },
{ "type": "Feature", "properties": { "HouseEntId": "70030076155270913", "Id": "70030076155270914" }, "geometry": { "type": "MultiLineString", "coordinates": [ [ [ 71.467542865195369, 51.135111548950903 ], [ 71.467413417962916, 51.135073444147906 ] ] ] } },
{ "type": "Feature", "properties": { "HouseEntId": "70030076156910858", "Id": "70030076156910859" }, "geometry": { "type": "MultiLineString", "coordinates": [ [ [ 71.460206953090662, 51.133572225170852 ], [ 71.460334154534877, 51.133531300599785 ] ] ] } },
{ "type": "Feature", "properties": { "HouseEntId": "70030076157547795", "Id": "70030076157547796" }, "geometry": { "type": "MultiLineString", "coordinates": [ [ [ 71.455408871495109, 51.119711096199723 ], [ 71.455408961326654, 51.119621215510094 ] ] ] } },
{ "type": "Feature", "properties": { "HouseEntId": "70030076157547805", "Id": "70030076157547806" }, "geometry": { "type": "MultiLineString", "coordinates": [ [ [ 71.455591858318499, 51.119314920654787 ], [ 71.455626263793874, 51.119402264516189 ] ] ] } },
{ "type": "Feature", "properties": { "HouseEntId": "70030076157547808", "Id": "70030076157547809" }, "geometry": { "type": "MultiLineString", "coordinates": [ [ [ 71.461447077340395, 51.118884514308867 ], [ 71.461465582635242, 51.118795365054439 ] ] ] } },
{ "type": "Feature", "properties": { "HouseEntId": "70030076157547813", "Id": "70030076157547814" }, "geometry": { "type": "MultiLineString", "coordinates": [ [ [ 71.466070526444696, 51.119975662434292 ], [ 71.466057141546969, 51.119886176965693 ] ] ] } },
{ "type": "Feature", "properties": { "HouseEntId": "70030076157547815", "Id": "70030076157547816" }, "geometry": { "type": "MultiLineString", "coordinates": [ [ [ 71.466464437696771, 51.119752314951839 ], [ 71.466330588719444, 51.119783609602287 ] ] ] } },
{ "type": "Feature", "properties": { "HouseEntId": "70030076157588333", "Id": "70030076157588335" }, "geometry": { "type": "MultiLineString", "coordinates": [ [ [ 71.459667784257135, 51.130567160358112 ], [ 71.459529174208797, 51.130588976926894 ] ] ] } },
{ "type": "Feature", "properties": { "HouseEntId": "70030076156390908", "Id": "70030076156390909" }, "geometry": { "type": "MultiLineString", "coordinates": [ [ [ 71.467552746663486, 51.130699525324879 ], [ 71.467470550814994, 51.130816218145299 ] ] ] } },
{ "type": "Feature", "properties": { "HouseEntId": "70030076156390911", "Id": "70030076156390912" }, "geometry": { "type": "MultiLineString", "coordinates": [ [ [ 71.46825963096056, 51.132255856324896 ], [ 71.468392401959562, 51.132289115506531 ] ] ] } },
{ "type": "Feature", "properties": { "HouseEntId": "70030076156390919", "Id": "70030076156390922" }, "geometry": { "type": "MultiLineString", "coordinates": [ [ [ 71.469209779036575, 51.131240932423374 ], [ 71.469149951238649, 51.131322560098333 ] ] ] } },
{ "type": "Feature", "properties": { "HouseEntId": "70030076156390975", "Id": "70030076156391008" }, "geometry": { "type": "MultiLineString", "coordinates": [ [ [ 71.467128472354801, 51.130568964312523 ], [ 71.467070081861337, 51.130650987789558 ] ] ] } },
{ "type": "Feature", "properties": { "HouseEntId": "70030076156391022", "Id": "70030076156391023" }, "geometry": { "type": "MultiLineString", "coordinates": [ [ [ 71.465081301653811, 51.128974184747968 ], [ 71.464942691605486, 51.128995889318276 ] ] ] } },
{ "type": "Feature", "properties": { "HouseEntId": "70030076156391026", "Id": "70030076156391027" }, "geometry": { "type": "MultiLineString", "coordinates": [ [ [ 71.46476760995661, 51.130161268827237 ], [ 71.464897955504327, 51.130198024707205 ] ] ] } },
{ "type": "Feature", "properties": { "HouseEntId": "70030076156391099", "Id": "70030076156391100" }, "geometry": { "type": "MultiLineString", "coordinates": [ [ [ 71.467186144196035, 51.131689037267037 ], [ 71.467128023197162, 51.13177105875468 ] ] ] } },
{ "type": "Feature", "properties": { "HouseEntId": "70030076157302914", "Id": "70030076157302915" }, "geometry": { "type": "MultiLineString", "coordinates": [ [ [ 71.468733761767524, 51.127390738359232 ], [ 71.468872371815863, 51.127369033034583 ] ] ] } },
{ "type": "Feature", "properties": { "HouseEntId": "70030076157302926", "Id": "70030076157302927" }, "geometry": { "type": "MultiLineString", "coordinates": [ [ [ 71.468338503042503, 51.125105252610005 ], [ 71.468393300274855, 51.125188300633397 ] ] ] } },
{ "type": "Feature", "properties": { "HouseEntId": "70030076157302929", "Id": "70030076157302931" }, "geometry": { "type": "MultiLineString", "coordinates": [ [ [ 71.467347301958014, 51.125364319100463 ], [ 71.467402099190352, 51.125447253898436 ] ] ] } },
{ "type": "Feature", "properties": { "HouseEntId": "70030076157302933", "Id": "70030076157302936" }, "geometry": { "type": "MultiLineString", "coordinates": [ [ [ 71.466439554363419, 51.127689537895534 ], [ 71.466405059056513, 51.127602322457065 ] ] ] } },
{ "type": "Feature", "properties": { "HouseEntId": "70030076157302944", "Id": "70030076157302945" }, "geometry": { "type": "MultiLineString", "coordinates": [ [ [ 71.463043742926388, 51.128390130662368 ], [ 71.463009786608637, 51.128302860170528 ] ] ] } },
{ "type": "Feature", "properties": { "HouseEntId": "70030076157302951", "Id": "70030076157302954" }, "geometry": { "type": "MultiLineString", "coordinates": [ [ [ 71.460687821262241, 51.12752452186232 ], [ 71.460555858747014, 51.127559024750937 ] ] ] } },
{ "type": "Feature", "properties": { "HouseEntId": "70030076157302986", "Id": "70030076157302987" }, "geometry": { "type": "MultiLineString", "coordinates": [ [ [ 71.459899549600436, 51.133065118697203 ], [ 71.460038159648775, 51.133043190557117 ] ] ] } },
{ "type": "Feature", "properties": { "HouseEntId": "70030076157303009", "Id": "70030076157303010" }, "geometry": { "type": "MultiLineString", "coordinates": [ [ [ 71.460363170118555, 51.13376450252553 ], [ 71.460490371562798, 51.133723634494579 ] ] ] } },
{ "type": "Feature", "properties": { "HouseEntId": "70030076157375618", "Id": "70030076157375619" }, "geometry": { "type": "MultiLineString", "coordinates": [ [ [ 71.463104289376531, 51.13441038172077 ], [ 71.463234455261201, 51.134447359694171 ] ] ] } },
{ "type": "Feature", "properties": { "HouseEntId": "70030076157375620", "Id": "70030076157375621" }, "geometry": { "type": "MultiLineString", "coordinates": [ [ [ 71.463555063986107, 51.134438058834739 ], [ 71.463495954840411, 51.134519906333367 ] ] ] } },
{ "type": "Feature", "properties": { "HouseEntId": "70030076157375626", "Id": "70030076157375628" }, "geometry": { "type": "MultiLineString", "coordinates": [ [ [ 71.463380072168761, 51.135006704298853 ], [ 71.463439001651395, 51.134924857663101 ] ] ] } },
{ "type": "Feature", "properties": { "HouseEntId": "70030076157375639", "Id": "70030076157375640" }, "geometry": { "type": "MultiLineString", "coordinates": [ [ [ 71.464090280232384, 51.135209009169309 ], [ 71.464149209715018, 51.135127106524145 ] ] ] } },
{ "type": "Feature", "properties": { "HouseEntId": "70030076157375644", "Id": "70030076157375645" }, "geometry": { "type": "MultiLineString", "coordinates": [ [ [ 71.464443677465141, 51.134902592196454 ], [ 71.464573843349825, 51.134939682512147 ] ] ] } },
{ "type": "Feature", "properties": { "HouseEntId": "70030076157375658", "Id": "70030076157375661" }, "geometry": { "type": "MultiLineString", "coordinates": [ [ [ 71.466901378250981, 51.134730161294996 ], [ 71.466772020850044, 51.134692112545828 ] ] ] } },
{ "type": "Feature", "properties": { "HouseEntId": "70030076157375688", "Id": "70030076157375691" }, "geometry": { "type": "MultiLineString", "coordinates": [ [ [ 71.464804440883256, 51.135879331483586 ], [ 71.46486328053436, 51.135797430027424 ] ] ] } },
{ "type": "Feature", "properties": { "HouseEntId": "70030076157375692", "Id": "70030076157375694" }, "geometry": { "type": "MultiLineString", "coordinates": [ [ [ 71.465265456287071, 51.136010441151562 ], [ 71.465324295938174, 51.135928483560953 ] ] ] } },
{ "type": "Feature", "properties": { "HouseEntId": "70030076160164384", "Id": "70030076160164385" }, "geometry": { "type": "MultiLineString", "coordinates": [ [ [ 71.461333889614593, 51.118496507981355 ], [ 71.461401981913127, 51.118575507935255 ] ] ] } },
{ "type": "Feature", "properties": { "HouseEntId": "70030076164123357", "Id": "70030076164123358" }, "geometry": { "type": "MultiLineString", "coordinates": [ [ [ 71.462145158147678, 51.118331177162453 ], [ 71.462179653454584, 51.118418353718461 ] ] ] } },
{ "type": "Feature", "properties": { "HouseEntId": "70030076164545476", "Id": "70030076164545477" }, "geometry": { "type": "MultiLineString", "coordinates": [ [ [ 71.468045382765311, 51.134119686468573 ], [ 71.467987980418656, 51.134201985484651 ] ] ] } },
{ "type": "Feature", "properties": { "HouseEntId": "70030076167233082", "Id": "70030076167233083" }, "geometry": { "type": "MultiLineString", "coordinates": [ [ [ 71.460536455136875, 51.127295178476913 ], [ 71.460404492621635, 51.127329625159348 ] ] ] } },
{ "type": "Feature", "properties": { "HouseEntId": "70030076167269605", "Id": "70030076167269606" }, "geometry": { "type": "MultiLineString", "coordinates": [ [ [ 71.439426764612293, 51.125771718655351 ], [ 71.439426764612293, 51.125681736998068 ] ] ] } },
{ "type": "Feature", "properties": { "HouseEntId": "70030076167269607", "Id": "70030076167269608" }, "geometry": { "type": "MultiLineString", "coordinates": [ [ [ 71.439561691567974, 51.125581494068214 ], [ 71.439419039100855, 51.125584989607113 ] ] ] } },
{ "type": "Feature", "properties": { "HouseEntId": "70030076167269609", "Id": "70030076167269610" }, "geometry": { "type": "MultiLineString", "coordinates": [ [ [ 71.439776568583937, 51.124084815318881 ], [ 71.439636161905028, 51.124068182776746 ] ] ] } },
{ "type": "Feature", "properties": { "HouseEntId": "70030076167269614", "Id": "70030076167269615" }, "geometry": { "type": "MultiLineString", "coordinates": [ [ [ 71.44010427399958, 51.12327996255695 ], [ 71.439968718223199, 51.123251545782828 ] ] ] } },
{ "type": "Feature", "properties": { "HouseEntId": "70030076167269616", "Id": "70030076167269617" }, "geometry": { "type": "MultiLineString", "coordinates": [ [ [ 71.438907897704198, 51.123265472259618 ], [ 71.439045339942652, 51.123289998635698 ] ] ] } },
{ "type": "Feature", "properties": { "HouseEntId": "70030076167269618", "Id": "70030076167269619" }, "geometry": { "type": "MultiLineString", "coordinates": [ [ [ 71.439794894215723, 51.12862617734865 ], [ 71.439920838018566, 51.128583726242304 ] ] ] } },
{ "type": "Feature", "properties": { "HouseEntId": "70030076167431567", "Id": "70030076167431568" }, "geometry": { "type": "MultiLineString", "coordinates": [ [ [ 71.463874864227236, 51.119053621118987 ], [ 71.463888159293461, 51.119143051812685 ] ] ] } },
{ "type": "Feature", "properties": { "HouseEntId": "70030076167269600", "Id": "70030076167269601" }, "geometry": { "type": "MultiLineString", "coordinates": [ [ [ 71.439549654143164, 51.125358455587694 ], [ 71.439406822012984, 51.125358004548218 ] ] ] } },
{ "type": "Feature", "properties": { "HouseEntId": "70030076167598017", "Id": "70030076167598018" }, "geometry": { "type": "MultiLineString", "coordinates": [ [ [ 71.454778433828722, 51.119957393203372 ], [ 71.454896382625535, 51.119906645301782 ] ] ] } },
{ "type": "Feature", "properties": { "HouseEntId": "70030076167615637", "Id": "70030076167615638" }, "geometry": { "type": "MultiLineString", "coordinates": [ [ [ 71.463586145694947, 51.119884654527112 ], [ 71.463468107066603, 51.11988910906949 ] ] ] } },
{ "type": "Feature", "properties": { "HouseEntId": "70030076167615639", "Id": "70030076167615640" }, "geometry": { "type": "MultiLineString", "coordinates": [ [ [ 71.465011502556251, 51.119284133172997 ], [ 71.465128014048588, 51.119232144008812 ] ] ] } },
{ "type": "Feature", "properties": { "HouseEntId": "70030076167615647", "Id": "70030076167615648" }, "geometry": { "type": "MultiLineString", "coordinates": [ [ [ 71.46196648323766, 51.118359202244008 ], [ 71.462001068376111, 51.118446435135496 ] ] ] } },
{ "type": "Feature", "properties": { "HouseEntId": "70030076167615651", "Id": "70030076167615652" }, "geometry": { "type": "MultiLineString", "coordinates": [ [ [ 71.460812327760635, 51.119766524417372 ], [ 71.460903327098919, 51.119697225038195 ] ] ] } },
{ "type": "Feature", "properties": { "HouseEntId": "70030076167615653", "Id": "70030076167615654" }, "geometry": { "type": "MultiLineString", "coordinates": [ [ [ 71.455755082205627, 51.119289433583411 ], [ 71.455789487681017, 51.11937666471853 ] ] ] } },
{ "type": "Feature", "properties": { "HouseEntId": "70030076167615663", "Id": "70030076167615664" }, "geometry": { "type": "MultiLineString", "coordinates": [ [ [ 71.46625450141488, 51.119168933677237 ], [ 71.466115621871964, 51.119189909818267 ] ] ] } },
{ "type": "Feature", "properties": { "HouseEntId": "70030076167615665", "Id": "70030076167615666" }, "geometry": { "type": "MultiLineString", "coordinates": [ [ [ 71.4663158563488, 51.119437506505193 ], [ 71.46617365303932, 51.119445851804244 ] ] ] } },
{ "type": "Feature", "properties": { "HouseEntId": "70030076168210183", "Id": "70030076168210184" }, "geometry": { "type": "MultiLineString", "coordinates": [ [ [ 71.460290406580555, 51.133675043767944 ], [ 71.460417608024784, 51.133634119287976 ] ] ] } },
{ "type": "Feature", "properties": { "HouseEntId": "70030076168210187", "Id": "70030076168210188" }, "geometry": { "type": "MultiLineString", "coordinates": [ [ [ 71.463519490700861, 51.135095258587775 ], [ 71.463533504419289, 51.135184827329795 ] ] ] } },
{ "type": "Feature", "properties": { "HouseEntId": "70030076168210210", "Id": "70030076168210211" }, "geometry": { "type": "MultiLineString", "coordinates": [ [ [ 71.466250818322223, 51.135160025429968 ], [ 71.466311454603897, 51.135078630010511 ] ] ] } },
{ "type": "Feature", "properties": { "HouseEntId": "70030076168210160", "Id": "70030076168210161" }, "geometry": { "type": "MultiLineString", "coordinates": [ [ [ 71.460237226315726, 51.131291386010211 ], [ 71.460098616267388, 51.131313371354821 ] ] ] } },
{ "type": "Feature", "properties": { "HouseEntId": "70030076168210238", "Id": "70030076168210239" }, "geometry": { "type": "MultiLineString", "coordinates": [ [ [ 71.462995683058679, 51.134561562821389 ], [ 71.463125848943349, 51.134598597042384 ] ] ] } },
{ "type": "Feature", "properties": { "HouseEntId": "70030076168210260", "Id": "70030076168210261" }, "geometry": { "type": "MultiLineString", "coordinates": [ [ [ 71.458982998516049, 51.128995212812349 ], [ 71.458948323546082, 51.128907999839463 ] ] ] } },
{ "type": "Feature", "properties": { "HouseEntId": "70030076169293376", "Id": "70030076169293377" }, "geometry": { "type": "MultiLineString", "coordinates": [ [ [ 71.459869725533011, 51.132990145835855 ], [ 71.460008245749819, 51.132968217660142 ] ] ] } },
{ "type": "Feature", "properties": { "HouseEntId": "70030076170889364", "Id": "70030076170889367" }, "geometry": { "type": "MultiLineString", "coordinates": [ [ [ 71.459805855316304, 51.128571154393221 ], [ 71.459944465364643, 51.128549449623328 ] ] ] } },
{ "type": "Feature", "properties": { "HouseEntId": "70030076172196422", "Id": "70030076172196423" }, "geometry": { "type": "MultiLineString", "coordinates": [ [ [ 71.462589464887202, 51.134051366899968 ], [ 71.462530715067629, 51.134133271453258 ] ] ] } },
{ "type": "Feature", "properties": { "HouseEntId": "70030076172300640", "Id": "70030076172300641" }, "geometry": { "type": "MultiLineString", "coordinates": [ [ [ 71.462129886787849, 51.127568665259325 ], [ 71.462100511878049, 51.127480716687167 ] ] ] } },
{ "type": "Feature", "properties": { "HouseEntId": "70030076172314540", "Id": "70030076172314541" }, "geometry": { "type": "MultiLineString", "coordinates": [ [ [ 71.464970719042356, 51.119761224061705 ], [ 71.464867682279248, 51.119810336908579 ] ] ] } },
{ "type": "Feature", "properties": { "HouseEntId": "70030076172397367", "Id": "70030076172397368" }, "geometry": { "type": "MultiLineString", "coordinates": [ [ [ 71.464629808392019, 51.130354744235241 ], [ 71.46476015393975, 51.130391499961227 ] ] ] } },
{ "type": "Feature", "properties": { "HouseEntId": "70030076173372216", "Id": "70030076173372217" }, "geometry": { "type": "MultiLineString", "coordinates": [ [ [ 71.44273508014065, 51.129949696452371 ], [ 71.44263644512246, 51.130014752383062 ] ] ] } },
{ "type": "Feature", "properties": { "HouseEntId": "70030076173895872", "Id": "70030076173895873" }, "geometry": { "type": "MultiLineString", "coordinates": [ [ [ 71.442658274183856, 51.129903638602009 ], [ 71.442559639165651, 51.129968581848964 ] ] ] } },
{ "type": "Feature", "properties": { "HouseEntId": "70030076173895874", "Id": "70030076173895875" }, "geometry": { "type": "MultiLineString", "coordinates": [ [ [ 71.441968727371773, 51.129434432204192 ], [ 71.44186119903226, 51.129493569498003 ] ] ] } },
{ "type": "Feature", "properties": { "HouseEntId": "70030076173895876", "Id": "70030076173895877" }, "geometry": { "type": "MultiLineString", "coordinates": [ [ [ 71.440901169488114, 51.128475371448694 ], [ 71.440778729114896, 51.12852159985168 ] ] ] } },
{ "type": "Feature", "properties": { "HouseEntId": "70030076173895879", "Id": "70030076173895880" }, "geometry": { "type": "MultiLineString", "coordinates": [ [ [ 71.440830382243732, 51.128396162918946 ], [ 71.440704438440889, 51.128438557821525 ] ] ] } },
{ "type": "Feature", "properties": { "HouseEntId": "70030076173895881", "Id": "70030076173895882" }, "geometry": { "type": "MultiLineString", "coordinates": [ [ [ 71.440757259379595, 51.128310189094144 ], [ 71.440631315576766, 51.128352584075628 ] ] ] } },
{ "type": "Feature", "properties": { "HouseEntId": "70030076173895883", "Id": "70030076173895884" }, "geometry": { "type": "MultiLineString", "coordinates": [ [ [ 71.440589184589939, 51.128104133144539 ], [ 71.440460366178201, 51.128142976593587 ] ] ] } },
{ "type": "Feature", "properties": { "HouseEntId": "70030076173895885", "Id": "70030076173895886" }, "geometry": { "type": "MultiLineString", "coordinates": [ [ [ 71.440499712387634, 51.127986644197037 ], [ 71.440370893975896, 51.128025431368229 ] ] ] } },
{ "type": "Feature", "properties": { "HouseEntId": "70030076173895887", "Id": "70030076173895888" }, "geometry": { "type": "MultiLineString", "coordinates": [ [ [ 71.440373948247881, 51.127808662530207 ], [ 71.440242524721796, 51.12784384172938 ] ] ] } },
{ "type": "Feature", "properties": { "HouseEntId": "70030076173895889", "Id": "70030076173895890" }, "geometry": { "type": "MultiLineString", "coordinates": [ [ [ 71.440343495359741, 51.1277633354456 ], [ 71.44021198200214, 51.127798514679306 ] ] ] } },
{ "type": "Feature", "properties": { "HouseEntId": "70030076173901974", "Id": "70030076173901975" }, "geometry": { "type": "MultiLineString", "coordinates": [ [ [ 71.439559266116703, 51.125540506035904 ], [ 71.439416523818053, 51.1255440015779 ] ] ] } },
{ "type": "Feature", "properties": { "HouseEntId": "70030076173901976", "Id": "70030076173901977" }, "geometry": { "type": "MultiLineString", "coordinates": [ [ [ 71.439550372795381, 51.125396512027493 ], [ 71.439407630496746, 51.125400007580389 ] ] ] } },
{ "type": "Feature", "properties": { "HouseEntId": "70030076173901978", "Id": "70030076173901979" }, "geometry": { "type": "MultiLineString", "coordinates": [ [ [ 71.439567889943433, 51.12489157099445 ], [ 71.439425237476314, 51.124887060553924 ] ] ] } },
{ "type": "Feature", "properties": { "HouseEntId": "70030076173901980", "Id": "70030076173901981" }, "geometry": { "type": "MultiLineString", "coordinates": [ [ [ 71.440056393794933, 51.123370456334285 ], [ 71.439920927850096, 51.123342095998218 ] ] ] } },
{ "type": "Feature", "properties": { "HouseEntId": "70030076173901982", "Id": "70030076173901983" }, "geometry": { "type": "MultiLineString", "coordinates": [ [ [ 71.440161945840813, 51.123170918729308 ], [ 71.440026390064446, 51.123142501888097 ] ] ] } },
{ "type": "Feature", "properties": { "HouseEntId": "70030076173901984", "Id": "70030076173901985" }, "geometry": { "type": "MultiLineString", "coordinates": [ [ [ 71.4402206956604, 51.123065990583875 ], [ 71.440087385672243, 51.123033739649806 ] ] ] } },
{ "type": "Feature", "properties": { "HouseEntId": "70030076175518035", "Id": "70030076175518036" }, "geometry": { "type": "MultiLineString", "coordinates": [ [ [ 71.459844572705038, 51.132927010700271 ], [ 71.45998318275339, 51.132905195236056 ] ] ] } },
{ "type": "Feature", "properties": { "HouseEntId": "70030076175647728", "Id": "70030076175647729" }, "geometry": { "type": "MultiLineString", "coordinates": [ [ [ 71.462122340939445, 51.134093192918499 ], [ 71.462252686487176, 51.134129945669002 ] ] ] } },
{ "type": "Feature", "properties": { "HouseEntId": "70030076174686418", "Id": "70030076174686420" }, "geometry": { "type": "MultiLineString", "coordinates": [ [ [ 71.440279445479973, 51.127668621990914 ], [ 71.440148021953917, 51.127703801296754 ] ] ] } },
{ "type": "Feature", "properties": { "HouseEntId": "70030076178063814", "Id": "70030076178063815" }, "geometry": { "type": "MultiLineString", "coordinates": [ [ [ 71.46147223016834, 51.118473388768727 ], [ 71.461556402310464, 51.118546016890463 ] ] ] } },
{ "type": "Feature", "properties": { "HouseEntId": "70030076178063816", "Id": "70030076178063817" }, "geometry": { "type": "MultiLineString", "coordinates": [ [ [ 71.462564491722304, 51.118265258945883 ], [ 71.462599076860741, 51.118352492014758 ] ] ] } },
{ "type": "Feature", "properties": { "HouseEntId": "70030076178497536", "Id": "70030076178497537" }, "geometry": { "type": "MultiLineString", "coordinates": [ [ [ 71.459483988949998, 51.131802345263132 ], [ 71.459622509166806, 51.131780416523391 ] ] ] } },
{ "type": "Feature", "properties": { "HouseEntId": "70030076178499449", "Id": "70030076178499451" }, "geometry": { "type": "MultiLineString", "coordinates": [ [ [ 71.459715664461783, 51.132603554517885 ], [ 71.459854184678591, 51.132581626158611 ] ] ] } },
{ "type": "Feature", "properties": { "HouseEntId": "70030076178904346", "Id": "70030076178904348" }, "geometry": { "type": "MultiLineString", "coordinates": [ [ [ 71.459010217469157, 51.130617050945929 ], [ 71.459148737685965, 51.130595065269809 ] ] ] } },
{ "type": "Feature", "properties": { "HouseEntId": "70030076179272072", "Id": "70030076179272073" }, "geometry": { "type": "MultiLineString", "coordinates": [ [ [ 71.459793997554542, 51.132800120090849 ], [ 71.45993251777135, 51.132778304566671 ] ] ] } },
{ "type": "Feature", "properties": { "HouseEntId": "70030076179559289", "Id": "70030076179559290" }, "geometry": { "type": "MultiLineString", "coordinates": [ [ [ 71.454552238040179, 51.119622004927201 ], [ 71.454690758257001, 51.119600295951855 ] ] ] } },
{ "type": "Feature", "properties": { "HouseEntId": "70030076187862066", "Id": "70030076187862067" }, "geometry": { "type": "MultiLineString", "coordinates": [ [ [ 71.464546175239079, 51.133145390257454 ], [ 71.464605553879338, 51.133063653063488 ] ] ] } },
{ "type": "Feature", "properties": { "HouseEntId": "70030076188713602", "Id": "70030076188713604" }, "geometry": { "type": "MultiLineString", "coordinates": [ [ [ 71.464027308330955, 51.120112399504301 ], [ 71.464014013264759, 51.120022914300542 ] ] ] } },
{ "type": "Feature", "properties": { "HouseEntId": "70030076189368380", "Id": "70030076189368381" }, "geometry": { "type": "MultiLineString", "coordinates": [ [ [ 71.465402449367886, 51.120031203107416 ], [ 71.465389064470145, 51.119941717746393 ] ] ] } },
{ "type": "Feature", "properties": { "HouseEntId": "70030076182980064", "Id": "70030076182980065" }, "geometry": { "type": "MultiLineString", "coordinates": [ [ [ 71.466306693532886, 51.133958526532098 ], [ 71.466437488238242, 51.133994602957088 ] ] ] } },
{ "type": "Feature", "properties": { "HouseEntId": "70030076190537504", "Id": "70030076190537505" }, "geometry": { "type": "MultiLineString", "coordinates": [ [ [ 71.464732485828989, 51.120054659858944 ], [ 71.464719011099731, 51.119965230929878 ] ] ] } },
{ "type": "Feature", "properties": { "HouseEntId": "70030076190856088", "Id": "70030076190856089" }, "geometry": { "type": "MultiLineString", "coordinates": [ [ [ 71.458797406578356, 51.128072787754007 ], [ 71.458909246831226, 51.128128656951446 ] ] ] } },
{ "type": "Feature", "properties": { "HouseEntId": "70030076191379670", "Id": "70030076191379671" }, "geometry": { "type": "MultiLineString", "coordinates": [ [ [ 71.465745695637963, 51.119698578322442 ], [ 71.465828610138686, 51.119771824772435 ] ] ] } },
{ "type": "Feature", "properties": { "HouseEntId": "70030076192081001", "Id": "70030076192081002" }, "geometry": { "type": "MultiLineString", "coordinates": [ [ [ 71.465208503098054, 51.128807876662997 ], [ 71.465347113146393, 51.128786172004325 ] ] ] } },
{ "type": "Feature", "properties": { "HouseEntId": "70030076192213060", "Id": "70030076192213061" }, "geometry": { "type": "MultiLineString", "coordinates": [ [ [ 71.461827154537104, 51.134647468640132 ], [ 71.461924352250847, 51.134713307112207 ] ] ] } },
{ "type": "Feature", "properties": { "HouseEntId": "70030076192213064", "Id": "70030076192213065" }, "geometry": { "type": "MultiLineString", "coordinates": [ [ [ 71.466092984326792, 51.13623207539289 ], [ 71.466152093472502, 51.136150230929196 ] ] ] } },
{ "type": "Feature", "properties": { "HouseEntId": "70030076192213070", "Id": "70030076192213071" }, "geometry": { "type": "MultiLineString", "coordinates": [ [ [ 71.467021123678336, 51.135206078037925 ], [ 71.467081670128493, 51.135124682699669 ] ] ] } },
{ "type": "Feature", "properties": { "HouseEntId": "70030076193802890", "Id": "70030076193802891" }, "geometry": { "type": "MultiLineString", "coordinates": [ [ [ 71.468919892694387, 51.126752541177929 ], [ 71.468954388001308, 51.126839701842947 ] ] ] } },
{ "type": "Feature", "properties": { "HouseEntId": "70030076194754053", "Id": "70030076194754054" }, "geometry": { "type": "MultiLineString", "coordinates": [ [ [ 71.443497390490748, 51.130920677700139 ], [ 71.443358690610893, 51.130942268609409 ] ] ] } },
{ "type": "Feature", "properties": { "HouseEntId": "70030076196102623", "Id": "70030076196102627" }, "geometry": { "type": "MultiLineString", "coordinates": [ [ [ 71.459884368072139, 51.12033106520235 ], [ 71.459870983174397, 51.120241636808331 ] ] ] } },
{ "type": "Feature", "properties": { "HouseEntId": "70030076196113165", "Id": "70030076196113166" }, "geometry": { "type": "MultiLineString", "coordinates": [ [ [ 71.459021985399389, 51.120382038181766 ], [ 71.459008600501633, 51.120292440728058 ] ] ] } },
{ "type": "Feature", "properties": { "HouseEntId": "70030076197742700", "Id": "70030076197742702" }, "geometry": { "type": "MultiLineString", "coordinates": [ [ [ 71.46451814780221, 51.134798818069754 ], [ 71.46464840351841, 51.134835852100451 ] ] ] } },
{ "type": "Feature", "properties": { "HouseEntId": "70030076199102508", "Id": "70030076199102509" }, "geometry": { "type": "MultiLineString", "coordinates": [ [ [ 71.463651992205257, 51.135084154080914 ], [ 71.463710831856375, 51.135002251214289 ] ] ] } },
{ "type": "Feature", "properties": { "HouseEntId": "70030076199340378", "Id": "70030076199340379" }, "geometry": { "type": "MultiLineString", "coordinates": [ [ [ 71.456045327873923, 51.119243985363717 ], [ 71.456079823180843, 51.119331216584641 ] ] ] } },
{ "type": "Feature", "properties": { "HouseEntId": "70030076200706836", "Id": "70030076200706837" }, "geometry": { "type": "MultiLineString", "coordinates": [ [ [ 71.467061368203076, 51.135712484592176 ], [ 71.466931920970637, 51.135674436652458 ] ] ] } },
{ "type": "Feature", "properties": { "HouseEntId": "70030076201725306", "Id": "70030076201725312" }, "geometry": { "type": "MultiLineString", "coordinates": [ [ [ 71.469516823200678, 51.133456159385155 ], [ 71.469586338831604, 51.133476592835542 ] ] ] } },
{ "type": "Feature", "properties": { "HouseEntId": "70030076202141133", "Id": "70030076202141134" }, "geometry": { "type": "MultiLineString", "coordinates": [ [ [ 71.47066343282934, 51.13183814151256 ], [ 71.470732505286449, 51.131858475487526 ] ] ] } },
{ "type": "Feature", "properties": { "HouseEntId": "70030076202539874", "Id": "70030076202539877" }, "geometry": { "type": "MultiLineString", "coordinates": [ [ [ 71.46588807861049, 51.135782041781674 ], [ 71.466017525842915, 51.13582008963273 ] ] ] } },
{ "type": "Feature", "properties": { "HouseEntId": "70030076203878160", "Id": "70030076203878162" }, "geometry": { "type": "MultiLineString", "coordinates": [ [ [ 71.459112086422365, 51.130871914904425 ], [ 71.459250606639188, 51.130850042096093 ] ] ] } },
{ "type": "Feature", "properties": { "HouseEntId": "70030076209956140", "Id": "70030076209956141" }, "geometry": { "type": "MultiLineString", "coordinates": [ [ [ 71.442234538864341, 51.129625655668228 ], [ 71.442128537660807, 51.129685920210257 ] ] ] } },
{ "type": "Feature", "properties": { "HouseEntId": "70030076210666198", "Id": "70030076210666199" }, "geometry": { "type": "MultiLineString", "coordinates": [ [ [ 71.465653977647435, 51.135746361323974 ], [ 71.465595048164815, 51.135828206503554 ] ] ] } },
{ "type": "Feature", "properties": { "HouseEntId": "70030076210670651", "Id": "70030076210670652" }, "geometry": { "type": "MultiLineString", "coordinates": [ [ [ 71.464499552675818, 51.1357447266736 ], [ 71.464559110979167, 51.135662994080739 ] ] ] } },
{ "type": "Feature", "properties": { "HouseEntId": "70030076211917142", "Id": "70030076211917143" }, "geometry": { "type": "MultiLineString", "coordinates": [ [ [ 71.466191439681936, 51.136260145981311 ], [ 71.466250548827631, 51.136178357934114 ] ] ] } },
{ "type": "Feature", "properties": { "HouseEntId": "70030076211917963", "Id": "70030076211917964" }, "geometry": { "type": "MultiLineString", "coordinates": [ [ [ 71.467094336374004, 51.135900187302632 ], [ 71.466964889141565, 51.13586208315045 ] ] ] } },
{ "type": "Feature", "properties": { "HouseEntId": "70030076212052655", "Id": "70030076212052673" }, "geometry": { "type": "MultiLineString", "coordinates": [ [ [ 71.464938020366006, 51.129314748011772 ], [ 71.465076630414359, 51.129292874465925 ] ] ] } },
{ "type": "Feature", "properties": { "HouseEntId": "70030076212251998", "Id": "70030076212251999" }, "geometry": { "type": "MultiLineString", "coordinates": [ [ [ 71.459259410128965, 51.120367998063614 ], [ 71.459246115062768, 51.120278456968826 ] ] ] } },
{ "type": "Feature", "properties": { "HouseEntId": "70030076213309725", "Id": "70030076213309726" }, "geometry": { "type": "MultiLineString", "coordinates": [ [ [ 71.459847986303132, 51.120333264259045 ], [ 71.45983460140539, 51.12024377948309 ] ] ] } },
{ "type": "Feature", "properties": { "HouseEntId": "70030076213309733", "Id": "70030076213309734" }, "geometry": { "type": "MultiLineString", "coordinates": [ [ [ 71.458503028659749, 51.120412712159975 ], [ 71.458489733593538, 51.120323227537909 ] ] ] } },
{ "type": "Feature", "properties": { "HouseEntId": "70030076213309735", "Id": "70030076213309736" }, "geometry": { "type": "MultiLineString", "coordinates": [ [ [ 71.458363340633056, 51.120421000896918 ], [ 71.458349955735329, 51.120331459904833 ] ] ] } },
{ "type": "Feature", "properties": { "HouseEntId": "70030076216010360", "Id": "70030076216010361" }, "geometry": { "type": "MultiLineString", "coordinates": [ [ [ 71.457979221017581, 51.119678899310301 ], [ 71.458013716324487, 51.119766129710051 ] ] ] } },
{ "type": "Feature", "properties": { "HouseEntId": "70030076216082506", "Id": "70030076216082507" }, "geometry": { "type": "MultiLineString", "coordinates": [ [ [ 71.466234738478633, 51.12563933956497 ], [ 71.466394099610042, 51.125710490554226 ] ] ] } },
{ "type": "Feature", "properties": { "HouseEntId": "70030076222866129", "Id": "70030076222866131" }, "geometry": { "type": "MultiLineString", "coordinates": [ [ [ 71.466860954063208, 51.125569203300302 ], [ 71.466915661463986, 51.125652194109975 ] ] ] } },
{ "type": "Feature", "properties": { "HouseEntId": "70030076224283094", "Id": "70030076224283097" }, "geometry": { "type": "MultiLineString", "coordinates": [ [ [ 71.442182256914805, 51.129588053711167 ], [ 71.442074728575278, 51.12964724718298 ] ] ] } },
{ "type": "Feature", "properties": { "HouseEntId": "70030076227903559", "Id": "70030076227903582" }, "geometry": { "type": "MultiLineString", "coordinates": [ [ [ 71.46703208312482, 51.135983892319366 ], [ 71.466902635892382, 51.135945844603299 ] ] ] } },
{ "type": "Feature", "properties": { "HouseEntId": "70030076238442531", "Id": "70030076238442538" }, "geometry": { "type": "MultiLineString", "coordinates": [ [ [ 71.460405570599974, 51.120312796111975 ], [ 71.460370266809321, 51.120225735902991 ] ] ] } },
{ "type": "Feature", "properties": { "HouseEntId": "70030076239044940", "Id": "70030076239044941" }, "geometry": { "type": "MultiLineString", "coordinates": [ [ [ 71.46058918624405, 51.127375065424538 ], [ 71.46045722372881, 51.127409512047379 ] ] ] } },
{ "type": "Feature", "properties": { "HouseEntId": "70030076239089667", "Id": "70030076239089669" }, "geometry": { "type": "MultiLineString", "coordinates": [ [ [ 71.469596413934866, 51.126891738823907 ], [ 71.469457714054997, 51.126913387994826 ] ] ] } },
{ "type": "Feature", "properties": { "HouseEntId": "70030076242525570", "Id": "70030076242525572" }, "geometry": { "type": "MultiLineString", "coordinates": [ [ [ 71.462414562901387, 51.133316474191616 ], [ 71.462279995271828, 51.13328637248442 ] ] ] } },
{ "type": "Feature", "properties": { "HouseEntId": "70030076242550539", "Id": "70030076242550540" }, "geometry": { "type": "MultiLineString", "coordinates": [ [ [ 71.466385026625659, 51.136315554341728 ], [ 71.466444135771368, 51.136233710026005 ] ] ] } },
{ "type": "Feature", "properties": { "HouseEntId": "70030076245474295", "Id": "70030076245474296" }, "geometry": { "type": "MultiLineString", "coordinates": [ [ [ 71.458789501403857, 51.120395683593706 ], [ 71.458776026674585, 51.120306198938657 ] ] ] } },
{ "type": "Feature", "properties": { "HouseEntId": "70030076246986108", "Id": "70030076246986109" }, "geometry": { "type": "MultiLineString", "coordinates": [ [ [ 71.462351680831503, 51.133427467021129 ], [ 71.46221711320193, 51.133397309016146 ] ] ] } },
{ "type": "Feature", "properties": { "HouseEntId": "70030076249815110", "Id": "70030076249815120" }, "geometry": { "type": "MultiLineString", "coordinates": [ [ [ 71.441081371534125, 51.129124538016455 ], [ 71.44111568717797, 51.129211750580446 ] ] ] } },
{ "type": "Feature", "properties": { "HouseEntId": "70030076249937115", "Id": "70030076249937129" }, "geometry": { "type": "MultiLineString", "coordinates": [ [ [ 71.464976558091692, 51.135928258092825 ], [ 71.46503539774281, 51.135846356723462 ] ] ] } },
{ "type": "Feature", "properties": { "HouseEntId": "70030076250506523", "Id": "70030076250506524" }, "geometry": { "type": "MultiLineString", "coordinates": [ [ [ 71.460591611695321, 51.120143299206724 ], [ 71.460453181310029, 51.120165459017095 ] ] ] } },
{ "type": "Feature", "properties": { "HouseEntId": "70030076256830071", "Id": "70030076256830073" }, "geometry": { "type": "MultiLineString", "coordinates": [ [ [ 71.461527027400678, 51.133442066870671 ], [ 71.461398298820455, 51.133481018570208 ] ] ] } },
{ "type": "Feature", "properties": { "HouseEntId": "70030076257070973", "Id": "70030076257070983" }, "geometry": { "type": "MultiLineString", "coordinates": [ [ [ 71.461373325655558, 51.133036538831327 ], [ 71.461416624452255, 51.13312216563498 ] ] ] } },
{ "type": "Feature", "properties": { "HouseEntId": "70030076257618651", "Id": "70030076257618653" }, "geometry": { "type": "MultiLineString", "coordinates": [ [ [ 71.459369363919748, 51.131515466916994 ], [ 71.459507884136556, 51.131493538041028 ] ] ] } },
{ "type": "Feature", "properties": { "HouseEntId": "70030076258499922", "Id": "70030076258499926" }, "geometry": { "type": "MultiLineString", "coordinates": [ [ [ 71.462092157545911, 51.128536708636751 ], [ 71.46205820122816, 51.128449382045716 ] ] ] } },
{ "type": "Feature", "properties": { "HouseEntId": "70030076261827376", "Id": "70030076261827377" }, "geometry": { "type": "MultiLineString", "coordinates": [ [ [ 71.459076243642542, 51.130782168676468 ], [ 71.45921476385935, 51.1307602394523 ] ] ] } },
{ "type": "Feature", "properties": { "HouseEntId": "70030076262721279", "Id": "70030076262721281" }, "geometry": { "type": "MultiLineString", "coordinates": [ [ [ 71.459322561693455, 51.131398550373234 ], [ 71.459461081910248, 51.131376565069161 ] ] ] } },
{ "type": "Feature", "properties": { "HouseEntId": "70030076266120744", "Id": "70030076266120746" }, "geometry": { "type": "MultiLineString", "coordinates": [ [ [ 71.461594490878511, 51.118419255932913 ], [ 71.461655037328669, 51.118500737104355 ] ] ] } },
{ "type": "Feature", "properties": { "HouseEntId": "70030076266206461", "Id": "70030076266206463" }, "geometry": { "type": "MultiLineString", "coordinates": [ [ [ 71.463374772108594, 51.119690515003285 ], [ 71.463331113985774, 51.119734214792985 ] ] ] } },
{ "type": "Feature", "properties": { "HouseEntId": "70030076269118871", "Id": "70030076269118872" }, "geometry": { "type": "MultiLineString", "coordinates": [ [ [ 71.460182968072573, 51.120348601266883 ], [ 71.460147664281905, 51.120261484739217 ] ] ] } },
{ "type": "Feature", "properties": { "HouseEntId": "70030076272128800", "Id": "70030076272128802" }, "geometry": { "type": "MultiLineString", "coordinates": [ [ [ 71.455000856693076, 51.120128525993906 ], [ 71.45509428148263, 51.120060467658583 ] ] ] } },
{ "type": "Feature", "properties": { "HouseEntId": "70030076272373026", "Id": "70030076272373027" }, "geometry": { "type": "MultiLineString", "coordinates": [ [ [ 71.464052371327398, 51.131196116062569 ], [ 71.464182716875101, 51.131232927491666 ] ] ] } },
{ "type": "Feature", "properties": { "HouseEntId": "70030076272373031", "Id": "70030076272373032" }, "geometry": { "type": "MultiLineString", "coordinates": [ [ [ 71.466168442810655, 51.130531137629006 ], [ 71.466298788358387, 51.130567949588176 ] ] ] } },
{ "type": "Feature", "properties": { "HouseEntId": "70030076272383962", "Id": "70030076272383969" }, "geometry": { "type": "MultiLineString", "coordinates": [ [ [ 71.464470267597576, 51.131847161035601 ], [ 71.464529736069366, 51.131765365171574 ] ] ] } },
{ "type": "Feature", "properties": { "HouseEntId": "70030076273699855", "Id": "70030076273699875" }, "geometry": { "type": "MultiLineString", "coordinates": [ [ [ 71.464775065973456, 51.129573621767484 ], [ 71.464913676021808, 51.129552030218321 ] ] ] } },
{ "type": "Feature", "properties": { "HouseEntId": "70030076277193988", "Id": "70030076277193991" }, "geometry": { "type": "MultiLineString", "coordinates": [ [ [ 71.469675106353748, 51.132402929372248 ], [ 71.469441095222237, 51.132376716694004 ] ] ] } },
{ "type": "Feature", "properties": { "HouseEntId": "70030076280932886", "Id": "70030076280932890" }, "geometry": { "type": "MultiLineString", "coordinates": [ [ [ 71.459312770056854, 51.131374028302623 ], [ 71.459451290273662, 51.131352099359503 ] ] ] } },
{ "type": "Feature", "properties": { "HouseEntId": "70030076286302362", "Id": "70030076286302363" }, "geometry": { "type": "MultiLineString", "coordinates": [ [ [ 71.459548038829752, 51.120350913094825 ], [ 71.459534653932025, 51.120261428353061 ] ] ] } },
{ "type": "Feature", "properties": { "HouseEntId": "70030076286302381", "Id": "70030076286302383" }, "geometry": { "type": "MultiLineString", "coordinates": [ [ [ 71.459407542319312, 51.120359145456817 ], [ 71.459394247253115, 51.120269660731005 ] ] ] } },
{ "type": "Feature", "properties": { "HouseEntId": "70030076286302391", "Id": "70030076286302393" }, "geometry": { "type": "MultiLineString", "coordinates": [ [ [ 71.45821179484463, 51.120407242720496 ], [ 71.458259405554685, 51.120322550904952 ] ] ] } },
{ "type": "Feature", "properties": { "HouseEntId": "70030076286302394", "Id": "70030076286302396" }, "geometry": { "type": "MultiLineString", "coordinates": [ [ [ 71.458066896589301, 51.120375046316248 ], [ 71.458114507299356, 51.120290298055544 ] ] ] } },
{ "type": "Feature", "properties": { "HouseEntId": "70030076286302404", "Id": "70030076286302406" }, "geometry": { "type": "MultiLineString", "coordinates": [ [ [ 71.464670591905929, 51.119556426874439 ], [ 71.464683886972125, 51.11964585659485 ] ] ] } },
{ "type": "Feature", "properties": { "HouseEntId": "70030076286589902", "Id": "70030076286589907" }, "geometry": { "type": "MultiLineString", "coordinates": [ [ [ 71.465020845035198, 51.119286501441557 ], [ 71.465080493170063, 51.119204796106125 ] ] ] } },
{ "type": "Feature", "properties": { "HouseEntId": "70030076286302309", "Id": "70030076286302311" }, "geometry": { "type": "MultiLineString", "coordinates": [ [ [ 71.46538574070361, 51.118043707638243 ], [ 71.465247220486788, 51.118065417345022 ] ] ] } },
{ "type": "Feature", "properties": { "HouseEntId": "70030076286302315", "Id": "70030076286302318" }, "geometry": { "type": "MultiLineString", "coordinates": [ [ [ 71.465887180295198, 51.118252966231282 ], [ 71.465748480415343, 51.118274393896833 ] ] ] } },
{ "type": "Feature", "properties": { "HouseEntId": "70030076289004717", "Id": "70030076289004719" }, "geometry": { "type": "MultiLineString", "coordinates": [ [ [ 71.459628977036857, 51.120012088101561 ], [ 71.459642272103068, 51.12010162971265 ] ] ] } },
{ "type": "Feature", "properties": { "HouseEntId": "70030076295395805", "Id": "70030076295395806" }, "geometry": { "type": "MultiLineString", "coordinates": [ [ [ 71.463623785105327, 51.119367304436544 ], [ 71.463683433240192, 51.119285599244023 ] ] ] } },
{ "type": "Feature", "properties": { "HouseEntId": "70030076299078141", "Id": "70030076299078143" }, "geometry": { "type": "MultiLineString", "coordinates": [ [ [ 71.461848264946269, 51.131367263591208 ], [ 71.461884646715291, 51.131454190057532 ] ] ] } },
{ "type": "Feature", "properties": { "HouseEntId": "70030076299078145", "Id": "70030076299078146" }, "geometry": { "type": "MultiLineString", "coordinates": [ [ [ 71.462399740699198, 51.131572064790383 ], [ 71.462261220482389, 51.131593993629046 ] ] ] } },
{ "type": "Feature", "properties": { "HouseEntId": "70030076300986005", "Id": "70030076300986007" }, "geometry": { "type": "MultiLineString", "coordinates": [ [ [ 71.463232748462161, 51.134234115882634 ], [ 71.463173998642574, 51.134316076480772 ] ] ] } },
{ "type": "Feature", "properties": { "HouseEntId": "70030076307859995", "Id": "70030076307859997" }, "geometry": { "type": "MultiLineString", "coordinates": [ [ [ 71.461533764765306, 51.11899638763969 ], [ 71.461607157124007, 51.118919305590467 ] ] ] } },
{ "type": "Feature", "properties": { "HouseEntId": "70030076307860115", "Id": "70030076307860117" }, "geometry": { "type": "MultiLineString", "coordinates": [ [ [ 71.463120459051623, 51.118869176814982 ], [ 71.463085784081684, 51.118781944721675 ] ] ] } },
{ "type": "Feature", "properties": { "HouseEntId": "70030076307861661", "Id": "70030076307861662" }, "geometry": { "type": "MultiLineString", "coordinates": [ [ [ 71.464516620666217, 51.117952639536341 ], [ 71.464549948163267, 51.118040155139809 ] ] ] } },
{ "type": "Feature", "properties": { "HouseEntId": "70030076316990926", "Id": "70030076316990928" }, "geometry": { "type": "MultiLineString", "coordinates": [ [ [ 71.464904962363548, 51.129198051397367 ], [ 71.464766352315209, 51.1292198122377 ] ] ] } },
{ "type": "Feature", "properties": { "HouseEntId": "70030076318468315", "Id": "70030076318468332" }, "geometry": { "type": "MultiLineString", "coordinates": [ [ [ 71.462597549724748, 51.134784105912338 ], [ 71.462656479207396, 51.134702258882008 ] ] ] } },
{ "type": "Feature", "properties": { "HouseEntId": "70030076319106835", "Id": "70030076319106836" }, "geometry": { "type": "MultiLineString", "coordinates": [ [ [ 71.467417370550166, 51.133946407101746 ], [ 71.467359968203525, 51.134028706426669 ] ] ] } },
{ "type": "Feature", "properties": { "HouseEntId": "70030076319113952", "Id": "70030076319113955" }, "geometry": { "type": "MultiLineString", "coordinates": [ [ [ 71.462922290699979, 51.134876606410408 ], [ 71.462981130351082, 51.134794646807215 ] ] ] } },
{ "type": "Feature", "properties": { "HouseEntId": "70030076319985849", "Id": "70030076319985852" }, "geometry": { "type": "MultiLineString", "coordinates": [ [ [ 71.463314674816061, 51.120138506371035 ], [ 71.463301200086804, 51.120048964831433 ] ] ] } },
{ "type": "Feature", "properties": { "HouseEntId": "70030076320252743", "Id": "70030076320252744" }, "geometry": { "type": "MultiLineString", "coordinates": [ [ [ 71.463445828847554, 51.12781430022418 ], [ 71.463307218799201, 51.127836005339589 ] ] ] } },
{ "type": "Feature", "properties": { "HouseEntId": "70030076321550739", "Id": "70030076321550740" }, "geometry": { "type": "MultiLineString", "coordinates": [ [ [ 71.467137186013048, 51.135610459675718 ], [ 71.46700782861214, 51.135572355284459 ] ] ] } },
{ "type": "Feature", "properties": { "HouseEntId": "70030076321550766", "Id": "70030076321550768" }, "geometry": { "type": "MultiLineString", "coordinates": [ [ [ 71.465361306527868, 51.136037666371287 ], [ 71.465420146178985, 51.13595576519598 ] ] ] } },
{ "type": "Feature", "properties": { "HouseEntId": "70030076321550772", "Id": "70030076321550773" }, "geometry": { "type": "MultiLineString", "coordinates": [ [ [ 71.466033246360396, 51.135095935004358 ], [ 71.466093792810554, 51.13501453947196 ] ] ] } },
{ "type": "Feature", "properties": { "HouseEntId": "70030076323170893", "Id": "70030076323170894" }, "geometry": { "type": "MultiLineString", "coordinates": [ [ [ 71.459179909226336, 51.131041879801671 ], [ 71.459318519274674, 51.131019894327792 ] ] ] } },
{ "type": "Feature", "properties": { "HouseEntId": "70030076323170896", "Id": "70030076323170897" }, "geometry": { "type": "MultiLineString", "coordinates": [ [ [ 71.459270639070013, 51.131269062418795 ], [ 71.459409249118366, 51.131247077053082 ] ] ] } },
{ "type": "Feature", "properties": { "HouseEntId": "70030076338745560", "Id": "70030076338745562" }, "geometry": { "type": "MultiLineString", "coordinates": [ [ [ 71.469335363513295, 51.126297566601821 ], [ 71.469197831443296, 51.126321865852937 ] ] ] } },
{ "type": "Feature", "properties": { "HouseEntId": "70030076350349197", "Id": "70030076350349199" }, "geometry": { "type": "MultiLineString", "coordinates": [ [ [ 71.46901197001101, 51.126737995591689 ], [ 71.469046465317916, 51.126825269040431 ] ] ] } },
{ "type": "Feature", "properties": { "HouseEntId": "70030076352400677", "Id": "70030076352400678" }, "geometry": { "type": "MultiLineString", "coordinates": [ [ [ 71.460494503813109, 51.131750201070609 ], [ 71.460355983596287, 51.131772242568907 ] ] ] } },
{ "type": "Feature", "properties": { "HouseEntId": "70030076354574052", "Id": "70030076354574053" }, "geometry": { "type": "MultiLineString", "coordinates": [ [ [ 71.468671778012919, 51.126068217123908 ], [ 71.468706273319839, 51.126155435459268 ] ] ] } },
{ "type": "Feature", "properties": { "HouseEntId": "70030076358063581", "Id": "70030076358063582" }, "geometry": { "type": "MultiLineString", "coordinates": [ [ [ 71.461152070601074, 51.127822305748467 ], [ 71.461186026918824, 51.127909577148344 ] ] ] } },
{ "type": "Feature", "properties": { "HouseEntId": "70030076365971300", "Id": "70030076365971302" }, "geometry": { "type": "MultiLineString", "coordinates": [ [ [ 71.466182546360614, 51.134136709975714 ], [ 71.466313341065998, 51.134172786261495 ] ] ] } },
{ "type": "Feature", "properties": { "HouseEntId": "70030076367204583", "Id": "70030076367204585" }, "geometry": { "type": "MultiLineString", "coordinates": [ [ [ 71.465093339078621, 51.127414416883568 ], [ 71.465200508092025, 51.127354938662471 ] ] ] } },
{ "type": "Feature", "properties": { "HouseEntId": "70030076367828702", "Id": "70030076367828704" }, "geometry": { "type": "MultiLineString", "coordinates": [ [ [ 71.462929926379886, 51.119715156051079 ], [ 71.463072219520896, 51.119707036348004 ] ] ] } },
{ "type": "Feature", "properties": { "HouseEntId": "70030076370331017", "Id": "70030076370331020" }, "geometry": { "type": "MultiLineString", "coordinates": [ [ [ 71.464357888355522, 51.131125086269563 ], [ 71.464299408030513, 51.131207108758865 ] ] ] } },
{ "type": "Feature", "properties": { "HouseEntId": "70030076371382526", "Id": "70030076371382542" }, "geometry": { "type": "MultiLineString", "coordinates": [ [ [ 71.461548227641373, 51.133475268827915 ], [ 71.461415187147807, 51.13350807617141 ] ] ] } },
{ "type": "Feature", "properties": { "HouseEntId": "70030076381456916", "Id": "70030076381456917" }, "geometry": { "type": "MultiLineString", "coordinates": [ [ [ 71.458892448335419, 51.120389593906225 ], [ 71.458879063437678, 51.120300109239402 ] ] ] } },
{ "type": "Feature", "properties": { "HouseEntId": "70030076379160259", "Id": "70030076379160261" }, "geometry": { "type": "MultiLineString", "coordinates": [ [ [ 71.464044555984415, 51.135584248818233 ], [ 71.464104024456233, 51.135502572308873 ] ] ] } },
{ "type": "Feature", "properties": { "HouseEntId": "70030076389584791", "Id": "70030076389584892" }, "geometry": { "type": "MultiLineString", "coordinates": [ [ [ 71.466726206770574, 51.125604327825577 ], [ 71.466781004002911, 51.125687374951667 ] ] ] } },
{ "type": "Feature", "properties": { "HouseEntId": "70030076379426194", "Id": "70030076379426196" }, "geometry": { "type": "MultiLineString", "coordinates": [ [ [ 71.465609960198535, 51.136079490590589 ], [ 71.465559654542616, 51.135995391178504 ] ] ] } },
{ "type": "Feature", "properties": { "HouseEntId": "70030076394249549", "Id": "70030076394249550" }, "geometry": { "type": "MultiLineString", "coordinates": [ [ [ 71.466037378610707, 51.132417980516259 ], [ 71.465908470367424, 51.132379197034098 ] ] ] } },
{ "type": "Feature", "properties": { "HouseEntId": "70030076397923715", "Id": "70030076397923716" }, "geometry": { "type": "MultiLineString", "coordinates": [ [ [ 71.461682795270946, 51.12762791769655 ], [ 71.461653330529614, 51.127539912859937 ] ] ] } },
{ "type": "Feature", "properties": { "HouseEntId": "70030076402446834", "Id": "70030076402446835" }, "geometry": { "type": "MultiLineString", "coordinates": [ [ [ 71.46044410832566, 51.119670666827083 ], [ 71.460305677940383, 51.119692883251012 ] ] ] } },
{ "type": "Feature", "properties": { "HouseEntId": "70030076414750339", "Id": "70030076414750340" }, "geometry": { "type": "MultiLineString", "coordinates": [ [ [ 71.441835327552084, 51.122043422035205 ], [ 71.441719175385828, 51.122095746339284 ] ] ] } },
{ "type": "Feature", "properties": { "HouseEntId": "70030076415361907", "Id": "70030076415361912" }, "geometry": { "type": "MultiLineString", "coordinates": [ [ [ 71.441192672797825, 51.123416858993721 ], [ 71.441169945421123, 51.12332811316211 ] ] ] } },
{ "type": "Feature", "properties": { "HouseEntId": "70030076416295636", "Id": "70030076416295637" }, "geometry": { "type": "MultiLineString", "coordinates": [ [ [ 71.464984912423844, 51.13502226190743 ], [ 71.46485474653916, 51.134985171658066 ] ] ] } },
{ "type": "Feature", "properties": { "HouseEntId": "70030076416299407", "Id": "70030076416299409" }, "geometry": { "type": "MultiLineString", "coordinates": [ [ [ 71.467466598227745, 51.132958070942941 ], [ 71.467337240826836, 51.132919907992132 ] ] ] } },
{ "type": "Feature", "properties": { "HouseEntId": "70030076420615140", "Id": "70030076420615141" }, "geometry": { "type": "MultiLineString", "coordinates": [ [ [ 71.459579030707047, 51.132040009291096 ], [ 71.45971755092387, 51.132018137036006 ] ] ] } },
{ "type": "Feature", "properties": { "HouseEntId": "70030076426225256", "Id": "70030076426225258" }, "geometry": { "type": "MultiLineString", "coordinates": [ [ [ 71.461142278964488, 51.118646782581443 ], [ 71.461226451106597, 51.1187194104306 ] ] ] } },
{ "type": "Feature", "properties": { "HouseEntId": "70030076434364473", "Id": "70030076434364474" }, "geometry": { "type": "MultiLineString", "coordinates": [ [ [ 71.459049743341652, 51.130716042732345 ], [ 71.45918835338999, 51.130694113476778 ] ] ] } },
{ "type": "Feature", "properties": { "HouseEntId": "70030076440984481", "Id": "70030076440984483" }, "geometry": { "type": "MultiLineString", "coordinates": [ [ [ 71.457858217948797, 51.120328584215187 ], [ 71.457905828658866, 51.120243835869267 ] ] ] } },
{ "type": "Feature", "properties": { "HouseEntId": "70030076450244759", "Id": "70030076450244762" }, "geometry": { "type": "MultiLineString", "coordinates": [ [ [ 71.469283440889868, 51.126181651668787 ], [ 71.469145998651413, 51.126206063738692 ] ] ] } },
{ "type": "Feature", "properties": { "HouseEntId": "70030076457018853", "Id": "70030076457018854" }, "geometry": { "type": "MultiLineString", "coordinates": [ [ [ 71.462035563683017, 51.134215006753898 ], [ 71.462165909230734, 51.134251815776516 ] ] ] } },
{ "type": "Feature", "properties": { "HouseEntId": "70030076459614547", "Id": "70030076459614548" }, "geometry": { "type": "MultiLineString", "coordinates": [ [ [ 71.462814223371282, 51.135342431818373 ], [ 71.46287315285393, 51.135260473042024 ] ] ] } },
{ "type": "Feature", "properties": { "HouseEntId": "70030076463799528", "Id": "70030076463799529" }, "geometry": { "type": "MultiLineString", "coordinates": [ [ [ 71.464397683722609, 51.131136304474289 ], [ 71.464339203397614, 51.131218270570891 ] ] ] } },
{ "type": "Feature", "properties": { "HouseEntId": "70030076466926081", "Id": "70030076466926082" }, "geometry": { "type": "MultiLineString", "coordinates": [ [ [ 71.461446358688164, 51.118963400823823 ], [ 71.46151984087841, 51.118886318719582 ] ] ] } },
{ "type": "Feature", "properties": { "HouseEntId": "70030076469033547", "Id": "70030076469033548" }, "geometry": { "type": "MultiLineString", "coordinates": [ [ [ 71.465277224217303, 51.119292309337737 ], [ 71.465289261642098, 51.1193819087311 ] ] ] } },
{ "type": "Feature", "properties": { "HouseEntId": "70030076472959213", "Id": "70030076472959214" }, "geometry": { "type": "MultiLineString", "coordinates": [ [ [ 71.46465064930662, 51.131207672486809 ], [ 71.464592168981611, 51.131289751202097 ] ] ] } },
{ "type": "Feature", "properties": { "HouseEntId": "70030076475509589", "Id": "70030076475509590" }, "geometry": { "type": "MultiLineString", "coordinates": [ [ [ 71.460283309889817, 51.120332474854088 ], [ 71.46024800609915, 51.120245358296017 ] ] ] } },
{ "type": "Feature", "properties": { "HouseEntId": "70030076475509592", "Id": "70030076475509593" }, "geometry": { "type": "MultiLineString", "coordinates": [ [ [ 71.459588912175164, 51.118639903229564 ], [ 71.459623317650554, 51.118727135591065 ] ] ] } },
{ "type": "Feature", "properties": { "HouseEntId": "70030076475509594", "Id": "70030076475509595" }, "geometry": { "type": "MultiLineString", "coordinates": [ [ [ 71.46573716164275, 51.119712054775775 ], [ 71.465867147864373, 51.11974943922614 ] ] ] } },
{ "type": "Feature", "properties": { "HouseEntId": "70030076475509609", "Id": "70030076475509610" }, "geometry": { "type": "MultiLineString", "coordinates": [ [ [ 71.463076531434254, 51.118184848744285 ], [ 71.463111116572691, 51.118272081964967 ] ] ] } },
{ "type": "Feature", "properties": { "HouseEntId": "70030076472715925", "Id": "70030076472715926" }, "geometry": { "type": "MultiLineString", "coordinates": [ [ [ 71.460023696772694, 51.133298773939202 ], [ 71.460156737266274, 51.133266135557875 ] ] ] } },
{ "type": "Feature", "properties": { "HouseEntId": "70030076477043450", "Id": "70030076477043452" }, "geometry": { "type": "MultiLineString", "coordinates": [ [ [ 71.463525958570898, 51.134377405911586 ], [ 71.46346711891978, 51.134459366255392 ] ] ] } },
{ "type": "Feature", "properties": { "HouseEntId": "70030076483490918", "Id": "70030076483490919" }, "geometry": { "type": "MultiLineString", "coordinates": [ [ [ 71.461160245270165, 51.11864035433463 ], [ 71.461300472286027, 51.118657439936015 ] ] ] } },
{ "type": "Feature", "properties": { "HouseEntId": "70030076486224236", "Id": "70030076486224237" }, "geometry": { "type": "MultiLineString", "coordinates": [ [ [ 71.465888168442021, 51.135450319559396 ], [ 71.465758811041098, 51.135412215035984 ] ] ] } },
{ "type": "Feature", "properties": { "HouseEntId": "70030076498186264", "Id": "70030076498186266" }, "geometry": { "type": "MultiLineString", "coordinates": [ [ [ 71.467492110381812, 51.135179754214995 ], [ 71.467362663149373, 51.135141705836304 ] ] ] } },
{ "type": "Feature", "properties": { "HouseEntId": "70030076502325643", "Id": "70030076502325645" }, "geometry": { "type": "MultiLineString", "coordinates": [ [ [ 71.462409622167314, 51.134730724979939 ], [ 71.462468551649962, 51.134648765117802 ] ] ] } },
{ "type": "Feature", "properties": { "HouseEntId": "70030076514258339", "Id": "70030076514258444" }, "geometry": { "type": "MultiLineString", "coordinates": [ [ [ 71.464847110859253, 51.131263086910181 ], [ 71.464788630534258, 51.13134510915436 ] ] ] } },
{ "type": "Feature", "properties": { "HouseEntId": "70030076520695479", "Id": "70030076520695481" }, "geometry": { "type": "MultiLineString", "coordinates": [ [ [ 71.458900443341435, 51.118747491664649 ], [ 71.458934938648341, 51.118834780210918 ] ] ] } },
{ "type": "Feature", "properties": { "HouseEntId": "70030076525803073", "Id": "70030076525803076" }, "geometry": { "type": "MultiLineString", "coordinates": [ [ [ 71.465427063206675, 51.11909546072107 ], [ 71.46550961838129, 51.119168820902267 ] ] ] } },
{ "type": "Feature", "properties": { "HouseEntId": "70030076527566857", "Id": "70030076527566859" }, "geometry": { "type": "MultiLineString", "coordinates": [ [ [ 71.460793373308121, 51.127981626668173 ], [ 71.460827509288919, 51.128068897767001 ] ] ] } },
{ "type": "Feature", "properties": { "HouseEntId": "70030076531685301", "Id": "70030076531685303" }, "geometry": { "type": "MultiLineString", "coordinates": [ [ [ 71.468458517964464, 51.126101480761861 ], [ 71.46849301327137, 51.126188755413331 ] ] ] } },
{ "type": "Feature", "properties": { "HouseEntId": "70030076531685304", "Id": "70030076531685306" }, "geometry": { "type": "MultiLineString", "coordinates": [ [ [ 71.465383944073025, 51.1276215470766 ], [ 71.465491023254913, 51.127562069122241 ] ] ] } },
{ "type": "Feature", "properties": { "HouseEntId": "70030076534097040", "Id": "70030076534097042" }, "geometry": { "type": "MultiLineString", "coordinates": [ [ [ 71.463431904960657, 51.127779064625521 ], [ 71.463293294912305, 51.127800826134433 ] ] ] } },
{ "type": "Feature", "properties": { "HouseEntId": "70030076537928867", "Id": "70030076537928869" }, "geometry": { "type": "MultiLineString", "coordinates": [ [ [ 71.468433005810397, 51.133944546909831 ], [ 71.468303648409474, 51.133906497513294 ] ] ] } },
{ "type": "Feature", "properties": { "HouseEntId": "70030076537928873", "Id": "70030076537928876" }, "geometry": { "type": "MultiLineString", "coordinates": [ [ [ 71.467188210321197, 51.130635090467244 ], [ 71.467129729996202, 51.130717057453445 ] ] ] } },
{ "type": "Feature", "properties": { "HouseEntId": "70030076537928877", "Id": "70030076537928879" }, "geometry": { "type": "MultiLineString", "coordinates": [ [ [ 71.465536208513697, 51.132121466438562 ], [ 71.465595587153985, 51.132039671060426 ] ] ] } },
{ "type": "Feature", "properties": { "HouseEntId": "70030076537928886", "Id": "70030076537928888" }, "geometry": { "type": "MultiLineString", "coordinates": [ [ [ 71.466438386553534, 51.13238951299256 ], [ 71.466499112666739, 51.13230822543224 ] ] ] } },
{ "type": "Feature", "properties": { "HouseEntId": "70030076540616312", "Id": "70030076540616313" }, "geometry": { "type": "MultiLineString", "coordinates": [ [ [ 71.460465128903309, 51.11850282347158 ], [ 71.460499624210229, 51.118590112480085 ] ] ] } },
{ "type": "Feature", "properties": { "HouseEntId": "70030076544333618", "Id": "70030076544333619" }, "geometry": { "type": "MultiLineString", "coordinates": [ [ [ 71.468575837940577, 51.12517956171061 ], [ 71.468443965256867, 51.125214009970868 ] ] ] } },
{ "type": "Feature", "properties": { "HouseEntId": "70030076544981836", "Id": "70030076544981855" }, "geometry": { "type": "MultiLineString", "coordinates": [ [ [ 71.458878165122385, 51.130286588218077 ], [ 71.459016685339208, 51.130264602384628 ] ] ] } },
{ "type": "Feature", "properties": { "HouseEntId": "70030076554820502", "Id": "70030076554820503" }, "geometry": { "type": "MultiLineString", "coordinates": [ [ [ 71.458669845808004, 51.120402844614055 ], [ 71.458656460910277, 51.120313303586791 ] ] ] } },
{ "type": "Feature", "properties": { "HouseEntId": "70030076557318046", "Id": "70030076557318048" }, "geometry": { "type": "MultiLineString", "coordinates": [ [ [ 71.460283399721334, 51.118531299555137 ], [ 71.460317805196723, 51.118618532121701 ] ] ] } },
{ "type": "Feature", "properties": { "HouseEntId": "70030076559528015", "Id": "70030076559528017" }, "geometry": { "type": "MultiLineString", "coordinates": [ [ [ 71.458205776132232, 51.118856151218736 ], [ 71.458240181607607, 51.118943383171953 ] ] ] } },
{ "type": "Feature", "properties": { "HouseEntId": "70030076560747451", "Id": "70030076560747452" }, "geometry": { "type": "MultiLineString", "coordinates": [ [ [ 71.467647698589019, 51.130962450181286 ], [ 71.46777795430522, 51.130999261796646 ] ] ] } },
{ "type": "Feature", "properties": { "HouseEntId": "70030076569084924", "Id": "70030076569084932" }, "geometry": { "type": "MultiLineString", "coordinates": [ [ [ 71.461936210012581, 51.134354351015624 ], [ 71.462066645391843, 51.134391103558251 ] ] ] } },
{ "type": "Feature", "properties": { "HouseEntId": "70030076572627649", "Id": "70030076572627652" }, "geometry": { "type": "MultiLineString", "coordinates": [ [ [ 71.465034768922109, 51.135569931483367 ], [ 71.464975839439447, 51.135651889710424 ] ] ] } },
{ "type": "Feature", "properties": { "HouseEntId": "70030076578066004", "Id": "70030076578066156" }, "geometry": { "type": "MultiLineString", "coordinates": [ [ [ 71.459985608204647, 51.131646814465057 ], [ 71.460020462837676, 51.131733909521621 ] ] ] } },
{ "type": "Feature", "properties": { "HouseEntId": "70030076598518904", "Id": "70030076598518906" }, "geometry": { "type": "MultiLineString", "coordinates": [ [ [ 71.462911331253494, 51.118210900311595 ], [ 71.462945916391945, 51.118298077094551 ] ] ] } },
{ "type": "Feature", "properties": { "HouseEntId": "70030076599366705", "Id": "70030076599366706" }, "geometry": { "type": "MultiLineString", "coordinates": [ [ [ 71.45911334406378, 51.118714279118912 ], [ 71.459147839370686, 51.118801454952056 ] ] ] } },
{ "type": "Feature", "properties": { "HouseEntId": "70030076604107668", "Id": "70030076604107669" }, "geometry": { "type": "MultiLineString", "coordinates": [ [ [ 71.465102771389127, 51.129061904974598 ], [ 71.465241381437451, 51.129040200435313 ] ] ] } },
{ "type": "Feature", "properties": { "HouseEntId": "70030076590060934", "Id": "70030076590061039" }, "geometry": { "type": "MultiLineString", "coordinates": [ [ [ 71.459647482331718, 51.118630768350897 ], [ 71.459681977638624, 51.118717944341597 ] ] ] } },
{ "type": "Feature", "properties": { "HouseEntId": "70030076596284600", "Id": "70030076596284601" }, "geometry": { "type": "MultiLineString", "coordinates": [ [ [ 71.459257523666878, 51.11869166750791 ], [ 71.459292018973784, 51.118778899771669 ] ] ] } },
{ "type": "Feature", "properties": { "HouseEntId": "70030076604250746", "Id": "70030076604250747" }, "geometry": { "type": "MultiLineString", "coordinates": [ [ [ 71.459937368673891, 51.133159088269593 ], [ 71.460073463439443, 51.133131692241243 ] ] ] } },
{ "type": "Feature", "properties": { "HouseEntId": "70030076608640842", "Id": "70030076608640844" }, "geometry": { "type": "MultiLineString", "coordinates": [ [ [ 71.461191596473569, 51.118774050406458 ], [ 71.461321313200614, 51.118736383226725 ] ] ] } },
{ "type": "Feature", "properties": { "HouseEntId": "70030076612427178", "Id": "70030076612427180" }, "geometry": { "type": "MultiLineString", "coordinates": [ [ [ 71.457778806877684, 51.127139745254858 ], [ 71.457636693399749, 51.127148596562286 ] ] ] } },
{ "type": "Feature", "properties": { "HouseEntId": "70030076615547066", "Id": "70030076615547067" }, "geometry": { "type": "MultiLineString", "coordinates": [ [ [ 71.457640017166298, 51.118944905641555 ], [ 71.457674602304735, 51.11903213742719 ] ] ] } },
{ "type": "Feature", "properties": { "HouseEntId": "70030076621366174", "Id": "70030076621366178" }, "geometry": { "type": "MultiLineString", "coordinates": [ [ [ 71.457331356034658, 51.118993455479213 ], [ 71.457366031004625, 51.119080630785582 ] ] ] } },
{ "type": "Feature", "properties": { "HouseEntId": "70030076623891933", "Id": "70030076623891936" }, "geometry": { "type": "MultiLineString", "coordinates": [ [ [ 71.459538157361621, 51.118647741179579 ], [ 71.459572652668541, 51.118735029914298 ] ] ] } },
{ "type": "Feature", "properties": { "HouseEntId": "70030076633730585", "Id": "70030076633730586" }, "geometry": { "type": "MultiLineString", "coordinates": [ [ [ 71.462827069279854, 51.11979702964409 ], [ 71.462969272589319, 51.119788909955403 ] ] ] } },
{ "type": "Feature", "properties": { "HouseEntId": "70030076633890726", "Id": "70030076633890727" }, "geometry": { "type": "MultiLineString", "coordinates": [ [ [ 71.466172395397905, 51.135121807930943 ], [ 71.466172395397905, 51.135031900857946 ] ] ] } },
{ "type": "Feature", "properties": { "HouseEntId": "70030076632423976", "Id": "70030076632423977" }, "geometry": { "type": "MultiLineString", "coordinates": [ [ [ 71.465745605806418, 51.119700664635552 ], [ 71.465875502196511, 51.119737992708338 ] ] ] } },
{ "type": "Feature", "properties": { "HouseEntId": "70030076642865569", "Id": "70030076642865570" }, "geometry": { "type": "MultiLineString", "coordinates": [ [ [ 71.461836766510643, 51.133141106104667 ], [ 71.461701031071215, 51.133169122201835 ] ] ] } },
{ "type": "Feature", "properties": { "HouseEntId": "70030076655114078", "Id": "70030076655114079" }, "geometry": { "type": "MultiLineString", "coordinates": [ [ [ 71.45871359376234, 51.118776757028968 ], [ 71.45874799923773, 51.118863932744219 ] ] ] } },
{ "type": "Feature", "properties": { "HouseEntId": "70030076655114080", "Id": "70030076655114081" }, "geometry": { "type": "MultiLineString", "coordinates": [ [ [ 71.458551358022035, 51.118802018831424 ], [ 71.458585763497396, 51.118889307274671 ] ] ] } },
{ "type": "Feature", "properties": { "HouseEntId": "70030076655114082", "Id": "70030076655114083" }, "geometry": { "type": "MultiLineString", "coordinates": [ [ [ 71.458487308142267, 51.118812055883019 ], [ 71.458521713617642, 51.118899344307316 ] ] ] } },
{ "type": "Feature", "properties": { "HouseEntId": "70030076655114084", "Id": "70030076655114085" }, "geometry": { "type": "MultiLineString", "coordinates": [ [ [ 71.460543461996096, 51.120024436734575 ], [ 71.460405121442335, 51.120046652988378 ] ] ] } },
{ "type": "Feature", "properties": { "HouseEntId": "70030076655114086", "Id": "70030076655114087" }, "geometry": { "type": "MultiLineString", "coordinates": [ [ [ 71.466412425241828, 51.119551126494649 ], [ 71.46627345586738, 51.119571933301167 ] ] ] } },
{ "type": "Feature", "properties": { "HouseEntId": "70030076656037848", "Id": "70030076656037849" }, "geometry": { "type": "MultiLineString", "coordinates": [ [ [ 71.465757104242059, 51.119684425222871 ], [ 71.465899307551538, 51.119676249127494 ] ] ] } },
{ "type": "Feature", "properties": { "HouseEntId": "70030076658385711", "Id": "70030076658385714" }, "geometry": { "type": "MultiLineString", "coordinates": [ [ [ 71.460035554534443, 51.131638753231442 ], [ 71.460070498999002, 51.131725961047543 ] ] ] } },
{ "type": "Feature", "properties": { "HouseEntId": "70030076658392305", "Id": "70030076658392308" }, "geometry": { "type": "MultiLineString", "coordinates": [ [ [ 71.464425621327933, 51.118798410003343 ], [ 71.464392293830898, 51.118711008612273 ] ] ] } },
{ "type": "Feature", "properties": { "HouseEntId": "70030076673223299", "Id": "70030076673223301" }, "geometry": { "type": "MultiLineString", "coordinates": [ [ [ 71.4685199627299, 51.133956440862917 ], [ 71.46828604142992, 51.133930172697049 ] ] ] } },
{ "type": "Feature", "properties": { "HouseEntId": "70030076676637649", "Id": "70030076676637650" }, "geometry": { "type": "MultiLineString", "coordinates": [ [ [ 71.467722079094543, 51.125344247842136 ], [ 71.46777687632688, 51.125427182676141 ] ] ] } },
{ "type": "Feature", "properties": { "HouseEntId": "70030076689321904", "Id": "70030076689321905" }, "geometry": { "type": "MultiLineString", "coordinates": [ [ [ 71.461634825234754, 51.119034505708662 ], [ 71.461708217593483, 51.118957423723039 ] ] ] } },
{ "type": "Feature", "properties": { "HouseEntId": "70030076686689806", "Id": "70030076686689807" }, "geometry": { "type": "MultiLineString", "coordinates": [ [ [ 71.45527250723498, 51.120237182299931 ], [ 71.455296941410722, 51.120148599518579 ] ] ] } },
{ "type": "Feature", "properties": { "HouseEntId": "70030076696466042", "Id": "70030076696466044" }, "geometry": { "type": "MultiLineString", "coordinates": [ [ [ 71.456005981664475, 51.120447671448531 ], [ 71.456015952964123, 51.120358017736081 ] ] ] } },
{ "type": "Feature", "properties": { "HouseEntId": "70030076696466957", "Id": "70030076696466958" }, "geometry": { "type": "MultiLineString", "coordinates": [ [ [ 71.460111552007504, 51.11855819675062 ], [ 71.460145957482865, 51.118645429266401 ] ] ] } },
{ "type": "Feature", "properties": { "HouseEntId": "70030076697259061", "Id": "70030076697259062" }, "geometry": { "type": "MultiLineString", "coordinates": [ [ [ 71.463340097138612, 51.129278893431199 ], [ 71.463201307427198, 51.129300315982668 ] ] ] } },
{ "type": "Feature", "properties": { "HouseEntId": "70030076693066560", "Id": "70030076693066561" }, "geometry": { "type": "MultiLineString", "coordinates": [ [ [ 71.459182424509123, 51.118703509001335 ], [ 71.459216829984499, 51.118790684854794 ] ] ] } },
{ "type": "Feature", "properties": { "HouseEntId": "70030076701159178", "Id": "70030076701159179" }, "geometry": { "type": "MultiLineString", "coordinates": [ [ [ 71.459888769817027, 51.133038004465909 ], [ 71.460027379865366, 51.133016132683522 ] ] ] } },
{ "type": "Feature", "properties": { "HouseEntId": "70030076728408155", "Id": "70030076728408158" }, "geometry": { "type": "MultiLineString", "coordinates": [ [ [ 71.462937651891323, 51.11947353788694 ], [ 71.463079945032334, 51.119465192592884 ] ] ] } },
{ "type": "Feature", "properties": { "HouseEntId": "70030076730224537", "Id": "70030076730224540" }, "geometry": { "type": "MultiLineString", "coordinates": [ [ [ 71.460264175774256, 51.131174356153451 ], [ 71.460125655557434, 51.131196341553796 ] ] ] } },
{ "type": "Feature", "properties": { "HouseEntId": "70030076713242346", "Id": "70030076713242347" }, "geometry": { "type": "MultiLineString", "coordinates": [ [ [ 71.457046859584182, 51.119434179662576 ], [ 71.45718546963252, 51.119412470598981 ] ] ] } },
{ "type": "Feature", "properties": { "HouseEntId": "70030076714345085", "Id": "70030076714345086" }, "geometry": { "type": "MultiLineString", "coordinates": [ [ [ 71.462398303394735, 51.128489521855002 ], [ 71.462364347076999, 51.128402251550973 ] ] ] } },
{ "type": "Feature", "properties": { "HouseEntId": "70030076711149951", "Id": "70030076711149952" }, "geometry": { "type": "MultiLineString", "coordinates": [ [ [ 71.460161678000347, 51.133516362558602 ], [ 71.460288879444562, 51.13347549430803 ] ] ] } },
{ "type": "Feature", "properties": { "HouseEntId": "70030076733537632", "Id": "70030076733537634" }, "geometry": { "type": "MultiLineString", "coordinates": [ [ [ 71.465417181738545, 51.118066657899377 ], [ 71.465343430053736, 51.11814357220495 ] ] ] } },
{ "type": "Feature", "properties": { "HouseEntId": "70030076739651779", "Id": "70030076739651780" }, "geometry": { "type": "MultiLineString", "coordinates": [ [ [ 71.457686909224108, 51.11999421359041 ], [ 71.457825519272447, 51.119972448403466 ] ] ] } },
{ "type": "Feature", "properties": { "HouseEntId": "70030076743551592", "Id": "70030076743551593" }, "geometry": { "type": "MultiLineString", "coordinates": [ [ [ 71.463797968438939, 51.118350856748663 ], [ 71.463724396417163, 51.118427939746269 ] ] ] } },
{ "type": "Feature", "properties": { "HouseEntId": "70030076747060205", "Id": "70030076747060206" }, "geometry": { "type": "MultiLineString", "coordinates": [ [ [ 71.465803996299911, 51.127050160907743 ], [ 71.465835976324001, 51.127137715655458 ] ] ] } },
{ "type": "Feature", "properties": { "HouseEntId": "70030076747357118", "Id": "70030076747357119" }, "geometry": { "type": "MultiLineString", "coordinates": [ [ [ 71.465684700030167, 51.1303715436351 ], [ 71.465554264650919, 51.130334844267111 ] ] ] } },
{ "type": "Feature", "properties": { "HouseEntId": "70030076750030848", "Id": "70030076750030852" }, "geometry": { "type": "MultiLineString", "coordinates": [ [ [ 71.465055520005166, 51.119287460026413 ], [ 71.465055520005166, 51.119197634900061 ] ] ] } },
{ "type": "Feature", "properties": { "HouseEntId": "70030076751793806", "Id": "70030076751793808" }, "geometry": { "type": "MultiLineString", "coordinates": [ [ [ 71.468045023439188, 51.131037031723721 ], [ 71.46817536898692, 51.13107384327963 ] ] ] } },
{ "type": "Feature", "properties": { "HouseEntId": "70030076737725471", "Id": "70030076737725472" }, "geometry": { "type": "MultiLineString", "coordinates": [ [ [ 71.439875293433644, 51.130438233809848 ], [ 71.440013184829766, 51.130414838704567 ] ] ] } },
{ "type": "Feature", "properties": { "HouseEntId": "70030076738770484", "Id": "70030076738770485" }, "geometry": { "type": "MultiLineString", "coordinates": [ [ [ 71.459297588528543, 51.131336033160636 ], [ 71.459436108745365, 51.131314160572131 ] ] ] } },
{ "type": "Feature", "properties": { "HouseEntId": "70030076786395829", "Id": "70030076786395830" }, "geometry": { "type": "MultiLineString", "coordinates": [ [ [ 71.45973542739803, 51.132653217421598 ], [ 71.459873947614838, 51.132631345456957 ] ] ] } },
{ "type": "Feature", "properties": { "HouseEntId": "70030076786395853", "Id": "70030076786395854" }, "geometry": { "type": "MultiLineString", "coordinates": [ [ [ 71.459532318312284, 51.131923206819188 ], [ 71.459670838529092, 51.131901221764906 ] ] ] } },
{ "type": "Feature", "properties": { "HouseEntId": "70030076786395861", "Id": "70030076786395864" }, "geometry": { "type": "MultiLineString", "coordinates": [ [ [ 71.459609214100595, 51.132115772898679 ], [ 71.459747824148934, 51.132093844307768 ] ] ] } },
{ "type": "Feature", "properties": { "HouseEntId": "70030076783458999", "Id": "70030076783459000" }, "geometry": { "type": "MultiLineString", "coordinates": [ [ [ 71.458110285217529, 51.118871094001996 ], [ 71.458144690692905, 51.118958325927004 ] ] ] } },
{ "type": "Feature", "properties": { "HouseEntId": "70030076790964973", "Id": "70030076790964974" }, "geometry": { "type": "MultiLineString", "coordinates": [ [ [ 71.465796630114554, 51.136689319479387 ], [ 71.46566673372449, 51.136652061470691 ] ] ] } },
{ "type": "Feature", "properties": { "HouseEntId": "70030076792344903", "Id": "70030076792344904" }, "geometry": { "type": "MultiLineString", "coordinates": [ [ [ 71.462458670181832, 51.134744647995717 ], [ 71.46251759966448, 51.134662744526871 ] ] ] } },
{ "type": "Feature", "properties": { "HouseEntId": "70030076792665651", "Id": "70030076792665652" }, "geometry": { "type": "MultiLineString", "coordinates": [ [ [ 71.46075726103372, 51.127987264341023 ], [ 71.460791307182973, 51.128074479052586 ] ] ] } },
{ "type": "Feature", "properties": { "HouseEntId": "70030076790286534", "Id": "70030076790286535" }, "geometry": { "type": "MultiLineString", "coordinates": [ [ [ 71.46956596104674, 51.127307976183538 ], [ 71.469559313513628, 51.127239759292358 ] ] ] } },
{ "type": "Feature", "properties": { "HouseEntId": "70030076794419673", "Id": "70030076794419675" }, "geometry": { "type": "MultiLineString", "coordinates": [ [ [ 71.464816657971127, 51.119107132948322 ], [ 71.464959400269763, 51.119110516202042 ] ] ] } },
{ "type": "Feature", "properties": { "HouseEntId": "70030076809075196", "Id": "70030076809075198" }, "geometry": { "type": "MultiLineString", "coordinates": [ [ [ 71.457311233772302, 51.12049841875583 ], [ 71.457298747189839, 51.120408934299789 ] ] ] } },
{ "type": "Feature", "properties": { "HouseEntId": "70030076815763051", "Id": "70030076815763052" }, "geometry": { "type": "MultiLineString", "coordinates": [ [ [ 71.46746884401594, 51.122087796206387 ], [ 71.467435336855843, 51.122000401038207 ] ] ] } },
{ "type": "Feature", "properties": { "HouseEntId": "70030076816302839", "Id": "70030076816302841" }, "geometry": { "type": "MultiLineString", "coordinates": [ [ [ 71.466033515854988, 51.135739822722101 ], [ 71.465903439801849, 51.135702676681824 ] ] ] } },
{ "type": "Feature", "properties": { "HouseEntId": "70030076821458427", "Id": "70030076821458431" }, "geometry": { "type": "MultiLineString", "coordinates": [ [ [ 71.461266875294385, 51.118524984068813 ], [ 71.461364432334236, 51.118590676362039 ] ] ] } },
{ "type": "Feature", "properties": { "HouseEntId": "70030076826825324", "Id": "70030076826825327" }, "geometry": { "type": "MultiLineString", "coordinates": [ [ [ 71.463541589256835, 51.128058637220015 ], [ 71.463402799545449, 51.128080003960896 ] ] ] } },
{ "type": "Feature", "properties": { "HouseEntId": "70030076831543791", "Id": "70030076831543804" }, "geometry": { "type": "MultiLineString", "coordinates": [ [ [ 71.461881861937897, 51.127601533176332 ], [ 71.461852487028111, 51.127513528289434 ] ] ] } },
{ "type": "Feature", "properties": { "HouseEntId": "70030076832474731", "Id": "70030076832474732" }, "geometry": { "type": "MultiLineString", "coordinates": [ [ [ 71.465432992087557, 51.135683342691522 ], [ 71.465374062604909, 51.135765244350047 ] ] ] } },
{ "type": "Feature", "properties": { "HouseEntId": "70030076834991037", "Id": "70030076834991039" }, "geometry": { "type": "MultiLineString", "coordinates": [ [ [ 71.462357699543901, 51.127637107173342 ], [ 71.462391566030107, 51.127724378923169 ] ] ] } },
{ "type": "Feature", "properties": { "HouseEntId": "70030076839007090", "Id": "70030076839007091" }, "geometry": { "type": "MultiLineString", "coordinates": [ [ [ 71.46159152643807, 51.128614112894773 ], [ 71.461556941299648, 51.128526899202221 ] ] ] } },
{ "type": "Feature", "properties": { "HouseEntId": "70030076846800946", "Id": "70030076846800948" }, "geometry": { "type": "MultiLineString", "coordinates": [ [ [ 71.462167166872149, 51.128525207920184 ], [ 71.462133210554384, 51.128437881307427 ] ] ] } },
{ "type": "Feature", "properties": { "HouseEntId": "70030076860298771", "Id": "70030076860298772" }, "geometry": { "type": "MultiLineString", "coordinates": [ [ [ 71.461311701227061, 51.132385736111857 ], [ 71.461251963260665, 51.132467361763261 ] ] ] } },
{ "type": "Feature", "properties": { "HouseEntId": "70030076862813395", "Id": "70030076862813396" }, "geometry": { "type": "MultiLineString", "coordinates": [ [ [ 71.457663553026734, 51.119894578570317 ], [ 71.457521259885723, 51.119902472694065 ] ] ] } },
{ "type": "Feature", "properties": { "HouseEntId": "70030076865978141", "Id": "70030076865978142" }, "geometry": { "type": "MultiLineString", "coordinates": [ [ [ 71.459200211151739, 51.127982021305293 ], [ 71.459111277938604, 51.128052435789392 ] ] ] } },
{ "type": "Feature", "properties": { "HouseEntId": "70030076872404886", "Id": "70030076872404887" }, "geometry": { "type": "MultiLineString", "coordinates": [ [ [ 71.457948768129427, 51.118896412140693 ], [ 71.457983443099408, 51.118983644017881 ] ] ] } },
{ "type": "Feature", "properties": { "HouseEntId": "70030076872462641", "Id": "70030076872462642" }, "geometry": { "type": "MultiLineString", "coordinates": [ [ [ 71.465934791005253, 51.127768522129195 ], [ 71.465900385529878, 51.127681306839854 ] ] ] } },
{ "type": "Feature", "properties": { "HouseEntId": "70030076884288638", "Id": "70030076884288640" }, "geometry": { "type": "MultiLineString", "coordinates": [ [ [ 71.467171501656907, 51.134835626627002 ], [ 71.467232048107064, 51.134754230635714 ] ] ] } },
{ "type": "Feature", "properties": { "HouseEntId": "70030076885665952", "Id": "70030076885665955" }, "geometry": { "type": "MultiLineString", "coordinates": [ [ [ 71.457766140632188, 51.127416953867602 ], [ 71.457628428899127, 51.127440745133285 ] ] ] } },
{ "type": "Feature", "properties": { "HouseEntId": "70030076888120534", "Id": "70030076888120536" }, "geometry": { "type": "MultiLineString", "coordinates": [ [ [ 71.461823291781386, 51.132533597942029 ], [ 71.46176364364652, 51.132615279703138 ] ] ] } },
{ "type": "Feature", "properties": { "HouseEntId": "70030076888688266", "Id": "70030076888688269" }, "geometry": { "type": "MultiLineString", "coordinates": [ [ [ 71.456816890871451, 51.12752784812232 ], [ 71.456917861509382, 51.127464254499905 ] ] ] } },
{ "type": "Feature", "properties": { "HouseEntId": "70030076893003129", "Id": "70030076893003132" }, "geometry": { "type": "MultiLineString", "coordinates": [ [ [ 71.457681070174772, 51.12001908002204 ], [ 71.457538777033761, 51.120026974124499 ] ] ] } },
{ "type": "Feature", "properties": { "HouseEntId": "70030076893003136", "Id": "70030076893003137" }, "geometry": { "type": "MultiLineString", "coordinates": [ [ [ 71.460770106942277, 51.118800496357117 ], [ 71.460631496893939, 51.118822149320373 ] ] ] } },
{ "type": "Feature", "properties": { "HouseEntId": "70030076893003146", "Id": "70030076893003150" }, "geometry": { "type": "MultiLineString", "coordinates": [ [ [ 71.466433984808646, 51.119607851804176 ], [ 71.466295105265729, 51.119628827745927 ] ] ] } },
{ "type": "Feature", "properties": { "HouseEntId": "70030076893003155", "Id": "70030076893003159" }, "geometry": { "type": "MultiLineString", "coordinates": [ [ [ 71.46439498877676, 51.119790488783863 ], [ 71.464524885166824, 51.119827760397406 ] ] ] } },
{ "type": "Feature", "properties": { "HouseEntId": "70030076893003181", "Id": "70030076893003182" }, "geometry": { "type": "MultiLineString", "coordinates": [ [ [ 71.465859063026798, 51.118181014313215 ], [ 71.465720363146943, 51.118202498400805 ] ] ] } },
{ "type": "Feature", "properties": { "HouseEntId": "70030076893091668", "Id": "70030076893091672" }, "geometry": { "type": "MultiLineString", "coordinates": [ [ [ 71.454933303383712, 51.120089563032096 ], [ 71.455030501097454, 51.120023760097233 ] ] ] } },
{ "type": "Feature", "properties": { "HouseEntId": "70030076895842657", "Id": "70030076895842661" }, "geometry": { "type": "MultiLineString", "coordinates": [ [ [ 71.467313435471809, 51.134877451935132 ], [ 71.467373981921952, 51.134795999649164 ] ] ] } },
{ "type": "Feature", "properties": { "HouseEntId": "70030076897492940", "Id": "70030076897492941" }, "geometry": { "type": "MultiLineString", "coordinates": [ [ [ 71.469018707375639, 51.134218501639396 ], [ 71.469053593872928, 51.134228703365451 ] ] ] } },
{ "type": "Feature", "properties": { "HouseEntId": "70030076898986501", "Id": "70030076898986502" }, "geometry": { "type": "MultiLineString", "coordinates": [ [ [ 71.45896359490591, 51.118737623763053 ], [ 71.4589980003813, 51.118824855940062 ] ] ] } },
{ "type": "Feature", "properties": { "HouseEntId": "70030076908613869", "Id": "70030076908613871" }, "geometry": { "type": "MultiLineString", "coordinates": [ [ [ 71.457646754530927, 51.120138675529951 ], [ 71.457781411992016, 51.12016867303452 ] ] ] } },
{ "type": "Feature", "properties": { "HouseEntId": "70030076908741940", "Id": "70030076908741960" }, "geometry": { "type": "MultiLineString", "coordinates": [ [ [ 71.458195355674917, 51.119644954404336 ], [ 71.458229940813368, 51.119732184868184 ] ] ] } },
{ "type": "Feature", "properties": { "HouseEntId": "70030076909150889", "Id": "70030076909150890" }, "geometry": { "type": "MultiLineString", "coordinates": [ [ [ 71.460101940033951, 51.133425155847604 ], [ 71.460235070359062, 51.133392573925732 ] ] ] } },
{ "type": "Feature", "properties": { "HouseEntId": "70030076916022379", "Id": "70030076916022380" }, "geometry": { "type": "MultiLineString", "coordinates": [ [ [ 71.459748452969649, 51.132686081720109 ], [ 71.459887063017987, 51.132664153400022 ] ] ] } },
{ "type": "Feature", "properties": { "HouseEntId": "70030076916022386", "Id": "70030076916022388" }, "geometry": { "type": "MultiLineString", "coordinates": [ [ [ 71.459413471200207, 51.131625956724868 ], [ 71.459551991417015, 51.131604027901375 ] ] ] } },
{ "type": "Feature", "properties": { "HouseEntId": "70030076916022391", "Id": "70030076916022393" }, "geometry": { "type": "MultiLineString", "coordinates": [ [ [ 71.459980487807542, 51.132225302953877 ], [ 71.459946082332152, 51.132137983337458 ] ] ] } },
{ "type": "Feature", "properties": { "HouseEntId": "70030076916022395", "Id": "70030076916022396" }, "geometry": { "type": "MultiLineString", "coordinates": [ [ [ 71.462006907425447, 51.132586755929957 ], [ 71.461947169459052, 51.132668324855032 ] ] ] } },
{ "type": "Feature", "properties": { "HouseEntId": "70030076916022397", "Id": "70030076916022398" }, "geometry": { "type": "MultiLineString", "coordinates": [ [ [ 71.461476092924059, 51.133022840782843 ], [ 71.461490376137078, 51.133112244433484 ] ] ] } },
{ "type": "Feature", "properties": { "HouseEntId": "70030076920858086", "Id": "70030076920858105" }, "geometry": { "type": "MultiLineString", "coordinates": [ [ [ 71.466065585710624, 51.135211827564703 ], [ 71.465936138478185, 51.13517372284447 ] ] ] } },
{ "type": "Feature", "properties": { "HouseEntId": "70030076922892617", "Id": "70030076922892618" }, "geometry": { "type": "MultiLineString", "coordinates": [ [ [ 71.464673825840947, 51.118760912007438 ], [ 71.464640588175428, 51.11867351054542 ] ] ] } },
{ "type": "Feature", "properties": { "HouseEntId": "70030076922904272", "Id": "70030076922904273" }, "geometry": { "type": "MultiLineString", "coordinates": [ [ [ 71.466813253521607, 51.133820421207204 ], [ 71.466860415074024, 51.133890883159268 ] ] ] } },
{ "type": "Feature", "properties": { "HouseEntId": "70030076926259517", "Id": "70030076926259519" }, "geometry": { "type": "MultiLineString", "coordinates": [ [ [ 71.465046716515388, 51.131975012585229 ], [ 71.464985002255361, 51.132056075245039 ] ] ] } },
{ "type": "Feature", "properties": { "HouseEntId": "70030076937265569", "Id": "70030076937265570" }, "geometry": { "type": "MultiLineString", "coordinates": [ [ [ 71.457161215119854, 51.119020239630302 ], [ 71.45719580025829, 51.11910741488613 ] ] ] } },
{ "type": "Feature", "properties": { "HouseEntId": "70030076943307826", "Id": "70030076943307827" }, "geometry": { "type": "MultiLineString", "coordinates": [ [ [ 71.459359123125509, 51.131490042949288 ], [ 71.459497643342317, 51.131468057688771 ] ] ] } },
{ "type": "Feature", "properties": { "HouseEntId": "70030076943338391", "Id": "70030076943338392" }, "geometry": { "type": "MultiLineString", "coordinates": [ [ [ 71.458277551523423, 51.128987996748435 ], [ 71.458416251403293, 51.128966686803132 ] ] ] } },
{ "type": "Feature", "properties": { "HouseEntId": "70030076945128533", "Id": "70030076945128535" }, "geometry": { "type": "MultiLineString", "coordinates": [ [ [ 71.461099788651552, 51.127683561923767 ], [ 71.461065742502285, 51.127596290096804 ] ] ] } },
{ "type": "Feature", "properties": { "HouseEntId": "70030076949204594", "Id": "70030076949204596" }, "geometry": { "type": "MultiLineString", "coordinates": [ [ [ 71.466310286794013, 51.13340114218424 ], [ 71.466369665434314, 51.133319405442982 ] ] ] } },
{ "type": "Feature", "properties": { "HouseEntId": "70030076949277444", "Id": "70030076949277446" }, "geometry": { "type": "MultiLineString", "coordinates": [ [ [ 71.46473832487834, 51.130991707807532 ], [ 71.464680203879453, 51.13107384327963 ] ] ] } },
{ "type": "Feature", "properties": { "HouseEntId": "70030076949351521", "Id": "70030076949351522" }, "geometry": { "type": "MultiLineString", "coordinates": [ [ [ 71.465363821810669, 51.135571453404992 ], [ 71.465422661461787, 51.135489495035166 ] ] ] } },
{ "type": "Feature", "properties": { "HouseEntId": "70030076947988681", "Id": "70030076947988682" }, "geometry": { "type": "MultiLineString", "coordinates": [ [ [ 71.460015252609011, 51.132161039340012 ], [ 71.459980397976011, 51.132073832345547 ] ] ] } },
{ "type": "Feature", "properties": { "HouseEntId": "70030076948418258", "Id": "70030076948418259" }, "geometry": { "type": "MultiLineString", "coordinates": [ [ [ 71.459390564160458, 51.131568513332233 ], [ 71.459529084377266, 51.131546584481463 ] ] ] } },
{ "type": "Feature", "properties": { "HouseEntId": "70030076955837594", "Id": "70030076955837595" }, "geometry": { "type": "MultiLineString", "coordinates": [ [ [ 71.465870202136344, 51.135047909402864 ], [ 71.465930748586487, 51.134966457417583 ] ] ] } },
{ "type": "Feature", "properties": { "HouseEntId": "70030076958327588", "Id": "70030076958327589" }, "geometry": { "type": "MultiLineString", "coordinates": [ [ [ 71.466654251716321, 51.132590871020859 ], [ 71.466594873076033, 51.132672609051674 ] ] ] } },
{ "type": "Feature", "properties": { "HouseEntId": "70030076958333167", "Id": "70030076958333168" }, "geometry": { "type": "MultiLineString", "coordinates": [ [ [ 71.465199879271324, 51.126342387716321 ], [ 71.465254766335192, 51.126425433515394 ] ] ] } },
{ "type": "Feature", "properties": { "HouseEntId": "70030076963860917", "Id": "70030076963860918" }, "geometry": { "type": "MultiLineString", "coordinates": [ [ [ 71.468779575847009, 51.133607174500384 ], [ 71.468545564715498, 51.133580906135819 ] ] ] } },
{ "type": "Feature", "properties": { "HouseEntId": "70030076965852317", "Id": "70030076965852320" }, "geometry": { "type": "MultiLineString", "coordinates": [ [ [ 71.459058187505335, 51.130737013630259 ], [ 71.459196707722143, 51.13071508438464 ] ] ] } },
{ "type": "Feature", "properties": { "HouseEntId": "70030076981083972", "Id": "70030076981083973" }, "geometry": { "type": "MultiLineString", "coordinates": [ [ [ 71.463856628426981, 51.135142551356161 ], [ 71.46391555790963, 51.135060592225017 ] ] ] } },
{ "type": "Feature", "properties": { "HouseEntId": "70030076985671097", "Id": "70030076985671098" }, "geometry": { "type": "MultiLineString", "coordinates": [ [ [ 71.460999626497369, 51.127591328902717 ], [ 71.460867663982143, 51.12762583174144 ] ] ] } },
{ "type": "Feature", "properties": { "HouseEntId": "70030076985125189", "Id": "70030076985125192" }, "geometry": { "type": "MultiLineString", "coordinates": [ [ [ 71.460366583716649, 51.128485575526987 ], [ 71.460505193764988, 51.128463814340712 ] ] ] } },
{ "type": "Feature", "properties": { "HouseEntId": "70030076989928237", "Id": "70030076989928239" }, "geometry": { "type": "MultiLineString", "coordinates": [ [ [ 71.46019231055152, 51.119203330032526 ], [ 71.460157815244614, 51.119116098570139 ] ] ] } },
{ "type": "Feature", "properties": { "HouseEntId": "70030076995326461", "Id": "70030076995326462" }, "geometry": { "type": "MultiLineString", "coordinates": [ [ [ 71.461089188531204, 51.133705990767965 ], [ 71.46122573245438, 51.133679496980506 ] ] ] } },
{ "type": "Feature", "properties": { "HouseEntId": "70030076996562462", "Id": "70030076996562463" }, "geometry": { "type": "MultiLineString", "coordinates": [ [ [ 71.456648636418734, 51.120508004352068 ], [ 71.456636060004755, 51.120418519914587 ] ] ] } },
{ "type": "Feature", "properties": { "HouseEntId": "70030076997691269", "Id": "70030076997691270" }, "geometry": { "type": "MultiLineString", "coordinates": [ [ [ 71.462136983478587, 51.134653049130719 ], [ 71.462195912961221, 51.134571145499393 ] ] ] } },
{ "type": "Feature", "properties": { "HouseEntId": "70030077002775710", "Id": "70030077002775716" }, "geometry": { "type": "MultiLineString", "coordinates": [ [ [ 71.465560463026364, 51.132804460646099 ], [ 71.465690359416442, 51.132841778130349 ] ] ] } },
{ "type": "Feature", "properties": { "HouseEntId": "70030077005490129", "Id": "70030077005490130" }, "geometry": { "type": "MultiLineString", "coordinates": [ [ [ 71.463886452494421, 51.118384238720985 ], [ 71.463812880472645, 51.118461321662913 ] ] ] } },
{ "type": "Feature", "properties": { "HouseEntId": "70030077006687268", "Id": "70030077006687269" }, "geometry": { "type": "MultiLineString", "coordinates": [ [ [ 71.439109120327828, 51.127649453768129 ], [ 71.439242969305155, 51.127618051691819 ] ] ] } },
{ "type": "Feature", "properties": { "HouseEntId": "70030077006687546", "Id": "70030077006687549" }, "geometry": { "type": "MultiLineString", "coordinates": [ [ [ 71.439357414672358, 51.127330301689668 ], [ 71.439442934287413, 51.12740229573572 ] ] ] } },
{ "type": "Feature", "properties": { "HouseEntId": "70030077008209873", "Id": "70030077008209874" }, "geometry": { "type": "MultiLineString", "coordinates": [ [ [ 71.464735270606369, 51.119746225179561 ], [ 71.464735270606369, 51.119656288171399 ] ] ] } },
{ "type": "Feature", "properties": { "HouseEntId": "70030077004363359", "Id": "70030077004363363" }, "geometry": { "type": "MultiLineString", "coordinates": [ [ [ 71.469807787521219, 51.13137667781433 ], [ 71.469749127533163, 51.131458587111801 ] ] ] } },
{ "type": "Feature", "properties": { "HouseEntId": "70030077011037691", "Id": "70030077011037693" }, "geometry": { "type": "MultiLineString", "coordinates": [ [ [ 71.466284055987728, 51.136286638288077 ], [ 71.466343165133424, 51.136204850287804 ] ] ] } },
{ "type": "Feature", "properties": { "HouseEntId": "70030077011784006", "Id": "70030077011784007" }, "geometry": { "type": "MultiLineString", "coordinates": [ [ [ 71.46362306645311, 51.118284713005899 ], [ 71.463549584262864, 51.118361852502339 ] ] ] } },
{ "type": "Feature", "properties": { "HouseEntId": "70030077015450779", "Id": "70030077015450780" }, "geometry": { "type": "MultiLineString", "coordinates": [ [ [ 71.464439545214844, 51.130629847732095 ], [ 71.464569890762576, 51.130666603239128 ] ] ] } },
{ "type": "Feature", "properties": { "HouseEntId": "70030077015967289", "Id": "70030077015967292" }, "geometry": { "type": "MultiLineString", "coordinates": [ [ [ 71.442400547528848, 51.129737559362361 ], [ 71.442296073461307, 51.129798894874128 ] ] ] } },
{ "type": "Feature", "properties": { "HouseEntId": "70030077018176581", "Id": "70030077018176583" }, "geometry": { "type": "MultiLineString", "coordinates": [ [ [ 71.457703977214521, 51.120181980191958 ], [ 71.457561684073497, 51.120189930652842 ] ] ] } },
{ "type": "Feature", "properties": { "HouseEntId": "70030077018901492", "Id": "70030077018901498" }, "geometry": { "type": "MultiLineString", "coordinates": [ [ [ 71.460200395389094, 51.118544268854713 ], [ 71.460234800864455, 51.118631501396777 ] ] ] } },
{ "type": "Feature", "properties": { "HouseEntId": "70030077018901505", "Id": "70030077018901508" }, "geometry": { "type": "MultiLineString", "coordinates": [ [ [ 71.460414553752827, 51.118510774221427 ], [ 71.460448959228216, 51.118598063214911 ] ] ] } },
{ "type": "Feature", "properties": { "HouseEntId": "70030077018901516", "Id": "70030077018901519" }, "geometry": { "type": "MultiLineString", "coordinates": [ [ [ 71.460427758987493, 51.119630575740636 ], [ 71.460289418433746, 51.119652735796947 ] ] ] } },
{ "type": "Feature", "properties": { "HouseEntId": "70030077020839618", "Id": "70030077020839619" }, "geometry": { "type": "MultiLineString", "coordinates": [ [ [ 71.457723650319238, 51.120323227537909 ], [ 71.457581447009758, 51.12033106520235 ] ] ] } },
{ "type": "Feature", "properties": { "HouseEntId": "70030077033923593", "Id": "70030077033923594" }, "geometry": { "type": "MultiLineString", "coordinates": [ [ [ 71.466089391065665, 51.133337669389434 ], [ 71.466148679874408, 51.133255932535818 ] ] ] } },
{ "type": "Feature", "properties": { "HouseEntId": "70030077034545663", "Id": "70030077034545664" }, "geometry": { "type": "MultiLineString", "coordinates": [ [ [ 71.456605696948145, 51.120510485329582 ], [ 71.456593210365696, 51.120420888124983 ] ] ] } },
{ "type": "Feature", "properties": { "HouseEntId": "70030077035791877", "Id": "70030077035791878" }, "geometry": { "type": "MultiLineString", "coordinates": [ [ [ 71.463608064587874, 51.12351800873622 ], [ 71.463575365911538, 51.123430503509248 ] ] ] } },
{ "type": "Feature", "properties": { "HouseEntId": "70030077036838913", "Id": "70030077036838918" }, "geometry": { "type": "MultiLineString", "coordinates": [ [ [ 71.459497373847725, 51.131835830259504 ], [ 71.459635894064547, 51.131813845163613 ] ] ] } },
{ "type": "Feature", "properties": { "HouseEntId": "70030077038342735", "Id": "70030077038342737" }, "geometry": { "type": "MultiLineString", "coordinates": [ [ [ 71.465255395155879, 51.135632837535816 ], [ 71.465196465673259, 51.135714739283927 ] ] ] } },
{ "type": "Feature", "properties": { "HouseEntId": "70030077041847010", "Id": "70030077041847012" }, "geometry": { "type": "MultiLineString", "coordinates": [ [ [ 71.466878022053578, 51.132933718812531 ], [ 71.466748125663486, 51.132896345031853 ] ] ] } },
{ "type": "Feature", "properties": { "HouseEntId": "70030077045491654", "Id": "70030077045491655" }, "geometry": { "type": "MultiLineString", "coordinates": [ [ [ 71.460502768313731, 51.13202980599813 ], [ 71.460537263620623, 51.132117013075721 ] ] ] } },
{ "type": "Feature", "properties": { "HouseEntId": "70030077045491656", "Id": "70030077045491657" }, "geometry": { "type": "MultiLineString", "coordinates": [ [ [ 71.460643264824157, 51.132034879459006 ], [ 71.460569602970864, 51.132111883252207 ] ] ] } },
{ "type": "Feature", "properties": { "HouseEntId": "70030077045491658", "Id": "70030077045491659" }, "geometry": { "type": "MultiLineString", "coordinates": [ [ [ 71.459555854172734, 51.131982002695011 ], [ 71.459694374389528, 51.131960074040592 ] ] ] } },
{ "type": "Feature", "properties": { "HouseEntId": "70030077045491663", "Id": "70030077045491664" }, "geometry": { "type": "MultiLineString", "coordinates": [ [ [ 71.459138856217848, 51.130938998968446 ], [ 71.459277376434656, 51.13091706981875 ] ] ] } },
{ "type": "Feature", "properties": { "HouseEntId": "70030077049366774", "Id": "70030077049366776" }, "geometry": { "type": "MultiLineString", "coordinates": [ [ [ 71.458192660729068, 51.128593310160831 ], [ 71.458333157239494, 51.128609377313872 ] ] ] } },
{ "type": "Feature", "properties": { "HouseEntId": "70030077049553271", "Id": "70030077049553274" }, "geometry": { "type": "MultiLineString", "coordinates": [ [ [ 71.464568812784222, 51.130290308896548 ], [ 71.464438557068036, 51.130253440342109 ] ] ] } },
{ "type": "Feature", "properties": { "HouseEntId": "70030077052166954", "Id": "70030077052166956" }, "geometry": { "type": "MultiLineString", "coordinates": [ [ [ 71.459505189190722, 51.131855334976827 ], [ 71.459643709407516, 51.131833406262267 ] ] ] } },
{ "type": "Feature", "properties": { "HouseEntId": "70030077053010597", "Id": "70030077053010599" }, "geometry": { "type": "MultiLineString", "coordinates": [ [ [ 71.459568879744353, 51.132014754727599 ], [ 71.459707399961161, 51.131992769716888 ] ] ] } },
{ "type": "Feature", "properties": { "HouseEntId": "70030077054217147", "Id": "70030077054217148" }, "geometry": { "type": "MultiLineString", "coordinates": [ [ [ 71.461323289494231, 51.11886054947243 ], [ 71.461392729265697, 51.118782001109629 ] ] ] } },
{ "type": "Feature", "properties": { "HouseEntId": "70030077055394671", "Id": "70030077055394673" }, "geometry": { "type": "MultiLineString", "coordinates": [ [ [ 71.468722263331884, 51.131174356153451 ], [ 71.468591827952622, 51.131137713796306 ] ] ] } },
{ "type": "Feature", "properties": { "HouseEntId": "70030077055909366", "Id": "70030077055909374" }, "geometry": { "type": "MultiLineString", "coordinates": [ [ [ 71.466722344014869, 51.130506558724157 ], [ 71.46666386368986, 51.130588638685573 ] ] ] } },
{ "type": "Feature", "properties": { "HouseEntId": "70030077056099417", "Id": "70030077056099418" }, "geometry": { "type": "MultiLineString", "coordinates": [ [ [ 71.457481464518651, 51.120488945929381 ], [ 71.457468888104671, 51.12039940506898 ] ] ] } },
{ "type": "Feature", "properties": { "HouseEntId": "70030077054662014", "Id": "70030077054662015" }, "geometry": { "type": "MultiLineString", "coordinates": [ [ [ 71.460486508807065, 51.131914807402261 ], [ 71.460347988590271, 51.13193679245007 ] ] ] } },
{ "type": "Feature", "properties": { "HouseEntId": "70030077060641689", "Id": "70030077060641690" }, "geometry": { "type": "MultiLineString", "coordinates": [ [ [ 71.456665075588447, 51.127539010823583 ], [ 71.456567608380112, 51.12760474667639 ] ] ] } },
{ "type": "Feature", "properties": { "HouseEntId": "70030077064953814", "Id": "70030077064953817" }, "geometry": { "type": "MultiLineString", "coordinates": [ [ [ 71.448448407623118, 51.131398481811893 ], [ 71.448428512579852, 51.131347589549868 ] ] ] } },
{ "type": "Feature", "properties": { "HouseEntId": "70030077065916008", "Id": "70030077065916010" }, "geometry": { "type": "MultiLineString", "coordinates": [ [ [ 71.468584461767293, 51.125263117020864 ], [ 71.468452499252066, 51.125297452458803 ] ] ] } },
{ "type": "Feature", "properties": { "HouseEntId": "70030077058737291", "Id": "70030077058737296" }, "geometry": { "type": "MultiLineString", "coordinates": [ [ [ 71.458713144604701, 51.119434912695702 ], [ 71.458678739129311, 51.119347681670583 ] ] ] } },
{ "type": "Feature", "properties": { "HouseEntId": "70030077068784443", "Id": "70030077068784446" }, "geometry": { "type": "MultiLineString", "coordinates": [ [ [ 71.464576089138035, 51.127322239702579 ], [ 71.46452111224265, 51.127239364648872 ] ] ] } },
{ "type": "Feature", "properties": { "HouseEntId": "70030077075396800", "Id": "70030077075396802" }, "geometry": { "type": "MultiLineString", "coordinates": [ [ [ 71.464599086009301, 51.1190250889697 ], [ 71.464612381075526, 51.119114576106178 ] ] ] } },
{ "type": "Feature", "properties": { "HouseEntId": "70030077077827930", "Id": "70030077077827932" }, "geometry": { "type": "MultiLineString", "coordinates": [ [ [ 71.466776063268838, 51.132625877464186 ], [ 71.466716684628551, 51.132707615433034 ] ] ] } },
{ "type": "Feature", "properties": { "HouseEntId": "70030077078239614", "Id": "70030077078239615" }, "geometry": { "type": "MultiLineString", "coordinates": [ [ [ 71.465525518561819, 51.130169161196562 ], [ 71.465467217899871, 51.130251185383678 ] ] ] } },
{ "type": "Feature", "properties": { "HouseEntId": "70030077079362085", "Id": "70030077079362086" }, "geometry": { "type": "MultiLineString", "coordinates": [ [ [ 71.464420680593875, 51.135722010664018 ], [ 71.46448023889721, 51.135640278030976 ] ] ] } },
{ "type": "Feature", "properties": { "HouseEntId": "70030077082687574", "Id": "70030077082687576" }, "geometry": { "type": "MultiLineString", "coordinates": [ [ [ 71.468538198530169, 51.134945488440337 ], [ 71.468544549706905, 51.134947353952775 ] ] ] } },
{ "type": "Feature", "properties": { "HouseEntId": "70030077086449883", "Id": "70030077086449885" }, "geometry": { "type": "MultiLineString", "coordinates": [ [ [ 71.463050390459486, 51.134913020327737 ], [ 71.463109230110589, 51.13483111715756 ] ] ] } },
{ "type": "Feature", "properties": { "HouseEntId": "70030077092465072", "Id": "70030077092465073" }, "geometry": { "type": "MultiLineString", "coordinates": [ [ [ 71.466242463990071, 51.134050690468079 ], [ 71.466373258695441, 51.134086766821071 ] ] ] } },
{ "type": "Feature", "properties": { "HouseEntId": "70030077093478169", "Id": "70030077093478170" }, "geometry": { "type": "MultiLineString", "coordinates": [ [ [ 71.465557049428284, 51.119257856661321 ], [ 71.465474494253684, 51.119184440234022 ] ] ] } },
{ "type": "Feature", "properties": { "HouseEntId": "70030077093805647", "Id": "70030077093805651" }, "geometry": { "type": "MultiLineString", "coordinates": [ [ [ 71.462122879928629, 51.13350948542103 ], [ 71.462171748280085, 51.13342498673736 ] ] ] } },
{ "type": "Feature", "properties": { "HouseEntId": "70030077094434176", "Id": "70030077094434180" }, "geometry": { "type": "MultiLineString", "coordinates": [ [ [ 71.459819509708609, 51.132864213703023 ], [ 71.459958119756962, 51.132842341838334 ] ] ] } },
{ "type": "Feature", "properties": { "HouseEntId": "70030077100835913", "Id": "70030077100835915" }, "geometry": { "type": "MultiLineString", "coordinates": [ [ [ 71.465083906768143, 51.135958809013765 ], [ 71.46514265658773, 51.135876851331503 ] ] ] } },
{ "type": "Feature", "properties": { "HouseEntId": "70030077101528835", "Id": "70030077101528839" }, "geometry": { "type": "MultiLineString", "coordinates": [ [ [ 71.461738131492439, 51.127620419533145 ], [ 71.461708666751122, 51.127532527436799 ] ] ] } },
{ "type": "Feature", "properties": { "HouseEntId": "70030077102791785", "Id": "70030077102791787" }, "geometry": { "type": "MultiLineString", "coordinates": [ [ [ 71.4631218963561, 51.128378122523074 ], [ 71.463087940038363, 51.128290795632182 ] ] ] } },
{ "type": "Feature", "properties": { "HouseEntId": "70030077103966764", "Id": "70030077103966769" }, "geometry": { "type": "MultiLineString", "coordinates": [ [ [ 71.468969389866544, 51.126744648224729 ], [ 71.46900388517345, 51.126831921660909 ] ] ] } },
{ "type": "Feature", "properties": { "HouseEntId": "70030077106568717", "Id": "70030077106568718" }, "geometry": { "type": "MultiLineString", "coordinates": [ [ [ 71.460035824029035, 51.118569925501824 ], [ 71.460070319335941, 51.118657270771678 ] ] ] } },
{ "type": "Feature", "properties": { "HouseEntId": "70030077109537182", "Id": "70030077109537186" }, "geometry": { "type": "MultiLineString", "coordinates": [ [ [ 71.462044816330447, 51.134626781361121 ], [ 71.462103655981565, 51.134544877683219 ] ] ] } },
{ "type": "Feature", "properties": { "HouseEntId": "70030077110317615", "Id": "70030077110317616" }, "geometry": { "type": "MultiLineString", "coordinates": [ [ [ 71.458300638226234, 51.119544134503371 ], [ 71.458335043701609, 51.119631365157581 ] ] ] } },
{ "type": "Feature", "properties": { "HouseEntId": "70030077111963901", "Id": "70030077111963918" }, "geometry": { "type": "MultiLineString", "coordinates": [ [ [ 71.464582107850447, 51.134678133145663 ], [ 71.464523178367799, 51.13476003658721 ] ] ] } },
{ "type": "Feature", "properties": { "HouseEntId": "70030077111975250", "Id": "70030077111975255" }, "geometry": { "type": "MultiLineString", "coordinates": [ [ [ 71.465027672231358, 51.135942800784655 ], [ 71.465086511882475, 51.135860899441077 ] ] ] } },
{ "type": "Feature", "properties": { "HouseEntId": "70030077112232343", "Id": "70030077112232344" }, "geometry": { "type": "MultiLineString", "coordinates": [ [ [ 71.459123674689536, 51.130901059841705 ], [ 71.459262194906358, 51.130879074300786 ] ] ] } },
{ "type": "Feature", "properties": { "HouseEntId": "70030077112232345", "Id": "70030077112232346" }, "geometry": { "type": "MultiLineString", "coordinates": [ [ [ 71.459262823727045, 51.131249331962884 ], [ 71.459401433775383, 51.131227402960526 ] ] ] } },
{ "type": "Feature", "properties": { "HouseEntId": "70030077112232347", "Id": "70030077112232349" }, "geometry": { "type": "MultiLineString", "coordinates": [ [ [ 71.459345199238598, 51.131455148389911 ], [ 71.459483719455406, 51.131433275857823 ] ] ] } },
{ "type": "Feature", "properties": { "HouseEntId": "70030077112232350", "Id": "70030077112232351" }, "geometry": { "type": "MultiLineString", "coordinates": [ [ [ 71.459428293402382, 51.131662993300289 ], [ 71.45956681361919, 51.131641064494382 ] ] ] } },
{ "type": "Feature", "properties": { "HouseEntId": "70030077112232352", "Id": "70030077112232353" }, "geometry": { "type": "MultiLineString", "coordinates": [ [ [ 71.461641742262458, 51.132481116347769 ], [ 71.461582094127593, 51.132562854572868 ] ] ] } },
{ "type": "Feature", "properties": { "HouseEntId": "70030077112418273", "Id": "70030077112418276" }, "geometry": { "type": "MultiLineString", "coordinates": [ [ [ 71.466892754424251, 51.127322352457675 ], [ 71.466927249731157, 51.127409624802247 ] ] ] } },
{ "type": "Feature", "properties": { "HouseEntId": "70030077112427870", "Id": "70030077112427873" }, "geometry": { "type": "MultiLineString", "coordinates": [ [ [ 71.459284832451516, 51.131304408100206 ], [ 71.459423442499855, 51.131282479124025 ] ] ] } },
{ "type": "Feature", "properties": { "HouseEntId": "70030077116296035", "Id": "70030077116296036" }, "geometry": { "type": "MultiLineString", "coordinates": [ [ [ 71.457715655313208, 51.126202342731176 ], [ 71.457715655313208, 51.126292154237873 ] ] ] } },
{ "type": "Feature", "properties": { "HouseEntId": "70030077117518654", "Id": "70030077117518656" }, "geometry": { "type": "MultiLineString", "coordinates": [ [ [ 71.456958106034108, 51.120518041033037 ], [ 71.456945619451659, 51.120428500229046 ] ] ] } },
{ "type": "Feature", "properties": { "HouseEntId": "70030077121403004", "Id": "70030077121403006" }, "geometry": { "type": "MultiLineString", "coordinates": [ [ [ 71.463817372049064, 51.126516428537244 ], [ 71.463685499365354, 51.126550932178951 ] ] ] } },
{ "type": "Feature", "properties": { "HouseEntId": "70030077121403018", "Id": "70030077121403021" }, "geometry": { "type": "MultiLineString", "coordinates": [ [ [ 71.463841985887854, 51.126553751102783 ], [ 71.463710113204144, 51.126588254716616 ] ] ] } },
{ "type": "Feature", "properties": { "HouseEntId": "70030077121403022", "Id": "70030077121403023" }, "geometry": { "type": "MultiLineString", "coordinates": [ [ [ 71.462760054959659, 51.126561193060894 ], [ 71.462814852191983, 51.126644238466568 ] ] ] } },
{ "type": "Feature", "properties": { "HouseEntId": "70030077121403026", "Id": "70030077121403027" }, "geometry": { "type": "MultiLineString", "coordinates": [ [ [ 71.462807845332776, 51.126548677039764 ], [ 71.462862732396644, 51.126631666089551 ] ] ] } },
{ "type": "Feature", "properties": { "HouseEntId": "70030077121403030", "Id": "70030077121403031" }, "geometry": { "type": "MultiLineString", "coordinates": [ [ [ 71.462524157366047, 51.126622927439854 ], [ 71.462578954598385, 51.126705916356229 ] ] ] } },
{ "type": "Feature", "properties": { "HouseEntId": "70030077121403036", "Id": "70030077121403038" }, "geometry": { "type": "MultiLineString", "coordinates": [ [ [ 71.461960554356807, 51.126770300317716 ], [ 71.462015441420647, 51.126853288969315 ] ] ] } },
{ "type": "Feature", "properties": { "HouseEntId": "70030077121403043", "Id": "70030077121403044" }, "geometry": { "type": "MultiLineString", "coordinates": [ [ [ 71.461922196294154, 51.126780392016329 ], [ 71.461976993526491, 51.126863380649787 ] ] ] } },
{ "type": "Feature", "properties": { "HouseEntId": "70030077121403062", "Id": "70030077121403063" }, "geometry": { "type": "MultiLineString", "coordinates": [ [ [ 71.461520829025218, 51.126885311724344 ], [ 71.461575716089058, 51.126968356547245 ] ] ] } },
{ "type": "Feature", "properties": { "HouseEntId": "70030077121403068", "Id": "70030077121403069" }, "geometry": { "type": "MultiLineString", "coordinates": [ [ [ 71.461458216449913, 51.126901830495989 ], [ 71.461513103513767, 51.126984818911254 ] ] ] } },
{ "type": "Feature", "properties": { "HouseEntId": "70030077121403084", "Id": "70030077121403085" }, "geometry": { "type": "MultiLineString", "coordinates": [ [ [ 71.461094847917494, 51.126996883790731 ], [ 71.461149734981348, 51.127079872035196 ] ] ] } },
{ "type": "Feature", "properties": { "HouseEntId": "70030077122143270", "Id": "70030077122143273" }, "geometry": { "type": "MultiLineString", "coordinates": [ [ [ 71.462125035885308, 51.128531578415505 ], [ 71.462091079567571, 51.12844430819095 ] ] ] } },
{ "type": "Feature", "properties": { "HouseEntId": "70030077122375333", "Id": "70030077122375334" }, "geometry": { "type": "MultiLineString", "coordinates": [ [ [ 71.467718575664946, 51.134029439228229 ], [ 71.467661173318277, 51.134111794774391 ] ] ] } },
{ "type": "Feature", "properties": { "HouseEntId": "70030077121856222", "Id": "70030077121856225" }, "geometry": { "type": "MultiLineString", "coordinates": [ [ [ 71.459067080826642, 51.13075933747885 ], [ 71.459205601043436, 51.130737408243846 ] ] ] } },
{ "type": "Feature", "properties": { "HouseEntId": "70030077124004836", "Id": "70030077124004837" }, "geometry": { "type": "MultiLineString", "coordinates": [ [ [ 71.465143554903023, 51.135975719108934 ], [ 71.465202394554126, 51.135893817823757 ] ] ] } },
{ "type": "Feature", "properties": { "HouseEntId": "70030077122784712", "Id": "70030077122784716" }, "geometry": { "type": "MultiLineString", "coordinates": [ [ [ 71.46553261525257, 51.136086367345385 ], [ 71.465591724398251, 51.136004522623423 ] ] ] } },
{ "type": "Feature", "properties": { "HouseEntId": "70030077122785300", "Id": "70030077122785304" }, "geometry": { "type": "MultiLineString", "coordinates": [ [ [ 71.465560642689425, 51.135776574161987 ], [ 71.465690718742565, 51.135813832877147 ] ] ] } },
{ "type": "Feature", "properties": { "HouseEntId": "70030077124375314", "Id": "70030077124375316" }, "geometry": { "type": "MultiLineString", "coordinates": [ [ [ 71.46581073366454, 51.119888037723896 ], [ 71.465668530355046, 51.119896552101373 ] ] ] } },
{ "type": "Feature", "properties": { "HouseEntId": "70030077126561625", "Id": "70030077126561626" }, "geometry": { "type": "MultiLineString", "coordinates": [ [ [ 71.462717295152132, 51.126572355995805 ], [ 71.462772092384469, 51.126655401381399 ] ] ] } },
{ "type": "Feature", "properties": { "HouseEntId": "70030077127469901", "Id": "70030077127469903" }, "geometry": { "type": "MultiLineString", "coordinates": [ [ [ 71.465961201474627, 51.135352296172975 ], [ 71.46583175424216, 51.135314191568675 ] ] ] } },
{ "type": "Feature", "properties": { "HouseEntId": "70030077128869079", "Id": "70030077128869080" }, "geometry": { "type": "MultiLineString", "coordinates": [ [ [ 71.461172282694974, 51.118643568458147 ], [ 71.461297507845572, 51.118686761745451 ] ] ] } },
{ "type": "Feature", "properties": { "HouseEntId": "70030077130539946", "Id": "70030077130539948" }, "geometry": { "type": "MultiLineString", "coordinates": [ [ [ 71.461311431732497, 51.118831904428099 ], [ 71.461172821684144, 51.118853613764507 ] ] ] } },
{ "type": "Feature", "properties": { "HouseEntId": "70030077131540272", "Id": "70030077131540274" }, "geometry": { "type": "MultiLineString", "coordinates": [ [ [ 71.460846643404494, 51.127973395664547 ], [ 71.460880689553747, 51.128060666778914 ] ] ] } },
{ "type": "Feature", "properties": { "HouseEntId": "70030077134891290", "Id": "70030077134891293" }, "geometry": { "type": "MultiLineString", "coordinates": [ [ [ 71.461565565126364, 51.132459131559095 ], [ 71.461505916991499, 51.132540813451932 ] ] ] } },
{ "type": "Feature", "properties": { "HouseEntId": "70030077136608482", "Id": "70030077136608483" }, "geometry": { "type": "MultiLineString", "coordinates": [ [ [ 71.467286036855654, 51.125380274617015 ], [ 71.467340834087977, 51.125463265766129 ] ] ] } },
{ "type": "Feature", "properties": { "HouseEntId": "70030077136692184", "Id": "70030077136692187" }, "geometry": { "type": "MultiLineString", "coordinates": [ [ [ 71.442605543076681, 51.12987189981181 ], [ 71.442506908058476, 51.129936843103408 ] ] ] } },
{ "type": "Feature", "properties": { "HouseEntId": "70030077135917859", "Id": "70030077135917860" }, "geometry": { "type": "MultiLineString", "coordinates": [ [ [ 71.460492078361838, 51.119789304662525 ], [ 71.460353737808092, 51.119811521029391 ] ] ] } },
{ "type": "Feature", "properties": { "HouseEntId": "70030077136202396", "Id": "70030077136202402" }, "geometry": { "type": "MultiLineString", "coordinates": [ [ [ 71.462739214045072, 51.126566605393307 ], [ 71.462794011277396, 51.126649650789247 ] ] ] } },
{ "type": "Feature", "properties": { "HouseEntId": "70030077136577753", "Id": "70030077136577754" }, "geometry": { "type": "MultiLineString", "coordinates": [ [ [ 71.46160634864026, 51.130123385435667 ], [ 71.461721332996632, 51.130069999115328 ] ] ] } },
{ "type": "Feature", "properties": { "HouseEntId": "70030077140193460", "Id": "70030077140193461" }, "geometry": { "type": "MultiLineString", "coordinates": [ [ [ 71.466147152738429, 51.133354354963842 ], [ 71.466206531378717, 51.133272561769473 ] ] ] } },
{ "type": "Feature", "properties": { "HouseEntId": "70030077142349181", "Id": "70030077142349183" }, "geometry": { "type": "MultiLineString", "coordinates": [ [ [ 71.462334702672621, 51.118626144522736 ], [ 71.462300207365715, 51.11853885558228 ] ] ] } },
{ "type": "Feature", "properties": { "HouseEntId": "70030077143525835", "Id": "70030077143525838" }, "geometry": { "type": "MultiLineString", "coordinates": [ [ [ 71.468603955208977, 51.12706216939231 ], [ 71.468742565257315, 51.127040520291118 ] ] ] } },
{ "type": "Feature", "properties": { "HouseEntId": "70030077143604593", "Id": "70030077143604595" }, "geometry": { "type": "MultiLineString", "coordinates": [ [ [ 71.462829135405002, 51.129196642016169 ], [ 71.462863091722753, 51.129284023569433 ] ] ] } },
{ "type": "Feature", "properties": { "HouseEntId": "70030077143955337", "Id": "70030077143955341" }, "geometry": { "type": "MultiLineString", "coordinates": [ [ [ 71.463107163985441, 51.129153853182395 ], [ 71.463141120303192, 51.129241234816597 ] ] ] } },
{ "type": "Feature", "properties": { "HouseEntId": "70030077147140154", "Id": "70030077147140157" }, "geometry": { "type": "MultiLineString", "coordinates": [ [ [ 71.468419800575731, 51.13510484115502 ], [ 71.468430718258475, 51.135108057174079 ] ] ] } },
{ "type": "Feature", "properties": { "HouseEntId": "70030077149808814", "Id": "70030077149808815" }, "geometry": { "type": "MultiLineString", "coordinates": [ [ [ 71.46146360634161, 51.129414813714376 ], [ 71.461558288772565, 51.129482069019737 ] ] ] } },
{ "type": "Feature", "properties": { "HouseEntId": "70030077149808872", "Id": "70030077149808874" }, "geometry": { "type": "MultiLineString", "coordinates": [ [ [ 71.46176526061403, 51.129360580949232 ], [ 71.461799216931766, 51.1294478494424 ] ] ] } },
{ "type": "Feature", "properties": { "HouseEntId": "70030077149830439", "Id": "70030077149830453" }, "geometry": { "type": "MultiLineString", "coordinates": [ [ [ 71.46032885447471, 51.133722394360646 ], [ 71.46045614575047, 51.13368152629242 ] ] ] } },
{ "type": "Feature", "properties": { "HouseEntId": "70030077150537954", "Id": "70030077150537955" }, "geometry": { "type": "MultiLineString", "coordinates": [ [ [ 71.459499529804418, 51.118653831096651 ], [ 71.459534025111324, 51.118741063431848 ] ] ] } },
{ "type": "Feature", "properties": { "HouseEntId": "70030077150537958", "Id": "70030077150537959" }, "geometry": { "type": "MultiLineString", "coordinates": [ [ [ 71.458635350501098, 51.118788993216249 ], [ 71.458669755976473, 51.118876225296255 ] ] ] } },
{ "type": "Feature", "properties": { "HouseEntId": "70030077151159381", "Id": "70030077151159382" }, "geometry": { "type": "MultiLineString", "coordinates": [ [ [ 71.464487425419506, 51.127641448213893 ], [ 71.464356181556482, 51.127676965803062 ] ] ] } },
{ "type": "Feature", "properties": { "HouseEntId": "70030077152813428", "Id": "70030077152813429" }, "geometry": { "type": "MultiLineString", "coordinates": [ [ [ 71.460267050383166, 51.13136636162961 ], [ 71.460128530166358, 51.131388234193395 ] ] ] } },
{ "type": "Feature", "properties": { "HouseEntId": "70030077148439951", "Id": "70030077148439954" }, "geometry": { "type": "MultiLineString", "coordinates": [ [ [ 71.450598752474789, 51.121027315151586 ], [ 71.450509729430124, 51.121097627468032 ] ] ] } },
{ "type": "Feature", "properties": { "HouseEntId": "70030077148635844", "Id": "70030077148635846" }, "geometry": { "type": "MultiLineString", "coordinates": [ [ [ 71.461687107184289, 51.130595629005242 ], [ 71.461826974874043, 51.130577420347819 ] ] ] } },
{ "type": "Feature", "properties": { "HouseEntId": "70030077148635849", "Id": "70030077148635850" }, "geometry": { "type": "MultiLineString", "coordinates": [ [ [ 71.461483279446327, 51.13243534287853 ], [ 71.461423631311462, 51.132516968442246 ] ] ] } },
{ "type": "Feature", "properties": { "HouseEntId": "70030077148659388", "Id": "70030077148659391" }, "geometry": { "type": "MultiLineString", "coordinates": [ [ [ 71.458868283654269, 51.128016523852139 ], [ 71.458980123907139, 51.128072562247517 ] ] ] } },
{ "type": "Feature", "properties": { "HouseEntId": "70030077148951151", "Id": "70030077148951152" }, "geometry": { "type": "MultiLineString", "coordinates": [ [ [ 71.459221501223993, 51.131145718744499 ], [ 71.459360021440787, 51.131123846065861 ] ] ] } },
{ "type": "Feature", "properties": { "HouseEntId": "70030077149170080", "Id": "70030077149170082" }, "geometry": { "type": "MultiLineString", "coordinates": [ [ [ 71.449980621727775, 51.121329877253949 ], [ 71.449988257407696, 51.121240112483619 ] ] ] } },
{ "type": "Feature", "properties": { "HouseEntId": "70030077149170561", "Id": "70030077149170563" }, "geometry": { "type": "MultiLineString", "coordinates": [ [ [ 71.449688309934317, 51.120905917612369 ], [ 71.449680584422879, 51.120995683032064 ] ] ] } },
{ "type": "Feature", "properties": { "HouseEntId": "70030077148635587", "Id": "70030077148635588" }, "geometry": { "type": "MultiLineString", "coordinates": [ [ [ 71.459091515002356, 51.130820728006853 ], [ 71.459230125050709, 51.130798798800974 ] ] ] } },
{ "type": "Feature", "properties": { "HouseEntId": "70030077148635594", "Id": "70030077148635595" }, "geometry": { "type": "MultiLineString", "coordinates": [ [ [ 71.459304236061641, 51.131352944948773 ], [ 71.45944284610998, 51.131331015995627 ] ] ] } },
{ "type": "Feature", "properties": { "HouseEntId": "70030077148635617", "Id": "70030077148635619" }, "geometry": { "type": "MultiLineString", "coordinates": [ [ [ 71.464205893409442, 51.12976196955281 ], [ 71.464147502915992, 51.129843994463151 ] ] ] } },
{ "type": "Feature", "properties": { "HouseEntId": "70030077148635654", "Id": "70030077148635655" }, "geometry": { "type": "MultiLineString", "coordinates": [ [ [ 71.46396819918526, 51.129492160125814 ], [ 71.463829678968466, 51.129514202701856 ] ] ] } },
{ "type": "Feature", "properties": { "HouseEntId": "70030077148635663", "Id": "70030077148635665" }, "geometry": { "type": "MultiLineString", "coordinates": [ [ [ 71.464066924034995, 51.129739532472925 ], [ 71.463928313986656, 51.129761180308982 ] ] ] } },
{ "type": "Feature", "properties": { "HouseEntId": "70030077148635675", "Id": "70030077148635677" }, "geometry": { "type": "MultiLineString", "coordinates": [ [ [ 71.464036650809916, 51.129662750222579 ], [ 71.463898130593108, 51.129684792717207 ] ] ] } },
{ "type": "Feature", "properties": { "HouseEntId": "70030077148635683", "Id": "70030077148635689" }, "geometry": { "type": "MultiLineString", "coordinates": [ [ [ 71.463920318980627, 51.129371630457484 ], [ 71.463781619100757, 51.129392996590951 ] ] ] } },
{ "type": "Feature", "properties": { "HouseEntId": "70030077148635704", "Id": "70030077148635707" }, "geometry": { "type": "MultiLineString", "coordinates": [ [ [ 71.463849621567761, 51.129189933361069 ], [ 71.463710921687905, 51.129211299578593 ] ] ] } },
{ "type": "Feature", "properties": { "HouseEntId": "70030077148635711", "Id": "70030077148635712" }, "geometry": { "type": "MultiLineString", "coordinates": [ [ [ 71.463473586789831, 51.129097365096037 ], [ 71.463507453276037, 51.129184690461855 ] ] ] } },
{ "type": "Feature", "properties": { "HouseEntId": "70030077154196260", "Id": "70030077154196261" }, "geometry": { "type": "MultiLineString", "coordinates": [ [ [ 71.465957608213472, 51.135073669620212 ], [ 71.466018244495146, 51.13499227404855 ] ] ] } },
{ "type": "Feature", "properties": { "HouseEntId": "70030077154217368", "Id": "70030077154217369" }, "geometry": { "type": "MultiLineString", "coordinates": [ [ [ 71.457164359223341, 51.127810184707648 ], [ 71.457062939427757, 51.127873495969411 ] ] ] } },
{ "type": "Feature", "properties": { "HouseEntId": "70030077154998659", "Id": "70030077154998660" }, "geometry": { "type": "MultiLineString", "coordinates": [ [ [ 71.466751808756158, 51.13310750931381 ], [ 71.466621912366094, 51.133070192044336 ] ] ] } },
{ "type": "Feature", "properties": { "HouseEntId": "70030077158075378", "Id": "70030077158075379" }, "geometry": { "type": "MultiLineString", "coordinates": [ [ [ 71.438181789460032, 51.122464552064415 ], [ 71.438315548605843, 51.122432977312499 ] ] ] } },
{ "type": "Feature", "properties": { "HouseEntId": "70030077158872781", "Id": "70030077158872783" }, "geometry": { "type": "MultiLineString", "coordinates": [ [ [ 71.442060355530742, 51.129500447233653 ], [ 71.441952827191244, 51.129559584442944 ] ] ] } },
{ "type": "Feature", "properties": { "HouseEntId": "70030077159140593", "Id": "70030077159140595" }, "geometry": { "type": "MultiLineString", "coordinates": [ [ [ 71.468652554065841, 51.127185411217667 ], [ 71.468791164114165, 51.12716364941879 ] ] ] } },
{ "type": "Feature", "properties": { "HouseEntId": "70030077159484309", "Id": "70030077159484311" }, "geometry": { "type": "MultiLineString", "coordinates": [ [ [ 71.466383140163572, 51.133848606000939 ], [ 71.466514024700473, 51.133884738881335 ] ] ] } },
{ "type": "Feature", "properties": { "HouseEntId": "70030077162942986", "Id": "70030077162942987" }, "geometry": { "type": "MultiLineString", "coordinates": [ [ [ 71.469290627412136, 51.132791100753934 ], [ 71.469161180179711, 51.132752994036053 ] ] ] } },
{ "type": "Feature", "properties": { "HouseEntId": "70030077160714454", "Id": "70030077160714461" }, "geometry": { "type": "MultiLineString", "coordinates": [ [ [ 71.458005721318457, 51.119674670295133 ], [ 71.458040216625363, 51.119761900702869 ] ] ] } },
{ "type": "Feature", "properties": { "HouseEntId": "70030077166094450", "Id": "70030077166094451" }, "geometry": { "type": "MultiLineString", "coordinates": [ [ [ 71.465565942749592, 51.118054026798852 ], [ 71.465600078730404, 51.11814131665529 ] ] ] } },
{ "type": "Feature", "properties": { "HouseEntId": "70030076151688356", "Id": "70030076151688359" }, "geometry": { "type": "MultiLineString", "coordinates": [ [ [ 71.470353244561736, 51.128663949216559 ], [ 71.469926544801766, 51.128735659304695 ], [ 71.469979006414363, 51.128865041611277 ], [ 71.469702684632978, 51.128909296478255 ] ] ] } },
{ "type": "Feature", "properties": { "HouseEntId": "70030077154620930", "Id": "9571235884368258" }, "geometry": { "type": "MultiLineString", "coordinates": [ [ [ 71.465956530235133, 51.135112563575397 ], [ 71.466016897022243, 51.135031111704166 ] ] ] } },
{ "type": "Feature", "properties": { "HouseEntId": "70030077154620930", "Id": "9571235884368259" }, "geometry": { "type": "MultiLineString", "coordinates": [ [ [ 71.465965603219516, 51.134916289687339 ], [ 71.466014561402503, 51.135000729273877 ] ] ] } },
{ "type": "Feature", "properties": { "HouseEntId": "70030076987060329", "Id": "9571235884367082" }, "geometry": { "type": "MultiLineString", "coordinates": [ [ [ 71.4538114872569, 51.130136576977328 ], [ 71.453776003803171, 51.13004953528241 ] ] ] } },
{ "type": "Feature", "properties": { "HouseEntId": "70030076987060329", "Id": "9571235884367083" }, "geometry": { "type": "MultiLineString", "coordinates": [ [ [ 71.45795550549407, 51.12934316105585 ], [ 71.457750240451645, 51.129418816337974 ] ] ] } },
{ "type": "Feature", "properties": { "HouseEntId": "70030077053705179", "Id": "9571235884367463" }, "geometry": { "type": "MultiLineString", "coordinates": [ [ [ 71.467872277410052, 51.122457560514064 ], [ 71.467733487698666, 51.122478929846068 ] ] ] } },
{ "type": "Feature", "properties": { "HouseEntId": "70030077053705179", "Id": "9571235884367464" }, "geometry": { "type": "MultiLineString", "coordinates": [ [ [ 71.458584685519071, 51.127304368019914 ], [ 71.458498626914846, 51.127232599331805 ] ] ] } },
{ "type": "Feature", "properties": { "HouseEntId": "70030077053705179", "Id": "9571235884367469" }, "geometry": { "type": "MultiLineString", "coordinates": [ [ [ 71.445206345487264, 51.131259873664654 ], [ 71.445349177617445, 51.131259535428278 ] ] ] } },
{ "type": "Feature", "properties": { "HouseEntId": "70030076778647542", "Id": "9571235884366178" }, "geometry": { "type": "MultiLineString", "coordinates": [ [ [ 71.457068239487953, 51.119488198535016 ], [ 71.457206759704775, 51.119466489496801 ] ] ] } },
{ "type": "Feature", "properties": { "HouseEntId": "70030076778647542", "Id": "9571235884366179" }, "geometry": { "type": "MultiLineString", "coordinates": [ [ [ 71.457015867706872, 51.119355801436818 ], [ 71.457154477755211, 51.119334035949088 ] ] ] } },
{ "type": "Feature", "properties": { "HouseEntId": "70030076139067974", "Id": "9571235884361174" }, "geometry": { "type": "MultiLineString", "coordinates": [ [ [ 71.467244444857982, 51.127563704062283 ], [ 71.467210039382593, 51.127476488386193 ] ] ] } },
{ "type": "Feature", "properties": { "HouseEntId": "70030076139067974", "Id": "9571235884361175" }, "geometry": { "type": "MultiLineString", "coordinates": [ [ [ 71.46713691651847, 51.127284241227031 ], [ 71.467171411825376, 51.127371400888677 ] ] ] } },
{ "type": "Feature", "properties": { "HouseEntId": "70030076139067974", "Id": "9571235884361176" }, "geometry": { "type": "MultiLineString", "coordinates": [ [ [ 71.466877033906769, 51.126895008751426 ], [ 71.466908924099357, 51.12698267654914 ] ] ] } },
{ "type": "Feature", "properties": { "HouseEntId": "70030076318331089", "Id": "9571235884363738" }, "geometry": { "type": "MultiLineString", "coordinates": [ [ [ 71.462921122890094, 51.119654540177656 ], [ 71.463063416031105, 51.119646420463916 ] ] ] } },
{ "type": "Feature", "properties": { "HouseEntId": "70030076318331089", "Id": "9571235884363739" }, "geometry": { "type": "MultiLineString", "coordinates": [ [ [ 71.466320347925205, 51.119467730013533 ], [ 71.466178054784194, 51.119476018920018 ] ] ] } },
{ "type": "Feature", "properties": { "HouseEntId": "70030076323170898", "Id": "9571235884363768" }, "geometry": { "type": "MultiLineString", "coordinates": [ [ [ 71.459207936663191, 51.131112007756101 ], [ 71.459346546711544, 51.131090022315597 ] ] ] } },
{ "type": "Feature", "properties": { "HouseEntId": "70030076323170898", "Id": "9571235884363769" }, "geometry": { "type": "MultiLineString", "coordinates": [ [ [ 71.459243150622342, 51.131199949413364 ], [ 71.459381670839136, 51.131178076760399 ] ] ] } },
{ "type": "Feature", "properties": { "HouseEntId": "9571192885216570", "Id": "9571235884360685" }, "geometry": { "type": "MultiLineString", "coordinates": [ [ [ 71.459278544244526, 51.131288454630131 ], [ 71.459417064461334, 51.131266469273633 ] ] ] } },
{ "type": "Feature", "properties": { "HouseEntId": "9571192885216570", "Id": "9571235884360686" }, "geometry": { "type": "MultiLineString", "coordinates": [ [ [ 71.459893710551086, 51.131132020135126 ], [ 71.459755190334278, 51.131154005555608 ] ] ] } },
{ "type": "Feature", "properties": { "HouseEntId": "9571192885220631", "Id": "9571235884360846" }, "geometry": { "type": "MultiLineString", "coordinates": [ [ [ 71.459248630345556, 51.131213591629809 ], [ 71.459387150562364, 51.131191662610512 ] ] ] } },
{ "type": "Feature", "properties": { "HouseEntId": "9571192885220631", "Id": "9571235884360847" }, "geometry": { "type": "MultiLineString", "coordinates": [ [ [ 71.459875115424708, 51.13107091188575 ], [ 71.459910059889253, 51.131158120774181 ] ] ] } },
{ "type": "Feature", "properties": { "HouseEntId": "9571192924180806", "Id": "9571235884361026" }, "geometry": { "type": "MultiLineString", "coordinates": [ [ [ 71.463083987451114, 51.134438622523241 ], [ 71.463214153335784, 51.134475600474033 ] ] ] } },
{ "type": "Feature", "properties": { "HouseEntId": "9571192924180806", "Id": "9571235884361027" }, "geometry": { "type": "MultiLineString", "coordinates": [ [ [ 71.46334440905197, 51.134579939013911 ], [ 71.463476910556381, 51.13454639963863 ] ] ] } },
{ "type": "Feature", "properties": { "HouseEntId": "9571192924181136", "Id": "9571235884361028" }, "geometry": { "type": "MultiLineString", "coordinates": [ [ [ 71.464491288175225, 51.134836472152465 ], [ 71.464621454059895, 51.134873506152964 ] ] ] } },
{ "type": "Feature", "properties": { "HouseEntId": "9571192924181136", "Id": "9571235884361029" }, "geometry": { "type": "MultiLineString", "coordinates": [ [ [ 71.465012041545407, 51.134984438871676 ], [ 71.464881875660751, 51.134947461328387 ] ] ] } },
{ "type": "Feature", "properties": { "HouseEntId": "9571192924202934", "Id": "9571235884361030" }, "geometry": { "type": "MultiLineString", "coordinates": [ [ [ 71.465521655806086, 51.127719699628116 ], [ 71.465628734987973, 51.127660165423009 ] ] ] } },
{ "type": "Feature", "properties": { "HouseEntId": "9571192924202934", "Id": "9571235884361031" }, "geometry": { "type": "MultiLineString", "coordinates": [ [ [ 71.465828071149502, 51.127503323996379 ], [ 71.465720812304582, 51.127562745649151 ] ] ] } },
{ "type": "Feature", "properties": { "HouseEntId": "9571192885217179", "Id": "9571235884360701" }, "geometry": { "type": "MultiLineString", "coordinates": [ [ [ 71.461074905318171, 51.134289075722073 ], [ 71.461205250865916, 51.134325771947672 ] ] ] } },
{ "type": "Feature", "properties": { "HouseEntId": "9571192885217179", "Id": "9571235884360702" }, "geometry": { "type": "MultiLineString", "coordinates": [ [ [ 71.461607696113177, 51.134424473939731 ], [ 71.461576255078242, 51.1343850157158 ] ] ] } },
{ "type": "Feature", "properties": { "HouseEntId": "9571192885220156", "Id": "9571235834893114" }, "geometry": { "type": "MultiLineString", "coordinates": [ [ [ 71.463978260316452, 51.126729651609928 ], [ 71.463873337091272, 51.126790596469114 ] ] ] } },
{ "type": "Feature", "properties": { "HouseEntId": "9571192928844587", "Id": "9571235878517548" }, "geometry": { "type": "MultiLineString", "coordinates": [ [ [ 71.43845685360003, 51.12551068115873 ], [ 71.43859959589868, 51.12550712923445 ] ] ] } },
{ "type": "Feature", "properties": { "HouseEntId": "9571192928844604", "Id": "9571235878517565" }, "geometry": { "type": "MultiLineString", "coordinates": [ [ [ 71.438452541686658, 51.125072495677145 ], [ 71.438595283985308, 51.125074976409536 ] ] ] } },
{ "type": "Feature", "properties": { "HouseEntId": "9571192928844611", "Id": "9571235878517572" }, "geometry": { "type": "MultiLineString", "coordinates": [ [ [ 71.43869418849809, 51.123793604012178 ], [ 71.438833876524768, 51.123812210016979 ] ] ] } },
{ "type": "Feature", "properties": { "HouseEntId": "9571192928653824", "Id": "9571235878326785" }, "geometry": { "type": "MultiLineString", "coordinates": [ [ [ 71.463569077704548, 51.119791334584811 ], [ 71.463413040339688, 51.11979702964409 ] ] ] } },
{ "type": "Feature", "properties": { "HouseEntId": "9571192924240157", "Id": "9571235873913119" }, "geometry": { "type": "MultiLineString", "coordinates": [ [ [ 71.467437941970175, 51.134666239378475 ], [ 71.467567389202628, 51.134704344517495 ] ] ] } },
{ "type": "Feature", "properties": { "HouseEntId": "9571192924202456", "Id": "9571235873875417" }, "geometry": { "type": "MultiLineString", "coordinates": [ [ [ 71.463831116272914, 51.126537232206658 ], [ 71.463699153757673, 51.126571679454365 ] ] ] } },
{ "type": "Feature", "properties": { "HouseEntId": "70030076129510693", "Id": "70030076129510694" }, "geometry": { "type": "MultiLineString", "coordinates": [ [ [ 71.439813040184475, 51.123962410944898 ], [ 71.439672723337083, 51.123945778358681 ] ] ] } },
{ "type": "Feature", "properties": { "HouseEntId": "70030076129510750", "Id": "70030076129510752" }, "geometry": { "type": "MultiLineString", "coordinates": [ [ [ 71.440100590906908, 51.122368981990206 ], [ 71.43996198085857, 51.122390576897423 ] ] ] } },
{ "type": "Feature", "properties": { "HouseEntId": "70030076129517049", "Id": "70030076129517050" }, "geometry": { "type": "MultiLineString", "coordinates": [ [ [ 71.43849134890695, 51.125874610999745 ], [ 71.438633731879463, 51.125866999793075 ] ] ] } },
{ "type": "Feature", "properties": { "HouseEntId": "70030076129518808", "Id": "70030076129518809" }, "geometry": { "type": "MultiLineString", "coordinates": [ [ [ 71.439103281278491, 51.122885565488545 ], [ 71.439238567560267, 51.122914264402404 ] ] ] } },
{ "type": "Feature", "properties": { "HouseEntId": "70030076129518878", "Id": "70030076129518879" }, "geometry": { "type": "MultiLineString", "coordinates": [ [ [ 71.438811418642672, 51.123479668837597 ], [ 71.438949669364902, 51.123502165340788 ] ] ] } },
{ "type": "Feature", "properties": { "HouseEntId": "70030076153180219", "Id": "70030076153180222" }, "geometry": { "type": "MultiLineString", "coordinates": [ [ [ 71.439946799330272, 51.123611152004422 ], [ 71.439809446923334, 51.123586569416773 ] ] ] } },
{ "type": "Feature", "properties": { "HouseEntId": "70030076157375664", "Id": "70030076157375665" }, "geometry": { "type": "MultiLineString", "coordinates": [ [ [ 71.466408921812217, 51.134715223641663 ], [ 71.466538548707717, 51.134753103266405 ] ] ] } },
{ "type": "Feature", "properties": { "HouseEntId": "70030076157375677", "Id": "70030076157375680" }, "geometry": { "type": "MultiLineString", "coordinates": [ [ [ 71.467530648107498, 51.134541608297319 ], [ 71.467660095339937, 51.134579713539203 ] ] ] } },
{ "type": "Feature", "properties": { "HouseEntId": "70030076157302911", "Id": "70030076157302912" }, "geometry": { "type": "MultiLineString", "coordinates": [ [ [ 71.469649863694272, 51.127312204499923 ], [ 71.469538652262102, 51.127255826916269 ] ] ] } },
{ "type": "Feature", "properties": { "HouseEntId": "70030076156391107", "Id": "70030076156391110" }, "geometry": { "type": "MultiLineString", "coordinates": [ [ [ 71.463534762060675, 51.13269893430391 ], [ 71.463665646597576, 51.132735124454832 ] ] ] } },
{ "type": "Feature", "properties": { "HouseEntId": "70030076500277739", "Id": "70030076500277740" }, "geometry": { "type": "MultiLineString", "coordinates": [ [ [ 71.458777194484469, 51.118766776357674 ], [ 71.45881159995983, 51.118854064867506 ] ] ] } },
{ "type": "Feature", "properties": { "HouseEntId": "70030076491607412", "Id": "70030076491607413" }, "geometry": { "type": "MultiLineString", "coordinates": [ [ [ 71.455846171375427, 51.120409047071746 ], [ 71.45592962486532, 51.120336083562329 ] ] ] } },
{ "type": "Feature", "properties": { "HouseEntId": "70030076491607414", "Id": "70030076491607415" }, "geometry": { "type": "MultiLineString", "coordinates": [ [ [ 71.456495563494329, 51.120516575001126 ], [ 71.456482987080335, 51.120427034194286 ] ] ] } },
{ "type": "Feature", "properties": { "HouseEntId": "70030076491607519", "Id": "70030076491607521" }, "geometry": { "type": "MultiLineString", "coordinates": [ [ [ 71.456797577092843, 51.120499828402465 ], [ 71.456785000678863, 51.120410287563182 ] ] ] } },
{ "type": "Feature", "properties": { "HouseEntId": "70030076491607530", "Id": "70030076491607631" }, "geometry": { "type": "MultiLineString", "coordinates": [ [ [ 71.457361898754328, 51.120495655848309 ], [ 71.457349232508832, 51.120406115000932 ] ] ] } },
{ "type": "Feature", "properties": { "HouseEntId": "70030076286302356", "Id": "70030076286302358" }, "geometry": { "type": "MultiLineString", "coordinates": [ [ [ 71.460566279204315, 51.120080710371951 ], [ 71.460427848819037, 51.120102870212328 ] ] ] } },
{ "type": "Feature", "properties": { "HouseEntId": "70030076261395053", "Id": "70030076261395054" }, "geometry": { "type": "MultiLineString", "coordinates": [ [ [ 71.460465488229445, 51.11972344491317 ], [ 71.46032705784414, 51.119745604924923 ] ] ] } },
{ "type": "Feature", "properties": { "HouseEntId": "70030076261395086", "Id": "70030076261395087" }, "geometry": { "type": "MultiLineString", "coordinates": [ [ [ 71.460349066568597, 51.119435927664654 ], [ 71.46021072601485, 51.119458087814323 ] ] ] } },
{ "type": "Feature", "properties": { "HouseEntId": "70030076255208707", "Id": "70030076255208709" }, "geometry": { "type": "MultiLineString", "coordinates": [ [ [ 71.43936397237394, 51.122466243568368 ], [ 71.43949476707931, 51.122502328971379 ] ] ] } },
{ "type": "Feature", "properties": { "HouseEntId": "70030076213681984", "Id": "70030076213681986" }, "geometry": { "type": "MultiLineString", "coordinates": [ [ [ 71.466728362727252, 51.130658034473228 ], [ 71.466858708274984, 51.130694846331252 ] ] ] } },
{ "type": "Feature", "properties": { "HouseEntId": "70030076201632003", "Id": "70030076201632004" }, "geometry": { "type": "MultiLineString", "coordinates": [ [ [ 71.464717304300692, 51.130231849110785 ], [ 71.464847649848423, 51.130268604934571 ] ] ] } },
{ "type": "Feature", "properties": { "HouseEntId": "70030076183578616", "Id": "70030076183578618" }, "geometry": { "type": "MultiLineString", "coordinates": [ [ [ 71.465911973797034, 51.135749968828058 ], [ 71.466041331197957, 51.135788073072739 ] ] ] } },
{ "type": "Feature", "properties": { "HouseEntId": "70030076183578619", "Id": "70030076183578620" }, "geometry": { "type": "MultiLineString", "coordinates": [ [ [ 71.466143379814241, 51.136246448889096 ], [ 71.466202488959922, 51.13616466081762 ] ] ] } },
{ "type": "Feature", "properties": { "HouseEntId": "70030076183578721", "Id": "70030076183578724" }, "geometry": { "type": "MultiLineString", "coordinates": [ [ [ 71.467057774941949, 51.135949282990779 ], [ 71.466928327709496, 51.135911291613226 ] ] ] } },
{ "type": "Feature", "properties": { "HouseEntId": "70030076183578788", "Id": "70030076183578828" }, "geometry": { "type": "MultiLineString", "coordinates": [ [ [ 71.467097749972083, 51.135663388652226 ], [ 71.466968392571175, 51.13562534067205 ] ] ] } },
{ "type": "Feature", "properties": { "HouseEntId": "70030076180659517", "Id": "70030076180659518" }, "geometry": { "type": "MultiLineString", "coordinates": [ [ [ 71.457922627154673, 51.120390665240187 ], [ 71.457970237864743, 51.120305860622061 ] ] ] } },
{ "type": "Feature", "properties": { "HouseEntId": "70030076180656153", "Id": "70030076180656154" }, "geometry": { "type": "MultiLineString", "coordinates": [ [ [ 71.45912816626597, 51.120420775353075 ], [ 71.459114871199759, 51.12033129074662 ] ] ] } },
{ "type": "Feature", "properties": { "HouseEntId": "70030076180656155", "Id": "70030076180656157" }, "geometry": { "type": "MultiLineString", "coordinates": [ [ [ 71.459654129864816, 51.120389819450224 ], [ 71.459640924630122, 51.120300334783821 ] ] ] } },
{ "type": "Feature", "properties": { "HouseEntId": "70030076180656160", "Id": "70030076180656162" }, "geometry": { "type": "MultiLineString", "coordinates": [ [ [ 71.458587829622573, 51.120452915339534 ], [ 71.458574534556348, 51.12036337440933 ] ] ] } },
{ "type": "Feature", "properties": { "HouseEntId": "70030076173901972", "Id": "70030076173901973" }, "geometry": { "type": "MultiLineString", "coordinates": [ [ [ 71.43959618687488, 51.125885323066264 ], [ 71.439453893733884, 51.125892990649199 ] ] ] } },
{ "type": "Feature", "properties": { "HouseEntId": "70030076168210241", "Id": "70030076168210242" }, "geometry": { "type": "MultiLineString", "coordinates": [ [ [ 71.462952024935873, 51.134569341701336 ], [ 71.462893185284756, 51.134651245335853 ] ] ] } },
{ "type": "Feature", "properties": { "HouseEntId": "70030076168210245", "Id": "70030076168210246" }, "geometry": { "type": "MultiLineString", "coordinates": [ [ [ 71.462628451770541, 51.134477235169342 ], [ 71.462569612119424, 51.134559082598528 ] ] ] } },
{ "type": "Feature", "properties": { "HouseEntId": "70030076168210248", "Id": "70030076168210249" }, "geometry": { "type": "MultiLineString", "coordinates": [ [ [ 71.462336589134722, 51.134394091110288 ], [ 71.462277659652088, 51.134475938686855 ] ] ] } },
{ "type": "Feature", "properties": { "HouseEntId": "70030076168210253", "Id": "70030076168210255" }, "geometry": { "type": "MultiLineString", "coordinates": [ [ [ 71.462471785584981, 51.134305930059732 ], [ 71.46234144003725, 51.134269177449291 ] ] ] } },
{ "type": "Feature", "properties": { "HouseEntId": "70030076168210162", "Id": "70030076168210163" }, "geometry": { "type": "MultiLineString", "coordinates": [ [ [ 71.46006501927576, 51.13067618672541 ], [ 71.459926499058966, 51.130698115989503 ] ] ] } },
{ "type": "Feature", "properties": { "HouseEntId": "70030076168210169", "Id": "70030076168210170" }, "geometry": { "type": "MultiLineString", "coordinates": [ [ [ 71.460131853932907, 51.132406706251544 ], [ 71.460097897615171, 51.132416740347267 ] ] ] } },
{ "type": "Feature", "properties": { "HouseEntId": "70030076168210171", "Id": "70030076168210172" }, "geometry": { "type": "MultiLineString", "coordinates": [ [ [ 71.460250251887359, 51.132689013011472 ], [ 71.460217912537132, 51.132702936642865 ] ] ] } },
{ "type": "Feature", "properties": { "HouseEntId": "70030076168210173", "Id": "70030076168210174" }, "geometry": { "type": "MultiLineString", "coordinates": [ [ [ 71.460489473247506, 51.132935184450368 ], [ 71.460356253090865, 51.132967766694982 ] ] ] } },
{ "type": "Feature", "properties": { "HouseEntId": "70030076168210175", "Id": "70030076168210176" }, "geometry": { "type": "MultiLineString", "coordinates": [ [ [ 71.460663566749574, 51.133189753763524 ], [ 71.460535287327019, 51.133229382119829 ] ] ] } },
{ "type": "Feature", "properties": { "HouseEntId": "70030076168210177", "Id": "70030076168210178" }, "geometry": { "type": "MultiLineString", "coordinates": [ [ [ 71.460911501767995, 51.1334578504866 ], [ 71.460791936003687, 51.133507005141652 ] ] ] } },
{ "type": "Feature", "properties": { "HouseEntId": "70030076168210213", "Id": "70030076168210214" }, "geometry": { "type": "MultiLineString", "coordinates": [ [ [ 71.464382142868175, 51.134976321852513 ], [ 71.464323213385555, 51.135058224765153 ] ] ] } },
{ "type": "Feature", "properties": { "HouseEntId": "70030076168210215", "Id": "70030076168210216" }, "geometry": { "type": "MultiLineString", "coordinates": [ [ [ 71.464461374276254, 51.134878071986584 ], [ 71.464591540160924, 51.134915105953702 ] ] ] } },
{ "type": "Feature", "properties": { "HouseEntId": "70030076168210218", "Id": "70030076168210219" }, "geometry": { "type": "MultiLineString", "coordinates": [ [ [ 71.464964341003849, 51.135142044044251 ], [ 71.464905501352732, 51.135223890295023 ] ] ] } },
{ "type": "Feature", "properties": { "HouseEntId": "70030076168210221", "Id": "70030076168210222" }, "geometry": { "type": "MultiLineString", "coordinates": [ [ [ 71.465270037695021, 51.135229019772865 ], [ 71.465211198043903, 51.135310922237252 ] ] ] } },
{ "type": "Feature", "properties": { "HouseEntId": "70030076168210224", "Id": "70030076168210225" }, "geometry": { "type": "MultiLineString", "coordinates": [ [ [ 71.465561181678595, 51.1353118241218 ], [ 71.465502252195947, 51.135393726439318 ] ] ] } },
{ "type": "Feature", "properties": { "HouseEntId": "70030076168210227", "Id": "70030076168210228" }, "geometry": { "type": "MultiLineString", "coordinates": [ [ [ 71.465565134265844, 51.135205965302099 ], [ 71.465694581498283, 51.135244069995728 ] ] ] } },
{ "type": "Feature", "properties": { "HouseEntId": "70030076168210230", "Id": "70030076168210231" }, "geometry": { "type": "MultiLineString", "coordinates": [ [ [ 71.463947897259857, 51.134852762606883 ], [ 71.463888967777208, 51.134934609370433 ] ] ] } },
{ "type": "Feature", "properties": { "HouseEntId": "70030076168210232", "Id": "70030076168210233" }, "geometry": { "type": "MultiLineString", "coordinates": [ [ [ 71.463534941723736, 51.134735178090708 ], [ 71.463476102072619, 51.134817025062681 ] ] ] } },
{ "type": "Feature", "properties": { "HouseEntId": "70030076168210234", "Id": "70030076168210237" }, "geometry": { "type": "MultiLineString", "coordinates": [ [ [ 71.463027573251267, 51.134517087895752 ], [ 71.463157739135923, 51.134554178521128 ] ] ] } },
{ "type": "Feature", "properties": { "HouseEntId": "70030076168210189", "Id": "70030076168210190" }, "geometry": { "type": "MultiLineString", "coordinates": [ [ [ 71.467230431139541, 51.134535294999772 ], [ 71.467169794857881, 51.134616804114252 ] ] ] } },
{ "type": "Feature", "properties": { "HouseEntId": "70030076168210192", "Id": "70030076168210193" }, "geometry": { "type": "MultiLineString", "coordinates": [ [ [ 71.466962284027232, 51.134456491445235 ], [ 71.466901737577089, 51.134537887961365 ] ] ] } },
{ "type": "Feature", "properties": { "HouseEntId": "70030076168210196", "Id": "70030076168210198" }, "geometry": { "type": "MultiLineString", "coordinates": [ [ [ 71.466918356409863, 51.13412092659182 ], [ 71.466974770609681, 51.134038345584585 ] ] ] } },
{ "type": "Feature", "properties": { "HouseEntId": "70030076168210199", "Id": "70030076168210201" }, "geometry": { "type": "MultiLineString", "coordinates": [ [ [ 71.466618049610361, 51.134228028019464 ], [ 71.466487165073474, 51.134191951776842 ] ] ] } },
{ "type": "Feature", "properties": { "HouseEntId": "70030076168210202", "Id": "70030076168210203" }, "geometry": { "type": "MultiLineString", "coordinates": [ [ [ 71.466622181860672, 51.134040825835406 ], [ 71.466678506228988, 51.133958188315468 ] ] ] } },
{ "type": "Feature", "properties": { "HouseEntId": "70030076168210206", "Id": "70030076168210207" }, "geometry": { "type": "MultiLineString", "coordinates": [ [ [ 71.466249021691638, 51.134931509116875 ], [ 71.466378648587153, 51.13496938856418 ] ] ] } },
{ "type": "Feature", "properties": { "HouseEntId": "70030076168210153", "Id": "70030076168210154" }, "geometry": { "type": "MultiLineString", "coordinates": [ [ [ 71.460505193764988, 51.131776865081285 ], [ 71.460366673548165, 51.131798793822696 ] ] ] } },
{ "type": "Feature", "properties": { "HouseEntId": "70030076168210155", "Id": "70030076168210157" }, "geometry": { "type": "MultiLineString", "coordinates": [ [ [ 71.460283040395225, 51.131221596564849 ], [ 71.460144520178417, 51.13124352556995 ] ] ] } },
{ "type": "Feature", "properties": { "HouseEntId": "70030076167269602", "Id": "70030076167269604" }, "geometry": { "type": "MultiLineString", "coordinates": [ [ [ 71.439553067741244, 51.125440375559187 ], [ 71.439410325442594, 51.12544392748859 ] ] ] } },
{ "type": "Feature", "properties": { "HouseEntId": "70030076167269595", "Id": "70030076167269596" }, "geometry": { "type": "MultiLineString", "coordinates": [ [ [ 71.440679734770583, 51.128219028476884 ], [ 71.440553790967755, 51.128261423542043 ] ] ] } },
{ "type": "Feature", "properties": { "HouseEntId": "70030076167269598", "Id": "70030076167269599" }, "geometry": { "type": "MultiLineString", "coordinates": [ [ [ 71.439559894937403, 51.124991589900091 ], [ 71.43941724247027, 51.124987079469314 ] ] ] } },
{ "type": "Feature", "properties": { "HouseEntId": "70030076166726997", "Id": "70030076166726998" }, "geometry": { "type": "MultiLineString", "coordinates": [ [ [ 71.469089674283097, 51.12672587426632 ], [ 71.469124079758473, 51.126813147737977 ] ] ] } },
{ "type": "Feature", "properties": { "HouseEntId": "70030076166727035", "Id": "70030076166727036" }, "geometry": { "type": "MultiLineString", "coordinates": [ [ [ 71.468580868506166, 51.127003931031958 ], [ 71.468719478554505, 51.126982169147581 ] ] ] } },
{ "type": "Feature", "properties": { "HouseEntId": "70030076163851240", "Id": "70030076163851241" }, "geometry": { "type": "MultiLineString", "coordinates": [ [ [ 71.456115306634544, 51.119497389631228 ], [ 71.456254725166659, 51.119477823307633 ] ] ] } },
{ "type": "Feature", "properties": { "HouseEntId": "70030076163851326", "Id": "70030076163851327" }, "geometry": { "type": "MultiLineString", "coordinates": [ [ [ 71.455967264275742, 51.11962290711817 ], [ 71.455943997909856, 51.119537537220296 ] ] ] } },
{ "type": "Feature", "properties": { "HouseEntId": "70030076163851399", "Id": "70030076163851401" }, "geometry": { "type": "MultiLineString", "coordinates": [ [ [ 71.455490258859868, 51.119733594538204 ], [ 71.455447768546932, 51.119615125720529 ] ] ] } },
{ "type": "Feature", "properties": { "HouseEntId": "70030076163851558", "Id": "70030076163851559" }, "geometry": { "type": "MultiLineString", "coordinates": [ [ [ 71.455042179196155, 51.119743067519543 ], [ 71.455007773720766, 51.119684143288566 ] ] ] } },
{ "type": "Feature", "properties": { "HouseEntId": "70030076163851581", "Id": "70030076163851582" }, "geometry": { "type": "MultiLineString", "coordinates": [ [ [ 71.455181238402133, 51.119756487573127 ], [ 71.455115751217903, 51.119789981303306 ] ] ] } },
{ "type": "Feature", "properties": { "HouseEntId": "70030076163851614", "Id": "70030076163851615" }, "geometry": { "type": "MultiLineString", "coordinates": [ [ [ 71.455405547728574, 51.119870614257813 ], [ 71.455347247066626, 51.119931906486421 ] ] ] } },
{ "type": "Feature", "properties": { "HouseEntId": "70030076163852877", "Id": "70030076163852878" }, "geometry": { "type": "MultiLineString", "coordinates": [ [ [ 71.46575791272582, 51.119683579419963 ], [ 71.465887809115898, 51.119720907506569 ] ] ] } },
{ "type": "Feature", "properties": { "HouseEntId": "70030076163859676", "Id": "70030076163859677" }, "geometry": { "type": "MultiLineString", "coordinates": [ [ [ 71.464918706587397, 51.119757953629161 ], [ 71.46485070412038, 51.119795281655676 ] ] ] } },
{ "type": "Feature", "properties": { "HouseEntId": "70030076163859956", "Id": "70030076163859957" }, "geometry": { "type": "MultiLineString", "coordinates": [ [ [ 71.46363690050849, 51.119376495556828 ], [ 71.463770749485818, 51.119345144243319 ] ] ] } },
{ "type": "Feature", "properties": { "HouseEntId": "70030076163867807", "Id": "70030076163867808" }, "geometry": { "type": "MultiLineString", "coordinates": [ [ [ 71.468141951658339, 51.125156727743253 ], [ 71.468196748890691, 51.125239719294029 ] ] ] } },
{ "type": "Feature", "properties": { "HouseEntId": "70030076163868293", "Id": "70030076163868294" }, "geometry": { "type": "MultiLineString", "coordinates": [ [ [ 71.46724354654269, 51.125391437837337 ], [ 71.467298343775028, 51.125474428966392 ] ] ] } },
{ "type": "Feature", "properties": { "HouseEntId": "70030076163869109", "Id": "70030076163869110" }, "geometry": { "type": "MultiLineString", "coordinates": [ [ [ 71.466076904483216, 51.125680553027728 ], [ 71.466236265614612, 51.12575176033296 ] ] ] } },
{ "type": "Feature", "properties": { "HouseEntId": "70030076163869673", "Id": "70030076163869674" }, "geometry": { "type": "MultiLineString", "coordinates": [ [ [ 71.469406060926161, 51.126454919530339 ], [ 71.469268528856162, 51.126479331455812 ] ] ] } },
{ "type": "Feature", "properties": { "HouseEntId": "70030076163869758", "Id": "70030076163869759" }, "geometry": { "type": "MultiLineString", "coordinates": [ [ [ 71.469321080300276, 51.126265543439281 ], [ 71.469183548230291, 51.126289955464841 ] ] ] } },
{ "type": "Feature", "properties": { "HouseEntId": "70030076163869789", "Id": "70030076163869791" }, "geometry": { "type": "MultiLineString", "coordinates": [ [ [ 71.468527598409821, 51.126090712366434 ], [ 71.468562093716741, 51.126177987038254 ] ] ] } },
{ "type": "Feature", "properties": { "HouseEntId": "70030076163869831", "Id": "70030076163869832" }, "geometry": { "type": "MultiLineString", "coordinates": [ [ [ 71.468003431441531, 51.126172800176064 ], [ 71.468037926748437, 51.126260074692766 ] ] ] } },
{ "type": "Feature", "properties": { "HouseEntId": "70030076163869846", "Id": "70030076163869847" }, "geometry": { "type": "MultiLineString", "coordinates": [ [ [ 71.467470820309586, 51.126478824048696 ], [ 71.467608801537224, 51.126502164769335 ] ] ] } },
{ "type": "Feature", "properties": { "HouseEntId": "70030076163871073", "Id": "70030076163871074" }, "geometry": { "type": "MultiLineString", "coordinates": [ [ [ 71.465156849969219, 51.127500279621216 ], [ 71.465263839319547, 51.127440745133285 ] ] ] } },
{ "type": "Feature", "properties": { "HouseEntId": "70030076163871859", "Id": "70030076163871860" }, "geometry": { "type": "MultiLineString", "coordinates": [ [ [ 71.465682993231127, 51.12781272166994 ], [ 71.465718117358733, 51.127725562841128 ] ] ] } },
{ "type": "Feature", "properties": { "HouseEntId": "70030076163871941", "Id": "70030076163871942" }, "geometry": { "type": "MultiLineString", "coordinates": [ [ [ 71.466365353520942, 51.1277288327096 ], [ 71.466330678550975, 51.127641617345333 ] ] ] } },
{ "type": "Feature", "properties": { "HouseEntId": "70030076163872357", "Id": "70030076163872358" }, "geometry": { "type": "MultiLineString", "coordinates": [ [ [ 71.466852509899525, 51.127652272624907 ], [ 71.466818104424135, 51.127565000738834 ] ] ] } },
{ "type": "Feature", "properties": { "HouseEntId": "70030076163872401", "Id": "70030076163872404" }, "geometry": { "type": "MultiLineString", "coordinates": [ [ [ 71.467351973197495, 51.127573626455849 ], [ 71.467317567722105, 51.127486410798504 ] ] ] } },
{ "type": "Feature", "properties": { "HouseEntId": "70030076163872438", "Id": "70030076163872439" }, "geometry": { "type": "MultiLineString", "coordinates": [ [ [ 71.467965163210437, 51.127442380077632 ], [ 71.467863204425683, 51.127379462867175 ] ] ] } },
{ "type": "Feature", "properties": { "HouseEntId": "70030076163872486", "Id": "70030076163872487" }, "geometry": { "type": "MultiLineString", "coordinates": [ [ [ 71.468212379576613, 51.12704057666901 ], [ 71.468077003463307, 51.127011993074603 ] ] ] } },
{ "type": "Feature", "properties": { "HouseEntId": "70030076163874703", "Id": "70030076163874704" }, "geometry": { "type": "MultiLineString", "coordinates": [ [ [ 71.463550841904265, 51.12808237177854 ], [ 71.463412052192879, 51.128103738508457 ] ] ] } },
{ "type": "Feature", "properties": { "HouseEntId": "70030076163874890", "Id": "70030076163874891" }, "geometry": { "type": "MultiLineString", "coordinates": [ [ [ 71.462485889134939, 51.127617375165713 ], [ 71.462519755621173, 51.127704703329883 ] ] ] } },
{ "type": "Feature", "properties": { "HouseEntId": "70030076163875214", "Id": "70030076163875215" }, "geometry": { "type": "MultiLineString", "coordinates": [ [ [ 71.460774239192588, 51.128064444013354 ], [ 71.460913118735505, 51.12804319001858 ] ] ] } },
{ "type": "Feature", "properties": { "HouseEntId": "70030076163875633", "Id": "70030076163875634" }, "geometry": { "type": "MultiLineString", "coordinates": [ [ [ 71.461879256823565, 51.128569519488842 ], [ 71.461845300505843, 51.128482192959844 ] ] ] } },
{ "type": "Feature", "properties": { "HouseEntId": "70030076163875787", "Id": "70030076163875788" }, "geometry": { "type": "MultiLineString", "coordinates": [ [ [ 71.459953538349012, 51.128843280603803 ], [ 71.459919132873637, 51.128756067344021 ] ] ] } },
{ "type": "Feature", "properties": { "HouseEntId": "70030076163875837", "Id": "70030076163875838" }, "geometry": { "type": "MultiLineString", "coordinates": [ [ [ 71.459632839792576, 51.128920853474767 ], [ 71.459598074991078, 51.128833640361464 ] ] ] } },
{ "type": "Feature", "properties": { "HouseEntId": "70030076163875857", "Id": "70030076163875858" }, "geometry": { "type": "MultiLineString", "coordinates": [ [ [ 71.45921880627813, 51.128985910854745 ], [ 71.459183951645102, 51.128898697864308 ] ] ] } },
{ "type": "Feature", "properties": { "HouseEntId": "70030076163875873", "Id": "70030076163875874" }, "geometry": { "type": "MultiLineString", "coordinates": [ [ [ 71.458245930825427, 51.128906928703024 ], [ 71.458384630705297, 51.128885505969052 ] ] ] } },
{ "type": "Feature", "properties": { "HouseEntId": "70030076163875888", "Id": "70030076163875889" }, "geometry": { "type": "MultiLineString", "coordinates": [ [ [ 71.458209189730297, 51.128535750243813 ], [ 71.458349776072268, 51.128551817416898 ] ] ] } },
{ "type": "Feature", "properties": { "HouseEntId": "70030076163876037", "Id": "70030076163876038" }, "geometry": { "type": "MultiLineString", "coordinates": [ [ [ 71.458951108323461, 51.128040540315638 ], [ 71.45884600543522, 51.128101427068493 ] ] ] } },
{ "type": "Feature", "properties": { "HouseEntId": "70030076163876194", "Id": "70030076163876196" }, "geometry": { "type": "MultiLineString", "coordinates": [ [ [ 71.459262015243297, 51.127561730858766 ], [ 71.459373765664651, 51.127617713428769 ] ] ] } },
{ "type": "Feature", "properties": { "HouseEntId": "70030076163876215", "Id": "70030076163876217" }, "geometry": { "type": "MultiLineString", "coordinates": [ [ [ 71.459653950201755, 51.127377771543138 ], [ 71.459708657602548, 51.12746087185797 ] ] ] } },
{ "type": "Feature", "properties": { "HouseEntId": "70030076163876227", "Id": "70030076163876228" }, "geometry": { "type": "MultiLineString", "coordinates": [ [ [ 71.460563135100813, 51.127335544799408 ], [ 71.460431172585587, 51.127369991451729 ] ] ] } },
{ "type": "Feature", "properties": { "HouseEntId": "70030076163876276", "Id": "70030076163876277" }, "geometry": { "type": "MultiLineString", "coordinates": [ [ [ 71.46074118119013, 51.127605366825506 ], [ 71.46060921867489, 51.127639813276595 ] ] ] } },
{ "type": "Feature", "properties": { "HouseEntId": "70030076163876362", "Id": "70030076163876363" }, "geometry": { "type": "MultiLineString", "coordinates": [ [ [ 71.461067628964372, 51.1270040437878 ], [ 71.461122426196695, 51.127087032019411 ] ] ] } },
{ "type": "Feature", "properties": { "HouseEntId": "70030076163876502", "Id": "70030076163876503" }, "geometry": { "type": "MultiLineString", "coordinates": [ [ [ 71.46149118462084, 51.126893091897387 ], [ 71.461546071684694, 51.126976136706318 ] ] ] } },
{ "type": "Feature", "properties": { "HouseEntId": "70030076163876708", "Id": "70030076163876709" }, "geometry": { "type": "MultiLineString", "coordinates": [ [ [ 71.461938994789975, 51.126775938138444 ], [ 71.461993881853829, 51.126858983158016 ] ] ] } },
{ "type": "Feature", "properties": { "HouseEntId": "70030076163876939", "Id": "70030076163876941" }, "geometry": { "type": "MultiLineString", "coordinates": [ [ [ 71.462361472468089, 51.126665436726789 ], [ 71.462416269700427, 51.126748481945022 ] ] ] } },
{ "type": "Feature", "properties": { "HouseEntId": "70030076163877132", "Id": "70030076163877133" }, "geometry": { "type": "MultiLineString", "coordinates": [ [ [ 71.462780446716607, 51.126555780727841 ], [ 71.46283524394893, 51.12663882614325 ] ] ] } },
{ "type": "Feature", "properties": { "HouseEntId": "70030076163727119", "Id": "70030076163727120" }, "geometry": { "type": "MultiLineString", "coordinates": [ [ [ 71.465351065733643, 51.118386719812563 ], [ 71.465489765613512, 51.118365348587581 ] ] ] } },
{ "type": "Feature", "properties": { "HouseEntId": "70030076163727142", "Id": "70030076163727143" }, "geometry": { "type": "MultiLineString", "coordinates": [ [ [ 71.46499694984864, 51.118249470137535 ], [ 71.464962274878673, 51.118162236874156 ] ] ] } },
{ "type": "Feature", "properties": { "HouseEntId": "70030076163727271", "Id": "70030076163727272" }, "geometry": { "type": "MultiLineString", "coordinates": [ [ [ 71.464514644372599, 51.118812676150206 ], [ 71.464481227044033, 51.11872533117414 ] ] ] } },
{ "type": "Feature", "properties": { "HouseEntId": "70030076163728314", "Id": "70030076163728315" }, "geometry": { "type": "MultiLineString", "coordinates": [ [ [ 71.463338480171103, 51.118575620711667 ], [ 71.463411872529818, 51.118498481572146 ] ] ] } },
{ "type": "Feature", "properties": { "HouseEntId": "70030076163728326", "Id": "70030076163728327" }, "geometry": { "type": "MultiLineString", "coordinates": [ [ [ 71.463022183359556, 51.118546298831703 ], [ 71.46298768805265, 51.118459066128764 ] ] ] } },
{ "type": "Feature", "properties": { "HouseEntId": "70030076163728344", "Id": "70030076163728345" }, "geometry": { "type": "MultiLineString", "coordinates": [ [ [ 71.462520653936437, 51.11862473481893 ], [ 71.462486158629531, 51.118537502264083 ] ] ] } },
{ "type": "Feature", "properties": { "HouseEntId": "70030076163728359", "Id": "70030076163728360" }, "geometry": { "type": "MultiLineString", "coordinates": [ [ [ 71.462015890578286, 51.11870373455357 ], [ 71.46198139527138, 51.11861655853604 ] ] ] } },
{ "type": "Feature", "properties": { "HouseEntId": "70030076163728475", "Id": "70030076163728476" }, "geometry": { "type": "MultiLineString", "coordinates": [ [ [ 71.461776040397424, 51.118646162312054 ], [ 71.461660606883413, 51.118699110732699 ] ] ] } },
{ "type": "Feature", "properties": { "HouseEntId": "70030077148635717", "Id": "70030077148635720" }, "geometry": { "type": "MultiLineString", "coordinates": [ [ [ 71.462959031795094, 51.129176741549017 ], [ 71.462992988112831, 51.129264010389576 ] ] ] } },
{ "type": "Feature", "properties": { "HouseEntId": "70030077148635728", "Id": "70030077148635730" }, "geometry": { "type": "MultiLineString", "coordinates": [ [ [ 71.462149020903396, 51.129544081368714 ], [ 71.462287810614797, 51.129522715305143 ] ] ] } },
{ "type": "Feature", "properties": { "HouseEntId": "70030077148635732", "Id": "70030077148635734" }, "geometry": { "type": "MultiLineString", "coordinates": [ [ [ 71.461993253033143, 51.129525759546993 ], [ 71.461886263682786, 51.12958534772207 ] ] ] } },
{ "type": "Feature", "properties": { "HouseEntId": "70030077148635759", "Id": "70030077148635760" }, "geometry": { "type": "MultiLineString", "coordinates": [ [ [ 71.461665367954424, 51.130173558373166 ], [ 71.461780262479266, 51.130120228484962 ] ] ] } },
{ "type": "Feature", "properties": { "HouseEntId": "70030077148635838", "Id": "70030077148635840" }, "geometry": { "type": "MultiLineString", "coordinates": [ [ [ 71.461699144609113, 51.130632328165994 ], [ 71.461839012298853, 51.130614063149544 ] ] ] } },
{ "type": "Feature", "properties": { "HouseEntId": "70030077148635691", "Id": "70030077148635693" }, "geometry": { "type": "MultiLineString", "coordinates": [ [ [ 71.463883937211605, 51.12927816055425 ], [ 71.46374523733175, 51.129299583106089 ] ] ] } },
{ "type": "Feature", "properties": { "HouseEntId": "70030077148635624", "Id": "70030077148635629" }, "geometry": { "type": "MultiLineString", "coordinates": [ [ [ 71.464056593409239, 51.129719857738124 ], [ 71.463998202915761, 51.129801939097767 ] ] ] } },
{ "type": "Feature", "properties": { "HouseEntId": "70030077148635635", "Id": "70030077148635638" }, "geometry": { "type": "MultiLineString", "coordinates": [ [ [ 71.464000179209378, 51.129571874149001 ], [ 71.463861658992585, 51.129593916687 ] ] ] } },
{ "type": "Feature", "properties": { "HouseEntId": "70030077148635600", "Id": "70030077148635601" }, "geometry": { "type": "MultiLineString", "coordinates": [ [ [ 71.462218101348753, 51.130901454453863 ], [ 71.462276491842218, 51.130819375048432 ] ] ] } },
{ "type": "Feature", "properties": { "HouseEntId": "70030077148635612", "Id": "70030077148635613" }, "geometry": { "type": "MultiLineString", "coordinates": [ [ [ 71.462954360555614, 51.130273622215007 ], [ 71.462824015007882, 51.130236866395201 ] ] ] } },
{ "type": "Feature", "properties": { "HouseEntId": "70030077128847394", "Id": "70030077128847397" }, "geometry": { "type": "MultiLineString", "coordinates": [ [ [ 71.468263493716293, 51.13531514982094 ], [ 71.468280482813867, 51.13532015427235 ] ] ] } },
{ "type": "Feature", "properties": { "HouseEntId": "70030077128847407", "Id": "70030077128847409" }, "geometry": { "type": "MultiLineString", "coordinates": [ [ [ 71.468391593475801, 51.13514266409215 ], [ 71.468403687125132, 51.135146218774096 ] ] ] } },
{ "type": "Feature", "properties": { "HouseEntId": "70030076949203258", "Id": "9571235884366829" }, "geometry": { "type": "MultiLineString", "coordinates": [ [ [ 71.466067831498847, 51.132819229805115 ], [ 71.465937935108769, 51.132781912302647 ] ] ] } },
{ "type": "Feature", "properties": { "HouseEntId": "70030076949203258", "Id": "9571235884366830" }, "geometry": { "type": "MultiLineString", "coordinates": [ [ [ 71.465639065613729, 51.132696115755138 ], [ 71.465768962003807, 51.132733376955997 ] ] ] } },
{ "type": "Feature", "properties": { "HouseEntId": "70030076949203499", "Id": "9571235884366831" }, "geometry": { "type": "MultiLineString", "coordinates": [ [ [ 71.466240936854092, 51.133097588109166 ], [ 71.466370923075715, 51.133134848986074 ] ] ] } },
{ "type": "Feature", "properties": { "HouseEntId": "70030076949203499", "Id": "9571235884366832" }, "geometry": { "type": "MultiLineString", "coordinates": [ [ [ 71.466669792570741, 51.133220701088788 ], [ 71.466539806349118, 51.133183383910762 ] ] ] } },
{ "type": "Feature", "properties": { "HouseEntId": "70030076949203691", "Id": "9571235884366833" }, "geometry": { "type": "MultiLineString", "coordinates": [ [ [ 71.466820889201514, 51.133012468595261 ], [ 71.466690902979906, 51.132975151248957 ] ] ] } },
{ "type": "Feature", "properties": { "HouseEntId": "70030076949203691", "Id": "9571235884366834" }, "geometry": { "type": "MultiLineString", "coordinates": [ [ [ 71.466392123316396, 51.132889242318988 ], [ 71.466522109538019, 51.132926616105415 ] ] ] } },
{ "type": "Feature", "properties": { "HouseEntId": "70030076949203991", "Id": "9571235884366835" }, "geometry": { "type": "MultiLineString", "coordinates": [ [ [ 71.466516180657138, 51.132887269343001 ], [ 71.466575649128956, 51.132805475321305 ] ] ] } },
{ "type": "Feature", "properties": { "HouseEntId": "70030076949203991", "Id": "9571235884366836" }, "geometry": { "type": "MultiLineString", "coordinates": [ [ [ 71.466718211764544, 51.132609247997628 ], [ 71.466658833124256, 51.132691042366915 ] ] ] } },
{ "type": "Feature", "properties": { "HouseEntId": "70030076946217681", "Id": "9571235884366805" }, "geometry": { "type": "MultiLineString", "coordinates": [ [ [ 71.465852864651353, 51.133269686885448 ], [ 71.465912153460096, 51.133187949911516 ] ] ] } },
{ "type": "Feature", "properties": { "HouseEntId": "70030076946217681", "Id": "9571235884366806" }, "geometry": { "type": "MultiLineString", "coordinates": [ [ [ 71.4660486973833, 51.132999954322372 ], [ 71.465989318742999, 51.13308169162908 ] ] ] } },
{ "type": "Feature", "properties": { "HouseEntId": "70030076946217817", "Id": "9571235884366807" }, "geometry": { "type": "MultiLineString", "coordinates": [ [ [ 71.465975484687633, 51.132946514956735 ], [ 71.465845588297555, 51.132909141186417 ] ] ] } },
{ "type": "Feature", "properties": { "HouseEntId": "70030076946217817", "Id": "9571235884366808" }, "geometry": { "type": "MultiLineString", "coordinates": [ [ [ 71.465546718802528, 51.132823288504468 ], [ 71.465676705024137, 51.132860605973484 ] ] ] } },
{ "type": "Feature", "properties": { "HouseEntId": "70030076513913125", "Id": "9571235884365134" }, "geometry": { "type": "MultiLineString", "coordinates": [ [ [ 71.462215136908313, 51.132861789759765 ], [ 71.462085330349751, 51.132824246808433 ] ] ] } },
{ "type": "Feature", "properties": { "HouseEntId": "70030076513913125", "Id": "9571235884365135" }, "geometry": { "type": "MultiLineString", "coordinates": [ [ [ 71.461768584380579, 51.132864100961484 ], [ 71.461828232515444, 51.132782363269619 ] ] ] } },
{ "type": "Feature", "properties": { "HouseEntId": "70030076513913127", "Id": "9571235884365136" }, "geometry": { "type": "MultiLineString", "coordinates": [ [ [ 71.462120005319733, 51.13299189332497 ], [ 71.461990198761171, 51.132954294108735 ] ] ] } },
{ "type": "Feature", "properties": { "HouseEntId": "70030076513913127", "Id": "9571235884365137" }, "geometry": { "type": "MultiLineString", "coordinates": [ [ [ 71.461665817112078, 51.132860493231931 ], [ 71.461795623670625, 51.132897979783081 ] ] ] } },
{ "type": "Feature", "properties": { "HouseEntId": "70030076513913129", "Id": "9571235884365138" }, "geometry": { "type": "MultiLineString", "coordinates": [ [ [ 71.461753133357675, 51.132513304314379 ], [ 71.461693485222824, 51.132594986111378 ] ] ] } },
{ "type": "Feature", "properties": { "HouseEntId": "70030076513913129", "Id": "9571235884365139" }, "geometry": { "type": "MultiLineString", "coordinates": [ [ [ 71.461544364885654, 51.132799218157238 ], [ 71.461604013020519, 51.132717536721472 ] ] ] } },
{ "type": "Feature", "properties": { "HouseEntId": "70030076513913132", "Id": "9571235884365140" }, "geometry": { "type": "MultiLineString", "coordinates": [ [ [ 71.461383566449797, 51.132406537137548 ], [ 71.461323918314932, 51.132488162752196 ] ] ] } },
{ "type": "Feature", "properties": { "HouseEntId": "70030076513913132", "Id": "9571235884365141" }, "geometry": { "type": "MultiLineString", "coordinates": [ [ [ 71.461174708146231, 51.132692282528524 ], [ 71.461234446112641, 51.132610657274689 ] ] ] } },
{ "type": "Feature", "properties": { "HouseEntId": "70030076500276052", "Id": "9571235884365002" }, "geometry": { "type": "MultiLineString", "coordinates": [ [ [ 71.457497274867634, 51.118967404353157 ], [ 71.457531949837602, 51.119054579708667 ] ] ] } },
{ "type": "Feature", "properties": { "HouseEntId": "70030076500276052", "Id": "9571235884365003" }, "geometry": { "type": "MultiLineString", "coordinates": [ [ [ 71.457566085818399, 51.119105102995967 ], [ 71.457600581125305, 51.119192334479123 ] ] ] } },
{ "type": "Feature", "properties": { "HouseEntId": "70030076500276155", "Id": "9571235884365004" }, "geometry": { "type": "MultiLineString", "coordinates": [ [ [ 71.45790609815343, 51.118903065903126 ], [ 71.457940683291895, 51.118990297767759 ] ] ] } },
{ "type": "Feature", "properties": { "HouseEntId": "70030076500276155", "Id": "9571235884365005" }, "geometry": { "type": "MultiLineString", "coordinates": [ [ [ 71.458033748755312, 51.119217144954909 ], [ 71.457999343279937, 51.119129913518606 ] ] ] } },
{ "type": "Feature", "properties": { "HouseEntId": "70030076500277648", "Id": "9571235884365006" }, "geometry": { "type": "MultiLineString", "coordinates": [ [ [ 71.458874841355836, 51.118751495212699 ], [ 71.458909336662757, 51.118838727363496 ] ] ] } },
{ "type": "Feature", "properties": { "HouseEntId": "70030076500277648", "Id": "9571235884365007" }, "geometry": { "type": "MultiLineString", "coordinates": [ [ [ 71.458948593040674, 51.118888574232869 ], [ 71.458983088347566, 51.118975806124858 ] ] ] } },
{ "type": "Feature", "properties": { "HouseEntId": "70030076435564819", "Id": "9571235884364542" }, "geometry": { "type": "MultiLineString", "coordinates": [ [ [ 71.460366583716649, 51.118518273863643 ], [ 71.460400989192038, 51.118605506454792 ] ] ] } },
{ "type": "Feature", "properties": { "HouseEntId": "70030076435564819", "Id": "9571235884364543" }, "geometry": { "type": "MultiLineString", "coordinates": [ [ [ 71.460418596171593, 51.118658511310151 ], [ 71.460453091478499, 51.118745687248527 ] ] ] } },
{ "type": "Feature", "properties": { "HouseEntId": "70030076435564824", "Id": "9571235884364544" }, "geometry": { "type": "MultiLineString", "coordinates": [ [ [ 71.459766239612279, 51.118612160259126 ], [ 71.45980073491917, 51.118699336284941 ] ] ] } },
{ "type": "Feature", "properties": { "HouseEntId": "70030076435564824", "Id": "9571235884364545" }, "geometry": { "type": "MultiLineString", "coordinates": [ [ [ 71.459902514040877, 51.118924549654963 ], [ 71.459868108565487, 51.118837261278287 ] ] ] } },
{ "type": "Feature", "properties": { "HouseEntId": "70030076163727252", "Id": "9571235884362019" }, "geometry": { "type": "MultiLineString", "coordinates": [ [ [ 71.464714789017904, 51.118691893060188 ], [ 71.464853668560821, 51.118670973081151 ] ] ] } },
{ "type": "Feature", "properties": { "HouseEntId": "70030076163727252", "Id": "9571235884362020" }, "geometry": { "type": "MultiLineString", "coordinates": [ [ [ 71.464720448404194, 51.118401211640233 ], [ 71.464802823915747, 51.118474742088814 ] ] ] } },
{ "type": "Feature", "properties": { "HouseEntId": "70030076163727653", "Id": "9571235884362021" }, "geometry": { "type": "MultiLineString", "coordinates": [ [ [ 71.463762125659102, 51.118735481018447 ], [ 71.463835607849333, 51.118658398533924 ] ] ] } },
{ "type": "Feature", "properties": { "HouseEntId": "70030076163727653", "Id": "9571235884362022" }, "geometry": { "type": "MultiLineString", "coordinates": [ [ [ 71.464044825479007, 51.118444179600615 ], [ 71.463971253457245, 51.118521206054254 ] ] ] } },
{ "type": "Feature", "properties": { "HouseEntId": "70030076168210179", "Id": "9571235884362448" }, "geometry": { "type": "MultiLineString", "coordinates": [ [ [ 71.461061161094335, 51.133303396298778 ], [ 71.461193213441106, 51.133269066812403 ] ] ] } },
{ "type": "Feature", "properties": { "HouseEntId": "70030076168210179", "Id": "9571235884362449" }, "geometry": { "type": "MultiLineString", "coordinates": [ [ [ 71.461514450986712, 51.133400634853174 ], [ 71.461479776016745, 51.133313430199657 ] ] ] } },
{ "type": "Feature", "properties": { "HouseEntId": "70030076399606082", "Id": "9571235884364378" }, "geometry": { "type": "MultiLineString", "coordinates": [ [ [ 71.461577333056596, 51.133550579121263 ], [ 71.461435219578632, 51.13355965467975 ] ] ] } },
{ "type": "Feature", "properties": { "HouseEntId": "70030076399606082", "Id": "9571235884364379" }, "geometry": { "type": "MultiLineString", "coordinates": [ [ [ 71.46109035634106, 51.133318278038637 ], [ 71.461133026317057, 51.133404073430199 ] ] ] } },
{ "type": "Feature", "properties": { "HouseEntId": "9571192885216181", "Id": "9571235884360662" }, "geometry": { "type": "MultiLineString", "coordinates": [ [ [ 71.465560912184031, 51.119253232895908 ], [ 71.465448173615854, 51.119207051603858 ] ] ] } },
{ "type": "Feature", "properties": { "HouseEntId": "9571192885216181", "Id": "9571235884360663" }, "geometry": { "type": "MultiLineString", "coordinates": [ [ [ 71.465028840041228, 51.119294282894536 ], [ 71.46516268901857, 51.119262875137878 ] ] ] } },
{ "type": "Feature", "properties": { "HouseEntId": "9571192885215870", "Id": "9571235834888829" }, "geometry": { "type": "MultiLineString", "coordinates": [ [ [ 71.406859871122521, 51.194797785797483 ], [ 71.406795821242767, 51.194717396275443 ] ] ] } },
{ "type": "Feature", "properties": { "HouseEntId": "9571192885219031", "Id": "9571235834891989" }, "geometry": { "type": "MultiLineString", "coordinates": [ [ [ 71.408116434541952, 51.195659093303036 ], [ 71.408180484421706, 51.195739481182052 ] ] ] } },
{ "type": "Feature", "properties": { "HouseEntId": "9571192885220711", "Id": "9571235834893669" }, "geometry": { "type": "MultiLineString", "coordinates": [ [ [ 71.40877966071622, 51.19352003741583 ], [ 71.408893851569772, 51.193484130431251 ] ] ] } },
{ "type": "Feature", "properties": { "HouseEntId": "9571192885220712", "Id": "9571235834893670" }, "geometry": { "type": "MultiLineString", "coordinates": [ [ [ 71.408851975096582, 51.194111542999003 ], [ 71.408979356203872, 51.194070728400625 ] ] ] } },
{ "type": "Feature", "properties": { "HouseEntId": "9571192885220713", "Id": "9571235834893671" }, "geometry": { "type": "MultiLineString", "coordinates": [ [ [ 71.40853127654016, 51.193468188130062 ], [ 71.408596224735206, 51.193548298348311 ] ] ] } },
{ "type": "Feature", "properties": { "HouseEntId": "9571192885220714", "Id": "9571235834893672" }, "geometry": { "type": "MultiLineString", "coordinates": [ [ [ 71.408614819861583, 51.193819534862648 ], [ 71.40874229080039, 51.193778663709232 ] ] ] } },
{ "type": "Feature", "properties": { "HouseEntId": "9571192885220715", "Id": "9571235834893673" }, "geometry": { "type": "MultiLineString", "coordinates": [ [ [ 71.408687852894175, 51.193909327420869 ], [ 71.408815234001466, 51.193868512643363 ] ] ] } },
{ "type": "Feature", "properties": { "HouseEntId": "9571192917936579", "Id": "9571235867609540" }, "geometry": { "type": "MultiLineString", "coordinates": [ [ [ 71.407113375695701, 51.195993478936884 ], [ 71.406985275936194, 51.196033503721345 ] ] ] } },
{ "type": "Feature", "properties": { "HouseEntId": "9571192917936600", "Id": "9571235867609561" }, "geometry": { "type": "MultiLineString", "coordinates": [ [ [ 71.406427781470853, 51.195905266666109 ], [ 71.406298064743837, 51.195943152365317 ] ] ] } },
{ "type": "Feature", "properties": { "HouseEntId": "9571192917936622", "Id": "9571235867609583" }, "geometry": { "type": "MultiLineString", "coordinates": [ [ [ 71.406474583697161, 51.195968371951665 ], [ 71.406344866970144, 51.196006313892646 ] ] ] } },
{ "type": "Feature", "properties": { "HouseEntId": "9571192917936655", "Id": "9571235867609616" }, "geometry": { "type": "MultiLineString", "coordinates": [ [ [ 71.404459572683365, 51.196732440062469 ], [ 71.40439884657016, 51.196650984351429 ] ] ] } },
{ "type": "Feature", "properties": { "HouseEntId": "9571192917936709", "Id": "9571235867609670" }, "geometry": { "type": "MultiLineString", "coordinates": [ [ [ 71.403477354751701, 51.196185496256966 ], [ 71.40333622942056, 51.196199794788214 ] ] ] } },
{ "type": "Feature", "properties": { "HouseEntId": "9571192917936767", "Id": "9571235867609730" }, "geometry": { "type": "MultiLineString", "coordinates": [ [ [ 71.405642653912551, 51.194787934147911 ], [ 71.405514733816091, 51.19482818516002 ] ] ] } },
{ "type": "Feature", "properties": { "HouseEntId": "9571192917936819", "Id": "9571235867609780" }, "geometry": { "type": "MultiLineString", "coordinates": [ [ [ 71.407601340558031, 51.194401804120666 ], [ 71.407473330630054, 51.194441999174522 ] ] ] } },
{ "type": "Feature", "properties": { "HouseEntId": "9571192917936840", "Id": "9571235867609801" }, "geometry": { "type": "MultiLineString", "coordinates": [ [ [ 71.407487973169182, 51.194600414633598 ], [ 71.407423923289429, 51.194519968471738 ] ] ] } },
{ "type": "Feature", "properties": { "HouseEntId": "9571192917936993", "Id": "9571235867609954" }, "geometry": { "type": "MultiLineString", "coordinates": [ [ [ 71.40620257382912, 51.1951996750091 ], [ 71.406073755417381, 51.195238687180428 ] ] ] } },
{ "type": "Feature", "properties": { "HouseEntId": "9571192917937002", "Id": "9571235867609963" }, "geometry": { "type": "MultiLineString", "coordinates": [ [ [ 71.406238596272033, 51.195246568423158 ], [ 71.40610977786028, 51.195285636849306 ] ] ] } },
{ "type": "Feature", "properties": { "HouseEntId": "9571192917937052", "Id": "9571235867610013" }, "geometry": { "type": "MultiLineString", "coordinates": [ [ [ 71.406647239894767, 51.195679922108674 ], [ 71.406519319798306, 51.195720172341552 ] ] ] } },
{ "type": "Feature", "properties": { "HouseEntId": "9571192917937094", "Id": "9571235867610055" }, "geometry": { "type": "MultiLineString", "coordinates": [ [ [ 71.405680652649067, 51.194264949269609 ], [ 71.405744792360352, 51.194345283285337 ] ] ] } },
{ "type": "Feature", "properties": { "HouseEntId": "9571192917937150", "Id": "9571235867610111" }, "geometry": { "type": "MultiLineString", "coordinates": [ [ [ 71.406330853251703, 51.194060032155072 ], [ 71.406394992962987, 51.194140366528089 ] ] ] } },
{ "type": "Feature", "properties": { "HouseEntId": "9571192917937881", "Id": "9571235867610842" }, "geometry": { "type": "MultiLineString", "coordinates": [ [ [ 71.406847025213963, 51.19401764122064 ], [ 71.406912063240526, 51.194097694187619 ] ] ] } },
{ "type": "Feature", "properties": { "HouseEntId": "9571192917937918", "Id": "9571235867610879" }, "geometry": { "type": "MultiLineString", "coordinates": [ [ [ 71.405602678882403, 51.195025949412198 ], [ 71.405730688810394, 51.19498581116266 ] ] ] } },
{ "type": "Feature", "properties": { "HouseEntId": "9571192917938256", "Id": "9571235867611217" }, "geometry": { "type": "MultiLineString", "coordinates": [ [ [ 71.403777392056611, 51.195584165818929 ], [ 71.403712982850706, 51.195503890257477 ] ] ] } },
{ "type": "Feature", "properties": { "HouseEntId": "9571192917938291", "Id": "9571235867611252" }, "geometry": { "type": "MultiLineString", "coordinates": [ [ [ 71.403753856196161, 51.195517907528988 ], [ 71.403818355233554, 51.195598070477701 ] ] ] } },
{ "type": "Feature", "properties": { "HouseEntId": "9571192917938452", "Id": "9571235867611413" }, "geometry": { "type": "MultiLineString", "coordinates": [ [ [ 71.408115356563599, 51.193924358509136 ], [ 71.407987975456336, 51.19396517323716 ] ] ] } },
{ "type": "Feature", "properties": { "HouseEntId": "9571192923583954", "Id": "9571235873256915" }, "geometry": { "type": "MultiLineString", "coordinates": [ [ [ 71.40447897629349, 51.195212116123614 ], [ 71.404606896389964, 51.195171921741576 ] ] ] } },
{ "type": "Feature", "properties": { "HouseEntId": "9571192923584210", "Id": "9571235873257171" }, "geometry": { "type": "MultiLineString", "coordinates": [ [ [ 71.40627722382925, 51.195296952050121 ], [ 71.406148405417511, 51.195335964139097 ] ] ] } },
{ "type": "Feature", "properties": { "HouseEntId": "9571192923586859", "Id": "9571235873259821" }, "geometry": { "type": "MultiLineString", "coordinates": [ [ [ 71.406233206380335, 51.19409076978036 ], [ 71.406297346091606, 51.194171104099773 ] ] ] } },
{ "type": "Feature", "properties": { "HouseEntId": "9571192927416719", "Id": "9571235877089680" }, "geometry": { "type": "MultiLineString", "coordinates": [ [ [ 71.409106198321993, 51.194171948538255 ], [ 71.409041160295416, 51.194091951996299 ] ] ] } },
{ "type": "Feature", "properties": { "HouseEntId": "9571192927416725", "Id": "9571235877089686" }, "geometry": { "type": "MultiLineString", "coordinates": [ [ [ 71.409189472148839, 51.194145264274397 ], [ 71.409124523953793, 51.194065211390068 ] ] ] } },
{ "type": "Feature", "properties": { "HouseEntId": "70030076127145342", "Id": "70030076127145343" }, "geometry": { "type": "MultiLineString", "coordinates": [ [ [ 71.404754579422644, 51.196566826433745 ], [ 71.404624862695627, 51.196604711588954 ] ] ] } },
{ "type": "Feature", "properties": { "HouseEntId": "70030076132102449", "Id": "70030076132102450" }, "geometry": { "type": "MultiLineString", "coordinates": [ [ [ 71.405900021241436, 51.196557875850182 ], [ 71.405774706259308, 51.196601221427379 ] ] ] } },
{ "type": "Feature", "properties": { "HouseEntId": "70030076132037862", "Id": "70030076132037869" }, "geometry": { "type": "MultiLineString", "coordinates": [ [ [ 71.40795958869333, 51.193777143706953 ], [ 71.407832297417585, 51.193818127454385 ] ] ] } },
{ "type": "Feature", "properties": { "HouseEntId": "70030076147062527", "Id": "70030076147062528" }, "geometry": { "type": "MultiLineString", "coordinates": [ [ [ 71.409707979730825, 51.195097669002436 ], [ 71.409772029610579, 51.195178057860986 ] ] ] } },
{ "type": "Feature", "properties": { "HouseEntId": "70030076147108309", "Id": "70030076147108310" }, "geometry": { "type": "MultiLineString", "coordinates": [ [ [ 71.405335969074542, 51.195203840812518 ], [ 71.405463979002548, 51.19516370271797 ] ] ] } },
{ "type": "Feature", "properties": { "HouseEntId": "70030076147109028", "Id": "70030076147109029" }, "geometry": { "type": "MultiLineString", "coordinates": [ [ [ 71.405456702648735, 51.195132121387566 ], [ 71.405520752528474, 51.195212453891365 ] ] ] } },
{ "type": "Feature", "properties": { "HouseEntId": "70030076162786954", "Id": "70030076162786957" }, "geometry": { "type": "MultiLineString", "coordinates": [ [ [ 71.402656384413547, 51.195638883723149 ], [ 71.402528643980148, 51.195679359168103 ] ] ] } },
{ "type": "Feature", "properties": { "HouseEntId": "70030076162846094", "Id": "70030076162846095" }, "geometry": { "type": "MultiLineString", "coordinates": [ [ [ 71.40276454157376, 51.195834449034869 ], [ 71.402700042536338, 51.195754286497404 ] ] ] } },
{ "type": "Feature", "properties": { "HouseEntId": "70030076174262826", "Id": "70030076174262828" }, "geometry": { "type": "MultiLineString", "coordinates": [ [ [ 71.403399919974206, 51.196053487953733 ], [ 71.403258704811549, 51.196067673938778 ] ] ] } },
{ "type": "Feature", "properties": { "HouseEntId": "70030076174262830", "Id": "70030076174262831" }, "geometry": { "type": "MultiLineString", "coordinates": [ [ [ 71.403707053969853, 51.196325948172849 ], [ 71.403836950359931, 51.196288344254974 ] ] ] } },
{ "type": "Feature", "properties": { "HouseEntId": "70030076211283653", "Id": "70030076211283660" }, "geometry": { "type": "MultiLineString", "coordinates": [ [ [ 71.403686841875967, 51.195260304300099 ], [ 71.403751251081829, 51.19534063658044 ] ] ] } },
{ "type": "Feature", "properties": { "HouseEntId": "70030076249927778", "Id": "70030076249927781" }, "geometry": { "type": "MultiLineString", "coordinates": [ [ [ 71.408130268597333, 51.194233705098114 ], [ 71.408065050907695, 51.194153764959289 ] ] ] } },
{ "type": "Feature", "properties": { "HouseEntId": "70030076319118631", "Id": "70030076319118633" }, "geometry": { "type": "MultiLineString", "coordinates": [ [ [ 71.404533324368174, 51.195681554636295 ], [ 71.404661154633118, 51.195641248075582 ] ] ] } },
{ "type": "Feature", "properties": { "HouseEntId": "70030076330925252", "Id": "70030076330925253" }, "geometry": { "type": "MultiLineString", "coordinates": [ [ [ 71.407426079246108, 51.196000121589883 ], [ 71.407553999342568, 51.195959927895281 ] ] ] } },
{ "type": "Feature", "properties": { "HouseEntId": "70030076393117578", "Id": "70030076393117588" }, "geometry": { "type": "MultiLineString", "coordinates": [ [ [ 71.40460348279187, 51.195315810711989 ], [ 71.404667442840093, 51.195396199189943 ] ] ] } },
{ "type": "Feature", "properties": { "HouseEntId": "70030076445951019", "Id": "70030076445951020" }, "geometry": { "type": "MultiLineString", "coordinates": [ [ [ 71.406865710171871, 51.196308440963421 ], [ 71.406992731953054, 51.196267121671006 ] ] ] } },
{ "type": "Feature", "properties": { "HouseEntId": "70030076445951023", "Id": "70030076445951024" }, "geometry": { "type": "MultiLineString", "coordinates": [ [ [ 71.406040877077984, 51.194151344234612 ], [ 71.406105016789269, 51.194231734744235 ] ] ] } },
{ "type": "Feature", "properties": { "HouseEntId": "70030076474818944", "Id": "70030076474818949" }, "geometry": { "type": "MultiLineString", "coordinates": [ [ [ 71.40653306402217, 51.194900524303172 ], [ 71.406469103973933, 51.194820078665288 ] ] ] } },
{ "type": "Feature", "properties": { "HouseEntId": "70030076619310061", "Id": "70030076619310063" }, "geometry": { "type": "MultiLineString", "coordinates": [ [ [ 71.408775258971332, 51.194017134555843 ], [ 71.408902640078608, 51.193976263577703 ] ] ] } },
{ "type": "Feature", "properties": { "HouseEntId": "70030076619386424", "Id": "70030076619386425" }, "geometry": { "type": "MultiLineString", "coordinates": [ [ [ 71.408251181834572, 51.194082437971858 ], [ 71.408123800727282, 51.194123252559862 ] ] ] } },
{ "type": "Feature", "properties": { "HouseEntId": "70030076628567487", "Id": "70030076628567488" }, "geometry": { "type": "MultiLineString", "coordinates": [ [ [ 71.404138335137759, 51.196905708884529 ], [ 71.404198701924855, 51.196987164145227 ] ] ] } },
{ "type": "Feature", "properties": { "HouseEntId": "70030076747300049", "Id": "70030076747300056" }, "geometry": { "type": "MultiLineString", "coordinates": [ [ [ 71.404652530806388, 51.195269142546628 ], [ 71.404780450902848, 51.195228948214343 ] ] ] } },
{ "type": "Feature", "properties": { "HouseEntId": "70030076750659384", "Id": "70030076750659386" }, "geometry": { "type": "MultiLineString", "coordinates": [ [ [ 71.405956345609766, 51.196533275809649 ], [ 71.406078965646046, 51.196487059222029 ] ] ] } },
{ "type": "Feature", "properties": { "HouseEntId": "70030076750659392", "Id": "70030076750659393" }, "geometry": { "type": "MultiLineString", "coordinates": [ [ [ 71.406489495730881, 51.195573244747955 ], [ 71.406360587487626, 51.195612256602971 ] ] ] } },
{ "type": "Feature", "properties": { "HouseEntId": "70030076753293400", "Id": "70030076753293401" }, "geometry": { "type": "MultiLineString", "coordinates": [ [ [ 71.404567460348972, 51.195404755938426 ], [ 71.404438641937233, 51.195443936819146 ] ] ] } },
{ "type": "Feature", "properties": { "HouseEntId": "70030076812993742", "Id": "70030076812993743" }, "geometry": { "type": "MultiLineString", "coordinates": [ [ [ 71.405457600964013, 51.195435943021472 ], [ 71.405585610892004, 51.195395692540295 ] ] ] } },
{ "type": "Feature", "properties": { "HouseEntId": "70030076813870563", "Id": "70030076813870564" }, "geometry": { "type": "MultiLineString", "coordinates": [ [ [ 71.406301119015808, 51.194973369987061 ], [ 71.406237158967571, 51.194892980771378 ] ] ] } },
{ "type": "Feature", "properties": { "HouseEntId": "70030076943302798", "Id": "70030076943302799" }, "geometry": { "type": "MultiLineString", "coordinates": [ [ [ 71.403467383452039, 51.19614637230034 ], [ 71.403326168289382, 51.196160727137212 ] ] ] } },
{ "type": "Feature", "properties": { "HouseEntId": "70030076945071778", "Id": "70030076945071782" }, "geometry": { "type": "MultiLineString", "coordinates": [ [ [ 71.407487973169182, 51.19430660813196 ], [ 71.407423024974136, 51.194226442936305 ] ] ] } },
{ "type": "Feature", "properties": { "HouseEntId": "70030076985566747", "Id": "70030076985566748" }, "geometry": { "type": "MultiLineString", "coordinates": [ [ [ 71.4046304322504, 51.194634191846532 ], [ 71.404694482130154, 51.194714581513736 ] ] ] } },
{ "type": "Feature", "properties": { "HouseEntId": "70030076986940160", "Id": "70030076986940163" }, "geometry": { "type": "MultiLineString", "coordinates": [ [ [ 71.408276244831001, 51.194109628935891 ], [ 71.40814823490301, 51.19414971165277 ] ] ] } },
{ "type": "Feature", "properties": { "HouseEntId": "70030076996120948", "Id": "70030076996120952" }, "geometry": { "type": "MultiLineString", "coordinates": [ [ [ 71.408539091883128, 51.193726139157185 ], [ 71.408666562821949, 51.193685324217419 ] ] ] } },
{ "type": "Feature", "properties": { "HouseEntId": "70030077016617793", "Id": "70030077016617796" }, "geometry": { "type": "MultiLineString", "coordinates": [ [ [ 71.402967830322552, 51.195468087086795 ], [ 71.402840089889139, 51.195508562681795 ] ] ] } },
{ "type": "Feature", "properties": { "HouseEntId": "70030077082655276", "Id": "70030077082655278" }, "geometry": { "type": "MultiLineString", "coordinates": [ [ [ 71.404001162393882, 51.196945845461535 ], [ 71.404061529180964, 51.197027244358871 ] ] ] } },
{ "type": "Feature", "properties": { "HouseEntId": "70030077093621820", "Id": "70030077093621823" }, "geometry": { "type": "MultiLineString", "coordinates": [ [ [ 71.408020045311957, 51.195689435803267 ], [ 71.408084095191725, 51.195769767335378 ] ] ] } },
{ "type": "Feature", "properties": { "HouseEntId": "70030077093621840", "Id": "70030077093621846" }, "geometry": { "type": "MultiLineString", "coordinates": [ [ [ 71.407443057404961, 51.194614488475338 ], [ 71.407379097356753, 51.194534042338049 ] ] ] } },
{ "type": "Feature", "properties": { "HouseEntId": "70030077093640328", "Id": "70030077093640329" }, "geometry": { "type": "MultiLineString", "coordinates": [ [ [ 71.408300229849075, 51.194139240609317 ], [ 71.408172130089568, 51.194179210708654 ] ] ] } },
{ "type": "Feature", "properties": { "HouseEntId": "70030077129113592", "Id": "70030077129113593" }, "geometry": { "type": "MultiLineString", "coordinates": [ [ [ 71.408491571004603, 51.193667647115028 ], [ 71.408619041943425, 51.193626832123456 ] ] ] } },
{ "type": "Feature", "properties": { "HouseEntId": "70030076159633354", "Id": "70030076159633356" }, "geometry": { "type": "MultiLineString", "coordinates": [ [ [ 71.405739043142532, 51.194828522930592 ], [ 71.405803093022286, 51.194908855963732 ] ] ] } },
{ "type": "Feature", "properties": { "HouseEntId": "70030076159633359", "Id": "70030076159633362" }, "geometry": { "type": "MultiLineString", "coordinates": [ [ [ 71.406675177500119, 51.194273224749303 ], [ 71.406611127620351, 51.194192946903804 ] ] ] } },
{ "type": "Feature", "properties": { "HouseEntId": "70030076159633364", "Id": "70030076159633365" }, "geometry": { "type": "MultiLineString", "coordinates": [ [ [ 71.406468654816294, 51.194338358915282 ], [ 71.406404515104995, 51.194258024887475 ] ] ] } },
{ "type": "Feature", "properties": { "HouseEntId": "70030076159633375", "Id": "70030076159633376" }, "geometry": { "type": "MultiLineString", "coordinates": [ [ [ 71.406225840194992, 51.195891643569027 ], [ 71.40635465860673, 51.195852631950558 ] ] ] } },
{ "type": "Feature", "properties": { "HouseEntId": "70030076159636674", "Id": "70030076159636676" }, "geometry": { "type": "MultiLineString", "coordinates": [ [ [ 71.406212814623373, 51.194419030576611 ], [ 71.406148674912089, 51.194338696689456 ] ] ] } },
{ "type": "Feature", "properties": { "HouseEntId": "70030076159636799", "Id": "70030076159636801" }, "geometry": { "type": "MultiLineString", "coordinates": [ [ [ 71.405941433576032, 51.194504543509332 ], [ 71.405877293864762, 51.194424209771256 ] ] ] } },
{ "type": "Feature", "properties": { "HouseEntId": "70030076159637459", "Id": "70030076159637461" }, "geometry": { "type": "MultiLineString", "coordinates": [ [ [ 71.407257106141159, 51.194351306923473 ], [ 71.407321066189397, 51.19443175337981 ] ] ] } },
{ "type": "Feature", "properties": { "HouseEntId": "70030076159637756", "Id": "70030076159637757" }, "geometry": { "type": "MultiLineString", "coordinates": [ [ [ 71.405919784177684, 51.194771721142885 ], [ 71.405983744225935, 51.19485205427506 ] ] ] } },
{ "type": "Feature", "properties": { "HouseEntId": "70030076159637996", "Id": "70030076159637997" }, "geometry": { "type": "MultiLineString", "coordinates": [ [ [ 71.406095584478791, 51.194716439256489 ], [ 71.406159544527043, 51.194796828780177 ] ] ] } },
{ "type": "Feature", "properties": { "HouseEntId": "70030076159638068", "Id": "70030076159638069" }, "geometry": { "type": "MultiLineString", "coordinates": [ [ [ 71.406306598739036, 51.194650123423379 ], [ 71.406370558787273, 51.194730513062765 ] ] ] } },
{ "type": "Feature", "properties": { "HouseEntId": "70030076159638151", "Id": "70030076159638152" }, "geometry": { "type": "MultiLineString", "coordinates": [ [ [ 71.406986353914533, 51.194436425912848 ], [ 71.407050403794287, 51.194516815925091 ] ] ] } },
{ "type": "Feature", "properties": { "HouseEntId": "70030076159658946", "Id": "70030076159658947" }, "geometry": { "type": "MultiLineString", "coordinates": [ [ [ 71.40677902274696, 51.194501616143611 ], [ 71.406843072626728, 51.194581949746713 ] ] ] } },
{ "type": "Feature", "properties": { "HouseEntId": "70030076159659207", "Id": "70030076159659209" }, "geometry": { "type": "MultiLineString", "coordinates": [ [ [ 71.406544921783905, 51.194575081707647 ], [ 71.406608971663672, 51.194655527773271 ] ] ] } },
{ "type": "Feature", "properties": { "HouseEntId": "70030076159659618", "Id": "70030076159659619" }, "geometry": { "type": "MultiLineString", "coordinates": [ [ [ 71.406121366127451, 51.195755693846536 ], [ 71.406250184539203, 51.195716625818946 ] ] ] } },
{ "type": "Feature", "properties": { "HouseEntId": "70030076159659667", "Id": "70030076159659668" }, "geometry": { "type": "MultiLineString", "coordinates": [ [ [ 71.405990391759033, 51.19558517911404 ], [ 71.406119210170772, 51.195546110941876 ] ] ] } },
{ "type": "Feature", "properties": { "HouseEntId": "70030076159659754", "Id": "70030076159659755" }, "geometry": { "type": "MultiLineString", "coordinates": [ [ [ 71.405829413660115, 51.195375595433745 ], [ 71.405958232071853, 51.19533652708386 ] ] ] } },
{ "type": "Feature", "properties": { "HouseEntId": "70030076162846355", "Id": "70030076162846357" }, "geometry": { "type": "MultiLineString", "coordinates": [ [ [ 71.40529338893009, 51.19614119329929 ], [ 71.405353755717158, 51.19622270620502 ] ] ] } },
{ "type": "Feature", "properties": { "HouseEntId": "70030076162846381", "Id": "70030076162846382" }, "geometry": { "type": "MultiLineString", "coordinates": [ [ [ 71.40498248201024, 51.196232107200757 ], [ 71.405042848797336, 51.196313563652396 ] ] ] } },
{ "type": "Feature", "properties": { "HouseEntId": "70030076162846444", "Id": "70030076162846445" }, "geometry": { "type": "MultiLineString", "coordinates": [ [ [ 71.404734636823363, 51.196304500433023 ], [ 71.404794913778929, 51.196386013049853 ] ] ] } },
{ "type": "Feature", "properties": { "HouseEntId": "70030076162787045", "Id": "70030076162787046" }, "geometry": { "type": "MultiLineString", "coordinates": [ [ [ 71.405527489893117, 51.196072852948099 ], [ 71.405587856680199, 51.19615425338781 ] ] ] } },
{ "type": "Feature", "properties": { "HouseEntId": "70030076162787060", "Id": "70030076162787061" }, "geometry": { "type": "MultiLineString", "coordinates": [ [ [ 71.409232429853304, 51.193971823502856 ], [ 71.409120840861121, 51.194007676812056 ] ] ] } },
{ "type": "Feature", "properties": { "HouseEntId": "70030076162787062", "Id": "70030076162787064" }, "geometry": { "type": "MultiLineString", "coordinates": [ [ [ 71.409148337039156, 51.193850694993365 ], [ 71.409025349946418, 51.193890074109646 ] ] ] } },
{ "type": "Feature", "properties": { "HouseEntId": "70030076162787066", "Id": "70030076162787068" }, "geometry": { "type": "MultiLineString", "coordinates": [ [ [ 71.40903532124608, 51.193704408724784 ], [ 71.408907850307259, 51.193745167351224 ] ] ] } },
{ "type": "Feature", "properties": { "HouseEntId": "70030076162787069", "Id": "70030076162787070" }, "geometry": { "type": "MultiLineString", "coordinates": [ [ [ 71.408902999404731, 51.19354137385848 ], [ 71.408775528465895, 51.193582245222366 ] ] ] } },
{ "type": "Feature", "properties": { "HouseEntId": "70030076249980117", "Id": "70030076249980118" }, "geometry": { "type": "MultiLineString", "coordinates": [ [ [ 71.403791405775024, 51.196529898228697 ], [ 71.403663665341625, 51.196570260304973 ] ] ] } }
]
}
