{
"type": "FeatureCollection",
"name": "RoadCrosses",
"crs": { "type": "name", "properties": { "name": "urn:ogc:def:crs:OGC:1.3:CRS84" } },
"xy_coordinate_resolution": 1e-15,
"features": [
{ "type": "Feature", "properties": { "DeadEnd": 0, "Junction": null, "Control": 1, "Synonym": null, "ZLevel": 0, "GatewayId": null, "CrossesId": "9570776273388149", "RestrId1": null, "FromId1": null, "ToId1": null, "TranspId1": null, "RestrId2": null, "FromId2": null, "ToId2": null, "TranspId2": null, "RestrId3": null, "FromId3": null, "ToId3": null, "TranspId3": null, "RestrId4": null, "FromId4": null, "ToId4": null, "TranspId4": null, "RestrId5": null, "FromId5": null, "ToId5": null, "TranspId5": null, "RestrId6": null, "FromId6": null, "ToId6": null, "TranspId6": null, "RestrId7": null, "FromId7": null, "ToId7": null, "TranspId7": null, "RestrId8": null, "FromId8": null, "ToId8": null, "TranspId8": null, "RestrId9": null, "FromId9": null, "ToId9": null, "TranspId9": null, "RestrId10": null, "FromId10": null, "ToId10": null, "TranspId10": null, "RestrId11": null, "FromId11": null, "ToId11": null, "TranspId11": null, "RestrId12": null, "FromId12": null, "ToId12": null, "TranspId12": null, "RestrId13": null, "FromId13": null, "ToId13": null, "TranspId13": null, "RestrId14": null, "FromId14": null, "ToId14": null, "TranspId14": null, "RestrId15": null, "FromId15": null, "ToId15": null, "TranspId15": null, "RestrId16": null, "FromId16": null, "ToId16": null, "TranspId16": null, "RestrId17": null, "FromId17": null, "ToId17": null, "TranspId17": null, "RestrId18": null, "FromId18": null, "ToId18": null, "TranspId18": null, "RestrId19": null, "FromId19": null, "ToId19": null, "TranspId19": null, "RestrId20": null, "FromId20": null, "ToId20": null, "TranspId20": null, "RestrId21": null, "FromId21": null, "ToId21": null, "TranspId21": null, "RestrId22": null, "FromId22": null, "ToId22": null, "TranspId22": null, "RestrId23": null, "FromId23": null, "ToId23": null, "TranspId23": null, "RestrId24": null, "FromId24": null, "ToId24": null, "TranspId24": null, "RestrId25": null, "FromId25": null, "ToId25": null, "TranspId25": null, "RestrId26": null, "FromId26": null, "ToId26": null, "TranspId26": null, "RestrId27": null, "FromId27": null, "ToId27": null, "TranspId27": null, "RestrId28": null, "FromId28": null, "ToId28": null, "TranspId28": null, "RestrId29": null, "FromId29": null, "ToId29": null, "TranspId29": null, "RestrId30": null, "FromId30": null, "ToId30": null, "TranspId30": null }, "geometry": { "type": "Point", "coordinates": [ 71.466581667841353, 51.136788861908862 ] } },
{ "type": "Feature", "properties": { "DeadEnd": 0, "Junction": null, "Control": 1, "Synonym": null, "ZLevel": 0, "GatewayId": null, "CrossesId": "9570776273388150", "RestrId1": null, "FromId1": null, "ToId1": null, "TranspId1": null, "RestrId2": null, "FromId2": null, "ToId2": null, "TranspId2": null, "RestrId3": null, "FromId3": null, "ToId3": null, "TranspId3": null, "RestrId4": null, "FromId4": null, "ToId4": null, "TranspId4": null, "RestrId5": null, "FromId5": null, "ToId5": null, "TranspId5": null, "RestrId6": null, "FromId6": null, "ToId6": null, "TranspId6": null, "RestrId7": null, "FromId7": null, "ToId7": null, "TranspId7": null, "RestrId8": null, "FromId8": null, "ToId8": null, "TranspId8": null, "RestrId9": null, "FromId9": null, "ToId9": null, "TranspId9": null, "RestrId10": null, "FromId10": null, "ToId10": null, "TranspId10": null, "RestrId11": null, "FromId11": null, "ToId11": null, "TranspId11": null, "RestrId12": null, "FromId12": null, "ToId12": null, "TranspId12": null, "RestrId13": null, "FromId13": null, "ToId13": null, "TranspId13": null, "RestrId14": null, "FromId14": null, "ToId14": null, "TranspId14": null, "RestrId15": null, "FromId15": null, "ToId15": null, "TranspId15": null, "RestrId16": null, "FromId16": null, "ToId16": null, "TranspId16": null, "RestrId17": null, "FromId17": null, "ToId17": null, "TranspId17": null, "RestrId18": null, "FromId18": null, "ToId18": null, "TranspId18": null, "RestrId19": null, "FromId19": null, "ToId19": null, "TranspId19": null, "RestrId20": null, "FromId20": null, "ToId20": null, "TranspId20": null, "RestrId21": null, "FromId21": null, "ToId21": null, "TranspId21": null, "RestrId22": null, "FromId22": null, "ToId22": null, "TranspId22": null, "RestrId23": null, "FromId23": null, "ToId23": null, "TranspId23": null, "RestrId24": null, "FromId24": null, "ToId24": null, "TranspId24": null, "RestrId25": null, "FromId25": null, "ToId25": null, "TranspId25": null, "RestrId26": null, "FromId26": null, "ToId26": null, "TranspId26": null, "RestrId27": null, "FromId27": null, "ToId27": null, "TranspId27": null, "RestrId28": null, "FromId28": null, "ToId28": null, "TranspId28": null, "RestrId29": null, "FromId29": null, "ToId29": null, "TranspId29": null, "RestrId30": null, "FromId30": null, "ToId30": null, "TranspId30": null }, "geometry": { "type": "Point", "coordinates": [ 71.466634848106182, 51.136695857946805 ] } },
{ "type": "Feature", "properties": { "DeadEnd": 0, "Junction": null, "Control": 1, "Synonym": null, "ZLevel": 0, "GatewayId": null, "CrossesId": "9570776273388151", "RestrId1": null, "FromId1": null, "ToId1": null, "TranspId1": null, "RestrId2": null, "FromId2": null, "ToId2": null, "TranspId2": null, "RestrId3": null, "FromId3": null, "ToId3": null, "TranspId3": null, "RestrId4": null, "FromId4": null, "ToId4": null, "TranspId4": null, "RestrId5": null, "FromId5": null, "ToId5": null, "TranspId5": null, "RestrId6": null, "FromId6": null, "ToId6": null, "TranspId6": null, "RestrId7": null, "FromId7": null, "ToId7": null, "TranspId7": null, "RestrId8": null, "FromId8": null, "ToId8": null, "TranspId8": null, "RestrId9": null, "FromId9": null, "ToId9": null, "TranspId9": null, "RestrId10": null, "FromId10": null, "ToId10": null, "TranspId10": null, "RestrId11": null, "FromId11": null, "ToId11": null, "TranspId11": null, "RestrId12": null, "FromId12": null, "ToId12": null, "TranspId12": null, "RestrId13": null, "FromId13": null, "ToId13": null, "TranspId13": null, "RestrId14": null, "FromId14": null, "ToId14": null, "TranspId14": null, "RestrId15": null, "FromId15": null, "ToId15": null, "TranspId15": null, "RestrId16": null, "FromId16": null, "ToId16": null, "TranspId16": null, "RestrId17": null, "FromId17": null, "ToId17": null, "TranspId17": null, "RestrId18": null, "FromId18": null, "ToId18": null, "TranspId18": null, "RestrId19": null, "FromId19": null, "ToId19": null, "TranspId19": null, "RestrId20": null, "FromId20": null, "ToId20": null, "TranspId20": null, "RestrId21": null, "FromId21": null, "ToId21": null, "TranspId21": null, "RestrId22": null, "FromId22": null, "ToId22": null, "TranspId22": null, "RestrId23": null, "FromId23": null, "ToId23": null, "TranspId23": null, "RestrId24": null, "FromId24": null, "ToId24": null, "TranspId24": null, "RestrId25": null, "FromId25": null, "ToId25": null, "TranspId25": null, "RestrId26": null, "FromId26": null, "ToId26": null, "TranspId26": null, "RestrId27": null, "FromId27": null, "ToId27": null, "TranspId27": null, "RestrId28": null, "FromId28": null, "ToId28": null, "TranspId28": null, "RestrId29": null, "FromId29": null, "ToId29": null, "TranspId29": null, "RestrId30": null, "FromId30": null, "ToId30": null, "TranspId30": null }, "geometry": { "type": "Point", "coordinates": [ 71.466807324640726, 51.136845171489391 ] } },
{ "type": "Feature", "properties": { "DeadEnd": 0, "Junction": null, "Control": 1, "Synonym": null, "ZLevel": 0, "GatewayId": null, "CrossesId": "9570776273388152", "RestrId1": null, "FromId1": null, "ToId1": null, "TranspId1": null, "RestrId2": null, "FromId2": null, "ToId2": null, "TranspId2": null, "RestrId3": null, "FromId3": null, "ToId3": null, "TranspId3": null, "RestrId4": null, "FromId4": null, "ToId4": null, "TranspId4": null, "RestrId5": null, "FromId5": null, "ToId5": null, "TranspId5": null, "RestrId6": null, "FromId6": null, "ToId6": null, "TranspId6": null, "RestrId7": null, "FromId7": null, "ToId7": null, "TranspId7": null, "RestrId8": null, "FromId8": null, "ToId8": null, "TranspId8": null, "RestrId9": null, "FromId9": null, "ToId9": null, "TranspId9": null, "RestrId10": null, "FromId10": null, "ToId10": null, "TranspId10": null, "RestrId11": null, "FromId11": null, "ToId11": null, "TranspId11": null, "RestrId12": null, "FromId12": null, "ToId12": null, "TranspId12": null, "RestrId13": null, "FromId13": null, "ToId13": null, "TranspId13": null, "RestrId14": null, "FromId14": null, "ToId14": null, "TranspId14": null, "RestrId15": null, "FromId15": null, "ToId15": null, "TranspId15": null, "RestrId16": null, "FromId16": null, "ToId16": null, "TranspId16": null, "RestrId17": null, "FromId17": null, "ToId17": null, "TranspId17": null, "RestrId18": null, "FromId18": null, "ToId18": null, "TranspId18": null, "RestrId19": null, "FromId19": null, "ToId19": null, "TranspId19": null, "RestrId20": null, "FromId20": null, "ToId20": null, "TranspId20": null, "RestrId21": null, "FromId21": null, "ToId21": null, "TranspId21": null, "RestrId22": null, "FromId22": null, "ToId22": null, "TranspId22": null, "RestrId23": null, "FromId23": null, "ToId23": null, "TranspId23": null, "RestrId24": null, "FromId24": null, "ToId24": null, "TranspId24": null, "RestrId25": null, "FromId25": null, "ToId25": null, "TranspId25": null, "RestrId26": null, "FromId26": null, "ToId26": null, "TranspId26": null, "RestrId27": null, "FromId27": null, "ToId27": null, "TranspId27": null, "RestrId28": null, "FromId28": null, "ToId28": null, "TranspId28": null, "RestrId29": null, "FromId29": null, "ToId29": null, "TranspId29": null, "RestrId30": null, "FromId30": null, "ToId30": null, "TranspId30": null }, "geometry": { "type": "Point", "coordinates": [ 71.466874518623982, 51.136755493236137 ] } },
{ "type": "Feature", "properties": { "DeadEnd": 0, "Junction": null, "Control": 1, "Synonym": null, "ZLevel": 0, "GatewayId": null, "CrossesId": "9570776273388173", "RestrId1": null, "FromId1": null, "ToId1": null, "TranspId1": null, "RestrId2": null, "FromId2": null, "ToId2": null, "TranspId2": null, "RestrId3": null, "FromId3": null, "ToId3": null, "TranspId3": null, "RestrId4": null, "FromId4": null, "ToId4": null, "TranspId4": null, "RestrId5": null, "FromId5": null, "ToId5": null, "TranspId5": null, "RestrId6": null, "FromId6": null, "ToId6": null, "TranspId6": null, "RestrId7": null, "FromId7": null, "ToId7": null, "TranspId7": null, "RestrId8": null, "FromId8": null, "ToId8": null, "TranspId8": null, "RestrId9": null, "FromId9": null, "ToId9": null, "TranspId9": null, "RestrId10": null, "FromId10": null, "ToId10": null, "TranspId10": null, "RestrId11": null, "FromId11": null, "ToId11": null, "TranspId11": null, "RestrId12": null, "FromId12": null, "ToId12": null, "TranspId12": null, "RestrId13": null, "FromId13": null, "ToId13": null, "TranspId13": null, "RestrId14": null, "FromId14": null, "ToId14": null, "TranspId14": null, "RestrId15": null, "FromId15": null, "ToId15": null, "TranspId15": null, "RestrId16": null, "FromId16": null, "ToId16": null, "TranspId16": null, "RestrId17": null, "FromId17": null, "ToId17": null, "TranspId17": null, "RestrId18": null, "FromId18": null, "ToId18": null, "TranspId18": null, "RestrId19": null, "FromId19": null, "ToId19": null, "TranspId19": null, "RestrId20": null, "FromId20": null, "ToId20": null, "TranspId20": null, "RestrId21": null, "FromId21": null, "ToId21": null, "TranspId21": null, "RestrId22": null, "FromId22": null, "ToId22": null, "TranspId22": null, "RestrId23": null, "FromId23": null, "ToId23": null, "TranspId23": null, "RestrId24": null, "FromId24": null, "ToId24": null, "TranspId24": null, "RestrId25": null, "FromId25": null, "ToId25": null, "TranspId25": null, "RestrId26": null, "FromId26": null, "ToId26": null, "TranspId26": null, "RestrId27": null, "FromId27": null, "ToId27": null, "TranspId27": null, "RestrId28": null, "FromId28": null, "ToId28": null, "TranspId28": null, "RestrId29": null, "FromId29": null, "ToId29": null, "TranspId29": null, "RestrId30": null, "FromId30": null, "ToId30": null, "TranspId30": null }, "geometry": { "type": "Point", "coordinates": [ 71.458054499838383, 51.129440295199515 ] } },
{ "type": "Feature", "properties": { "DeadEnd": 0, "Junction": null, "Control": 1, "Synonym": null, "ZLevel": 0, "GatewayId": null, "CrossesId": "9570776273388174", "RestrId1": "9550446733050829816", "FromId1": "9570866467724270", "ToId1": "9570866467724287", "TranspId1": "3", "RestrId2": "9550446733050829817", "FromId2": "9570866467724270", "ToId2": "9570866467724287", "TranspId2": "2", "RestrId3": "9550446733050829818", "FromId3": "9570866467724270", "ToId3": "9570866467724287", "TranspId3": "1", "RestrId4": null, "FromId4": null, "ToId4": null, "TranspId4": null, "RestrId5": null, "FromId5": null, "ToId5": null, "TranspId5": null, "RestrId6": null, "FromId6": null, "ToId6": null, "TranspId6": null, "RestrId7": null, "FromId7": null, "ToId7": null, "TranspId7": null, "RestrId8": null, "FromId8": null, "ToId8": null, "TranspId8": null, "RestrId9": null, "FromId9": null, "ToId9": null, "TranspId9": null, "RestrId10": null, "FromId10": null, "ToId10": null, "TranspId10": null, "RestrId11": null, "FromId11": null, "ToId11": null, "TranspId11": null, "RestrId12": null, "FromId12": null, "ToId12": null, "TranspId12": null, "RestrId13": null, "FromId13": null, "ToId13": null, "TranspId13": null, "RestrId14": null, "FromId14": null, "ToId14": null, "TranspId14": null, "RestrId15": null, "FromId15": null, "ToId15": null, "TranspId15": null, "RestrId16": null, "FromId16": null, "ToId16": null, "TranspId16": null, "RestrId17": null, "FromId17": null, "ToId17": null, "TranspId17": null, "RestrId18": null, "FromId18": null, "ToId18": null, "TranspId18": null, "RestrId19": null, "FromId19": null, "ToId19": null, "TranspId19": null, "RestrId20": null, "FromId20": null, "ToId20": null, "TranspId20": null, "RestrId21": null, "FromId21": null, "ToId21": null, "TranspId21": null, "RestrId22": null, "FromId22": null, "ToId22": null, "TranspId22": null, "RestrId23": null, "FromId23": null, "ToId23": null, "TranspId23": null, "RestrId24": null, "FromId24": null, "ToId24": null, "TranspId24": null, "RestrId25": null, "FromId25": null, "ToId25": null, "TranspId25": null, "RestrId26": null, "FromId26": null, "ToId26": null, "TranspId26": null, "RestrId27": null, "FromId27": null, "ToId27": null, "TranspId27": null, "RestrId28": null, "FromId28": null, "ToId28": null, "TranspId28": null, "RestrId29": null, "FromId29": null, "ToId29": null, "TranspId29": null, "RestrId30": null, "FromId30": null, "ToId30": null, "TranspId30": null }, "geometry": { "type": "Point", "coordinates": [ 71.458207033773618, 51.12941594121402 ] } },
{ "type": "Feature", "properties": { "DeadEnd": 0, "Junction": null, "Control": 1, "Synonym": null, "ZLevel": 0, "GatewayId": null, "CrossesId": "9570776273388175", "RestrId1": null, "FromId1": null, "ToId1": null, "TranspId1": null, "RestrId2": null, "FromId2": null, "ToId2": null, "TranspId2": null, "RestrId3": null, "FromId3": null, "ToId3": null, "TranspId3": null, "RestrId4": null, "FromId4": null, "ToId4": null, "TranspId4": null, "RestrId5": null, "FromId5": null, "ToId5": null, "TranspId5": null, "RestrId6": null, "FromId6": null, "ToId6": null, "TranspId6": null, "RestrId7": null, "FromId7": null, "ToId7": null, "TranspId7": null, "RestrId8": null, "FromId8": null, "ToId8": null, "TranspId8": null, "RestrId9": null, "FromId9": null, "ToId9": null, "TranspId9": null, "RestrId10": null, "FromId10": null, "ToId10": null, "TranspId10": null, "RestrId11": null, "FromId11": null, "ToId11": null, "TranspId11": null, "RestrId12": null, "FromId12": null, "ToId12": null, "TranspId12": null, "RestrId13": null, "FromId13": null, "ToId13": null, "TranspId13": null, "RestrId14": null, "FromId14": null, "ToId14": null, "TranspId14": null, "RestrId15": null, "FromId15": null, "ToId15": null, "TranspId15": null, "RestrId16": null, "FromId16": null, "ToId16": null, "TranspId16": null, "RestrId17": null, "FromId17": null, "ToId17": null, "TranspId17": null, "RestrId18": null, "FromId18": null, "ToId18": null, "TranspId18": null, "RestrId19": null, "FromId19": null, "ToId19": null, "TranspId19": null, "RestrId20": null, "FromId20": null, "ToId20": null, "TranspId20": null, "RestrId21": null, "FromId21": null, "ToId21": null, "TranspId21": null, "RestrId22": null, "FromId22": null, "ToId22": null, "TranspId22": null, "RestrId23": null, "FromId23": null, "ToId23": null, "TranspId23": null, "RestrId24": null, "FromId24": null, "ToId24": null, "TranspId24": null, "RestrId25": null, "FromId25": null, "ToId25": null, "TranspId25": null, "RestrId26": null, "FromId26": null, "ToId26": null, "TranspId26": null, "RestrId27": null, "FromId27": null, "ToId27": null, "TranspId27": null, "RestrId28": null, "FromId28": null, "ToId28": null, "TranspId28": null, "RestrId29": null, "FromId29": null, "ToId29": null, "TranspId29": null, "RestrId30": null, "FromId30": null, "ToId30": null, "TranspId30": null }, "geometry": { "type": "Point", "coordinates": [ 71.458262729321248, 51.129555525456738 ] } },
{ "type": "Feature", "properties": { "DeadEnd": 0, "Junction": null, "Control": 1, "Synonym": null, "ZLevel": 0, "GatewayId": null, "CrossesId": "9570776273388176", "RestrId1": "9550446732971615498", "FromId1": "9570866467724292", "ToId1": "9570866467724290", "TranspId1": "3", "RestrId2": "9550446732971615499", "FromId2": "9570866467724292", "ToId2": "9570866467724290", "TranspId2": "2", "RestrId3": "9550446732971615500", "FromId3": "9570866467724292", "ToId3": "9570866467724290", "TranspId3": "1", "RestrId4": null, "FromId4": null, "ToId4": null, "TranspId4": null, "RestrId5": null, "FromId5": null, "ToId5": null, "TranspId5": null, "RestrId6": null, "FromId6": null, "ToId6": null, "TranspId6": null, "RestrId7": null, "FromId7": null, "ToId7": null, "TranspId7": null, "RestrId8": null, "FromId8": null, "ToId8": null, "TranspId8": null, "RestrId9": null, "FromId9": null, "ToId9": null, "TranspId9": null, "RestrId10": null, "FromId10": null, "ToId10": null, "TranspId10": null, "RestrId11": null, "FromId11": null, "ToId11": null, "TranspId11": null, "RestrId12": null, "FromId12": null, "ToId12": null, "TranspId12": null, "RestrId13": null, "FromId13": null, "ToId13": null, "TranspId13": null, "RestrId14": null, "FromId14": null, "ToId14": null, "TranspId14": null, "RestrId15": null, "FromId15": null, "ToId15": null, "TranspId15": null, "RestrId16": null, "FromId16": null, "ToId16": null, "TranspId16": null, "RestrId17": null, "FromId17": null, "ToId17": null, "TranspId17": null, "RestrId18": null, "FromId18": null, "ToId18": null, "TranspId18": null, "RestrId19": null, "FromId19": null, "ToId19": null, "TranspId19": null, "RestrId20": null, "FromId20": null, "ToId20": null, "TranspId20": null, "RestrId21": null, "FromId21": null, "ToId21": null, "TranspId21": null, "RestrId22": null, "FromId22": null, "ToId22": null, "TranspId22": null, "RestrId23": null, "FromId23": null, "ToId23": null, "TranspId23": null, "RestrId24": null, "FromId24": null, "ToId24": null, "TranspId24": null, "RestrId25": null, "FromId25": null, "ToId25": null, "TranspId25": null, "RestrId26": null, "FromId26": null, "ToId26": null, "TranspId26": null, "RestrId27": null, "FromId27": null, "ToId27": null, "TranspId27": null, "RestrId28": null, "FromId28": null, "ToId28": null, "TranspId28": null, "RestrId29": null, "FromId29": null, "ToId29": null, "TranspId29": null, "RestrId30": null, "FromId30": null, "ToId30": null, "TranspId30": null }, "geometry": { "type": "Point", "coordinates": [ 71.458111992016555, 51.129583712853588 ] } },
{ "type": "Feature", "properties": { "DeadEnd": 0, "Junction": null, "Control": 2, "Synonym": null, "ZLevel": 0, "GatewayId": null, "CrossesId": "9570776273388192", "RestrId1": "9550446732936933624", "FromId1": "9570866467736631", "ToId1": "9570866467736631", "TranspId1": "2", "RestrId2": "9550446732936933625", "FromId2": "9570866467736631", "ToId2": "9570866467736631", "TranspId2": "1", "RestrId3": "9550446732936933626", "FromId3": "9570866467736631", "ToId3": "9570866467736623", "TranspId3": "3", "RestrId4": "9550446732936933627", "FromId4": "9570866467736631", "ToId4": "9570866467736623", "TranspId4": "2", "RestrId5": "9550446732936933628", "FromId5": "9570866467736631", "ToId5": "9570866467736623", "TranspId5": "1", "RestrId6": "9550446732936933629", "FromId6": "70030077053037786", "ToId6": "9570866467736631", "TranspId6": "3", "RestrId7": "9550446732936933630", "FromId7": "70030077053037786", "ToId7": "9570866467736631", "TranspId7": "2", "RestrId8": "9550446732936933631", "FromId8": "70030077053037786", "ToId8": "9570866467736631", "TranspId8": "1", "RestrId9": null, "FromId9": null, "ToId9": null, "TranspId9": null, "RestrId10": null, "FromId10": null, "ToId10": null, "TranspId10": null, "RestrId11": null, "FromId11": null, "ToId11": null, "TranspId11": null, "RestrId12": null, "FromId12": null, "ToId12": null, "TranspId12": null, "RestrId13": null, "FromId13": null, "ToId13": null, "TranspId13": null, "RestrId14": null, "FromId14": null, "ToId14": null, "TranspId14": null, "RestrId15": null, "FromId15": null, "ToId15": null, "TranspId15": null, "RestrId16": null, "FromId16": null, "ToId16": null, "TranspId16": null, "RestrId17": null, "FromId17": null, "ToId17": null, "TranspId17": null, "RestrId18": null, "FromId18": null, "ToId18": null, "TranspId18": null, "RestrId19": null, "FromId19": null, "ToId19": null, "TranspId19": null, "RestrId20": null, "FromId20": null, "ToId20": null, "TranspId20": null, "RestrId21": null, "FromId21": null, "ToId21": null, "TranspId21": null, "RestrId22": null, "FromId22": null, "ToId22": null, "TranspId22": null, "RestrId23": null, "FromId23": null, "ToId23": null, "TranspId23": null, "RestrId24": null, "FromId24": null, "ToId24": null, "TranspId24": null, "RestrId25": null, "FromId25": null, "ToId25": null, "TranspId25": null, "RestrId26": null, "FromId26": null, "ToId26": null, "TranspId26": null, "RestrId27": null, "FromId27": null, "ToId27": null, "TranspId27": null, "RestrId28": null, "FromId28": null, "ToId28": null, "TranspId28": null, "RestrId29": null, "FromId29": null, "ToId29": null, "TranspId29": null, "RestrId30": null, "FromId30": null, "ToId30": null, "TranspId30": null }, "geometry": { "type": "Point", "coordinates": [ 71.460680994066095, 51.126978391824629 ] } },
{ "type": "Feature", "properties": { "DeadEnd": 0, "Junction": null, "Control": 1, "Synonym": null, "ZLevel": 0, "GatewayId": null, "CrossesId": "9570776273388193", "RestrId1": "9550446732938829104", "FromId1": "9570866467736631", "ToId1": "9570866467736631", "TranspId1": "2", "RestrId2": "9550446732938829105", "FromId2": "9570866467736631", "ToId2": "9570866467736631", "TranspId2": "1", "RestrId3": "9550446732938829109", "FromId3": "9570866467743667", "ToId3": "9570866467743667", "TranspId3": "2", "RestrId4": "9550446732938829110", "FromId4": "9570866467743667", "ToId4": "9570866467743667", "TranspId4": "1", "RestrId5": "9550446732938829111", "FromId5": "9570866467736631", "ToId5": "9570866467723885", "TranspId5": "3", "RestrId6": "9550446732938829112", "FromId6": "9570866467736631", "ToId6": "9570866467723885", "TranspId6": "2", "RestrId7": "9550446732938829113", "FromId7": "9570866467736631", "ToId7": "9570866467723885", "TranspId7": "1", "RestrId8": "9550446732938829114", "FromId8": "9570866467736631", "ToId8": "9570866467743667", "TranspId8": "2", "RestrId9": "9550446732938829115", "FromId9": "9570866467736631", "ToId9": "9570866467743667", "TranspId9": "1", "RestrId10": "9550446732938829116", "FromId10": "9570866467743667", "ToId10": "9570866467736631", "TranspId10": "2", "RestrId11": "9550446732938829117", "FromId11": "9570866467743667", "ToId11": "9570866467736631", "TranspId11": "1", "RestrId12": "9550446732938829118", "FromId12": "9570866467743667", "ToId12": "9570866467723885", "TranspId12": "3", "RestrId13": "9550446732938829119", "FromId13": "9570866467743667", "ToId13": "9570866467723885", "TranspId13": "2", "RestrId14": "9550446732938829120", "FromId14": "9570866467743667", "ToId14": "9570866467723885", "TranspId14": "1", "RestrId15": null, "FromId15": null, "ToId15": null, "TranspId15": null, "RestrId16": null, "FromId16": null, "ToId16": null, "TranspId16": null, "RestrId17": null, "FromId17": null, "ToId17": null, "TranspId17": null, "RestrId18": null, "FromId18": null, "ToId18": null, "TranspId18": null, "RestrId19": null, "FromId19": null, "ToId19": null, "TranspId19": null, "RestrId20": null, "FromId20": null, "ToId20": null, "TranspId20": null, "RestrId21": null, "FromId21": null, "ToId21": null, "TranspId21": null, "RestrId22": null, "FromId22": null, "ToId22": null, "TranspId22": null, "RestrId23": null, "FromId23": null, "ToId23": null, "TranspId23": null, "RestrId24": null, "FromId24": null, "ToId24": null, "TranspId24": null, "RestrId25": null, "FromId25": null, "ToId25": null, "TranspId25": null, "RestrId26": null, "FromId26": null, "ToId26": null, "TranspId26": null, "RestrId27": null, "FromId27": null, "ToId27": null, "TranspId27": null, "RestrId28": null, "FromId28": null, "ToId28": null, "TranspId28": null, "RestrId29": null, "FromId29": null, "ToId29": null, "TranspId29": null, "RestrId30": null, "FromId30": null, "ToId30": null, "TranspId30": null }, "geometry": { "type": "Point", "coordinates": [ 71.460620537447468, 51.126887003066415 ] } },
{ "type": "Feature", "properties": { "DeadEnd": 0, "Junction": null, "Control": 1, "Synonym": null, "ZLevel": 0, "GatewayId": null, "CrossesId": "9570776273388197", "RestrId1": null, "FromId1": null, "ToId1": null, "TranspId1": null, "RestrId2": null, "FromId2": null, "ToId2": null, "TranspId2": null, "RestrId3": null, "FromId3": null, "ToId3": null, "TranspId3": null, "RestrId4": null, "FromId4": null, "ToId4": null, "TranspId4": null, "RestrId5": null, "FromId5": null, "ToId5": null, "TranspId5": null, "RestrId6": null, "FromId6": null, "ToId6": null, "TranspId6": null, "RestrId7": null, "FromId7": null, "ToId7": null, "TranspId7": null, "RestrId8": null, "FromId8": null, "ToId8": null, "TranspId8": null, "RestrId9": null, "FromId9": null, "ToId9": null, "TranspId9": null, "RestrId10": null, "FromId10": null, "ToId10": null, "TranspId10": null, "RestrId11": null, "FromId11": null, "ToId11": null, "TranspId11": null, "RestrId12": null, "FromId12": null, "ToId12": null, "TranspId12": null, "RestrId13": null, "FromId13": null, "ToId13": null, "TranspId13": null, "RestrId14": null, "FromId14": null, "ToId14": null, "TranspId14": null, "RestrId15": null, "FromId15": null, "ToId15": null, "TranspId15": null, "RestrId16": null, "FromId16": null, "ToId16": null, "TranspId16": null, "RestrId17": null, "FromId17": null, "ToId17": null, "TranspId17": null, "RestrId18": null, "FromId18": null, "ToId18": null, "TranspId18": null, "RestrId19": null, "FromId19": null, "ToId19": null, "TranspId19": null, "RestrId20": null, "FromId20": null, "ToId20": null, "TranspId20": null, "RestrId21": null, "FromId21": null, "ToId21": null, "TranspId21": null, "RestrId22": null, "FromId22": null, "ToId22": null, "TranspId22": null, "RestrId23": null, "FromId23": null, "ToId23": null, "TranspId23": null, "RestrId24": null, "FromId24": null, "ToId24": null, "TranspId24": null, "RestrId25": null, "FromId25": null, "ToId25": null, "TranspId25": null, "RestrId26": null, "FromId26": null, "ToId26": null, "TranspId26": null, "RestrId27": null, "FromId27": null, "ToId27": null, "TranspId27": null, "RestrId28": null, "FromId28": null, "ToId28": null, "TranspId28": null, "RestrId29": null, "FromId29": null, "ToId29": null, "TranspId29": null, "RestrId30": null, "FromId30": null, "ToId30": null, "TranspId30": null }, "geometry": { "type": "Point", "coordinates": [ 71.469039817784818, 51.124791439110972 ] } },
{ "type": "Feature", "properties": { "DeadEnd": 0, "Junction": null, "Control": 1, "Synonym": null, "ZLevel": 0, "GatewayId": null, "CrossesId": "9570776273388198", "RestrId1": "9550446733484154244", "FromId1": "9570866467723499", "ToId1": "9570866467723485", "TranspId1": "3", "RestrId2": "9550446733484154245", "FromId2": "9570866467723499", "ToId2": "9570866467723485", "TranspId2": "2", "RestrId3": "9550446733484154246", "FromId3": "9570866467723499", "ToId3": "9570866467723485", "TranspId3": "1", "RestrId4": null, "FromId4": null, "ToId4": null, "TranspId4": null, "RestrId5": null, "FromId5": null, "ToId5": null, "TranspId5": null, "RestrId6": null, "FromId6": null, "ToId6": null, "TranspId6": null, "RestrId7": null, "FromId7": null, "ToId7": null, "TranspId7": null, "RestrId8": null, "FromId8": null, "ToId8": null, "TranspId8": null, "RestrId9": null, "FromId9": null, "ToId9": null, "TranspId9": null, "RestrId10": null, "FromId10": null, "ToId10": null, "TranspId10": null, "RestrId11": null, "FromId11": null, "ToId11": null, "TranspId11": null, "RestrId12": null, "FromId12": null, "ToId12": null, "TranspId12": null, "RestrId13": null, "FromId13": null, "ToId13": null, "TranspId13": null, "RestrId14": null, "FromId14": null, "ToId14": null, "TranspId14": null, "RestrId15": null, "FromId15": null, "ToId15": null, "TranspId15": null, "RestrId16": null, "FromId16": null, "ToId16": null, "TranspId16": null, "RestrId17": null, "FromId17": null, "ToId17": null, "TranspId17": null, "RestrId18": null, "FromId18": null, "ToId18": null, "TranspId18": null, "RestrId19": null, "FromId19": null, "ToId19": null, "TranspId19": null, "RestrId20": null, "FromId20": null, "ToId20": null, "TranspId20": null, "RestrId21": null, "FromId21": null, "ToId21": null, "TranspId21": null, "RestrId22": null, "FromId22": null, "ToId22": null, "TranspId22": null, "RestrId23": null, "FromId23": null, "ToId23": null, "TranspId23": null, "RestrId24": null, "FromId24": null, "ToId24": null, "TranspId24": null, "RestrId25": null, "FromId25": null, "ToId25": null, "TranspId25": null, "RestrId26": null, "FromId26": null, "ToId26": null, "TranspId26": null, "RestrId27": null, "FromId27": null, "ToId27": null, "TranspId27": null, "RestrId28": null, "FromId28": null, "ToId28": null, "TranspId28": null, "RestrId29": null, "FromId29": null, "ToId29": null, "TranspId29": null, "RestrId30": null, "FromId30": null, "ToId30": null, "TranspId30": null }, "geometry": { "type": "Point", "coordinates": [ 71.46899984275467, 51.124700327929311 ] } },
{ "type": "Feature", "properties": { "DeadEnd": 0, "Junction": null, "Control": 1, "Synonym": null, "ZLevel": 0, "GatewayId": null, "CrossesId": "9570776273388199", "RestrId1": null, "FromId1": null, "ToId1": null, "TranspId1": null, "RestrId2": null, "FromId2": null, "ToId2": null, "TranspId2": null, "RestrId3": null, "FromId3": null, "ToId3": null, "TranspId3": null, "RestrId4": null, "FromId4": null, "ToId4": null, "TranspId4": null, "RestrId5": null, "FromId5": null, "ToId5": null, "TranspId5": null, "RestrId6": null, "FromId6": null, "ToId6": null, "TranspId6": null, "RestrId7": null, "FromId7": null, "ToId7": null, "TranspId7": null, "RestrId8": null, "FromId8": null, "ToId8": null, "TranspId8": null, "RestrId9": null, "FromId9": null, "ToId9": null, "TranspId9": null, "RestrId10": null, "FromId10": null, "ToId10": null, "TranspId10": null, "RestrId11": null, "FromId11": null, "ToId11": null, "TranspId11": null, "RestrId12": null, "FromId12": null, "ToId12": null, "TranspId12": null, "RestrId13": null, "FromId13": null, "ToId13": null, "TranspId13": null, "RestrId14": null, "FromId14": null, "ToId14": null, "TranspId14": null, "RestrId15": null, "FromId15": null, "ToId15": null, "TranspId15": null, "RestrId16": null, "FromId16": null, "ToId16": null, "TranspId16": null, "RestrId17": null, "FromId17": null, "ToId17": null, "TranspId17": null, "RestrId18": null, "FromId18": null, "ToId18": null, "TranspId18": null, "RestrId19": null, "FromId19": null, "ToId19": null, "TranspId19": null, "RestrId20": null, "FromId20": null, "ToId20": null, "TranspId20": null, "RestrId21": null, "FromId21": null, "ToId21": null, "TranspId21": null, "RestrId22": null, "FromId22": null, "ToId22": null, "TranspId22": null, "RestrId23": null, "FromId23": null, "ToId23": null, "TranspId23": null, "RestrId24": null, "FromId24": null, "ToId24": null, "TranspId24": null, "RestrId25": null, "FromId25": null, "ToId25": null, "TranspId25": null, "RestrId26": null, "FromId26": null, "ToId26": null, "TranspId26": null, "RestrId27": null, "FromId27": null, "ToId27": null, "TranspId27": null, "RestrId28": null, "FromId28": null, "ToId28": null, "TranspId28": null, "RestrId29": null, "FromId29": null, "ToId29": null, "TranspId29": null, "RestrId30": null, "FromId30": null, "ToId30": null, "TranspId30": null }, "geometry": { "type": "Point", "coordinates": [ 71.469291076569789, 51.124626187200214 ] } },
{ "type": "Feature", "properties": { "DeadEnd": 0, "Junction": null, "Control": 1, "Synonym": null, "ZLevel": 0, "GatewayId": null, "CrossesId": "9570776273388201", "RestrId1": null, "FromId1": null, "ToId1": null, "TranspId1": null, "RestrId2": null, "FromId2": null, "ToId2": null, "TranspId2": null, "RestrId3": null, "FromId3": null, "ToId3": null, "TranspId3": null, "RestrId4": null, "FromId4": null, "ToId4": null, "TranspId4": null, "RestrId5": null, "FromId5": null, "ToId5": null, "TranspId5": null, "RestrId6": null, "FromId6": null, "ToId6": null, "TranspId6": null, "RestrId7": null, "FromId7": null, "ToId7": null, "TranspId7": null, "RestrId8": null, "FromId8": null, "ToId8": null, "TranspId8": null, "RestrId9": null, "FromId9": null, "ToId9": null, "TranspId9": null, "RestrId10": null, "FromId10": null, "ToId10": null, "TranspId10": null, "RestrId11": null, "FromId11": null, "ToId11": null, "TranspId11": null, "RestrId12": null, "FromId12": null, "ToId12": null, "TranspId12": null, "RestrId13": null, "FromId13": null, "ToId13": null, "TranspId13": null, "RestrId14": null, "FromId14": null, "ToId14": null, "TranspId14": null, "RestrId15": null, "FromId15": null, "ToId15": null, "TranspId15": null, "RestrId16": null, "FromId16": null, "ToId16": null, "TranspId16": null, "RestrId17": null, "FromId17": null, "ToId17": null, "TranspId17": null, "RestrId18": null, "FromId18": null, "ToId18": null, "TranspId18": null, "RestrId19": null, "FromId19": null, "ToId19": null, "TranspId19": null, "RestrId20": null, "FromId20": null, "ToId20": null, "TranspId20": null, "RestrId21": null, "FromId21": null, "ToId21": null, "TranspId21": null, "RestrId22": null, "FromId22": null, "ToId22": null, "TranspId22": null, "RestrId23": null, "FromId23": null, "ToId23": null, "TranspId23": null, "RestrId24": null, "FromId24": null, "ToId24": null, "TranspId24": null, "RestrId25": null, "FromId25": null, "ToId25": null, "TranspId25": null, "RestrId26": null, "FromId26": null, "ToId26": null, "TranspId26": null, "RestrId27": null, "FromId27": null, "ToId27": null, "TranspId27": null, "RestrId28": null, "FromId28": null, "ToId28": null, "TranspId28": null, "RestrId29": null, "FromId29": null, "ToId29": null, "TranspId29": null, "RestrId30": null, "FromId30": null, "ToId30": null, "TranspId30": null }, "geometry": { "type": "Point", "coordinates": [ 71.469327907496435, 51.124718313381003 ] } },
{ "type": "Feature", "properties": { "DeadEnd": 0, "Junction": null, "Control": 1, "Synonym": null, "ZLevel": 0, "GatewayId": null, "CrossesId": "9570776273388209", "RestrId1": null, "FromId1": null, "ToId1": null, "TranspId1": null, "RestrId2": null, "FromId2": null, "ToId2": null, "TranspId2": null, "RestrId3": null, "FromId3": null, "ToId3": null, "TranspId3": null, "RestrId4": null, "FromId4": null, "ToId4": null, "TranspId4": null, "RestrId5": null, "FromId5": null, "ToId5": null, "TranspId5": null, "RestrId6": null, "FromId6": null, "ToId6": null, "TranspId6": null, "RestrId7": null, "FromId7": null, "ToId7": null, "TranspId7": null, "RestrId8": null, "FromId8": null, "ToId8": null, "TranspId8": null, "RestrId9": null, "FromId9": null, "ToId9": null, "TranspId9": null, "RestrId10": null, "FromId10": null, "ToId10": null, "TranspId10": null, "RestrId11": null, "FromId11": null, "ToId11": null, "TranspId11": null, "RestrId12": null, "FromId12": null, "ToId12": null, "TranspId12": null, "RestrId13": null, "FromId13": null, "ToId13": null, "TranspId13": null, "RestrId14": null, "FromId14": null, "ToId14": null, "TranspId14": null, "RestrId15": null, "FromId15": null, "ToId15": null, "TranspId15": null, "RestrId16": null, "FromId16": null, "ToId16": null, "TranspId16": null, "RestrId17": null, "FromId17": null, "ToId17": null, "TranspId17": null, "RestrId18": null, "FromId18": null, "ToId18": null, "TranspId18": null, "RestrId19": null, "FromId19": null, "ToId19": null, "TranspId19": null, "RestrId20": null, "FromId20": null, "ToId20": null, "TranspId20": null, "RestrId21": null, "FromId21": null, "ToId21": null, "TranspId21": null, "RestrId22": null, "FromId22": null, "ToId22": null, "TranspId22": null, "RestrId23": null, "FromId23": null, "ToId23": null, "TranspId23": null, "RestrId24": null, "FromId24": null, "ToId24": null, "TranspId24": null, "RestrId25": null, "FromId25": null, "ToId25": null, "TranspId25": null, "RestrId26": null, "FromId26": null, "ToId26": null, "TranspId26": null, "RestrId27": null, "FromId27": null, "ToId27": null, "TranspId27": null, "RestrId28": null, "FromId28": null, "ToId28": null, "TranspId28": null, "RestrId29": null, "FromId29": null, "ToId29": null, "TranspId29": null, "RestrId30": null, "FromId30": null, "ToId30": null, "TranspId30": null }, "geometry": { "type": "Point", "coordinates": [ 71.470272486017691, 51.127543013609746 ] } },
{ "type": "Feature", "properties": { "DeadEnd": 0, "Junction": null, "Control": 1, "Synonym": null, "ZLevel": 0, "GatewayId": null, "CrossesId": "9570776273388212", "RestrId1": null, "FromId1": null, "ToId1": null, "TranspId1": null, "RestrId2": null, "FromId2": null, "ToId2": null, "TranspId2": null, "RestrId3": null, "FromId3": null, "ToId3": null, "TranspId3": null, "RestrId4": null, "FromId4": null, "ToId4": null, "TranspId4": null, "RestrId5": null, "FromId5": null, "ToId5": null, "TranspId5": null, "RestrId6": null, "FromId6": null, "ToId6": null, "TranspId6": null, "RestrId7": null, "FromId7": null, "ToId7": null, "TranspId7": null, "RestrId8": null, "FromId8": null, "ToId8": null, "TranspId8": null, "RestrId9": null, "FromId9": null, "ToId9": null, "TranspId9": null, "RestrId10": null, "FromId10": null, "ToId10": null, "TranspId10": null, "RestrId11": null, "FromId11": null, "ToId11": null, "TranspId11": null, "RestrId12": null, "FromId12": null, "ToId12": null, "TranspId12": null, "RestrId13": null, "FromId13": null, "ToId13": null, "TranspId13": null, "RestrId14": null, "FromId14": null, "ToId14": null, "TranspId14": null, "RestrId15": null, "FromId15": null, "ToId15": null, "TranspId15": null, "RestrId16": null, "FromId16": null, "ToId16": null, "TranspId16": null, "RestrId17": null, "FromId17": null, "ToId17": null, "TranspId17": null, "RestrId18": null, "FromId18": null, "ToId18": null, "TranspId18": null, "RestrId19": null, "FromId19": null, "ToId19": null, "TranspId19": null, "RestrId20": null, "FromId20": null, "ToId20": null, "TranspId20": null, "RestrId21": null, "FromId21": null, "ToId21": null, "TranspId21": null, "RestrId22": null, "FromId22": null, "ToId22": null, "TranspId22": null, "RestrId23": null, "FromId23": null, "ToId23": null, "TranspId23": null, "RestrId24": null, "FromId24": null, "ToId24": null, "TranspId24": null, "RestrId25": null, "FromId25": null, "ToId25": null, "TranspId25": null, "RestrId26": null, "FromId26": null, "ToId26": null, "TranspId26": null, "RestrId27": null, "FromId27": null, "ToId27": null, "TranspId27": null, "RestrId28": null, "FromId28": null, "ToId28": null, "TranspId28": null, "RestrId29": null, "FromId29": null, "ToId29": null, "TranspId29": null, "RestrId30": null, "FromId30": null, "ToId30": null, "TranspId30": null }, "geometry": { "type": "Point", "coordinates": [ 71.470606030482671, 51.127638911242194 ] } },
{ "type": "Feature", "properties": { "DeadEnd": 0, "Junction": null, "Control": 1, "Synonym": null, "ZLevel": 0, "GatewayId": null, "CrossesId": "9570776273388213", "RestrId1": "9550446733194898311", "FromId1": "9570866467723980", "ToId1": "70030076635455582", "TranspId1": "3", "RestrId2": "9550446733194898312", "FromId2": "9570866467723980", "ToId2": "70030076635455582", "TranspId2": "2", "RestrId3": "9550446733194898313", "FromId3": "9570866467723980", "ToId3": "70030076635455582", "TranspId3": "1", "RestrId4": null, "FromId4": null, "ToId4": null, "TranspId4": null, "RestrId5": null, "FromId5": null, "ToId5": null, "TranspId5": null, "RestrId6": null, "FromId6": null, "ToId6": null, "TranspId6": null, "RestrId7": null, "FromId7": null, "ToId7": null, "TranspId7": null, "RestrId8": null, "FromId8": null, "ToId8": null, "TranspId8": null, "RestrId9": null, "FromId9": null, "ToId9": null, "TranspId9": null, "RestrId10": null, "FromId10": null, "ToId10": null, "TranspId10": null, "RestrId11": null, "FromId11": null, "ToId11": null, "TranspId11": null, "RestrId12": null, "FromId12": null, "ToId12": null, "TranspId12": null, "RestrId13": null, "FromId13": null, "ToId13": null, "TranspId13": null, "RestrId14": null, "FromId14": null, "ToId14": null, "TranspId14": null, "RestrId15": null, "FromId15": null, "ToId15": null, "TranspId15": null, "RestrId16": null, "FromId16": null, "ToId16": null, "TranspId16": null, "RestrId17": null, "FromId17": null, "ToId17": null, "TranspId17": null, "RestrId18": null, "FromId18": null, "ToId18": null, "TranspId18": null, "RestrId19": null, "FromId19": null, "ToId19": null, "TranspId19": null, "RestrId20": null, "FromId20": null, "ToId20": null, "TranspId20": null, "RestrId21": null, "FromId21": null, "ToId21": null, "TranspId21": null, "RestrId22": null, "FromId22": null, "ToId22": null, "TranspId22": null, "RestrId23": null, "FromId23": null, "ToId23": null, "TranspId23": null, "RestrId24": null, "FromId24": null, "ToId24": null, "TranspId24": null, "RestrId25": null, "FromId25": null, "ToId25": null, "TranspId25": null, "RestrId26": null, "FromId26": null, "ToId26": null, "TranspId26": null, "RestrId27": null, "FromId27": null, "ToId27": null, "TranspId27": null, "RestrId28": null, "FromId28": null, "ToId28": null, "TranspId28": null, "RestrId29": null, "FromId29": null, "ToId29": null, "TranspId29": null, "RestrId30": null, "FromId30": null, "ToId30": null, "TranspId30": null }, "geometry": { "type": "Point", "coordinates": [ 71.470549706114369, 51.127499546716059 ] } },
{ "type": "Feature", "properties": { "DeadEnd": 0, "Junction": null, "Control": 1, "Synonym": null, "ZLevel": 0, "GatewayId": null, "CrossesId": "9570776273388214", "RestrId1": "9550446733194898350", "FromId1": "9570866467723996", "ToId1": "9570866467723995", "TranspId1": "3", "RestrId2": "9550446733194898351", "FromId2": "9570866467723996", "ToId2": "9570866467723995", "TranspId2": "2", "RestrId3": "9550446733194898352", "FromId3": "9570866467723996", "ToId3": "9570866467723995", "TranspId3": "1", "RestrId4": "9550446733194898353", "FromId4": "70030076635455582", "ToId4": "70030076169450147", "TranspId4": "3", "RestrId5": "9550446733194898354", "FromId5": "70030076635455582", "ToId5": "70030076169450147", "TranspId5": "2", "RestrId6": "9550446733194898355", "FromId6": "70030076635455582", "ToId6": "70030076169450147", "TranspId6": "1", "RestrId7": null, "FromId7": null, "ToId7": null, "TranspId7": null, "RestrId8": null, "FromId8": null, "ToId8": null, "TranspId8": null, "RestrId9": null, "FromId9": null, "ToId9": null, "TranspId9": null, "RestrId10": null, "FromId10": null, "ToId10": null, "TranspId10": null, "RestrId11": null, "FromId11": null, "ToId11": null, "TranspId11": null, "RestrId12": null, "FromId12": null, "ToId12": null, "TranspId12": null, "RestrId13": null, "FromId13": null, "ToId13": null, "TranspId13": null, "RestrId14": null, "FromId14": null, "ToId14": null, "TranspId14": null, "RestrId15": null, "FromId15": null, "ToId15": null, "TranspId15": null, "RestrId16": null, "FromId16": null, "ToId16": null, "TranspId16": null, "RestrId17": null, "FromId17": null, "ToId17": null, "TranspId17": null, "RestrId18": null, "FromId18": null, "ToId18": null, "TranspId18": null, "RestrId19": null, "FromId19": null, "ToId19": null, "TranspId19": null, "RestrId20": null, "FromId20": null, "ToId20": null, "TranspId20": null, "RestrId21": null, "FromId21": null, "ToId21": null, "TranspId21": null, "RestrId22": null, "FromId22": null, "ToId22": null, "TranspId22": null, "RestrId23": null, "FromId23": null, "ToId23": null, "TranspId23": null, "RestrId24": null, "FromId24": null, "ToId24": null, "TranspId24": null, "RestrId25": null, "FromId25": null, "ToId25": null, "TranspId25": null, "RestrId26": null, "FromId26": null, "ToId26": null, "TranspId26": null, "RestrId27": null, "FromId27": null, "ToId27": null, "TranspId27": null, "RestrId28": null, "FromId28": null, "ToId28": null, "TranspId28": null, "RestrId29": null, "FromId29": null, "ToId29": null, "TranspId29": null, "RestrId30": null, "FromId30": null, "ToId30": null, "TranspId30": null }, "geometry": { "type": "Point", "coordinates": [ 71.470328630722932, 51.127682378004721 ] } },
{ "type": "Feature", "properties": { "DeadEnd": 0, "Junction": null, "Control": 1, "Synonym": null, "ZLevel": 0, "GatewayId": null, "CrossesId": "9570776273388217", "RestrId1": "9550446732996493550", "FromId1": "70030076898297976", "ToId1": "70030076898297976", "TranspId1": "3", "RestrId2": "9550446732996493551", "FromId2": "70030076898297976", "ToId2": "70030076898297976", "TranspId2": "2", "RestrId3": "9550446732996493552", "FromId3": "70030076898297976", "ToId3": "70030076898297976", "TranspId3": "1", "RestrId4": "9550446732996493553", "FromId4": "70030076321225629", "ToId4": "70030076321225629", "TranspId4": "3", "RestrId5": "9550446732996493554", "FromId5": "70030076321225629", "ToId5": "70030076321225629", "TranspId5": "2", "RestrId6": "9550446732996493555", "FromId6": "70030076321225629", "ToId6": "70030076321225629", "TranspId6": "1", "RestrId7": null, "FromId7": null, "ToId7": null, "TranspId7": null, "RestrId8": null, "FromId8": null, "ToId8": null, "TranspId8": null, "RestrId9": null, "FromId9": null, "ToId9": null, "TranspId9": null, "RestrId10": null, "FromId10": null, "ToId10": null, "TranspId10": null, "RestrId11": null, "FromId11": null, "ToId11": null, "TranspId11": null, "RestrId12": null, "FromId12": null, "ToId12": null, "TranspId12": null, "RestrId13": null, "FromId13": null, "ToId13": null, "TranspId13": null, "RestrId14": null, "FromId14": null, "ToId14": null, "TranspId14": null, "RestrId15": null, "FromId15": null, "ToId15": null, "TranspId15": null, "RestrId16": null, "FromId16": null, "ToId16": null, "TranspId16": null, "RestrId17": null, "FromId17": null, "ToId17": null, "TranspId17": null, "RestrId18": null, "FromId18": null, "ToId18": null, "TranspId18": null, "RestrId19": null, "FromId19": null, "ToId19": null, "TranspId19": null, "RestrId20": null, "FromId20": null, "ToId20": null, "TranspId20": null, "RestrId21": null, "FromId21": null, "ToId21": null, "TranspId21": null, "RestrId22": null, "FromId22": null, "ToId22": null, "TranspId22": null, "RestrId23": null, "FromId23": null, "ToId23": null, "TranspId23": null, "RestrId24": null, "FromId24": null, "ToId24": null, "TranspId24": null, "RestrId25": null, "FromId25": null, "ToId25": null, "TranspId25": null, "RestrId26": null, "FromId26": null, "ToId26": null, "TranspId26": null, "RestrId27": null, "FromId27": null, "ToId27": null, "TranspId27": null, "RestrId28": null, "FromId28": null, "ToId28": null, "TranspId28": null, "RestrId29": null, "FromId29": null, "ToId29": null, "TranspId29": null, "RestrId30": null, "FromId30": null, "ToId30": null, "TranspId30": null }, "geometry": { "type": "Point", "coordinates": [ 71.47071275033845, 51.131594444607629 ] } },
{ "type": "Feature", "properties": { "DeadEnd": 0, "Junction": null, "Control": 1, "Synonym": null, "ZLevel": 0, "GatewayId": null, "CrossesId": "9570776273388218", "RestrId1": "9550446733294714384", "FromId1": "70030077011880393", "ToId1": "70030077011880393", "TranspId1": "3", "RestrId2": "9550446733294714385", "FromId2": "70030077011880393", "ToId2": "70030077011880393", "TranspId2": "2", "RestrId3": "9550446733294714386", "FromId3": "70030077011880393", "ToId3": "70030077011880393", "TranspId3": "1", "RestrId4": "9550446733294714387", "FromId4": "70030076321225629", "ToId4": "70030076321225629", "TranspId4": "3", "RestrId5": "9550446733294714388", "FromId5": "70030076321225629", "ToId5": "70030076321225629", "TranspId5": "2", "RestrId6": "9550446733294714389", "FromId6": "70030076321225629", "ToId6": "70030076321225629", "TranspId6": "1", "RestrId7": null, "FromId7": null, "ToId7": null, "TranspId7": null, "RestrId8": null, "FromId8": null, "ToId8": null, "TranspId8": null, "RestrId9": null, "FromId9": null, "ToId9": null, "TranspId9": null, "RestrId10": null, "FromId10": null, "ToId10": null, "TranspId10": null, "RestrId11": null, "FromId11": null, "ToId11": null, "TranspId11": null, "RestrId12": null, "FromId12": null, "ToId12": null, "TranspId12": null, "RestrId13": null, "FromId13": null, "ToId13": null, "TranspId13": null, "RestrId14": null, "FromId14": null, "ToId14": null, "TranspId14": null, "RestrId15": null, "FromId15": null, "ToId15": null, "TranspId15": null, "RestrId16": null, "FromId16": null, "ToId16": null, "TranspId16": null, "RestrId17": null, "FromId17": null, "ToId17": null, "TranspId17": null, "RestrId18": null, "FromId18": null, "ToId18": null, "TranspId18": null, "RestrId19": null, "FromId19": null, "ToId19": null, "TranspId19": null, "RestrId20": null, "FromId20": null, "ToId20": null, "TranspId20": null, "RestrId21": null, "FromId21": null, "ToId21": null, "TranspId21": null, "RestrId22": null, "FromId22": null, "ToId22": null, "TranspId22": null, "RestrId23": null, "FromId23": null, "ToId23": null, "TranspId23": null, "RestrId24": null, "FromId24": null, "ToId24": null, "TranspId24": null, "RestrId25": null, "FromId25": null, "ToId25": null, "TranspId25": null, "RestrId26": null, "FromId26": null, "ToId26": null, "TranspId26": null, "RestrId27": null, "FromId27": null, "ToId27": null, "TranspId27": null, "RestrId28": null, "FromId28": null, "ToId28": null, "TranspId28": null, "RestrId29": null, "FromId29": null, "ToId29": null, "TranspId29": null, "RestrId30": null, "FromId30": null, "ToId30": null, "TranspId30": null }, "geometry": { "type": "Point", "coordinates": [ 71.470512426030083, 51.131435530758523 ] } },
{ "type": "Feature", "properties": { "DeadEnd": 0, "Junction": null, "Control": 1, "Synonym": null, "ZLevel": 0, "GatewayId": null, "CrossesId": "9570776273388219", "RestrId1": null, "FromId1": null, "ToId1": null, "TranspId1": null, "RestrId2": null, "FromId2": null, "ToId2": null, "TranspId2": null, "RestrId3": null, "FromId3": null, "ToId3": null, "TranspId3": null, "RestrId4": null, "FromId4": null, "ToId4": null, "TranspId4": null, "RestrId5": null, "FromId5": null, "ToId5": null, "TranspId5": null, "RestrId6": null, "FromId6": null, "ToId6": null, "TranspId6": null, "RestrId7": null, "FromId7": null, "ToId7": null, "TranspId7": null, "RestrId8": null, "FromId8": null, "ToId8": null, "TranspId8": null, "RestrId9": null, "FromId9": null, "ToId9": null, "TranspId9": null, "RestrId10": null, "FromId10": null, "ToId10": null, "TranspId10": null, "RestrId11": null, "FromId11": null, "ToId11": null, "TranspId11": null, "RestrId12": null, "FromId12": null, "ToId12": null, "TranspId12": null, "RestrId13": null, "FromId13": null, "ToId13": null, "TranspId13": null, "RestrId14": null, "FromId14": null, "ToId14": null, "TranspId14": null, "RestrId15": null, "FromId15": null, "ToId15": null, "TranspId15": null, "RestrId16": null, "FromId16": null, "ToId16": null, "TranspId16": null, "RestrId17": null, "FromId17": null, "ToId17": null, "TranspId17": null, "RestrId18": null, "FromId18": null, "ToId18": null, "TranspId18": null, "RestrId19": null, "FromId19": null, "ToId19": null, "TranspId19": null, "RestrId20": null, "FromId20": null, "ToId20": null, "TranspId20": null, "RestrId21": null, "FromId21": null, "ToId21": null, "TranspId21": null, "RestrId22": null, "FromId22": null, "ToId22": null, "TranspId22": null, "RestrId23": null, "FromId23": null, "ToId23": null, "TranspId23": null, "RestrId24": null, "FromId24": null, "ToId24": null, "TranspId24": null, "RestrId25": null, "FromId25": null, "ToId25": null, "TranspId25": null, "RestrId26": null, "FromId26": null, "ToId26": null, "TranspId26": null, "RestrId27": null, "FromId27": null, "ToId27": null, "TranspId27": null, "RestrId28": null, "FromId28": null, "ToId28": null, "TranspId28": null, "RestrId29": null, "FromId29": null, "ToId29": null, "TranspId29": null, "RestrId30": null, "FromId30": null, "ToId30": null, "TranspId30": null }, "geometry": { "type": "Point", "coordinates": [ 71.470298986318568, 51.131726355652688 ] } },
{ "type": "Feature", "properties": { "DeadEnd": 0, "Junction": null, "Control": 1, "Synonym": null, "ZLevel": 0, "GatewayId": null, "CrossesId": "9570776273389068", "RestrId1": "9550446733444866682", "FromId1": "70030076299506670", "ToId1": "9570866467738580", "TranspId1": "3", "RestrId2": "9550446733444866683", "FromId2": "70030076299506670", "ToId2": "9570866467738580", "TranspId2": "2", "RestrId3": "9550446733444866684", "FromId3": "70030076299506670", "ToId3": "9570866467738580", "TranspId3": "1", "RestrId4": "9550446733444866685", "FromId4": "9570866467738580", "ToId4": "9570866467738578", "TranspId4": "3", "RestrId5": "9550446733444866686", "FromId5": "9570866467738580", "ToId5": "9570866467738578", "TranspId5": "2", "RestrId6": "9550446733444866687", "FromId6": "9570866467738580", "ToId6": "9570866467738578", "TranspId6": "1", "RestrId7": "9550446733444866688", "FromId7": "9570866467738580", "ToId7": "9570866467738580", "TranspId7": "2", "RestrId8": "9550446733444866689", "FromId8": "9570866467738580", "ToId8": "9570866467738580", "TranspId8": "1", "RestrId9": null, "FromId9": null, "ToId9": null, "TranspId9": null, "RestrId10": null, "FromId10": null, "ToId10": null, "TranspId10": null, "RestrId11": null, "FromId11": null, "ToId11": null, "TranspId11": null, "RestrId12": null, "FromId12": null, "ToId12": null, "TranspId12": null, "RestrId13": null, "FromId13": null, "ToId13": null, "TranspId13": null, "RestrId14": null, "FromId14": null, "ToId14": null, "TranspId14": null, "RestrId15": null, "FromId15": null, "ToId15": null, "TranspId15": null, "RestrId16": null, "FromId16": null, "ToId16": null, "TranspId16": null, "RestrId17": null, "FromId17": null, "ToId17": null, "TranspId17": null, "RestrId18": null, "FromId18": null, "ToId18": null, "TranspId18": null, "RestrId19": null, "FromId19": null, "ToId19": null, "TranspId19": null, "RestrId20": null, "FromId20": null, "ToId20": null, "TranspId20": null, "RestrId21": null, "FromId21": null, "ToId21": null, "TranspId21": null, "RestrId22": null, "FromId22": null, "ToId22": null, "TranspId22": null, "RestrId23": null, "FromId23": null, "ToId23": null, "TranspId23": null, "RestrId24": null, "FromId24": null, "ToId24": null, "TranspId24": null, "RestrId25": null, "FromId25": null, "ToId25": null, "TranspId25": null, "RestrId26": null, "FromId26": null, "ToId26": null, "TranspId26": null, "RestrId27": null, "FromId27": null, "ToId27": null, "TranspId27": null, "RestrId28": null, "FromId28": null, "ToId28": null, "TranspId28": null, "RestrId29": null, "FromId29": null, "ToId29": null, "TranspId29": null, "RestrId30": null, "FromId30": null, "ToId30": null, "TranspId30": null }, "geometry": { "type": "Point", "coordinates": [ 71.457956942798518, 51.120684886438461 ] } },
{ "type": "Feature", "properties": { "DeadEnd": 0, "Junction": null, "Control": 1, "Synonym": null, "ZLevel": 0, "GatewayId": null, "CrossesId": "9570776273389082", "RestrId1": "9550446733332783553", "FromId1": "9570866467722397", "ToId1": "70030076858931966", "TranspId1": "3", "RestrId2": "9550446733332783554", "FromId2": "9570866467722397", "ToId2": "70030076858931966", "TranspId2": "2", "RestrId3": "9550446733332783555", "FromId3": "9570866467722397", "ToId3": "70030076858931966", "TranspId3": "1", "RestrId4": "9550446733332783556", "FromId4": "70030076169265939", "ToId4": "9570866467738673", "TranspId4": "3", "RestrId5": "9550446733332783557", "FromId5": "70030076169265939", "ToId5": "9570866467738673", "TranspId5": "2", "RestrId6": "9550446733332783558", "FromId6": "70030076169265939", "ToId6": "9570866467738673", "TranspId6": "1", "RestrId7": null, "FromId7": null, "ToId7": null, "TranspId7": null, "RestrId8": null, "FromId8": null, "ToId8": null, "TranspId8": null, "RestrId9": null, "FromId9": null, "ToId9": null, "TranspId9": null, "RestrId10": null, "FromId10": null, "ToId10": null, "TranspId10": null, "RestrId11": null, "FromId11": null, "ToId11": null, "TranspId11": null, "RestrId12": null, "FromId12": null, "ToId12": null, "TranspId12": null, "RestrId13": null, "FromId13": null, "ToId13": null, "TranspId13": null, "RestrId14": null, "FromId14": null, "ToId14": null, "TranspId14": null, "RestrId15": null, "FromId15": null, "ToId15": null, "TranspId15": null, "RestrId16": null, "FromId16": null, "ToId16": null, "TranspId16": null, "RestrId17": null, "FromId17": null, "ToId17": null, "TranspId17": null, "RestrId18": null, "FromId18": null, "ToId18": null, "TranspId18": null, "RestrId19": null, "FromId19": null, "ToId19": null, "TranspId19": null, "RestrId20": null, "FromId20": null, "ToId20": null, "TranspId20": null, "RestrId21": null, "FromId21": null, "ToId21": null, "TranspId21": null, "RestrId22": null, "FromId22": null, "ToId22": null, "TranspId22": null, "RestrId23": null, "FromId23": null, "ToId23": null, "TranspId23": null, "RestrId24": null, "FromId24": null, "ToId24": null, "TranspId24": null, "RestrId25": null, "FromId25": null, "ToId25": null, "TranspId25": null, "RestrId26": null, "FromId26": null, "ToId26": null, "TranspId26": null, "RestrId27": null, "FromId27": null, "ToId27": null, "TranspId27": null, "RestrId28": null, "FromId28": null, "ToId28": null, "TranspId28": null, "RestrId29": null, "FromId29": null, "ToId29": null, "TranspId29": null, "RestrId30": null, "FromId30": null, "ToId30": null, "TranspId30": null }, "geometry": { "type": "Point", "coordinates": [ 71.466076814651686, 51.117318992299914 ] } },
{ "type": "Feature", "properties": { "DeadEnd": 0, "Junction": null, "Control": 1, "Synonym": null, "ZLevel": 0, "GatewayId": null, "CrossesId": "9570776273389083", "RestrId1": "9550446733507172798", "FromId1": "9570866467722398", "ToId1": "9570866467722397", "TranspId1": "3", "RestrId2": "9550446733507172799", "FromId2": "9570866467722398", "ToId2": "9570866467722397", "TranspId2": "2", "RestrId3": "9550446733507172800", "FromId3": "9570866467722398", "ToId3": "9570866467722397", "TranspId3": "1", "RestrId4": null, "FromId4": null, "ToId4": null, "TranspId4": null, "RestrId5": null, "FromId5": null, "ToId5": null, "TranspId5": null, "RestrId6": null, "FromId6": null, "ToId6": null, "TranspId6": null, "RestrId7": null, "FromId7": null, "ToId7": null, "TranspId7": null, "RestrId8": null, "FromId8": null, "ToId8": null, "TranspId8": null, "RestrId9": null, "FromId9": null, "ToId9": null, "TranspId9": null, "RestrId10": null, "FromId10": null, "ToId10": null, "TranspId10": null, "RestrId11": null, "FromId11": null, "ToId11": null, "TranspId11": null, "RestrId12": null, "FromId12": null, "ToId12": null, "TranspId12": null, "RestrId13": null, "FromId13": null, "ToId13": null, "TranspId13": null, "RestrId14": null, "FromId14": null, "ToId14": null, "TranspId14": null, "RestrId15": null, "FromId15": null, "ToId15": null, "TranspId15": null, "RestrId16": null, "FromId16": null, "ToId16": null, "TranspId16": null, "RestrId17": null, "FromId17": null, "ToId17": null, "TranspId17": null, "RestrId18": null, "FromId18": null, "ToId18": null, "TranspId18": null, "RestrId19": null, "FromId19": null, "ToId19": null, "TranspId19": null, "RestrId20": null, "FromId20": null, "ToId20": null, "TranspId20": null, "RestrId21": null, "FromId21": null, "ToId21": null, "TranspId21": null, "RestrId22": null, "FromId22": null, "ToId22": null, "TranspId22": null, "RestrId23": null, "FromId23": null, "ToId23": null, "TranspId23": null, "RestrId24": null, "FromId24": null, "ToId24": null, "TranspId24": null, "RestrId25": null, "FromId25": null, "ToId25": null, "TranspId25": null, "RestrId26": null, "FromId26": null, "ToId26": null, "TranspId26": null, "RestrId27": null, "FromId27": null, "ToId27": null, "TranspId27": null, "RestrId28": null, "FromId28": null, "ToId28": null, "TranspId28": null, "RestrId29": null, "FromId29": null, "ToId29": null, "TranspId29": null, "RestrId30": null, "FromId30": null, "ToId30": null, "TranspId30": null }, "geometry": { "type": "Point", "coordinates": [ 71.466138798406277, 51.117476714151692 ] } },
{ "type": "Feature", "properties": { "DeadEnd": 0, "Junction": null, "Control": 1, "Synonym": null, "ZLevel": 0, "GatewayId": null, "CrossesId": "9570776273389038", "RestrId1": null, "FromId1": null, "ToId1": null, "TranspId1": null, "RestrId2": null, "FromId2": null, "ToId2": null, "TranspId2": null, "RestrId3": null, "FromId3": null, "ToId3": null, "TranspId3": null, "RestrId4": null, "FromId4": null, "ToId4": null, "TranspId4": null, "RestrId5": null, "FromId5": null, "ToId5": null, "TranspId5": null, "RestrId6": null, "FromId6": null, "ToId6": null, "TranspId6": null, "RestrId7": null, "FromId7": null, "ToId7": null, "TranspId7": null, "RestrId8": null, "FromId8": null, "ToId8": null, "TranspId8": null, "RestrId9": null, "FromId9": null, "ToId9": null, "TranspId9": null, "RestrId10": null, "FromId10": null, "ToId10": null, "TranspId10": null, "RestrId11": null, "FromId11": null, "ToId11": null, "TranspId11": null, "RestrId12": null, "FromId12": null, "ToId12": null, "TranspId12": null, "RestrId13": null, "FromId13": null, "ToId13": null, "TranspId13": null, "RestrId14": null, "FromId14": null, "ToId14": null, "TranspId14": null, "RestrId15": null, "FromId15": null, "ToId15": null, "TranspId15": null, "RestrId16": null, "FromId16": null, "ToId16": null, "TranspId16": null, "RestrId17": null, "FromId17": null, "ToId17": null, "TranspId17": null, "RestrId18": null, "FromId18": null, "ToId18": null, "TranspId18": null, "RestrId19": null, "FromId19": null, "ToId19": null, "TranspId19": null, "RestrId20": null, "FromId20": null, "ToId20": null, "TranspId20": null, "RestrId21": null, "FromId21": null, "ToId21": null, "TranspId21": null, "RestrId22": null, "FromId22": null, "ToId22": null, "TranspId22": null, "RestrId23": null, "FromId23": null, "ToId23": null, "TranspId23": null, "RestrId24": null, "FromId24": null, "ToId24": null, "TranspId24": null, "RestrId25": null, "FromId25": null, "ToId25": null, "TranspId25": null, "RestrId26": null, "FromId26": null, "ToId26": null, "TranspId26": null, "RestrId27": null, "FromId27": null, "ToId27": null, "TranspId27": null, "RestrId28": null, "FromId28": null, "ToId28": null, "TranspId28": null, "RestrId29": null, "FromId29": null, "ToId29": null, "TranspId29": null, "RestrId30": null, "FromId30": null, "ToId30": null, "TranspId30": null }, "geometry": { "type": "Point", "coordinates": [ 71.467154613329569, 51.120043608121726 ] } },
{ "type": "Feature", "properties": { "DeadEnd": 0, "Junction": null, "Control": 1, "Synonym": null, "ZLevel": 0, "GatewayId": null, "CrossesId": "9570776273389039", "RestrId1": "9550446733258945646", "FromId1": "9570866467722768", "ToId1": "9570866467722767", "TranspId1": "3", "RestrId2": "9550446733258945647", "FromId2": "9570866467722768", "ToId2": "9570866467722767", "TranspId2": "2", "RestrId3": "9550446733258945648", "FromId3": "9570866467722768", "ToId3": "9570866467722767", "TranspId3": "1", "RestrId4": null, "FromId4": null, "ToId4": null, "TranspId4": null, "RestrId5": null, "FromId5": null, "ToId5": null, "TranspId5": null, "RestrId6": null, "FromId6": null, "ToId6": null, "TranspId6": null, "RestrId7": null, "FromId7": null, "ToId7": null, "TranspId7": null, "RestrId8": null, "FromId8": null, "ToId8": null, "TranspId8": null, "RestrId9": null, "FromId9": null, "ToId9": null, "TranspId9": null, "RestrId10": null, "FromId10": null, "ToId10": null, "TranspId10": null, "RestrId11": null, "FromId11": null, "ToId11": null, "TranspId11": null, "RestrId12": null, "FromId12": null, "ToId12": null, "TranspId12": null, "RestrId13": null, "FromId13": null, "ToId13": null, "TranspId13": null, "RestrId14": null, "FromId14": null, "ToId14": null, "TranspId14": null, "RestrId15": null, "FromId15": null, "ToId15": null, "TranspId15": null, "RestrId16": null, "FromId16": null, "ToId16": null, "TranspId16": null, "RestrId17": null, "FromId17": null, "ToId17": null, "TranspId17": null, "RestrId18": null, "FromId18": null, "ToId18": null, "TranspId18": null, "RestrId19": null, "FromId19": null, "ToId19": null, "TranspId19": null, "RestrId20": null, "FromId20": null, "ToId20": null, "TranspId20": null, "RestrId21": null, "FromId21": null, "ToId21": null, "TranspId21": null, "RestrId22": null, "FromId22": null, "ToId22": null, "TranspId22": null, "RestrId23": null, "FromId23": null, "ToId23": null, "TranspId23": null, "RestrId24": null, "FromId24": null, "ToId24": null, "TranspId24": null, "RestrId25": null, "FromId25": null, "ToId25": null, "TranspId25": null, "RestrId26": null, "FromId26": null, "ToId26": null, "TranspId26": null, "RestrId27": null, "FromId27": null, "ToId27": null, "TranspId27": null, "RestrId28": null, "FromId28": null, "ToId28": null, "TranspId28": null, "RestrId29": null, "FromId29": null, "ToId29": null, "TranspId29": null, "RestrId30": null, "FromId30": null, "ToId30": null, "TranspId30": null }, "geometry": { "type": "Point", "coordinates": [ 71.467189827288706, 51.120134559329486 ] } },
{ "type": "Feature", "properties": { "DeadEnd": 0, "Junction": null, "Control": 1, "Synonym": null, "ZLevel": 0, "GatewayId": null, "CrossesId": "9570776273391847", "RestrId1": "9550446732945712765", "FromId1": "70030076169525954", "ToId1": "9570866467750305", "TranspId1": "3", "RestrId2": "9550446732945712766", "FromId2": "70030076169525954", "ToId2": "9570866467750305", "TranspId2": "2", "RestrId3": "9550446732945712767", "FromId3": "70030076169525954", "ToId3": "9570866467750305", "TranspId3": "1", "RestrId4": null, "FromId4": null, "ToId4": null, "TranspId4": null, "RestrId5": null, "FromId5": null, "ToId5": null, "TranspId5": null, "RestrId6": null, "FromId6": null, "ToId6": null, "TranspId6": null, "RestrId7": null, "FromId7": null, "ToId7": null, "TranspId7": null, "RestrId8": null, "FromId8": null, "ToId8": null, "TranspId8": null, "RestrId9": null, "FromId9": null, "ToId9": null, "TranspId9": null, "RestrId10": null, "FromId10": null, "ToId10": null, "TranspId10": null, "RestrId11": null, "FromId11": null, "ToId11": null, "TranspId11": null, "RestrId12": null, "FromId12": null, "ToId12": null, "TranspId12": null, "RestrId13": null, "FromId13": null, "ToId13": null, "TranspId13": null, "RestrId14": null, "FromId14": null, "ToId14": null, "TranspId14": null, "RestrId15": null, "FromId15": null, "ToId15": null, "TranspId15": null, "RestrId16": null, "FromId16": null, "ToId16": null, "TranspId16": null, "RestrId17": null, "FromId17": null, "ToId17": null, "TranspId17": null, "RestrId18": null, "FromId18": null, "ToId18": null, "TranspId18": null, "RestrId19": null, "FromId19": null, "ToId19": null, "TranspId19": null, "RestrId20": null, "FromId20": null, "ToId20": null, "TranspId20": null, "RestrId21": null, "FromId21": null, "ToId21": null, "TranspId21": null, "RestrId22": null, "FromId22": null, "ToId22": null, "TranspId22": null, "RestrId23": null, "FromId23": null, "ToId23": null, "TranspId23": null, "RestrId24": null, "FromId24": null, "ToId24": null, "TranspId24": null, "RestrId25": null, "FromId25": null, "ToId25": null, "TranspId25": null, "RestrId26": null, "FromId26": null, "ToId26": null, "TranspId26": null, "RestrId27": null, "FromId27": null, "ToId27": null, "TranspId27": null, "RestrId28": null, "FromId28": null, "ToId28": null, "TranspId28": null, "RestrId29": null, "FromId29": null, "ToId29": null, "TranspId29": null, "RestrId30": null, "FromId30": null, "ToId30": null, "TranspId30": null }, "geometry": { "type": "Point", "coordinates": [ 71.460689348398233, 51.134649385172331 ] } },
{ "type": "Feature", "properties": { "DeadEnd": 0, "Junction": null, "Control": 1, "Synonym": null, "ZLevel": 0, "GatewayId": null, "CrossesId": "9570776273391848", "RestrId1": null, "FromId1": null, "ToId1": null, "TranspId1": null, "RestrId2": null, "FromId2": null, "ToId2": null, "TranspId2": null, "RestrId3": null, "FromId3": null, "ToId3": null, "TranspId3": null, "RestrId4": null, "FromId4": null, "ToId4": null, "TranspId4": null, "RestrId5": null, "FromId5": null, "ToId5": null, "TranspId5": null, "RestrId6": null, "FromId6": null, "ToId6": null, "TranspId6": null, "RestrId7": null, "FromId7": null, "ToId7": null, "TranspId7": null, "RestrId8": null, "FromId8": null, "ToId8": null, "TranspId8": null, "RestrId9": null, "FromId9": null, "ToId9": null, "TranspId9": null, "RestrId10": null, "FromId10": null, "ToId10": null, "TranspId10": null, "RestrId11": null, "FromId11": null, "ToId11": null, "TranspId11": null, "RestrId12": null, "FromId12": null, "ToId12": null, "TranspId12": null, "RestrId13": null, "FromId13": null, "ToId13": null, "TranspId13": null, "RestrId14": null, "FromId14": null, "ToId14": null, "TranspId14": null, "RestrId15": null, "FromId15": null, "ToId15": null, "TranspId15": null, "RestrId16": null, "FromId16": null, "ToId16": null, "TranspId16": null, "RestrId17": null, "FromId17": null, "ToId17": null, "TranspId17": null, "RestrId18": null, "FromId18": null, "ToId18": null, "TranspId18": null, "RestrId19": null, "FromId19": null, "ToId19": null, "TranspId19": null, "RestrId20": null, "FromId20": null, "ToId20": null, "TranspId20": null, "RestrId21": null, "FromId21": null, "ToId21": null, "TranspId21": null, "RestrId22": null, "FromId22": null, "ToId22": null, "TranspId22": null, "RestrId23": null, "FromId23": null, "ToId23": null, "TranspId23": null, "RestrId24": null, "FromId24": null, "ToId24": null, "TranspId24": null, "RestrId25": null, "FromId25": null, "ToId25": null, "TranspId25": null, "RestrId26": null, "FromId26": null, "ToId26": null, "TranspId26": null, "RestrId27": null, "FromId27": null, "ToId27": null, "TranspId27": null, "RestrId28": null, "FromId28": null, "ToId28": null, "TranspId28": null, "RestrId29": null, "FromId29": null, "ToId29": null, "TranspId29": null, "RestrId30": null, "FromId30": null, "ToId30": null, "TranspId30": null }, "geometry": { "type": "Point", "coordinates": [ 71.460760764463316, 51.134547583381718 ] } },
{ "type": "Feature", "properties": { "DeadEnd": 0, "Junction": null, "Control": 1, "Synonym": null, "ZLevel": 0, "GatewayId": null, "CrossesId": "70030076127095064", "RestrId1": "9550446732971570220", "FromId1": "9570866467724173", "ToId1": "9570866467724173", "TranspId1": "2", "RestrId2": "9550446732971570221", "FromId2": "9570866467724173", "ToId2": "9570866467724173", "TranspId2": "1", "RestrId3": null, "FromId3": null, "ToId3": null, "TranspId3": null, "RestrId4": null, "FromId4": null, "ToId4": null, "TranspId4": null, "RestrId5": null, "FromId5": null, "ToId5": null, "TranspId5": null, "RestrId6": null, "FromId6": null, "ToId6": null, "TranspId6": null, "RestrId7": null, "FromId7": null, "ToId7": null, "TranspId7": null, "RestrId8": null, "FromId8": null, "ToId8": null, "TranspId8": null, "RestrId9": null, "FromId9": null, "ToId9": null, "TranspId9": null, "RestrId10": null, "FromId10": null, "ToId10": null, "TranspId10": null, "RestrId11": null, "FromId11": null, "ToId11": null, "TranspId11": null, "RestrId12": null, "FromId12": null, "ToId12": null, "TranspId12": null, "RestrId13": null, "FromId13": null, "ToId13": null, "TranspId13": null, "RestrId14": null, "FromId14": null, "ToId14": null, "TranspId14": null, "RestrId15": null, "FromId15": null, "ToId15": null, "TranspId15": null, "RestrId16": null, "FromId16": null, "ToId16": null, "TranspId16": null, "RestrId17": null, "FromId17": null, "ToId17": null, "TranspId17": null, "RestrId18": null, "FromId18": null, "ToId18": null, "TranspId18": null, "RestrId19": null, "FromId19": null, "ToId19": null, "TranspId19": null, "RestrId20": null, "FromId20": null, "ToId20": null, "TranspId20": null, "RestrId21": null, "FromId21": null, "ToId21": null, "TranspId21": null, "RestrId22": null, "FromId22": null, "ToId22": null, "TranspId22": null, "RestrId23": null, "FromId23": null, "ToId23": null, "TranspId23": null, "RestrId24": null, "FromId24": null, "ToId24": null, "TranspId24": null, "RestrId25": null, "FromId25": null, "ToId25": null, "TranspId25": null, "RestrId26": null, "FromId26": null, "ToId26": null, "TranspId26": null, "RestrId27": null, "FromId27": null, "ToId27": null, "TranspId27": null, "RestrId28": null, "FromId28": null, "ToId28": null, "TranspId28": null, "RestrId29": null, "FromId29": null, "ToId29": null, "TranspId29": null, "RestrId30": null, "FromId30": null, "ToId30": null, "TranspId30": null }, "geometry": { "type": "Point", "coordinates": [ 71.463899208571448, 51.128688416350343 ] } },
{ "type": "Feature", "properties": { "DeadEnd": 0, "Junction": null, "Control": 1, "Synonym": null, "ZLevel": 0, "GatewayId": null, "CrossesId": "70030076127095099", "RestrId1": null, "FromId1": null, "ToId1": null, "TranspId1": null, "RestrId2": null, "FromId2": null, "ToId2": null, "TranspId2": null, "RestrId3": null, "FromId3": null, "ToId3": null, "TranspId3": null, "RestrId4": null, "FromId4": null, "ToId4": null, "TranspId4": null, "RestrId5": null, "FromId5": null, "ToId5": null, "TranspId5": null, "RestrId6": null, "FromId6": null, "ToId6": null, "TranspId6": null, "RestrId7": null, "FromId7": null, "ToId7": null, "TranspId7": null, "RestrId8": null, "FromId8": null, "ToId8": null, "TranspId8": null, "RestrId9": null, "FromId9": null, "ToId9": null, "TranspId9": null, "RestrId10": null, "FromId10": null, "ToId10": null, "TranspId10": null, "RestrId11": null, "FromId11": null, "ToId11": null, "TranspId11": null, "RestrId12": null, "FromId12": null, "ToId12": null, "TranspId12": null, "RestrId13": null, "FromId13": null, "ToId13": null, "TranspId13": null, "RestrId14": null, "FromId14": null, "ToId14": null, "TranspId14": null, "RestrId15": null, "FromId15": null, "ToId15": null, "TranspId15": null, "RestrId16": null, "FromId16": null, "ToId16": null, "TranspId16": null, "RestrId17": null, "FromId17": null, "ToId17": null, "TranspId17": null, "RestrId18": null, "FromId18": null, "ToId18": null, "TranspId18": null, "RestrId19": null, "FromId19": null, "ToId19": null, "TranspId19": null, "RestrId20": null, "FromId20": null, "ToId20": null, "TranspId20": null, "RestrId21": null, "FromId21": null, "ToId21": null, "TranspId21": null, "RestrId22": null, "FromId22": null, "ToId22": null, "TranspId22": null, "RestrId23": null, "FromId23": null, "ToId23": null, "TranspId23": null, "RestrId24": null, "FromId24": null, "ToId24": null, "TranspId24": null, "RestrId25": null, "FromId25": null, "ToId25": null, "TranspId25": null, "RestrId26": null, "FromId26": null, "ToId26": null, "TranspId26": null, "RestrId27": null, "FromId27": null, "ToId27": null, "TranspId27": null, "RestrId28": null, "FromId28": null, "ToId28": null, "TranspId28": null, "RestrId29": null, "FromId29": null, "ToId29": null, "TranspId29": null, "RestrId30": null, "FromId30": null, "ToId30": null, "TranspId30": null }, "geometry": { "type": "Point", "coordinates": [ 71.463844501170641, 51.12854877311085 ] } },
{ "type": "Feature", "properties": { "DeadEnd": 0, "Junction": null, "Control": 1, "Synonym": null, "ZLevel": 0, "GatewayId": null, "CrossesId": "70030076139184833", "RestrId1": "9550446732939665242", "FromId1": "70030076145757252", "ToId1": "70030076145757252", "TranspId1": "3", "RestrId2": "9550446732939665243", "FromId2": "70030076145757252", "ToId2": "70030076145757252", "TranspId2": "2", "RestrId3": "9550446732939665244", "FromId3": "70030076145757252", "ToId3": "70030076145757252", "TranspId3": "1", "RestrId4": null, "FromId4": null, "ToId4": null, "TranspId4": null, "RestrId5": null, "FromId5": null, "ToId5": null, "TranspId5": null, "RestrId6": null, "FromId6": null, "ToId6": null, "TranspId6": null, "RestrId7": null, "FromId7": null, "ToId7": null, "TranspId7": null, "RestrId8": null, "FromId8": null, "ToId8": null, "TranspId8": null, "RestrId9": null, "FromId9": null, "ToId9": null, "TranspId9": null, "RestrId10": null, "FromId10": null, "ToId10": null, "TranspId10": null, "RestrId11": null, "FromId11": null, "ToId11": null, "TranspId11": null, "RestrId12": null, "FromId12": null, "ToId12": null, "TranspId12": null, "RestrId13": null, "FromId13": null, "ToId13": null, "TranspId13": null, "RestrId14": null, "FromId14": null, "ToId14": null, "TranspId14": null, "RestrId15": null, "FromId15": null, "ToId15": null, "TranspId15": null, "RestrId16": null, "FromId16": null, "ToId16": null, "TranspId16": null, "RestrId17": null, "FromId17": null, "ToId17": null, "TranspId17": null, "RestrId18": null, "FromId18": null, "ToId18": null, "TranspId18": null, "RestrId19": null, "FromId19": null, "ToId19": null, "TranspId19": null, "RestrId20": null, "FromId20": null, "ToId20": null, "TranspId20": null, "RestrId21": null, "FromId21": null, "ToId21": null, "TranspId21": null, "RestrId22": null, "FromId22": null, "ToId22": null, "TranspId22": null, "RestrId23": null, "FromId23": null, "ToId23": null, "TranspId23": null, "RestrId24": null, "FromId24": null, "ToId24": null, "TranspId24": null, "RestrId25": null, "FromId25": null, "ToId25": null, "TranspId25": null, "RestrId26": null, "FromId26": null, "ToId26": null, "TranspId26": null, "RestrId27": null, "FromId27": null, "ToId27": null, "TranspId27": null, "RestrId28": null, "FromId28": null, "ToId28": null, "TranspId28": null, "RestrId29": null, "FromId29": null, "ToId29": null, "TranspId29": null, "RestrId30": null, "FromId30": null, "ToId30": null, "TranspId30": null }, "geometry": { "type": "Point", "coordinates": [ 71.464653434083999, 51.12028995973882 ] } },
{ "type": "Feature", "properties": { "DeadEnd": 0, "Junction": null, "Control": 1, "Synonym": null, "ZLevel": 0, "GatewayId": null, "CrossesId": "70030076151014187", "RestrId1": null, "FromId1": null, "ToId1": null, "TranspId1": null, "RestrId2": null, "FromId2": null, "ToId2": null, "TranspId2": null, "RestrId3": null, "FromId3": null, "ToId3": null, "TranspId3": null, "RestrId4": null, "FromId4": null, "ToId4": null, "TranspId4": null, "RestrId5": null, "FromId5": null, "ToId5": null, "TranspId5": null, "RestrId6": null, "FromId6": null, "ToId6": null, "TranspId6": null, "RestrId7": null, "FromId7": null, "ToId7": null, "TranspId7": null, "RestrId8": null, "FromId8": null, "ToId8": null, "TranspId8": null, "RestrId9": null, "FromId9": null, "ToId9": null, "TranspId9": null, "RestrId10": null, "FromId10": null, "ToId10": null, "TranspId10": null, "RestrId11": null, "FromId11": null, "ToId11": null, "TranspId11": null, "RestrId12": null, "FromId12": null, "ToId12": null, "TranspId12": null, "RestrId13": null, "FromId13": null, "ToId13": null, "TranspId13": null, "RestrId14": null, "FromId14": null, "ToId14": null, "TranspId14": null, "RestrId15": null, "FromId15": null, "ToId15": null, "TranspId15": null, "RestrId16": null, "FromId16": null, "ToId16": null, "TranspId16": null, "RestrId17": null, "FromId17": null, "ToId17": null, "TranspId17": null, "RestrId18": null, "FromId18": null, "ToId18": null, "TranspId18": null, "RestrId19": null, "FromId19": null, "ToId19": null, "TranspId19": null, "RestrId20": null, "FromId20": null, "ToId20": null, "TranspId20": null, "RestrId21": null, "FromId21": null, "ToId21": null, "TranspId21": null, "RestrId22": null, "FromId22": null, "ToId22": null, "TranspId22": null, "RestrId23": null, "FromId23": null, "ToId23": null, "TranspId23": null, "RestrId24": null, "FromId24": null, "ToId24": null, "TranspId24": null, "RestrId25": null, "FromId25": null, "ToId25": null, "TranspId25": null, "RestrId26": null, "FromId26": null, "ToId26": null, "TranspId26": null, "RestrId27": null, "FromId27": null, "ToId27": null, "TranspId27": null, "RestrId28": null, "FromId28": null, "ToId28": null, "TranspId28": null, "RestrId29": null, "FromId29": null, "ToId29": null, "TranspId29": null, "RestrId30": null, "FromId30": null, "ToId30": null, "TranspId30": null }, "geometry": { "type": "Point", "coordinates": [ 71.464303630112354, 51.120311330073534 ] } },
{ "type": "Feature", "properties": { "DeadEnd": 0, "Junction": null, "Control": 1, "Synonym": null, "ZLevel": 0, "GatewayId": null, "CrossesId": "70030076151021769", "RestrId1": null, "FromId1": null, "ToId1": null, "TranspId1": null, "RestrId2": null, "FromId2": null, "ToId2": null, "TranspId2": null, "RestrId3": null, "FromId3": null, "ToId3": null, "TranspId3": null, "RestrId4": null, "FromId4": null, "ToId4": null, "TranspId4": null, "RestrId5": null, "FromId5": null, "ToId5": null, "TranspId5": null, "RestrId6": null, "FromId6": null, "ToId6": null, "TranspId6": null, "RestrId7": null, "FromId7": null, "ToId7": null, "TranspId7": null, "RestrId8": null, "FromId8": null, "ToId8": null, "TranspId8": null, "RestrId9": null, "FromId9": null, "ToId9": null, "TranspId9": null, "RestrId10": null, "FromId10": null, "ToId10": null, "TranspId10": null, "RestrId11": null, "FromId11": null, "ToId11": null, "TranspId11": null, "RestrId12": null, "FromId12": null, "ToId12": null, "TranspId12": null, "RestrId13": null, "FromId13": null, "ToId13": null, "TranspId13": null, "RestrId14": null, "FromId14": null, "ToId14": null, "TranspId14": null, "RestrId15": null, "FromId15": null, "ToId15": null, "TranspId15": null, "RestrId16": null, "FromId16": null, "ToId16": null, "TranspId16": null, "RestrId17": null, "FromId17": null, "ToId17": null, "TranspId17": null, "RestrId18": null, "FromId18": null, "ToId18": null, "TranspId18": null, "RestrId19": null, "FromId19": null, "ToId19": null, "TranspId19": null, "RestrId20": null, "FromId20": null, "ToId20": null, "TranspId20": null, "RestrId21": null, "FromId21": null, "ToId21": null, "TranspId21": null, "RestrId22": null, "FromId22": null, "ToId22": null, "TranspId22": null, "RestrId23": null, "FromId23": null, "ToId23": null, "TranspId23": null, "RestrId24": null, "FromId24": null, "ToId24": null, "TranspId24": null, "RestrId25": null, "FromId25": null, "ToId25": null, "TranspId25": null, "RestrId26": null, "FromId26": null, "ToId26": null, "TranspId26": null, "RestrId27": null, "FromId27": null, "ToId27": null, "TranspId27": null, "RestrId28": null, "FromId28": null, "ToId28": null, "TranspId28": null, "RestrId29": null, "FromId29": null, "ToId29": null, "TranspId29": null, "RestrId30": null, "FromId30": null, "ToId30": null, "TranspId30": null }, "geometry": { "type": "Point", "coordinates": [ 71.464289975720035, 51.120219815351739 ] } },
{ "type": "Feature", "properties": { "DeadEnd": 0, "Junction": null, "Control": 1, "Synonym": null, "ZLevel": 0, "GatewayId": null, "CrossesId": "70030076155945586", "RestrId1": null, "FromId1": null, "ToId1": null, "TranspId1": null, "RestrId2": null, "FromId2": null, "ToId2": null, "TranspId2": null, "RestrId3": null, "FromId3": null, "ToId3": null, "TranspId3": null, "RestrId4": null, "FromId4": null, "ToId4": null, "TranspId4": null, "RestrId5": null, "FromId5": null, "ToId5": null, "TranspId5": null, "RestrId6": null, "FromId6": null, "ToId6": null, "TranspId6": null, "RestrId7": null, "FromId7": null, "ToId7": null, "TranspId7": null, "RestrId8": null, "FromId8": null, "ToId8": null, "TranspId8": null, "RestrId9": null, "FromId9": null, "ToId9": null, "TranspId9": null, "RestrId10": null, "FromId10": null, "ToId10": null, "TranspId10": null, "RestrId11": null, "FromId11": null, "ToId11": null, "TranspId11": null, "RestrId12": null, "FromId12": null, "ToId12": null, "TranspId12": null, "RestrId13": null, "FromId13": null, "ToId13": null, "TranspId13": null, "RestrId14": null, "FromId14": null, "ToId14": null, "TranspId14": null, "RestrId15": null, "FromId15": null, "ToId15": null, "TranspId15": null, "RestrId16": null, "FromId16": null, "ToId16": null, "TranspId16": null, "RestrId17": null, "FromId17": null, "ToId17": null, "TranspId17": null, "RestrId18": null, "FromId18": null, "ToId18": null, "TranspId18": null, "RestrId19": null, "FromId19": null, "ToId19": null, "TranspId19": null, "RestrId20": null, "FromId20": null, "ToId20": null, "TranspId20": null, "RestrId21": null, "FromId21": null, "ToId21": null, "TranspId21": null, "RestrId22": null, "FromId22": null, "ToId22": null, "TranspId22": null, "RestrId23": null, "FromId23": null, "ToId23": null, "TranspId23": null, "RestrId24": null, "FromId24": null, "ToId24": null, "TranspId24": null, "RestrId25": null, "FromId25": null, "ToId25": null, "TranspId25": null, "RestrId26": null, "FromId26": null, "ToId26": null, "TranspId26": null, "RestrId27": null, "FromId27": null, "ToId27": null, "TranspId27": null, "RestrId28": null, "FromId28": null, "ToId28": null, "TranspId28": null, "RestrId29": null, "FromId29": null, "ToId29": null, "TranspId29": null, "RestrId30": null, "FromId30": null, "ToId30": null, "TranspId30": null }, "geometry": { "type": "Point", "coordinates": [ 71.454172340506517, 51.1193494860632 ] } },
{ "type": "Feature", "properties": { "DeadEnd": 0, "Junction": null, "Control": 1, "Synonym": null, "ZLevel": 0, "GatewayId": null, "CrossesId": "70030076155945601", "RestrId1": "9550446733481599693", "FromId1": "70030076155945062", "ToId1": "70030076995307708", "TranspId1": "2", "RestrId2": "9550446733481599694", "FromId2": "70030076155945062", "ToId2": "70030076995307708", "TranspId2": "1", "RestrId3": null, "FromId3": null, "ToId3": null, "TranspId3": null, "RestrId4": null, "FromId4": null, "ToId4": null, "TranspId4": null, "RestrId5": null, "FromId5": null, "ToId5": null, "TranspId5": null, "RestrId6": null, "FromId6": null, "ToId6": null, "TranspId6": null, "RestrId7": null, "FromId7": null, "ToId7": null, "TranspId7": null, "RestrId8": null, "FromId8": null, "ToId8": null, "TranspId8": null, "RestrId9": null, "FromId9": null, "ToId9": null, "TranspId9": null, "RestrId10": null, "FromId10": null, "ToId10": null, "TranspId10": null, "RestrId11": null, "FromId11": null, "ToId11": null, "TranspId11": null, "RestrId12": null, "FromId12": null, "ToId12": null, "TranspId12": null, "RestrId13": null, "FromId13": null, "ToId13": null, "TranspId13": null, "RestrId14": null, "FromId14": null, "ToId14": null, "TranspId14": null, "RestrId15": null, "FromId15": null, "ToId15": null, "TranspId15": null, "RestrId16": null, "FromId16": null, "ToId16": null, "TranspId16": null, "RestrId17": null, "FromId17": null, "ToId17": null, "TranspId17": null, "RestrId18": null, "FromId18": null, "ToId18": null, "TranspId18": null, "RestrId19": null, "FromId19": null, "ToId19": null, "TranspId19": null, "RestrId20": null, "FromId20": null, "ToId20": null, "TranspId20": null, "RestrId21": null, "FromId21": null, "ToId21": null, "TranspId21": null, "RestrId22": null, "FromId22": null, "ToId22": null, "TranspId22": null, "RestrId23": null, "FromId23": null, "ToId23": null, "TranspId23": null, "RestrId24": null, "FromId24": null, "ToId24": null, "TranspId24": null, "RestrId25": null, "FromId25": null, "ToId25": null, "TranspId25": null, "RestrId26": null, "FromId26": null, "ToId26": null, "TranspId26": null, "RestrId27": null, "FromId27": null, "ToId27": null, "TranspId27": null, "RestrId28": null, "FromId28": null, "ToId28": null, "TranspId28": null, "RestrId29": null, "FromId29": null, "ToId29": null, "TranspId29": null, "RestrId30": null, "FromId30": null, "ToId30": null, "TranspId30": null }, "geometry": { "type": "Point", "coordinates": [ 71.45404486956771, 51.119369447151861 ] } },
{ "type": "Feature", "properties": { "DeadEnd": 0, "Junction": null, "Control": 1, "Synonym": null, "ZLevel": 0, "GatewayId": null, "CrossesId": "70030076155945696", "RestrId1": "9550446733500473371", "FromId1": "70030076979282394", "ToId1": "70030076127958186", "TranspId1": "3", "RestrId2": "9550446733500473372", "FromId2": "70030076979282394", "ToId2": "70030076127958186", "TranspId2": "2", "RestrId3": "9550446733500473373", "FromId3": "70030076979282394", "ToId3": "70030076127958186", "TranspId3": "1", "RestrId4": "9550446733500473374", "FromId4": "70030076995307708", "ToId4": "70030076127958186", "TranspId4": "3", "RestrId5": "9550446733500473375", "FromId5": "70030076995307708", "ToId5": "70030076127958186", "TranspId5": "2", "RestrId6": "9550446733500473376", "FromId6": "70030076995307708", "ToId6": "70030076127958186", "TranspId6": "1", "RestrId7": "9550446733500473377", "FromId7": "70030076159534189", "ToId7": "70030076155945164", "TranspId7": "3", "RestrId8": "9550446733500473378", "FromId8": "70030076159534189", "ToId8": "70030076155945164", "TranspId8": "2", "RestrId9": "9550446733500473379", "FromId9": "70030076159534189", "ToId9": "70030076155945164", "TranspId9": "1", "RestrId10": "9550446733500473380", "FromId10": "70030076979282394", "ToId10": "70030076979282394", "TranspId10": "3", "RestrId11": "9550446733500473381", "FromId11": "70030076979282394", "ToId11": "70030076979282394", "TranspId11": "2", "RestrId12": "9550446733500473382", "FromId12": "70030076979282394", "ToId12": "70030076979282394", "TranspId12": "1", "RestrId13": "9550446733500473383", "FromId13": "70030076995307708", "ToId13": "70030076155945164", "TranspId13": "3", "RestrId14": "9550446733500473384", "FromId14": "70030076995307708", "ToId14": "70030076155945164", "TranspId14": "2", "RestrId15": "9550446733500473385", "FromId15": "70030076995307708", "ToId15": "70030076155945164", "TranspId15": "1", "RestrId16": null, "FromId16": null, "ToId16": null, "TranspId16": null, "RestrId17": null, "FromId17": null, "ToId17": null, "TranspId17": null, "RestrId18": null, "FromId18": null, "ToId18": null, "TranspId18": null, "RestrId19": null, "FromId19": null, "ToId19": null, "TranspId19": null, "RestrId20": null, "FromId20": null, "ToId20": null, "TranspId20": null, "RestrId21": null, "FromId21": null, "ToId21": null, "TranspId21": null, "RestrId22": null, "FromId22": null, "ToId22": null, "TranspId22": null, "RestrId23": null, "FromId23": null, "ToId23": null, "TranspId23": null, "RestrId24": null, "FromId24": null, "ToId24": null, "TranspId24": null, "RestrId25": null, "FromId25": null, "ToId25": null, "TranspId25": null, "RestrId26": null, "FromId26": null, "ToId26": null, "TranspId26": null, "RestrId27": null, "FromId27": null, "ToId27": null, "TranspId27": null, "RestrId28": null, "FromId28": null, "ToId28": null, "TranspId28": null, "RestrId29": null, "FromId29": null, "ToId29": null, "TranspId29": null, "RestrId30": null, "FromId30": null, "ToId30": null, "TranspId30": null }, "geometry": { "type": "Point", "coordinates": [ 71.454108919447464, 51.119169497552136 ] } },
{ "type": "Feature", "properties": { "DeadEnd": 0, "Junction": null, "Control": 1, "Synonym": null, "ZLevel": 0, "GatewayId": null, "CrossesId": "70030076299506417", "RestrId1": null, "FromId1": null, "ToId1": null, "TranspId1": null, "RestrId2": null, "FromId2": null, "ToId2": null, "TranspId2": null, "RestrId3": null, "FromId3": null, "ToId3": null, "TranspId3": null, "RestrId4": null, "FromId4": null, "ToId4": null, "TranspId4": null, "RestrId5": null, "FromId5": null, "ToId5": null, "TranspId5": null, "RestrId6": null, "FromId6": null, "ToId6": null, "TranspId6": null, "RestrId7": null, "FromId7": null, "ToId7": null, "TranspId7": null, "RestrId8": null, "FromId8": null, "ToId8": null, "TranspId8": null, "RestrId9": null, "FromId9": null, "ToId9": null, "TranspId9": null, "RestrId10": null, "FromId10": null, "ToId10": null, "TranspId10": null, "RestrId11": null, "FromId11": null, "ToId11": null, "TranspId11": null, "RestrId12": null, "FromId12": null, "ToId12": null, "TranspId12": null, "RestrId13": null, "FromId13": null, "ToId13": null, "TranspId13": null, "RestrId14": null, "FromId14": null, "ToId14": null, "TranspId14": null, "RestrId15": null, "FromId15": null, "ToId15": null, "TranspId15": null, "RestrId16": null, "FromId16": null, "ToId16": null, "TranspId16": null, "RestrId17": null, "FromId17": null, "ToId17": null, "TranspId17": null, "RestrId18": null, "FromId18": null, "ToId18": null, "TranspId18": null, "RestrId19": null, "FromId19": null, "ToId19": null, "TranspId19": null, "RestrId20": null, "FromId20": null, "ToId20": null, "TranspId20": null, "RestrId21": null, "FromId21": null, "ToId21": null, "TranspId21": null, "RestrId22": null, "FromId22": null, "ToId22": null, "TranspId22": null, "RestrId23": null, "FromId23": null, "ToId23": null, "TranspId23": null, "RestrId24": null, "FromId24": null, "ToId24": null, "TranspId24": null, "RestrId25": null, "FromId25": null, "ToId25": null, "TranspId25": null, "RestrId26": null, "FromId26": null, "ToId26": null, "TranspId26": null, "RestrId27": null, "FromId27": null, "ToId27": null, "TranspId27": null, "RestrId28": null, "FromId28": null, "ToId28": null, "TranspId28": null, "RestrId29": null, "FromId29": null, "ToId29": null, "TranspId29": null, "RestrId30": null, "FromId30": null, "ToId30": null, "TranspId30": null }, "geometry": { "type": "Point", "coordinates": [ 71.45759599971737, 51.120614066022291 ] } },
{ "type": "Feature", "properties": { "DeadEnd": 0, "Junction": null, "Control": 1, "Synonym": null, "ZLevel": 0, "GatewayId": null, "CrossesId": "70030076299506881", "RestrId1": null, "FromId1": null, "ToId1": null, "TranspId1": null, "RestrId2": null, "FromId2": null, "ToId2": null, "TranspId2": null, "RestrId3": null, "FromId3": null, "ToId3": null, "TranspId3": null, "RestrId4": null, "FromId4": null, "ToId4": null, "TranspId4": null, "RestrId5": null, "FromId5": null, "ToId5": null, "TranspId5": null, "RestrId6": null, "FromId6": null, "ToId6": null, "TranspId6": null, "RestrId7": null, "FromId7": null, "ToId7": null, "TranspId7": null, "RestrId8": null, "FromId8": null, "ToId8": null, "TranspId8": null, "RestrId9": null, "FromId9": null, "ToId9": null, "TranspId9": null, "RestrId10": null, "FromId10": null, "ToId10": null, "TranspId10": null, "RestrId11": null, "FromId11": null, "ToId11": null, "TranspId11": null, "RestrId12": null, "FromId12": null, "ToId12": null, "TranspId12": null, "RestrId13": null, "FromId13": null, "ToId13": null, "TranspId13": null, "RestrId14": null, "FromId14": null, "ToId14": null, "TranspId14": null, "RestrId15": null, "FromId15": null, "ToId15": null, "TranspId15": null, "RestrId16": null, "FromId16": null, "ToId16": null, "TranspId16": null, "RestrId17": null, "FromId17": null, "ToId17": null, "TranspId17": null, "RestrId18": null, "FromId18": null, "ToId18": null, "TranspId18": null, "RestrId19": null, "FromId19": null, "ToId19": null, "TranspId19": null, "RestrId20": null, "FromId20": null, "ToId20": null, "TranspId20": null, "RestrId21": null, "FromId21": null, "ToId21": null, "TranspId21": null, "RestrId22": null, "FromId22": null, "ToId22": null, "TranspId22": null, "RestrId23": null, "FromId23": null, "ToId23": null, "TranspId23": null, "RestrId24": null, "FromId24": null, "ToId24": null, "TranspId24": null, "RestrId25": null, "FromId25": null, "ToId25": null, "TranspId25": null, "RestrId26": null, "FromId26": null, "ToId26": null, "TranspId26": null, "RestrId27": null, "FromId27": null, "ToId27": null, "TranspId27": null, "RestrId28": null, "FromId28": null, "ToId28": null, "TranspId28": null, "RestrId29": null, "FromId29": null, "ToId29": null, "TranspId29": null, "RestrId30": null, "FromId30": null, "ToId30": null, "TranspId30": null }, "geometry": { "type": "Point", "coordinates": [ 71.458114956456996, 51.120675357264588 ] } },
{ "type": "Feature", "properties": { "DeadEnd": 0, "Junction": null, "Control": 1, "Synonym": null, "ZLevel": 0, "GatewayId": null, "CrossesId": "70030076299506900", "RestrId1": null, "FromId1": null, "ToId1": null, "TranspId1": null, "RestrId2": null, "FromId2": null, "ToId2": null, "TranspId2": null, "RestrId3": null, "FromId3": null, "ToId3": null, "TranspId3": null, "RestrId4": null, "FromId4": null, "ToId4": null, "TranspId4": null, "RestrId5": null, "FromId5": null, "ToId5": null, "TranspId5": null, "RestrId6": null, "FromId6": null, "ToId6": null, "TranspId6": null, "RestrId7": null, "FromId7": null, "ToId7": null, "TranspId7": null, "RestrId8": null, "FromId8": null, "ToId8": null, "TranspId8": null, "RestrId9": null, "FromId9": null, "ToId9": null, "TranspId9": null, "RestrId10": null, "FromId10": null, "ToId10": null, "TranspId10": null, "RestrId11": null, "FromId11": null, "ToId11": null, "TranspId11": null, "RestrId12": null, "FromId12": null, "ToId12": null, "TranspId12": null, "RestrId13": null, "FromId13": null, "ToId13": null, "TranspId13": null, "RestrId14": null, "FromId14": null, "ToId14": null, "TranspId14": null, "RestrId15": null, "FromId15": null, "ToId15": null, "TranspId15": null, "RestrId16": null, "FromId16": null, "ToId16": null, "TranspId16": null, "RestrId17": null, "FromId17": null, "ToId17": null, "TranspId17": null, "RestrId18": null, "FromId18": null, "ToId18": null, "TranspId18": null, "RestrId19": null, "FromId19": null, "ToId19": null, "TranspId19": null, "RestrId20": null, "FromId20": null, "ToId20": null, "TranspId20": null, "RestrId21": null, "FromId21": null, "ToId21": null, "TranspId21": null, "RestrId22": null, "FromId22": null, "ToId22": null, "TranspId22": null, "RestrId23": null, "FromId23": null, "ToId23": null, "TranspId23": null, "RestrId24": null, "FromId24": null, "ToId24": null, "TranspId24": null, "RestrId25": null, "FromId25": null, "ToId25": null, "TranspId25": null, "RestrId26": null, "FromId26": null, "ToId26": null, "TranspId26": null, "RestrId27": null, "FromId27": null, "ToId27": null, "TranspId27": null, "RestrId28": null, "FromId28": null, "ToId28": null, "TranspId28": null, "RestrId29": null, "FromId29": null, "ToId29": null, "TranspId29": null, "RestrId30": null, "FromId30": null, "ToId30": null, "TranspId30": null }, "geometry": { "type": "Point", "coordinates": [ 71.458093935879347, 51.120586267851579 ] } },
{ "type": "Feature", "properties": { "DeadEnd": 0, "Junction": null, "Control": 1, "Synonym": null, "ZLevel": 0, "GatewayId": null, "CrossesId": "70030076493113441", "RestrId1": null, "FromId1": null, "ToId1": null, "TranspId1": null, "RestrId2": null, "FromId2": null, "ToId2": null, "TranspId2": null, "RestrId3": null, "FromId3": null, "ToId3": null, "TranspId3": null, "RestrId4": null, "FromId4": null, "ToId4": null, "TranspId4": null, "RestrId5": null, "FromId5": null, "ToId5": null, "TranspId5": null, "RestrId6": null, "FromId6": null, "ToId6": null, "TranspId6": null, "RestrId7": null, "FromId7": null, "ToId7": null, "TranspId7": null, "RestrId8": null, "FromId8": null, "ToId8": null, "TranspId8": null, "RestrId9": null, "FromId9": null, "ToId9": null, "TranspId9": null, "RestrId10": null, "FromId10": null, "ToId10": null, "TranspId10": null, "RestrId11": null, "FromId11": null, "ToId11": null, "TranspId11": null, "RestrId12": null, "FromId12": null, "ToId12": null, "TranspId12": null, "RestrId13": null, "FromId13": null, "ToId13": null, "TranspId13": null, "RestrId14": null, "FromId14": null, "ToId14": null, "TranspId14": null, "RestrId15": null, "FromId15": null, "ToId15": null, "TranspId15": null, "RestrId16": null, "FromId16": null, "ToId16": null, "TranspId16": null, "RestrId17": null, "FromId17": null, "ToId17": null, "TranspId17": null, "RestrId18": null, "FromId18": null, "ToId18": null, "TranspId18": null, "RestrId19": null, "FromId19": null, "ToId19": null, "TranspId19": null, "RestrId20": null, "FromId20": null, "ToId20": null, "TranspId20": null, "RestrId21": null, "FromId21": null, "ToId21": null, "TranspId21": null, "RestrId22": null, "FromId22": null, "ToId22": null, "TranspId22": null, "RestrId23": null, "FromId23": null, "ToId23": null, "TranspId23": null, "RestrId24": null, "FromId24": null, "ToId24": null, "TranspId24": null, "RestrId25": null, "FromId25": null, "ToId25": null, "TranspId25": null, "RestrId26": null, "FromId26": null, "ToId26": null, "TranspId26": null, "RestrId27": null, "FromId27": null, "ToId27": null, "TranspId27": null, "RestrId28": null, "FromId28": null, "ToId28": null, "TranspId28": null, "RestrId29": null, "FromId29": null, "ToId29": null, "TranspId29": null, "RestrId30": null, "FromId30": null, "ToId30": null, "TranspId30": null }, "geometry": { "type": "Point", "coordinates": [ 71.468337604727225, 51.134365399329063 ] } },
{ "type": "Feature", "properties": { "DeadEnd": 0, "Junction": null, "Control": 1, "Synonym": null, "ZLevel": 0, "GatewayId": null, "CrossesId": "70030076493113450", "RestrId1": null, "FromId1": null, "ToId1": null, "TranspId1": null, "RestrId2": null, "FromId2": null, "ToId2": null, "TranspId2": null, "RestrId3": null, "FromId3": null, "ToId3": null, "TranspId3": null, "RestrId4": null, "FromId4": null, "ToId4": null, "TranspId4": null, "RestrId5": null, "FromId5": null, "ToId5": null, "TranspId5": null, "RestrId6": null, "FromId6": null, "ToId6": null, "TranspId6": null, "RestrId7": null, "FromId7": null, "ToId7": null, "TranspId7": null, "RestrId8": null, "FromId8": null, "ToId8": null, "TranspId8": null, "RestrId9": null, "FromId9": null, "ToId9": null, "TranspId9": null, "RestrId10": null, "FromId10": null, "ToId10": null, "TranspId10": null, "RestrId11": null, "FromId11": null, "ToId11": null, "TranspId11": null, "RestrId12": null, "FromId12": null, "ToId12": null, "TranspId12": null, "RestrId13": null, "FromId13": null, "ToId13": null, "TranspId13": null, "RestrId14": null, "FromId14": null, "ToId14": null, "TranspId14": null, "RestrId15": null, "FromId15": null, "ToId15": null, "TranspId15": null, "RestrId16": null, "FromId16": null, "ToId16": null, "TranspId16": null, "RestrId17": null, "FromId17": null, "ToId17": null, "TranspId17": null, "RestrId18": null, "FromId18": null, "ToId18": null, "TranspId18": null, "RestrId19": null, "FromId19": null, "ToId19": null, "TranspId19": null, "RestrId20": null, "FromId20": null, "ToId20": null, "TranspId20": null, "RestrId21": null, "FromId21": null, "ToId21": null, "TranspId21": null, "RestrId22": null, "FromId22": null, "ToId22": null, "TranspId22": null, "RestrId23": null, "FromId23": null, "ToId23": null, "TranspId23": null, "RestrId24": null, "FromId24": null, "ToId24": null, "TranspId24": null, "RestrId25": null, "FromId25": null, "ToId25": null, "TranspId25": null, "RestrId26": null, "FromId26": null, "ToId26": null, "TranspId26": null, "RestrId27": null, "FromId27": null, "ToId27": null, "TranspId27": null, "RestrId28": null, "FromId28": null, "ToId28": null, "TranspId28": null, "RestrId29": null, "FromId29": null, "ToId29": null, "TranspId29": null, "RestrId30": null, "FromId30": null, "ToId30": null, "TranspId30": null }, "geometry": { "type": "Point", "coordinates": [ 71.468595690708355, 51.134441610072201 ] } },
{ "type": "Feature", "properties": { "DeadEnd": 0, "Junction": null, "Control": 1, "Synonym": null, "ZLevel": 0, "GatewayId": null, "CrossesId": "70030076479890169", "RestrId1": null, "FromId1": null, "ToId1": null, "TranspId1": null, "RestrId2": null, "FromId2": null, "ToId2": null, "TranspId2": null, "RestrId3": null, "FromId3": null, "ToId3": null, "TranspId3": null, "RestrId4": null, "FromId4": null, "ToId4": null, "TranspId4": null, "RestrId5": null, "FromId5": null, "ToId5": null, "TranspId5": null, "RestrId6": null, "FromId6": null, "ToId6": null, "TranspId6": null, "RestrId7": null, "FromId7": null, "ToId7": null, "TranspId7": null, "RestrId8": null, "FromId8": null, "ToId8": null, "TranspId8": null, "RestrId9": null, "FromId9": null, "ToId9": null, "TranspId9": null, "RestrId10": null, "FromId10": null, "ToId10": null, "TranspId10": null, "RestrId11": null, "FromId11": null, "ToId11": null, "TranspId11": null, "RestrId12": null, "FromId12": null, "ToId12": null, "TranspId12": null, "RestrId13": null, "FromId13": null, "ToId13": null, "TranspId13": null, "RestrId14": null, "FromId14": null, "ToId14": null, "TranspId14": null, "RestrId15": null, "FromId15": null, "ToId15": null, "TranspId15": null, "RestrId16": null, "FromId16": null, "ToId16": null, "TranspId16": null, "RestrId17": null, "FromId17": null, "ToId17": null, "TranspId17": null, "RestrId18": null, "FromId18": null, "ToId18": null, "TranspId18": null, "RestrId19": null, "FromId19": null, "ToId19": null, "TranspId19": null, "RestrId20": null, "FromId20": null, "ToId20": null, "TranspId20": null, "RestrId21": null, "FromId21": null, "ToId21": null, "TranspId21": null, "RestrId22": null, "FromId22": null, "ToId22": null, "TranspId22": null, "RestrId23": null, "FromId23": null, "ToId23": null, "TranspId23": null, "RestrId24": null, "FromId24": null, "ToId24": null, "TranspId24": null, "RestrId25": null, "FromId25": null, "ToId25": null, "TranspId25": null, "RestrId26": null, "FromId26": null, "ToId26": null, "TranspId26": null, "RestrId27": null, "FromId27": null, "ToId27": null, "TranspId27": null, "RestrId28": null, "FromId28": null, "ToId28": null, "TranspId28": null, "RestrId29": null, "FromId29": null, "ToId29": null, "TranspId29": null, "RestrId30": null, "FromId30": null, "ToId30": null, "TranspId30": null }, "geometry": { "type": "Point", "coordinates": [ 71.437902862564314, 51.121725076985598 ] } },
{ "type": "Feature", "properties": { "DeadEnd": 0, "Junction": null, "Control": 1, "Synonym": null, "ZLevel": 0, "GatewayId": null, "CrossesId": "70030076479890469", "RestrId1": null, "FromId1": null, "ToId1": null, "TranspId1": null, "RestrId2": null, "FromId2": null, "ToId2": null, "TranspId2": null, "RestrId3": null, "FromId3": null, "ToId3": null, "TranspId3": null, "RestrId4": null, "FromId4": null, "ToId4": null, "TranspId4": null, "RestrId5": null, "FromId5": null, "ToId5": null, "TranspId5": null, "RestrId6": null, "FromId6": null, "ToId6": null, "TranspId6": null, "RestrId7": null, "FromId7": null, "ToId7": null, "TranspId7": null, "RestrId8": null, "FromId8": null, "ToId8": null, "TranspId8": null, "RestrId9": null, "FromId9": null, "ToId9": null, "TranspId9": null, "RestrId10": null, "FromId10": null, "ToId10": null, "TranspId10": null, "RestrId11": null, "FromId11": null, "ToId11": null, "TranspId11": null, "RestrId12": null, "FromId12": null, "ToId12": null, "TranspId12": null, "RestrId13": null, "FromId13": null, "ToId13": null, "TranspId13": null, "RestrId14": null, "FromId14": null, "ToId14": null, "TranspId14": null, "RestrId15": null, "FromId15": null, "ToId15": null, "TranspId15": null, "RestrId16": null, "FromId16": null, "ToId16": null, "TranspId16": null, "RestrId17": null, "FromId17": null, "ToId17": null, "TranspId17": null, "RestrId18": null, "FromId18": null, "ToId18": null, "TranspId18": null, "RestrId19": null, "FromId19": null, "ToId19": null, "TranspId19": null, "RestrId20": null, "FromId20": null, "ToId20": null, "TranspId20": null, "RestrId21": null, "FromId21": null, "ToId21": null, "TranspId21": null, "RestrId22": null, "FromId22": null, "ToId22": null, "TranspId22": null, "RestrId23": null, "FromId23": null, "ToId23": null, "TranspId23": null, "RestrId24": null, "FromId24": null, "ToId24": null, "TranspId24": null, "RestrId25": null, "FromId25": null, "ToId25": null, "TranspId25": null, "RestrId26": null, "FromId26": null, "ToId26": null, "TranspId26": null, "RestrId27": null, "FromId27": null, "ToId27": null, "TranspId27": null, "RestrId28": null, "FromId28": null, "ToId28": null, "TranspId28": null, "RestrId29": null, "FromId29": null, "ToId29": null, "TranspId29": null, "RestrId30": null, "FromId30": null, "ToId30": null, "TranspId30": null }, "geometry": { "type": "Point", "coordinates": [ 71.438672449268225, 51.121775259046615 ] } },
{ "type": "Feature", "properties": { "DeadEnd": 0, "Junction": null, "Control": 1, "Synonym": null, "ZLevel": 0, "GatewayId": null, "CrossesId": "70030076571135059", "RestrId1": null, "FromId1": null, "ToId1": null, "TranspId1": null, "RestrId2": null, "FromId2": null, "ToId2": null, "TranspId2": null, "RestrId3": null, "FromId3": null, "ToId3": null, "TranspId3": null, "RestrId4": null, "FromId4": null, "ToId4": null, "TranspId4": null, "RestrId5": null, "FromId5": null, "ToId5": null, "TranspId5": null, "RestrId6": null, "FromId6": null, "ToId6": null, "TranspId6": null, "RestrId7": null, "FromId7": null, "ToId7": null, "TranspId7": null, "RestrId8": null, "FromId8": null, "ToId8": null, "TranspId8": null, "RestrId9": null, "FromId9": null, "ToId9": null, "TranspId9": null, "RestrId10": null, "FromId10": null, "ToId10": null, "TranspId10": null, "RestrId11": null, "FromId11": null, "ToId11": null, "TranspId11": null, "RestrId12": null, "FromId12": null, "ToId12": null, "TranspId12": null, "RestrId13": null, "FromId13": null, "ToId13": null, "TranspId13": null, "RestrId14": null, "FromId14": null, "ToId14": null, "TranspId14": null, "RestrId15": null, "FromId15": null, "ToId15": null, "TranspId15": null, "RestrId16": null, "FromId16": null, "ToId16": null, "TranspId16": null, "RestrId17": null, "FromId17": null, "ToId17": null, "TranspId17": null, "RestrId18": null, "FromId18": null, "ToId18": null, "TranspId18": null, "RestrId19": null, "FromId19": null, "ToId19": null, "TranspId19": null, "RestrId20": null, "FromId20": null, "ToId20": null, "TranspId20": null, "RestrId21": null, "FromId21": null, "ToId21": null, "TranspId21": null, "RestrId22": null, "FromId22": null, "ToId22": null, "TranspId22": null, "RestrId23": null, "FromId23": null, "ToId23": null, "TranspId23": null, "RestrId24": null, "FromId24": null, "ToId24": null, "TranspId24": null, "RestrId25": null, "FromId25": null, "ToId25": null, "TranspId25": null, "RestrId26": null, "FromId26": null, "ToId26": null, "TranspId26": null, "RestrId27": null, "FromId27": null, "ToId27": null, "TranspId27": null, "RestrId28": null, "FromId28": null, "ToId28": null, "TranspId28": null, "RestrId29": null, "FromId29": null, "ToId29": null, "TranspId29": null, "RestrId30": null, "FromId30": null, "ToId30": null, "TranspId30": null }, "geometry": { "type": "Point", "coordinates": [ 71.459765520960048, 51.118291084913622 ] } },
{ "type": "Feature", "properties": { "DeadEnd": 0, "Junction": null, "Control": 1, "Synonym": null, "ZLevel": 0, "GatewayId": null, "CrossesId": "70030076571135079", "RestrId1": null, "FromId1": null, "ToId1": null, "TranspId1": null, "RestrId2": null, "FromId2": null, "ToId2": null, "TranspId2": null, "RestrId3": null, "FromId3": null, "ToId3": null, "TranspId3": null, "RestrId4": null, "FromId4": null, "ToId4": null, "TranspId4": null, "RestrId5": null, "FromId5": null, "ToId5": null, "TranspId5": null, "RestrId6": null, "FromId6": null, "ToId6": null, "TranspId6": null, "RestrId7": null, "FromId7": null, "ToId7": null, "TranspId7": null, "RestrId8": null, "FromId8": null, "ToId8": null, "TranspId8": null, "RestrId9": null, "FromId9": null, "ToId9": null, "TranspId9": null, "RestrId10": null, "FromId10": null, "ToId10": null, "TranspId10": null, "RestrId11": null, "FromId11": null, "ToId11": null, "TranspId11": null, "RestrId12": null, "FromId12": null, "ToId12": null, "TranspId12": null, "RestrId13": null, "FromId13": null, "ToId13": null, "TranspId13": null, "RestrId14": null, "FromId14": null, "ToId14": null, "TranspId14": null, "RestrId15": null, "FromId15": null, "ToId15": null, "TranspId15": null, "RestrId16": null, "FromId16": null, "ToId16": null, "TranspId16": null, "RestrId17": null, "FromId17": null, "ToId17": null, "TranspId17": null, "RestrId18": null, "FromId18": null, "ToId18": null, "TranspId18": null, "RestrId19": null, "FromId19": null, "ToId19": null, "TranspId19": null, "RestrId20": null, "FromId20": null, "ToId20": null, "TranspId20": null, "RestrId21": null, "FromId21": null, "ToId21": null, "TranspId21": null, "RestrId22": null, "FromId22": null, "ToId22": null, "TranspId22": null, "RestrId23": null, "FromId23": null, "ToId23": null, "TranspId23": null, "RestrId24": null, "FromId24": null, "ToId24": null, "TranspId24": null, "RestrId25": null, "FromId25": null, "ToId25": null, "TranspId25": null, "RestrId26": null, "FromId26": null, "ToId26": null, "TranspId26": null, "RestrId27": null, "FromId27": null, "ToId27": null, "TranspId27": null, "RestrId28": null, "FromId28": null, "ToId28": null, "TranspId28": null, "RestrId29": null, "FromId29": null, "ToId29": null, "TranspId29": null, "RestrId30": null, "FromId30": null, "ToId30": null, "TranspId30": null }, "geometry": { "type": "Point", "coordinates": [ 71.459832535280242, 51.118462787760052 ] } },
{ "type": "Feature", "properties": { "DeadEnd": 0, "Junction": null, "Control": 1, "Synonym": null, "ZLevel": 0, "GatewayId": null, "CrossesId": "70030076650244229", "RestrId1": null, "FromId1": null, "ToId1": null, "TranspId1": null, "RestrId2": null, "FromId2": null, "ToId2": null, "TranspId2": null, "RestrId3": null, "FromId3": null, "ToId3": null, "TranspId3": null, "RestrId4": null, "FromId4": null, "ToId4": null, "TranspId4": null, "RestrId5": null, "FromId5": null, "ToId5": null, "TranspId5": null, "RestrId6": null, "FromId6": null, "ToId6": null, "TranspId6": null, "RestrId7": null, "FromId7": null, "ToId7": null, "TranspId7": null, "RestrId8": null, "FromId8": null, "ToId8": null, "TranspId8": null, "RestrId9": null, "FromId9": null, "ToId9": null, "TranspId9": null, "RestrId10": null, "FromId10": null, "ToId10": null, "TranspId10": null, "RestrId11": null, "FromId11": null, "ToId11": null, "TranspId11": null, "RestrId12": null, "FromId12": null, "ToId12": null, "TranspId12": null, "RestrId13": null, "FromId13": null, "ToId13": null, "TranspId13": null, "RestrId14": null, "FromId14": null, "ToId14": null, "TranspId14": null, "RestrId15": null, "FromId15": null, "ToId15": null, "TranspId15": null, "RestrId16": null, "FromId16": null, "ToId16": null, "TranspId16": null, "RestrId17": null, "FromId17": null, "ToId17": null, "TranspId17": null, "RestrId18": null, "FromId18": null, "ToId18": null, "TranspId18": null, "RestrId19": null, "FromId19": null, "ToId19": null, "TranspId19": null, "RestrId20": null, "FromId20": null, "ToId20": null, "TranspId20": null, "RestrId21": null, "FromId21": null, "ToId21": null, "TranspId21": null, "RestrId22": null, "FromId22": null, "ToId22": null, "TranspId22": null, "RestrId23": null, "FromId23": null, "ToId23": null, "TranspId23": null, "RestrId24": null, "FromId24": null, "ToId24": null, "TranspId24": null, "RestrId25": null, "FromId25": null, "ToId25": null, "TranspId25": null, "RestrId26": null, "FromId26": null, "ToId26": null, "TranspId26": null, "RestrId27": null, "FromId27": null, "ToId27": null, "TranspId27": null, "RestrId28": null, "FromId28": null, "ToId28": null, "TranspId28": null, "RestrId29": null, "FromId29": null, "ToId29": null, "TranspId29": null, "RestrId30": null, "FromId30": null, "ToId30": null, "TranspId30": null }, "geometry": { "type": "Point", "coordinates": [ 71.464062971447746, 51.120233178880639 ] } },
{ "type": "Feature", "properties": { "DeadEnd": 0, "Junction": null, "Control": 1, "Synonym": null, "ZLevel": 0, "GatewayId": null, "CrossesId": "70030076650244317", "RestrId1": null, "FromId1": null, "ToId1": null, "TranspId1": null, "RestrId2": null, "FromId2": null, "ToId2": null, "TranspId2": null, "RestrId3": null, "FromId3": null, "ToId3": null, "TranspId3": null, "RestrId4": null, "FromId4": null, "ToId4": null, "TranspId4": null, "RestrId5": null, "FromId5": null, "ToId5": null, "TranspId5": null, "RestrId6": null, "FromId6": null, "ToId6": null, "TranspId6": null, "RestrId7": null, "FromId7": null, "ToId7": null, "TranspId7": null, "RestrId8": null, "FromId8": null, "ToId8": null, "TranspId8": null, "RestrId9": null, "FromId9": null, "ToId9": null, "TranspId9": null, "RestrId10": null, "FromId10": null, "ToId10": null, "TranspId10": null, "RestrId11": null, "FromId11": null, "ToId11": null, "TranspId11": null, "RestrId12": null, "FromId12": null, "ToId12": null, "TranspId12": null, "RestrId13": null, "FromId13": null, "ToId13": null, "TranspId13": null, "RestrId14": null, "FromId14": null, "ToId14": null, "TranspId14": null, "RestrId15": null, "FromId15": null, "ToId15": null, "TranspId15": null, "RestrId16": null, "FromId16": null, "ToId16": null, "TranspId16": null, "RestrId17": null, "FromId17": null, "ToId17": null, "TranspId17": null, "RestrId18": null, "FromId18": null, "ToId18": null, "TranspId18": null, "RestrId19": null, "FromId19": null, "ToId19": null, "TranspId19": null, "RestrId20": null, "FromId20": null, "ToId20": null, "TranspId20": null, "RestrId21": null, "FromId21": null, "ToId21": null, "TranspId21": null, "RestrId22": null, "FromId22": null, "ToId22": null, "TranspId22": null, "RestrId23": null, "FromId23": null, "ToId23": null, "TranspId23": null, "RestrId24": null, "FromId24": null, "ToId24": null, "TranspId24": null, "RestrId25": null, "FromId25": null, "ToId25": null, "TranspId25": null, "RestrId26": null, "FromId26": null, "ToId26": null, "TranspId26": null, "RestrId27": null, "FromId27": null, "ToId27": null, "TranspId27": null, "RestrId28": null, "FromId28": null, "ToId28": null, "TranspId28": null, "RestrId29": null, "FromId29": null, "ToId29": null, "TranspId29": null, "RestrId30": null, "FromId30": null, "ToId30": null, "TranspId30": null }, "geometry": { "type": "Point", "coordinates": [ 71.464571777224677, 51.120203012259275 ] } },
{ "type": "Feature", "properties": { "DeadEnd": 0, "Junction": null, "Control": 1, "Synonym": null, "ZLevel": 0, "GatewayId": null, "CrossesId": "70030077028037508", "RestrId1": "9550446733447754808", "FromId1": "9570866467722864", "ToId1": "9570866467722864", "TranspId1": "3", "RestrId2": "9550446733447754809", "FromId2": "9570866467722864", "ToId2": "9570866467722864", "TranspId2": "2", "RestrId3": "9550446733447754810", "FromId3": "9570866467722864", "ToId3": "9570866467722864", "TranspId3": "1", "RestrId4": null, "FromId4": null, "ToId4": null, "TranspId4": null, "RestrId5": null, "FromId5": null, "ToId5": null, "TranspId5": null, "RestrId6": null, "FromId6": null, "ToId6": null, "TranspId6": null, "RestrId7": null, "FromId7": null, "ToId7": null, "TranspId7": null, "RestrId8": null, "FromId8": null, "ToId8": null, "TranspId8": null, "RestrId9": null, "FromId9": null, "ToId9": null, "TranspId9": null, "RestrId10": null, "FromId10": null, "ToId10": null, "TranspId10": null, "RestrId11": null, "FromId11": null, "ToId11": null, "TranspId11": null, "RestrId12": null, "FromId12": null, "ToId12": null, "TranspId12": null, "RestrId13": null, "FromId13": null, "ToId13": null, "TranspId13": null, "RestrId14": null, "FromId14": null, "ToId14": null, "TranspId14": null, "RestrId15": null, "FromId15": null, "ToId15": null, "TranspId15": null, "RestrId16": null, "FromId16": null, "ToId16": null, "TranspId16": null, "RestrId17": null, "FromId17": null, "ToId17": null, "TranspId17": null, "RestrId18": null, "FromId18": null, "ToId18": null, "TranspId18": null, "RestrId19": null, "FromId19": null, "ToId19": null, "TranspId19": null, "RestrId20": null, "FromId20": null, "ToId20": null, "TranspId20": null, "RestrId21": null, "FromId21": null, "ToId21": null, "TranspId21": null, "RestrId22": null, "FromId22": null, "ToId22": null, "TranspId22": null, "RestrId23": null, "FromId23": null, "ToId23": null, "TranspId23": null, "RestrId24": null, "FromId24": null, "ToId24": null, "TranspId24": null, "RestrId25": null, "FromId25": null, "ToId25": null, "TranspId25": null, "RestrId26": null, "FromId26": null, "ToId26": null, "TranspId26": null, "RestrId27": null, "FromId27": null, "ToId27": null, "TranspId27": null, "RestrId28": null, "FromId28": null, "ToId28": null, "TranspId28": null, "RestrId29": null, "FromId29": null, "ToId29": null, "TranspId29": null, "RestrId30": null, "FromId30": null, "ToId30": null, "TranspId30": null }, "geometry": { "type": "Point", "coordinates": [ 71.456833330041164, 51.120739467704219 ] } },
{ "type": "Feature", "properties": { "DeadEnd": 0, "Junction": null, "Control": 1, "Synonym": null, "ZLevel": 0, "GatewayId": null, "CrossesId": "70030077057351325", "RestrId1": null, "FromId1": null, "ToId1": null, "TranspId1": null, "RestrId2": null, "FromId2": null, "ToId2": null, "TranspId2": null, "RestrId3": null, "FromId3": null, "ToId3": null, "TranspId3": null, "RestrId4": null, "FromId4": null, "ToId4": null, "TranspId4": null, "RestrId5": null, "FromId5": null, "ToId5": null, "TranspId5": null, "RestrId6": null, "FromId6": null, "ToId6": null, "TranspId6": null, "RestrId7": null, "FromId7": null, "ToId7": null, "TranspId7": null, "RestrId8": null, "FromId8": null, "ToId8": null, "TranspId8": null, "RestrId9": null, "FromId9": null, "ToId9": null, "TranspId9": null, "RestrId10": null, "FromId10": null, "ToId10": null, "TranspId10": null, "RestrId11": null, "FromId11": null, "ToId11": null, "TranspId11": null, "RestrId12": null, "FromId12": null, "ToId12": null, "TranspId12": null, "RestrId13": null, "FromId13": null, "ToId13": null, "TranspId13": null, "RestrId14": null, "FromId14": null, "ToId14": null, "TranspId14": null, "RestrId15": null, "FromId15": null, "ToId15": null, "TranspId15": null, "RestrId16": null, "FromId16": null, "ToId16": null, "TranspId16": null, "RestrId17": null, "FromId17": null, "ToId17": null, "TranspId17": null, "RestrId18": null, "FromId18": null, "ToId18": null, "TranspId18": null, "RestrId19": null, "FromId19": null, "ToId19": null, "TranspId19": null, "RestrId20": null, "FromId20": null, "ToId20": null, "TranspId20": null, "RestrId21": null, "FromId21": null, "ToId21": null, "TranspId21": null, "RestrId22": null, "FromId22": null, "ToId22": null, "TranspId22": null, "RestrId23": null, "FromId23": null, "ToId23": null, "TranspId23": null, "RestrId24": null, "FromId24": null, "ToId24": null, "TranspId24": null, "RestrId25": null, "FromId25": null, "ToId25": null, "TranspId25": null, "RestrId26": null, "FromId26": null, "ToId26": null, "TranspId26": null, "RestrId27": null, "FromId27": null, "ToId27": null, "TranspId27": null, "RestrId28": null, "FromId28": null, "ToId28": null, "TranspId28": null, "RestrId29": null, "FromId29": null, "ToId29": null, "TranspId29": null, "RestrId30": null, "FromId30": null, "ToId30": null, "TranspId30": null }, "geometry": { "type": "Point", "coordinates": [ 71.466709767600875, 51.125399218262004 ] } },
{ "type": "Feature", "properties": { "DeadEnd": 0, "Junction": null, "Control": 1, "Synonym": null, "ZLevel": 0, "GatewayId": null, "CrossesId": "70030077058733161", "RestrId1": "9550446733479546582", "FromId1": "70030076993306857", "ToId1": "70030076994051833", "TranspId1": "3", "RestrId2": "9550446733479546583", "FromId2": "70030076993306857", "ToId2": "70030076994051833", "TranspId2": "2", "RestrId3": "9550446733479546584", "FromId3": "70030076993306857", "ToId3": "70030076994051833", "TranspId3": "1", "RestrId4": "9550446733479546585", "FromId4": "70030077058733043", "ToId4": "70030077041260757", "TranspId4": "3", "RestrId5": "9550446733479546586", "FromId5": "70030077058733043", "ToId5": "70030077041260757", "TranspId5": "2", "RestrId6": "9550446733479546587", "FromId6": "70030077058733043", "ToId6": "70030077041260757", "TranspId6": "1", "RestrId7": "9550446733479546588", "FromId7": "70030076994051045", "ToId7": "70030077058733043", "TranspId7": "3", "RestrId8": "9550446733479546589", "FromId8": "70030076994051045", "ToId8": "70030077058733043", "TranspId8": "2", "RestrId9": "9550446733479546590", "FromId9": "70030076994051045", "ToId9": "70030077058733043", "TranspId9": "1", "RestrId10": "9550446733479546591", "FromId10": "70030077058733043", "ToId10": "70030077058733043", "TranspId10": "3", "RestrId11": "9550446733479546592", "FromId11": "70030077058733043", "ToId11": "70030077058733043", "TranspId11": "2", "RestrId12": "9550446733479546593", "FromId12": "70030077058733043", "ToId12": "70030077058733043", "TranspId12": "1", "RestrId13": null, "FromId13": null, "ToId13": null, "TranspId13": null, "RestrId14": null, "FromId14": null, "ToId14": null, "TranspId14": null, "RestrId15": null, "FromId15": null, "ToId15": null, "TranspId15": null, "RestrId16": null, "FromId16": null, "ToId16": null, "TranspId16": null, "RestrId17": null, "FromId17": null, "ToId17": null, "TranspId17": null, "RestrId18": null, "FromId18": null, "ToId18": null, "TranspId18": null, "RestrId19": null, "FromId19": null, "ToId19": null, "TranspId19": null, "RestrId20": null, "FromId20": null, "ToId20": null, "TranspId20": null, "RestrId21": null, "FromId21": null, "ToId21": null, "TranspId21": null, "RestrId22": null, "FromId22": null, "ToId22": null, "TranspId22": null, "RestrId23": null, "FromId23": null, "ToId23": null, "TranspId23": null, "RestrId24": null, "FromId24": null, "ToId24": null, "TranspId24": null, "RestrId25": null, "FromId25": null, "ToId25": null, "TranspId25": null, "RestrId26": null, "FromId26": null, "ToId26": null, "TranspId26": null, "RestrId27": null, "FromId27": null, "ToId27": null, "TranspId27": null, "RestrId28": null, "FromId28": null, "ToId28": null, "TranspId28": null, "RestrId29": null, "FromId29": null, "ToId29": null, "TranspId29": null, "RestrId30": null, "FromId30": null, "ToId30": null, "TranspId30": null }, "geometry": { "type": "Point", "coordinates": [ 71.439274230677043, 51.129420394837339 ] } },
{ "type": "Feature", "properties": { "DeadEnd": 0, "Junction": null, "Control": 1, "Synonym": null, "ZLevel": 0, "GatewayId": null, "CrossesId": "70030077058733233", "RestrId1": "9550446733466100718", "FromId1": "70030077041258638", "ToId1": "70030076993298612", "TranspId1": "3", "RestrId2": "9550446733466100719", "FromId2": "70030077041258638", "ToId2": "70030076993298612", "TranspId2": "2", "RestrId3": "9550446733466100720", "FromId3": "70030077041258638", "ToId3": "70030076993298612", "TranspId3": "1", "RestrId4": "9550446733466100721", "FromId4": "70030077041260757", "ToId4": "70030076994051834", "TranspId4": "3", "RestrId5": "9550446733466100722", "FromId5": "70030077041260757", "ToId5": "70030076994051834", "TranspId5": "2", "RestrId6": "9550446733466100723", "FromId6": "70030077041260757", "ToId6": "70030076994051834", "TranspId6": "1", "RestrId7": null, "FromId7": null, "ToId7": null, "TranspId7": null, "RestrId8": null, "FromId8": null, "ToId8": null, "TranspId8": null, "RestrId9": null, "FromId9": null, "ToId9": null, "TranspId9": null, "RestrId10": null, "FromId10": null, "ToId10": null, "TranspId10": null, "RestrId11": null, "FromId11": null, "ToId11": null, "TranspId11": null, "RestrId12": null, "FromId12": null, "ToId12": null, "TranspId12": null, "RestrId13": null, "FromId13": null, "ToId13": null, "TranspId13": null, "RestrId14": null, "FromId14": null, "ToId14": null, "TranspId14": null, "RestrId15": null, "FromId15": null, "ToId15": null, "TranspId15": null, "RestrId16": null, "FromId16": null, "ToId16": null, "TranspId16": null, "RestrId17": null, "FromId17": null, "ToId17": null, "TranspId17": null, "RestrId18": null, "FromId18": null, "ToId18": null, "TranspId18": null, "RestrId19": null, "FromId19": null, "ToId19": null, "TranspId19": null, "RestrId20": null, "FromId20": null, "ToId20": null, "TranspId20": null, "RestrId21": null, "FromId21": null, "ToId21": null, "TranspId21": null, "RestrId22": null, "FromId22": null, "ToId22": null, "TranspId22": null, "RestrId23": null, "FromId23": null, "ToId23": null, "TranspId23": null, "RestrId24": null, "FromId24": null, "ToId24": null, "TranspId24": null, "RestrId25": null, "FromId25": null, "ToId25": null, "TranspId25": null, "RestrId26": null, "FromId26": null, "ToId26": null, "TranspId26": null, "RestrId27": null, "FromId27": null, "ToId27": null, "TranspId27": null, "RestrId28": null, "FromId28": null, "ToId28": null, "TranspId28": null, "RestrId29": null, "FromId29": null, "ToId29": null, "TranspId29": null, "RestrId30": null, "FromId30": null, "ToId30": null, "TranspId30": null }, "geometry": { "type": "Point", "coordinates": [ 71.439245754082549, 51.129348742187453 ] } },
{ "type": "Feature", "properties": { "DeadEnd": 0, "Junction": null, "Control": 1, "Synonym": null, "ZLevel": 0, "GatewayId": null, "CrossesId": "70030077058733260", "RestrId1": "9550446733479546701", "FromId1": "70030076994051834", "ToId1": "70030077058733043", "TranspId1": "3", "RestrId2": "9550446733479546702", "FromId2": "70030076994051834", "ToId2": "70030077058733043", "TranspId2": "2", "RestrId3": "9550446733479546703", "FromId3": "70030076994051834", "ToId3": "70030077058733043", "TranspId3": "1", "RestrId4": "9550446733479546704", "FromId4": "70030077058733043", "ToId4": "70030077058733043", "TranspId4": "3", "RestrId5": "9550446733479546705", "FromId5": "70030077058733043", "ToId5": "70030077058733043", "TranspId5": "2", "RestrId6": "9550446733479546706", "FromId6": "70030077058733043", "ToId6": "70030077058733043", "TranspId6": "1", "RestrId7": null, "FromId7": null, "ToId7": null, "TranspId7": null, "RestrId8": null, "FromId8": null, "ToId8": null, "TranspId8": null, "RestrId9": null, "FromId9": null, "ToId9": null, "TranspId9": null, "RestrId10": null, "FromId10": null, "ToId10": null, "TranspId10": null, "RestrId11": null, "FromId11": null, "ToId11": null, "TranspId11": null, "RestrId12": null, "FromId12": null, "ToId12": null, "TranspId12": null, "RestrId13": null, "FromId13": null, "ToId13": null, "TranspId13": null, "RestrId14": null, "FromId14": null, "ToId14": null, "TranspId14": null, "RestrId15": null, "FromId15": null, "ToId15": null, "TranspId15": null, "RestrId16": null, "FromId16": null, "ToId16": null, "TranspId16": null, "RestrId17": null, "FromId17": null, "ToId17": null, "TranspId17": null, "RestrId18": null, "FromId18": null, "ToId18": null, "TranspId18": null, "RestrId19": null, "FromId19": null, "ToId19": null, "TranspId19": null, "RestrId20": null, "FromId20": null, "ToId20": null, "TranspId20": null, "RestrId21": null, "FromId21": null, "ToId21": null, "TranspId21": null, "RestrId22": null, "FromId22": null, "ToId22": null, "TranspId22": null, "RestrId23": null, "FromId23": null, "ToId23": null, "TranspId23": null, "RestrId24": null, "FromId24": null, "ToId24": null, "TranspId24": null, "RestrId25": null, "FromId25": null, "ToId25": null, "TranspId25": null, "RestrId26": null, "FromId26": null, "ToId26": null, "TranspId26": null, "RestrId27": null, "FromId27": null, "ToId27": null, "TranspId27": null, "RestrId28": null, "FromId28": null, "ToId28": null, "TranspId28": null, "RestrId29": null, "FromId29": null, "ToId29": null, "TranspId29": null, "RestrId30": null, "FromId30": null, "ToId30": null, "TranspId30": null }, "geometry": { "type": "Point", "coordinates": [ 71.439438712205572, 51.129315255387709 ] } },
{ "type": "Feature", "properties": { "DeadEnd": 0, "Junction": null, "Control": 1, "Synonym": null, "ZLevel": 0, "GatewayId": null, "CrossesId": "70030077100671808", "RestrId1": null, "FromId1": null, "ToId1": null, "TranspId1": null, "RestrId2": null, "FromId2": null, "ToId2": null, "TranspId2": null, "RestrId3": null, "FromId3": null, "ToId3": null, "TranspId3": null, "RestrId4": null, "FromId4": null, "ToId4": null, "TranspId4": null, "RestrId5": null, "FromId5": null, "ToId5": null, "TranspId5": null, "RestrId6": null, "FromId6": null, "ToId6": null, "TranspId6": null, "RestrId7": null, "FromId7": null, "ToId7": null, "TranspId7": null, "RestrId8": null, "FromId8": null, "ToId8": null, "TranspId8": null, "RestrId9": null, "FromId9": null, "ToId9": null, "TranspId9": null, "RestrId10": null, "FromId10": null, "ToId10": null, "TranspId10": null, "RestrId11": null, "FromId11": null, "ToId11": null, "TranspId11": null, "RestrId12": null, "FromId12": null, "ToId12": null, "TranspId12": null, "RestrId13": null, "FromId13": null, "ToId13": null, "TranspId13": null, "RestrId14": null, "FromId14": null, "ToId14": null, "TranspId14": null, "RestrId15": null, "FromId15": null, "ToId15": null, "TranspId15": null, "RestrId16": null, "FromId16": null, "ToId16": null, "TranspId16": null, "RestrId17": null, "FromId17": null, "ToId17": null, "TranspId17": null, "RestrId18": null, "FromId18": null, "ToId18": null, "TranspId18": null, "RestrId19": null, "FromId19": null, "ToId19": null, "TranspId19": null, "RestrId20": null, "FromId20": null, "ToId20": null, "TranspId20": null, "RestrId21": null, "FromId21": null, "ToId21": null, "TranspId21": null, "RestrId22": null, "FromId22": null, "ToId22": null, "TranspId22": null, "RestrId23": null, "FromId23": null, "ToId23": null, "TranspId23": null, "RestrId24": null, "FromId24": null, "ToId24": null, "TranspId24": null, "RestrId25": null, "FromId25": null, "ToId25": null, "TranspId25": null, "RestrId26": null, "FromId26": null, "ToId26": null, "TranspId26": null, "RestrId27": null, "FromId27": null, "ToId27": null, "TranspId27": null, "RestrId28": null, "FromId28": null, "ToId28": null, "TranspId28": null, "RestrId29": null, "FromId29": null, "ToId29": null, "TranspId29": null, "RestrId30": null, "FromId30": null, "ToId30": null, "TranspId30": null }, "geometry": { "type": "Point", "coordinates": [ 71.463586954178709, 51.126110163131216 ] } },
{ "type": "Feature", "properties": { "DeadEnd": 0, "Junction": null, "Control": 1, "Synonym": null, "ZLevel": 0, "GatewayId": null, "CrossesId": "70030077100671812", "RestrId1": null, "FromId1": null, "ToId1": null, "TranspId1": null, "RestrId2": null, "FromId2": null, "ToId2": null, "TranspId2": null, "RestrId3": null, "FromId3": null, "ToId3": null, "TranspId3": null, "RestrId4": null, "FromId4": null, "ToId4": null, "TranspId4": null, "RestrId5": null, "FromId5": null, "ToId5": null, "TranspId5": null, "RestrId6": null, "FromId6": null, "ToId6": null, "TranspId6": null, "RestrId7": null, "FromId7": null, "ToId7": null, "TranspId7": null, "RestrId8": null, "FromId8": null, "ToId8": null, "TranspId8": null, "RestrId9": null, "FromId9": null, "ToId9": null, "TranspId9": null, "RestrId10": null, "FromId10": null, "ToId10": null, "TranspId10": null, "RestrId11": null, "FromId11": null, "ToId11": null, "TranspId11": null, "RestrId12": null, "FromId12": null, "ToId12": null, "TranspId12": null, "RestrId13": null, "FromId13": null, "ToId13": null, "TranspId13": null, "RestrId14": null, "FromId14": null, "ToId14": null, "TranspId14": null, "RestrId15": null, "FromId15": null, "ToId15": null, "TranspId15": null, "RestrId16": null, "FromId16": null, "ToId16": null, "TranspId16": null, "RestrId17": null, "FromId17": null, "ToId17": null, "TranspId17": null, "RestrId18": null, "FromId18": null, "ToId18": null, "TranspId18": null, "RestrId19": null, "FromId19": null, "ToId19": null, "TranspId19": null, "RestrId20": null, "FromId20": null, "ToId20": null, "TranspId20": null, "RestrId21": null, "FromId21": null, "ToId21": null, "TranspId21": null, "RestrId22": null, "FromId22": null, "ToId22": null, "TranspId22": null, "RestrId23": null, "FromId23": null, "ToId23": null, "TranspId23": null, "RestrId24": null, "FromId24": null, "ToId24": null, "TranspId24": null, "RestrId25": null, "FromId25": null, "ToId25": null, "TranspId25": null, "RestrId26": null, "FromId26": null, "ToId26": null, "TranspId26": null, "RestrId27": null, "FromId27": null, "ToId27": null, "TranspId27": null, "RestrId28": null, "FromId28": null, "ToId28": null, "TranspId28": null, "RestrId29": null, "FromId29": null, "ToId29": null, "TranspId29": null, "RestrId30": null, "FromId30": null, "ToId30": null, "TranspId30": null }, "geometry": { "type": "Point", "coordinates": [ 71.463902083180358, 51.126134744375868 ] } },
{ "type": "Feature", "properties": { "DeadEnd": 0, "Junction": null, "Control": 0, "Synonym": null, "ZLevel": 0, "GatewayId": null, "CrossesId": "70030077149949109", "RestrId1": "9550446733501465009", "FromId1": "70030077124175492", "ToId1": "70030077124175492", "TranspId1": "1", "RestrId2": null, "FromId2": null, "ToId2": null, "TranspId2": null, "RestrId3": null, "FromId3": null, "ToId3": null, "TranspId3": null, "RestrId4": null, "FromId4": null, "ToId4": null, "TranspId4": null, "RestrId5": null, "FromId5": null, "ToId5": null, "TranspId5": null, "RestrId6": null, "FromId6": null, "ToId6": null, "TranspId6": null, "RestrId7": null, "FromId7": null, "ToId7": null, "TranspId7": null, "RestrId8": null, "FromId8": null, "ToId8": null, "TranspId8": null, "RestrId9": null, "FromId9": null, "ToId9": null, "TranspId9": null, "RestrId10": null, "FromId10": null, "ToId10": null, "TranspId10": null, "RestrId11": null, "FromId11": null, "ToId11": null, "TranspId11": null, "RestrId12": null, "FromId12": null, "ToId12": null, "TranspId12": null, "RestrId13": null, "FromId13": null, "ToId13": null, "TranspId13": null, "RestrId14": null, "FromId14": null, "ToId14": null, "TranspId14": null, "RestrId15": null, "FromId15": null, "ToId15": null, "TranspId15": null, "RestrId16": null, "FromId16": null, "ToId16": null, "TranspId16": null, "RestrId17": null, "FromId17": null, "ToId17": null, "TranspId17": null, "RestrId18": null, "FromId18": null, "ToId18": null, "TranspId18": null, "RestrId19": null, "FromId19": null, "ToId19": null, "TranspId19": null, "RestrId20": null, "FromId20": null, "ToId20": null, "TranspId20": null, "RestrId21": null, "FromId21": null, "ToId21": null, "TranspId21": null, "RestrId22": null, "FromId22": null, "ToId22": null, "TranspId22": null, "RestrId23": null, "FromId23": null, "ToId23": null, "TranspId23": null, "RestrId24": null, "FromId24": null, "ToId24": null, "TranspId24": null, "RestrId25": null, "FromId25": null, "ToId25": null, "TranspId25": null, "RestrId26": null, "FromId26": null, "ToId26": null, "TranspId26": null, "RestrId27": null, "FromId27": null, "ToId27": null, "TranspId27": null, "RestrId28": null, "FromId28": null, "ToId28": null, "TranspId28": null, "RestrId29": null, "FromId29": null, "ToId29": null, "TranspId29": null, "RestrId30": null, "FromId30": null, "ToId30": null, "TranspId30": null }, "geometry": { "type": "Point", "coordinates": [ 71.441439709500941, 51.129011110699146 ] } },
{ "type": "Feature", "properties": { "DeadEnd": 0, "Junction": null, "Control": 0, "Synonym": null, "ZLevel": 0, "GatewayId": null, "CrossesId": "70030077149949146", "RestrId1": "9550446733501465030", "FromId1": "70030077124175480", "ToId1": "70030077124175480", "TranspId1": "1", "RestrId2": null, "FromId2": null, "ToId2": null, "TranspId2": null, "RestrId3": null, "FromId3": null, "ToId3": null, "TranspId3": null, "RestrId4": null, "FromId4": null, "ToId4": null, "TranspId4": null, "RestrId5": null, "FromId5": null, "ToId5": null, "TranspId5": null, "RestrId6": null, "FromId6": null, "ToId6": null, "TranspId6": null, "RestrId7": null, "FromId7": null, "ToId7": null, "TranspId7": null, "RestrId8": null, "FromId8": null, "ToId8": null, "TranspId8": null, "RestrId9": null, "FromId9": null, "ToId9": null, "TranspId9": null, "RestrId10": null, "FromId10": null, "ToId10": null, "TranspId10": null, "RestrId11": null, "FromId11": null, "ToId11": null, "TranspId11": null, "RestrId12": null, "FromId12": null, "ToId12": null, "TranspId12": null, "RestrId13": null, "FromId13": null, "ToId13": null, "TranspId13": null, "RestrId14": null, "FromId14": null, "ToId14": null, "TranspId14": null, "RestrId15": null, "FromId15": null, "ToId15": null, "TranspId15": null, "RestrId16": null, "FromId16": null, "ToId16": null, "TranspId16": null, "RestrId17": null, "FromId17": null, "ToId17": null, "TranspId17": null, "RestrId18": null, "FromId18": null, "ToId18": null, "TranspId18": null, "RestrId19": null, "FromId19": null, "ToId19": null, "TranspId19": null, "RestrId20": null, "FromId20": null, "ToId20": null, "TranspId20": null, "RestrId21": null, "FromId21": null, "ToId21": null, "TranspId21": null, "RestrId22": null, "FromId22": null, "ToId22": null, "TranspId22": null, "RestrId23": null, "FromId23": null, "ToId23": null, "TranspId23": null, "RestrId24": null, "FromId24": null, "ToId24": null, "TranspId24": null, "RestrId25": null, "FromId25": null, "ToId25": null, "TranspId25": null, "RestrId26": null, "FromId26": null, "ToId26": null, "TranspId26": null, "RestrId27": null, "FromId27": null, "ToId27": null, "TranspId27": null, "RestrId28": null, "FromId28": null, "ToId28": null, "TranspId28": null, "RestrId29": null, "FromId29": null, "ToId29": null, "TranspId29": null, "RestrId30": null, "FromId30": null, "ToId30": null, "TranspId30": null }, "geometry": { "type": "Point", "coordinates": [ 71.441492260945068, 51.129067655266411 ] } },
{ "type": "Feature", "properties": { "DeadEnd": 0, "Junction": null, "Control": 0, "Synonym": null, "ZLevel": 0, "GatewayId": null, "CrossesId": "70030077060387418", "RestrId1": "9550446733466881718", "FromId1": "70030077060387417", "ToId1": "70030077060387417", "TranspId1": "1", "RestrId2": "9550446733466881719", "FromId2": "70030077060387417", "ToId2": "70030077060387417", "TranspId2": "2", "RestrId3": "9550446733466881720", "FromId3": "70030077060387417", "ToId3": "70030077060387417", "TranspId3": "3", "RestrId4": "9550446733466881721", "FromId4": "70030076258454801", "ToId4": "70030076258454801", "TranspId4": "1", "RestrId5": "9550446733466881722", "FromId5": "70030076258454801", "ToId5": "70030076258454801", "TranspId5": "2", "RestrId6": "9550446733466881723", "FromId6": "70030076258454801", "ToId6": "70030076258454801", "TranspId6": "3", "RestrId7": null, "FromId7": null, "ToId7": null, "TranspId7": null, "RestrId8": null, "FromId8": null, "ToId8": null, "TranspId8": null, "RestrId9": null, "FromId9": null, "ToId9": null, "TranspId9": null, "RestrId10": null, "FromId10": null, "ToId10": null, "TranspId10": null, "RestrId11": null, "FromId11": null, "ToId11": null, "TranspId11": null, "RestrId12": null, "FromId12": null, "ToId12": null, "TranspId12": null, "RestrId13": null, "FromId13": null, "ToId13": null, "TranspId13": null, "RestrId14": null, "FromId14": null, "ToId14": null, "TranspId14": null, "RestrId15": null, "FromId15": null, "ToId15": null, "TranspId15": null, "RestrId16": null, "FromId16": null, "ToId16": null, "TranspId16": null, "RestrId17": null, "FromId17": null, "ToId17": null, "TranspId17": null, "RestrId18": null, "FromId18": null, "ToId18": null, "TranspId18": null, "RestrId19": null, "FromId19": null, "ToId19": null, "TranspId19": null, "RestrId20": null, "FromId20": null, "ToId20": null, "TranspId20": null, "RestrId21": null, "FromId21": null, "ToId21": null, "TranspId21": null, "RestrId22": null, "FromId22": null, "ToId22": null, "TranspId22": null, "RestrId23": null, "FromId23": null, "ToId23": null, "TranspId23": null, "RestrId24": null, "FromId24": null, "ToId24": null, "TranspId24": null, "RestrId25": null, "FromId25": null, "ToId25": null, "TranspId25": null, "RestrId26": null, "FromId26": null, "ToId26": null, "TranspId26": null, "RestrId27": null, "FromId27": null, "ToId27": null, "TranspId27": null, "RestrId28": null, "FromId28": null, "ToId28": null, "TranspId28": null, "RestrId29": null, "FromId29": null, "ToId29": null, "TranspId29": null, "RestrId30": null, "FromId30": null, "ToId30": null, "TranspId30": null }, "geometry": { "type": "Point", "coordinates": [ 71.462297602251397, 51.133701199339441 ] } },
{ "type": "Feature", "properties": { "DeadEnd": 0, "Junction": null, "Control": 0, "Synonym": null, "ZLevel": 0, "GatewayId": null, "CrossesId": "70030077050247818", "RestrId1": "9550446733461561408", "FromId1": "70030076979282394", "ToId1": "70030076979282394", "TranspId1": "1", "RestrId2": "9550446733461561409", "FromId2": "70030076979282394", "ToId2": "70030076979282394", "TranspId2": "2", "RestrId3": "9550446733461561410", "FromId3": "70030076979282394", "ToId3": "70030076979282394", "TranspId3": "3", "RestrId4": "9550446733461561411", "FromId4": "70030076169383125", "ToId4": "70030076169383125", "TranspId4": "1", "RestrId5": "9550446733461561412", "FromId5": "70030076169383125", "ToId5": "70030076169383125", "TranspId5": "2", "RestrId6": "9550446733461561413", "FromId6": "70030076169383125", "ToId6": "70030076169383125", "TranspId6": "3", "RestrId7": null, "FromId7": null, "ToId7": null, "TranspId7": null, "RestrId8": null, "FromId8": null, "ToId8": null, "TranspId8": null, "RestrId9": null, "FromId9": null, "ToId9": null, "TranspId9": null, "RestrId10": null, "FromId10": null, "ToId10": null, "TranspId10": null, "RestrId11": null, "FromId11": null, "ToId11": null, "TranspId11": null, "RestrId12": null, "FromId12": null, "ToId12": null, "TranspId12": null, "RestrId13": null, "FromId13": null, "ToId13": null, "TranspId13": null, "RestrId14": null, "FromId14": null, "ToId14": null, "TranspId14": null, "RestrId15": null, "FromId15": null, "ToId15": null, "TranspId15": null, "RestrId16": null, "FromId16": null, "ToId16": null, "TranspId16": null, "RestrId17": null, "FromId17": null, "ToId17": null, "TranspId17": null, "RestrId18": null, "FromId18": null, "ToId18": null, "TranspId18": null, "RestrId19": null, "FromId19": null, "ToId19": null, "TranspId19": null, "RestrId20": null, "FromId20": null, "ToId20": null, "TranspId20": null, "RestrId21": null, "FromId21": null, "ToId21": null, "TranspId21": null, "RestrId22": null, "FromId22": null, "ToId22": null, "TranspId22": null, "RestrId23": null, "FromId23": null, "ToId23": null, "TranspId23": null, "RestrId24": null, "FromId24": null, "ToId24": null, "TranspId24": null, "RestrId25": null, "FromId25": null, "ToId25": null, "TranspId25": null, "RestrId26": null, "FromId26": null, "ToId26": null, "TranspId26": null, "RestrId27": null, "FromId27": null, "ToId27": null, "TranspId27": null, "RestrId28": null, "FromId28": null, "ToId28": null, "TranspId28": null, "RestrId29": null, "FromId29": null, "ToId29": null, "TranspId29": null, "RestrId30": null, "FromId30": null, "ToId30": null, "TranspId30": null }, "geometry": { "type": "Point", "coordinates": [ 71.454073346162232, 51.119071214056021 ] } },
{ "type": "Feature", "properties": { "DeadEnd": 0, "Junction": null, "Control": 0, "Synonym": null, "ZLevel": 0, "GatewayId": null, "CrossesId": "70030077051315258", "RestrId1": "9550446733462371204", "FromId1": "70030076493113313", "ToId1": "70030076493113313", "TranspId1": "1", "RestrId2": "9550446733462371205", "FromId2": "70030076493113313", "ToId2": "70030076493113313", "TranspId2": "2", "RestrId3": "9550446733462371206", "FromId3": "70030076493113313", "ToId3": "70030076493113313", "TranspId3": "3", "RestrId4": "9550446733462371207", "FromId4": "70030076139094926", "ToId4": "70030076139094926", "TranspId4": "1", "RestrId5": "9550446733462371208", "FromId5": "70030076139094926", "ToId5": "70030076139094926", "TranspId5": "2", "RestrId6": "9550446733462371209", "FromId6": "70030076139094926", "ToId6": "70030076139094926", "TranspId6": "3", "RestrId7": null, "FromId7": null, "ToId7": null, "TranspId7": null, "RestrId8": null, "FromId8": null, "ToId8": null, "TranspId8": null, "RestrId9": null, "FromId9": null, "ToId9": null, "TranspId9": null, "RestrId10": null, "FromId10": null, "ToId10": null, "TranspId10": null, "RestrId11": null, "FromId11": null, "ToId11": null, "TranspId11": null, "RestrId12": null, "FromId12": null, "ToId12": null, "TranspId12": null, "RestrId13": null, "FromId13": null, "ToId13": null, "TranspId13": null, "RestrId14": null, "FromId14": null, "ToId14": null, "TranspId14": null, "RestrId15": null, "FromId15": null, "ToId15": null, "TranspId15": null, "RestrId16": null, "FromId16": null, "ToId16": null, "TranspId16": null, "RestrId17": null, "FromId17": null, "ToId17": null, "TranspId17": null, "RestrId18": null, "FromId18": null, "ToId18": null, "TranspId18": null, "RestrId19": null, "FromId19": null, "ToId19": null, "TranspId19": null, "RestrId20": null, "FromId20": null, "ToId20": null, "TranspId20": null, "RestrId21": null, "FromId21": null, "ToId21": null, "TranspId21": null, "RestrId22": null, "FromId22": null, "ToId22": null, "TranspId22": null, "RestrId23": null, "FromId23": null, "ToId23": null, "TranspId23": null, "RestrId24": null, "FromId24": null, "ToId24": null, "TranspId24": null, "RestrId25": null, "FromId25": null, "ToId25": null, "TranspId25": null, "RestrId26": null, "FromId26": null, "ToId26": null, "TranspId26": null, "RestrId27": null, "FromId27": null, "ToId27": null, "TranspId27": null, "RestrId28": null, "FromId28": null, "ToId28": null, "TranspId28": null, "RestrId29": null, "FromId29": null, "ToId29": null, "TranspId29": null, "RestrId30": null, "FromId30": null, "ToId30": null, "TranspId30": null }, "geometry": { "type": "Point", "coordinates": [ 71.468283436315588, 51.134157510212681 ] } },
{ "type": "Feature", "properties": { "DeadEnd": 0, "Junction": null, "Control": 0, "Synonym": null, "ZLevel": 0, "GatewayId": null, "CrossesId": "70030077050949785", "RestrId1": "9550446733491583314", "FromId1": "70030076160733547", "ToId1": "70030076160733547", "TranspId1": "1", "RestrId2": "9550446733491583315", "FromId2": "70030076160733547", "ToId2": "70030076160733547", "TranspId2": "2", "RestrId3": "9550446733491583316", "FromId3": "70030076160733547", "ToId3": "70030076160733547", "TranspId3": "3", "RestrId4": null, "FromId4": null, "ToId4": null, "TranspId4": null, "RestrId5": null, "FromId5": null, "ToId5": null, "TranspId5": null, "RestrId6": null, "FromId6": null, "ToId6": null, "TranspId6": null, "RestrId7": null, "FromId7": null, "ToId7": null, "TranspId7": null, "RestrId8": null, "FromId8": null, "ToId8": null, "TranspId8": null, "RestrId9": null, "FromId9": null, "ToId9": null, "TranspId9": null, "RestrId10": null, "FromId10": null, "ToId10": null, "TranspId10": null, "RestrId11": null, "FromId11": null, "ToId11": null, "TranspId11": null, "RestrId12": null, "FromId12": null, "ToId12": null, "TranspId12": null, "RestrId13": null, "FromId13": null, "ToId13": null, "TranspId13": null, "RestrId14": null, "FromId14": null, "ToId14": null, "TranspId14": null, "RestrId15": null, "FromId15": null, "ToId15": null, "TranspId15": null, "RestrId16": null, "FromId16": null, "ToId16": null, "TranspId16": null, "RestrId17": null, "FromId17": null, "ToId17": null, "TranspId17": null, "RestrId18": null, "FromId18": null, "ToId18": null, "TranspId18": null, "RestrId19": null, "FromId19": null, "ToId19": null, "TranspId19": null, "RestrId20": null, "FromId20": null, "ToId20": null, "TranspId20": null, "RestrId21": null, "FromId21": null, "ToId21": null, "TranspId21": null, "RestrId22": null, "FromId22": null, "ToId22": null, "TranspId22": null, "RestrId23": null, "FromId23": null, "ToId23": null, "TranspId23": null, "RestrId24": null, "FromId24": null, "ToId24": null, "TranspId24": null, "RestrId25": null, "FromId25": null, "ToId25": null, "TranspId25": null, "RestrId26": null, "FromId26": null, "ToId26": null, "TranspId26": null, "RestrId27": null, "FromId27": null, "ToId27": null, "TranspId27": null, "RestrId28": null, "FromId28": null, "ToId28": null, "TranspId28": null, "RestrId29": null, "FromId29": null, "ToId29": null, "TranspId29": null, "RestrId30": null, "FromId30": null, "ToId30": null, "TranspId30": null }, "geometry": { "type": "Point", "coordinates": [ 71.461635723550046, 51.128736786820909 ] } },
{ "type": "Feature", "properties": { "DeadEnd": 0, "Junction": null, "Control": 0, "Synonym": null, "ZLevel": 0, "GatewayId": null, "CrossesId": "70030077051124064", "RestrId1": "9550446733462225069", "FromId1": "70030076493113364", "ToId1": "70030076493113364", "TranspId1": "1", "RestrId2": "9550446733462225070", "FromId2": "70030076493113364", "ToId2": "70030076493113364", "TranspId2": "2", "RestrId3": "9550446733462225071", "FromId3": "70030076493113364", "ToId3": "70030076493113364", "TranspId3": "3", "RestrId4": "9550446733462225072", "FromId4": "9570866467725265", "ToId4": "9570866467725265", "TranspId4": "1", "RestrId5": "9550446733462225073", "FromId5": "9570866467725265", "ToId5": "9570866467725265", "TranspId5": "2", "RestrId6": "9550446733462225074", "FromId6": "9570866467725265", "ToId6": "9570866467725265", "TranspId6": "3", "RestrId7": null, "FromId7": null, "ToId7": null, "TranspId7": null, "RestrId8": null, "FromId8": null, "ToId8": null, "TranspId8": null, "RestrId9": null, "FromId9": null, "ToId9": null, "TranspId9": null, "RestrId10": null, "FromId10": null, "ToId10": null, "TranspId10": null, "RestrId11": null, "FromId11": null, "ToId11": null, "TranspId11": null, "RestrId12": null, "FromId12": null, "ToId12": null, "TranspId12": null, "RestrId13": null, "FromId13": null, "ToId13": null, "TranspId13": null, "RestrId14": null, "FromId14": null, "ToId14": null, "TranspId14": null, "RestrId15": null, "FromId15": null, "ToId15": null, "TranspId15": null, "RestrId16": null, "FromId16": null, "ToId16": null, "TranspId16": null, "RestrId17": null, "FromId17": null, "ToId17": null, "TranspId17": null, "RestrId18": null, "FromId18": null, "ToId18": null, "TranspId18": null, "RestrId19": null, "FromId19": null, "ToId19": null, "TranspId19": null, "RestrId20": null, "FromId20": null, "ToId20": null, "TranspId20": null, "RestrId21": null, "FromId21": null, "ToId21": null, "TranspId21": null, "RestrId22": null, "FromId22": null, "ToId22": null, "TranspId22": null, "RestrId23": null, "FromId23": null, "ToId23": null, "TranspId23": null, "RestrId24": null, "FromId24": null, "ToId24": null, "TranspId24": null, "RestrId25": null, "FromId25": null, "ToId25": null, "TranspId25": null, "RestrId26": null, "FromId26": null, "ToId26": null, "TranspId26": null, "RestrId27": null, "FromId27": null, "ToId27": null, "TranspId27": null, "RestrId28": null, "FromId28": null, "ToId28": null, "TranspId28": null, "RestrId29": null, "FromId29": null, "ToId29": null, "TranspId29": null, "RestrId30": null, "FromId30": null, "ToId30": null, "TranspId30": null }, "geometry": { "type": "Point", "coordinates": [ 71.46902751086543, 51.134139133852059 ] } },
{ "type": "Feature", "properties": { "DeadEnd": 0, "Junction": null, "Control": 0, "Synonym": null, "ZLevel": 0, "GatewayId": null, "CrossesId": "70030077051124170", "RestrId1": "9550446733483992857", "FromId1": "70030076898550650", "ToId1": "70030076898550650", "TranspId1": "1", "RestrId2": "9550446733483992858", "FromId2": "70030076898550650", "ToId2": "70030076898550650", "TranspId2": "2", "RestrId3": "9550446733483992859", "FromId3": "70030076898550650", "ToId3": "70030076898550650", "TranspId3": "3", "RestrId4": "9550446733483992860", "FromId4": "70030076898297972", "ToId4": "70030076898297972", "TranspId4": "1", "RestrId5": "9550446733483992861", "FromId5": "70030076898297972", "ToId5": "70030076898297972", "TranspId5": "2", "RestrId6": "9550446733483992862", "FromId6": "70030076898297972", "ToId6": "70030076898297972", "TranspId6": "3", "RestrId7": null, "FromId7": null, "ToId7": null, "TranspId7": null, "RestrId8": null, "FromId8": null, "ToId8": null, "TranspId8": null, "RestrId9": null, "FromId9": null, "ToId9": null, "TranspId9": null, "RestrId10": null, "FromId10": null, "ToId10": null, "TranspId10": null, "RestrId11": null, "FromId11": null, "ToId11": null, "TranspId11": null, "RestrId12": null, "FromId12": null, "ToId12": null, "TranspId12": null, "RestrId13": null, "FromId13": null, "ToId13": null, "TranspId13": null, "RestrId14": null, "FromId14": null, "ToId14": null, "TranspId14": null, "RestrId15": null, "FromId15": null, "ToId15": null, "TranspId15": null, "RestrId16": null, "FromId16": null, "ToId16": null, "TranspId16": null, "RestrId17": null, "FromId17": null, "ToId17": null, "TranspId17": null, "RestrId18": null, "FromId18": null, "ToId18": null, "TranspId18": null, "RestrId19": null, "FromId19": null, "ToId19": null, "TranspId19": null, "RestrId20": null, "FromId20": null, "ToId20": null, "TranspId20": null, "RestrId21": null, "FromId21": null, "ToId21": null, "TranspId21": null, "RestrId22": null, "FromId22": null, "ToId22": null, "TranspId22": null, "RestrId23": null, "FromId23": null, "ToId23": null, "TranspId23": null, "RestrId24": null, "FromId24": null, "ToId24": null, "TranspId24": null, "RestrId25": null, "FromId25": null, "ToId25": null, "TranspId25": null, "RestrId26": null, "FromId26": null, "ToId26": null, "TranspId26": null, "RestrId27": null, "FromId27": null, "ToId27": null, "TranspId27": null, "RestrId28": null, "FromId28": null, "ToId28": null, "TranspId28": null, "RestrId29": null, "FromId29": null, "ToId29": null, "TranspId29": null, "RestrId30": null, "FromId30": null, "ToId30": null, "TranspId30": null }, "geometry": { "type": "Point", "coordinates": [ 71.471584295827085, 51.130202252759005 ] } },
{ "type": "Feature", "properties": { "DeadEnd": 0, "Junction": null, "Control": 0, "Synonym": null, "ZLevel": 0, "GatewayId": null, "CrossesId": "70030077050867520", "RestrId1": "9550446733462043724", "FromId1": "70030076227870650", "ToId1": "70030076227870650", "TranspId1": "1", "RestrId2": "9550446733462043725", "FromId2": "70030076227870650", "ToId2": "70030076227870650", "TranspId2": "2", "RestrId3": "9550446733462043726", "FromId3": "70030076227870650", "ToId3": "70030076227870650", "TranspId3": "3", "RestrId4": "9550446733462043727", "FromId4": "9570866467724579", "ToId4": "9570866467724579", "TranspId4": "1", "RestrId5": "9550446733462043728", "FromId5": "9570866467724579", "ToId5": "9570866467724579", "TranspId5": "2", "RestrId6": "9550446733462043729", "FromId6": "9570866467724579", "ToId6": "9570866467724579", "TranspId6": "3", "RestrId7": null, "FromId7": null, "ToId7": null, "TranspId7": null, "RestrId8": null, "FromId8": null, "ToId8": null, "TranspId8": null, "RestrId9": null, "FromId9": null, "ToId9": null, "TranspId9": null, "RestrId10": null, "FromId10": null, "ToId10": null, "TranspId10": null, "RestrId11": null, "FromId11": null, "ToId11": null, "TranspId11": null, "RestrId12": null, "FromId12": null, "ToId12": null, "TranspId12": null, "RestrId13": null, "FromId13": null, "ToId13": null, "TranspId13": null, "RestrId14": null, "FromId14": null, "ToId14": null, "TranspId14": null, "RestrId15": null, "FromId15": null, "ToId15": null, "TranspId15": null, "RestrId16": null, "FromId16": null, "ToId16": null, "TranspId16": null, "RestrId17": null, "FromId17": null, "ToId17": null, "TranspId17": null, "RestrId18": null, "FromId18": null, "ToId18": null, "TranspId18": null, "RestrId19": null, "FromId19": null, "ToId19": null, "TranspId19": null, "RestrId20": null, "FromId20": null, "ToId20": null, "TranspId20": null, "RestrId21": null, "FromId21": null, "ToId21": null, "TranspId21": null, "RestrId22": null, "FromId22": null, "ToId22": null, "TranspId22": null, "RestrId23": null, "FromId23": null, "ToId23": null, "TranspId23": null, "RestrId24": null, "FromId24": null, "ToId24": null, "TranspId24": null, "RestrId25": null, "FromId25": null, "ToId25": null, "TranspId25": null, "RestrId26": null, "FromId26": null, "ToId26": null, "TranspId26": null, "RestrId27": null, "FromId27": null, "ToId27": null, "TranspId27": null, "RestrId28": null, "FromId28": null, "ToId28": null, "TranspId28": null, "RestrId29": null, "FromId29": null, "ToId29": null, "TranspId29": null, "RestrId30": null, "FromId30": null, "ToId30": null, "TranspId30": null }, "geometry": { "type": "Point", "coordinates": [ 71.464859417778641, 51.129841739484753 ] } },
{ "type": "Feature", "properties": { "DeadEnd": 0, "Junction": null, "Control": 0, "Synonym": null, "ZLevel": 0, "GatewayId": null, "CrossesId": "70030077042420070", "RestrId1": "9550446733466100536", "FromId1": "70030076993488938", "ToId1": "70030076994051045", "TranspId1": "3", "RestrId2": "9550446733466100537", "FromId2": "70030076993488938", "ToId2": "70030076994051045", "TranspId2": "2", "RestrId3": "9550446733466100538", "FromId3": "70030076993488938", "ToId3": "70030076994051045", "TranspId3": "1", "RestrId4": null, "FromId4": null, "ToId4": null, "TranspId4": null, "RestrId5": null, "FromId5": null, "ToId5": null, "TranspId5": null, "RestrId6": null, "FromId6": null, "ToId6": null, "TranspId6": null, "RestrId7": null, "FromId7": null, "ToId7": null, "TranspId7": null, "RestrId8": null, "FromId8": null, "ToId8": null, "TranspId8": null, "RestrId9": null, "FromId9": null, "ToId9": null, "TranspId9": null, "RestrId10": null, "FromId10": null, "ToId10": null, "TranspId10": null, "RestrId11": null, "FromId11": null, "ToId11": null, "TranspId11": null, "RestrId12": null, "FromId12": null, "ToId12": null, "TranspId12": null, "RestrId13": null, "FromId13": null, "ToId13": null, "TranspId13": null, "RestrId14": null, "FromId14": null, "ToId14": null, "TranspId14": null, "RestrId15": null, "FromId15": null, "ToId15": null, "TranspId15": null, "RestrId16": null, "FromId16": null, "ToId16": null, "TranspId16": null, "RestrId17": null, "FromId17": null, "ToId17": null, "TranspId17": null, "RestrId18": null, "FromId18": null, "ToId18": null, "TranspId18": null, "RestrId19": null, "FromId19": null, "ToId19": null, "TranspId19": null, "RestrId20": null, "FromId20": null, "ToId20": null, "TranspId20": null, "RestrId21": null, "FromId21": null, "ToId21": null, "TranspId21": null, "RestrId22": null, "FromId22": null, "ToId22": null, "TranspId22": null, "RestrId23": null, "FromId23": null, "ToId23": null, "TranspId23": null, "RestrId24": null, "FromId24": null, "ToId24": null, "TranspId24": null, "RestrId25": null, "FromId25": null, "ToId25": null, "TranspId25": null, "RestrId26": null, "FromId26": null, "ToId26": null, "TranspId26": null, "RestrId27": null, "FromId27": null, "ToId27": null, "TranspId27": null, "RestrId28": null, "FromId28": null, "ToId28": null, "TranspId28": null, "RestrId29": null, "FromId29": null, "ToId29": null, "TranspId29": null, "RestrId30": null, "FromId30": null, "ToId30": null, "TranspId30": null }, "geometry": { "type": "Point", "coordinates": [ 71.439468805767589, 51.129390967090565 ] } },
{ "type": "Feature", "properties": { "DeadEnd": 0, "Junction": null, "Control": 0, "Synonym": null, "ZLevel": 0, "GatewayId": null, "CrossesId": "70030077040349737", "RestrId1": "9550446733455253019", "FromId1": "70030076993412772", "ToId1": "9570866467723367", "TranspId1": "1", "RestrId2": null, "FromId2": null, "ToId2": null, "TranspId2": null, "RestrId3": null, "FromId3": null, "ToId3": null, "TranspId3": null, "RestrId4": null, "FromId4": null, "ToId4": null, "TranspId4": null, "RestrId5": null, "FromId5": null, "ToId5": null, "TranspId5": null, "RestrId6": null, "FromId6": null, "ToId6": null, "TranspId6": null, "RestrId7": null, "FromId7": null, "ToId7": null, "TranspId7": null, "RestrId8": null, "FromId8": null, "ToId8": null, "TranspId8": null, "RestrId9": null, "FromId9": null, "ToId9": null, "TranspId9": null, "RestrId10": null, "FromId10": null, "ToId10": null, "TranspId10": null, "RestrId11": null, "FromId11": null, "ToId11": null, "TranspId11": null, "RestrId12": null, "FromId12": null, "ToId12": null, "TranspId12": null, "RestrId13": null, "FromId13": null, "ToId13": null, "TranspId13": null, "RestrId14": null, "FromId14": null, "ToId14": null, "TranspId14": null, "RestrId15": null, "FromId15": null, "ToId15": null, "TranspId15": null, "RestrId16": null, "FromId16": null, "ToId16": null, "TranspId16": null, "RestrId17": null, "FromId17": null, "ToId17": null, "TranspId17": null, "RestrId18": null, "FromId18": null, "ToId18": null, "TranspId18": null, "RestrId19": null, "FromId19": null, "ToId19": null, "TranspId19": null, "RestrId20": null, "FromId20": null, "ToId20": null, "TranspId20": null, "RestrId21": null, "FromId21": null, "ToId21": null, "TranspId21": null, "RestrId22": null, "FromId22": null, "ToId22": null, "TranspId22": null, "RestrId23": null, "FromId23": null, "ToId23": null, "TranspId23": null, "RestrId24": null, "FromId24": null, "ToId24": null, "TranspId24": null, "RestrId25": null, "FromId25": null, "ToId25": null, "TranspId25": null, "RestrId26": null, "FromId26": null, "ToId26": null, "TranspId26": null, "RestrId27": null, "FromId27": null, "ToId27": null, "TranspId27": null, "RestrId28": null, "FromId28": null, "ToId28": null, "TranspId28": null, "RestrId29": null, "FromId29": null, "ToId29": null, "TranspId29": null, "RestrId30": null, "FromId30": null, "ToId30": null, "TranspId30": null }, "geometry": { "type": "Point", "coordinates": [ 71.437633637473667, 51.124765504015684 ] } },
{ "type": "Feature", "properties": { "DeadEnd": 0, "Junction": null, "Control": 0, "Synonym": null, "ZLevel": 0, "GatewayId": null, "CrossesId": "70030077011895693", "RestrId1": "9550446733437475945", "FromId1": "70030077011895544", "ToId1": "70030077011895544", "TranspId1": "1", "RestrId2": "9550446733437475946", "FromId2": "70030077011895544", "ToId2": "70030077011895544", "TranspId2": "2", "RestrId3": "9550446733437475947", "FromId3": "70030077011895544", "ToId3": "70030077011895544", "TranspId3": "3", "RestrId4": "9550446733437475948", "FromId4": "9570866467724898", "ToId4": "9570866467724898", "TranspId4": "1", "RestrId5": "9550446733437475949", "FromId5": "9570866467724898", "ToId5": "9570866467724898", "TranspId5": "2", "RestrId6": "9550446733437475950", "FromId6": "9570866467724898", "ToId6": "9570866467724898", "TranspId6": "3", "RestrId7": null, "FromId7": null, "ToId7": null, "TranspId7": null, "RestrId8": null, "FromId8": null, "ToId8": null, "TranspId8": null, "RestrId9": null, "FromId9": null, "ToId9": null, "TranspId9": null, "RestrId10": null, "FromId10": null, "ToId10": null, "TranspId10": null, "RestrId11": null, "FromId11": null, "ToId11": null, "TranspId11": null, "RestrId12": null, "FromId12": null, "ToId12": null, "TranspId12": null, "RestrId13": null, "FromId13": null, "ToId13": null, "TranspId13": null, "RestrId14": null, "FromId14": null, "ToId14": null, "TranspId14": null, "RestrId15": null, "FromId15": null, "ToId15": null, "TranspId15": null, "RestrId16": null, "FromId16": null, "ToId16": null, "TranspId16": null, "RestrId17": null, "FromId17": null, "ToId17": null, "TranspId17": null, "RestrId18": null, "FromId18": null, "ToId18": null, "TranspId18": null, "RestrId19": null, "FromId19": null, "ToId19": null, "TranspId19": null, "RestrId20": null, "FromId20": null, "ToId20": null, "TranspId20": null, "RestrId21": null, "FromId21": null, "ToId21": null, "TranspId21": null, "RestrId22": null, "FromId22": null, "ToId22": null, "TranspId22": null, "RestrId23": null, "FromId23": null, "ToId23": null, "TranspId23": null, "RestrId24": null, "FromId24": null, "ToId24": null, "TranspId24": null, "RestrId25": null, "FromId25": null, "ToId25": null, "TranspId25": null, "RestrId26": null, "FromId26": null, "ToId26": null, "TranspId26": null, "RestrId27": null, "FromId27": null, "ToId27": null, "TranspId27": null, "RestrId28": null, "FromId28": null, "ToId28": null, "TranspId28": null, "RestrId29": null, "FromId29": null, "ToId29": null, "TranspId29": null, "RestrId30": null, "FromId30": null, "ToId30": null, "TranspId30": null }, "geometry": { "type": "Point", "coordinates": [ 71.463040958148994, 51.132540982565423 ] } },
{ "type": "Feature", "properties": { "DeadEnd": 0, "Junction": null, "Control": 0, "Synonym": null, "ZLevel": 0, "GatewayId": null, "CrossesId": "70030077011889870", "RestrId1": "9550446733437471593", "FromId1": "70030077011889729", "ToId1": "70030077011889729", "TranspId1": "1", "RestrId2": "9550446733437471594", "FromId2": "70030077011889729", "ToId2": "70030077011889729", "TranspId2": "2", "RestrId3": "9550446733437471595", "FromId3": "70030077011889729", "ToId3": "70030077011889729", "TranspId3": "3", "RestrId4": "9550446733437471596", "FromId4": "9570866467724699", "ToId4": "9570866467724699", "TranspId4": "1", "RestrId5": "9550446733437471597", "FromId5": "9570866467724699", "ToId5": "9570866467724699", "TranspId5": "2", "RestrId6": "9550446733437471598", "FromId6": "9570866467724699", "ToId6": "9570866467724699", "TranspId6": "3", "RestrId7": null, "FromId7": null, "ToId7": null, "TranspId7": null, "RestrId8": null, "FromId8": null, "ToId8": null, "TranspId8": null, "RestrId9": null, "FromId9": null, "ToId9": null, "TranspId9": null, "RestrId10": null, "FromId10": null, "ToId10": null, "TranspId10": null, "RestrId11": null, "FromId11": null, "ToId11": null, "TranspId11": null, "RestrId12": null, "FromId12": null, "ToId12": null, "TranspId12": null, "RestrId13": null, "FromId13": null, "ToId13": null, "TranspId13": null, "RestrId14": null, "FromId14": null, "ToId14": null, "TranspId14": null, "RestrId15": null, "FromId15": null, "ToId15": null, "TranspId15": null, "RestrId16": null, "FromId16": null, "ToId16": null, "TranspId16": null, "RestrId17": null, "FromId17": null, "ToId17": null, "TranspId17": null, "RestrId18": null, "FromId18": null, "ToId18": null, "TranspId18": null, "RestrId19": null, "FromId19": null, "ToId19": null, "TranspId19": null, "RestrId20": null, "FromId20": null, "ToId20": null, "TranspId20": null, "RestrId21": null, "FromId21": null, "ToId21": null, "TranspId21": null, "RestrId22": null, "FromId22": null, "ToId22": null, "TranspId22": null, "RestrId23": null, "FromId23": null, "ToId23": null, "TranspId23": null, "RestrId24": null, "FromId24": null, "ToId24": null, "TranspId24": null, "RestrId25": null, "FromId25": null, "ToId25": null, "TranspId25": null, "RestrId26": null, "FromId26": null, "ToId26": null, "TranspId26": null, "RestrId27": null, "FromId27": null, "ToId27": null, "TranspId27": null, "RestrId28": null, "FromId28": null, "ToId28": null, "TranspId28": null, "RestrId29": null, "FromId29": null, "ToId29": null, "TranspId29": null, "RestrId30": null, "FromId30": null, "ToId30": null, "TranspId30": null }, "geometry": { "type": "Point", "coordinates": [ 71.46363456488875, 51.131685316701265 ] } },
{ "type": "Feature", "properties": { "DeadEnd": 0, "Junction": null, "Control": 0, "Synonym": null, "ZLevel": 0, "GatewayId": null, "CrossesId": "70030077011889871", "RestrId1": "9550446733437471600", "FromId1": "70030077011889730", "ToId1": "70030077011889730", "TranspId1": "1", "RestrId2": "9550446733437471601", "FromId2": "70030077011889730", "ToId2": "70030077011889730", "TranspId2": "2", "RestrId3": "9550446733437471602", "FromId3": "70030077011889730", "ToId3": "70030077011889730", "TranspId3": "3", "RestrId4": "9550446733437471603", "FromId4": "9570866467724783", "ToId4": "9570866467724783", "TranspId4": "1", "RestrId5": "9550446733437471604", "FromId5": "9570866467724783", "ToId5": "9570866467724783", "TranspId5": "2", "RestrId6": "9550446733437471605", "FromId6": "9570866467724783", "ToId6": "9570866467724783", "TranspId6": "3", "RestrId7": null, "FromId7": null, "ToId7": null, "TranspId7": null, "RestrId8": null, "FromId8": null, "ToId8": null, "TranspId8": null, "RestrId9": null, "FromId9": null, "ToId9": null, "TranspId9": null, "RestrId10": null, "FromId10": null, "ToId10": null, "TranspId10": null, "RestrId11": null, "FromId11": null, "ToId11": null, "TranspId11": null, "RestrId12": null, "FromId12": null, "ToId12": null, "TranspId12": null, "RestrId13": null, "FromId13": null, "ToId13": null, "TranspId13": null, "RestrId14": null, "FromId14": null, "ToId14": null, "TranspId14": null, "RestrId15": null, "FromId15": null, "ToId15": null, "TranspId15": null, "RestrId16": null, "FromId16": null, "ToId16": null, "TranspId16": null, "RestrId17": null, "FromId17": null, "ToId17": null, "TranspId17": null, "RestrId18": null, "FromId18": null, "ToId18": null, "TranspId18": null, "RestrId19": null, "FromId19": null, "ToId19": null, "TranspId19": null, "RestrId20": null, "FromId20": null, "ToId20": null, "TranspId20": null, "RestrId21": null, "FromId21": null, "ToId21": null, "TranspId21": null, "RestrId22": null, "FromId22": null, "ToId22": null, "TranspId22": null, "RestrId23": null, "FromId23": null, "ToId23": null, "TranspId23": null, "RestrId24": null, "FromId24": null, "ToId24": null, "TranspId24": null, "RestrId25": null, "FromId25": null, "ToId25": null, "TranspId25": null, "RestrId26": null, "FromId26": null, "ToId26": null, "TranspId26": null, "RestrId27": null, "FromId27": null, "ToId27": null, "TranspId27": null, "RestrId28": null, "FromId28": null, "ToId28": null, "TranspId28": null, "RestrId29": null, "FromId29": null, "ToId29": null, "TranspId29": null, "RestrId30": null, "FromId30": null, "ToId30": null, "TranspId30": null }, "geometry": { "type": "Point", "coordinates": [ 71.464363457910281, 51.130833073750544 ] } },
{ "type": "Feature", "properties": { "DeadEnd": 0, "Junction": null, "Control": 0, "Synonym": null, "ZLevel": 0, "GatewayId": null, "CrossesId": "70030077011889874", "RestrId1": "9550446733437471621", "FromId1": "70030077011889732", "ToId1": "70030077011889732", "TranspId1": "1", "RestrId2": "9550446733437471622", "FromId2": "70030077011889732", "ToId2": "70030077011889732", "TranspId2": "2", "RestrId3": "9550446733437471623", "FromId3": "70030077011889732", "ToId3": "70030077011889732", "TranspId3": "3", "RestrId4": "9550446733437471624", "FromId4": "9570866467725056", "ToId4": "9570866467725056", "TranspId4": "1", "RestrId5": "9550446733437471625", "FromId5": "9570866467725056", "ToId5": "9570866467725056", "TranspId5": "2", "RestrId6": "9550446733437471626", "FromId6": "9570866467725056", "ToId6": "9570866467725056", "TranspId6": "3", "RestrId7": null, "FromId7": null, "ToId7": null, "TranspId7": null, "RestrId8": null, "FromId8": null, "ToId8": null, "TranspId8": null, "RestrId9": null, "FromId9": null, "ToId9": null, "TranspId9": null, "RestrId10": null, "FromId10": null, "ToId10": null, "TranspId10": null, "RestrId11": null, "FromId11": null, "ToId11": null, "TranspId11": null, "RestrId12": null, "FromId12": null, "ToId12": null, "TranspId12": null, "RestrId13": null, "FromId13": null, "ToId13": null, "TranspId13": null, "RestrId14": null, "FromId14": null, "ToId14": null, "TranspId14": null, "RestrId15": null, "FromId15": null, "ToId15": null, "TranspId15": null, "RestrId16": null, "FromId16": null, "ToId16": null, "TranspId16": null, "RestrId17": null, "FromId17": null, "ToId17": null, "TranspId17": null, "RestrId18": null, "FromId18": null, "ToId18": null, "TranspId18": null, "RestrId19": null, "FromId19": null, "ToId19": null, "TranspId19": null, "RestrId20": null, "FromId20": null, "ToId20": null, "TranspId20": null, "RestrId21": null, "FromId21": null, "ToId21": null, "TranspId21": null, "RestrId22": null, "FromId22": null, "ToId22": null, "TranspId22": null, "RestrId23": null, "FromId23": null, "ToId23": null, "TranspId23": null, "RestrId24": null, "FromId24": null, "ToId24": null, "TranspId24": null, "RestrId25": null, "FromId25": null, "ToId25": null, "TranspId25": null, "RestrId26": null, "FromId26": null, "ToId26": null, "TranspId26": null, "RestrId27": null, "FromId27": null, "ToId27": null, "TranspId27": null, "RestrId28": null, "FromId28": null, "ToId28": null, "TranspId28": null, "RestrId29": null, "FromId29": null, "ToId29": null, "TranspId29": null, "RestrId30": null, "FromId30": null, "ToId30": null, "TranspId30": null }, "geometry": { "type": "Point", "coordinates": [ 71.463015445994927, 51.132711899626038 ] } },
{ "type": "Feature", "properties": { "DeadEnd": 0, "Junction": null, "Control": 0, "Synonym": null, "ZLevel": 0, "GatewayId": null, "CrossesId": "70030077011889895", "RestrId1": "9550446733437471768", "FromId1": "70030077011889752", "ToId1": "70030077011889752", "TranspId1": "1", "RestrId2": "9550446733437471769", "FromId2": "70030077011889752", "ToId2": "70030077011889752", "TranspId2": "2", "RestrId3": "9550446733437471770", "FromId3": "70030077011889752", "ToId3": "70030077011889752", "TranspId3": "3", "RestrId4": "9550446733437471771", "FromId4": "70030076203706934", "ToId4": "70030076203706934", "TranspId4": "1", "RestrId5": "9550446733437471772", "FromId5": "70030076203706934", "ToId5": "70030076203706934", "TranspId5": "2", "RestrId6": "9550446733437471773", "FromId6": "70030076203706934", "ToId6": "70030076203706934", "TranspId6": "3", "RestrId7": null, "FromId7": null, "ToId7": null, "TranspId7": null, "RestrId8": null, "FromId8": null, "ToId8": null, "TranspId8": null, "RestrId9": null, "FromId9": null, "ToId9": null, "TranspId9": null, "RestrId10": null, "FromId10": null, "ToId10": null, "TranspId10": null, "RestrId11": null, "FromId11": null, "ToId11": null, "TranspId11": null, "RestrId12": null, "FromId12": null, "ToId12": null, "TranspId12": null, "RestrId13": null, "FromId13": null, "ToId13": null, "TranspId13": null, "RestrId14": null, "FromId14": null, "ToId14": null, "TranspId14": null, "RestrId15": null, "FromId15": null, "ToId15": null, "TranspId15": null, "RestrId16": null, "FromId16": null, "ToId16": null, "TranspId16": null, "RestrId17": null, "FromId17": null, "ToId17": null, "TranspId17": null, "RestrId18": null, "FromId18": null, "ToId18": null, "TranspId18": null, "RestrId19": null, "FromId19": null, "ToId19": null, "TranspId19": null, "RestrId20": null, "FromId20": null, "ToId20": null, "TranspId20": null, "RestrId21": null, "FromId21": null, "ToId21": null, "TranspId21": null, "RestrId22": null, "FromId22": null, "ToId22": null, "TranspId22": null, "RestrId23": null, "FromId23": null, "ToId23": null, "TranspId23": null, "RestrId24": null, "FromId24": null, "ToId24": null, "TranspId24": null, "RestrId25": null, "FromId25": null, "ToId25": null, "TranspId25": null, "RestrId26": null, "FromId26": null, "ToId26": null, "TranspId26": null, "RestrId27": null, "FromId27": null, "ToId27": null, "TranspId27": null, "RestrId28": null, "FromId28": null, "ToId28": null, "TranspId28": null, "RestrId29": null, "FromId29": null, "ToId29": null, "TranspId29": null, "RestrId30": null, "FromId30": null, "ToId30": null, "TranspId30": null }, "geometry": { "type": "Point", "coordinates": [ 71.466918266578318, 51.132535007221399 ] } },
{ "type": "Feature", "properties": { "DeadEnd": 0, "Junction": null, "Control": 0, "Synonym": null, "ZLevel": 0, "GatewayId": null, "CrossesId": "70030077011883650", "RestrId1": "9550446733437467332", "FromId1": "70030077011883507", "ToId1": "70030077011883507", "TranspId1": "1", "RestrId2": "9550446733437467333", "FromId2": "70030077011883507", "ToId2": "70030077011883507", "TranspId2": "2", "RestrId3": "9550446733437467334", "FromId3": "70030077011883507", "ToId3": "70030077011883507", "TranspId3": "3", "RestrId4": "9550446733437467335", "FromId4": "70030076258454346", "ToId4": "70030076258454346", "TranspId4": "1", "RestrId5": "9550446733437467336", "FromId5": "70030076258454346", "ToId5": "70030076258454346", "TranspId5": "2", "RestrId6": "9550446733437467337", "FromId6": "70030076258454346", "ToId6": "70030076258454346", "TranspId6": "3", "RestrId7": null, "FromId7": null, "ToId7": null, "TranspId7": null, "RestrId8": null, "FromId8": null, "ToId8": null, "TranspId8": null, "RestrId9": null, "FromId9": null, "ToId9": null, "TranspId9": null, "RestrId10": null, "FromId10": null, "ToId10": null, "TranspId10": null, "RestrId11": null, "FromId11": null, "ToId11": null, "TranspId11": null, "RestrId12": null, "FromId12": null, "ToId12": null, "TranspId12": null, "RestrId13": null, "FromId13": null, "ToId13": null, "TranspId13": null, "RestrId14": null, "FromId14": null, "ToId14": null, "TranspId14": null, "RestrId15": null, "FromId15": null, "ToId15": null, "TranspId15": null, "RestrId16": null, "FromId16": null, "ToId16": null, "TranspId16": null, "RestrId17": null, "FromId17": null, "ToId17": null, "TranspId17": null, "RestrId18": null, "FromId18": null, "ToId18": null, "TranspId18": null, "RestrId19": null, "FromId19": null, "ToId19": null, "TranspId19": null, "RestrId20": null, "FromId20": null, "ToId20": null, "TranspId20": null, "RestrId21": null, "FromId21": null, "ToId21": null, "TranspId21": null, "RestrId22": null, "FromId22": null, "ToId22": null, "TranspId22": null, "RestrId23": null, "FromId23": null, "ToId23": null, "TranspId23": null, "RestrId24": null, "FromId24": null, "ToId24": null, "TranspId24": null, "RestrId25": null, "FromId25": null, "ToId25": null, "TranspId25": null, "RestrId26": null, "FromId26": null, "ToId26": null, "TranspId26": null, "RestrId27": null, "FromId27": null, "ToId27": null, "TranspId27": null, "RestrId28": null, "FromId28": null, "ToId28": null, "TranspId28": null, "RestrId29": null, "FromId29": null, "ToId29": null, "TranspId29": null, "RestrId30": null, "FromId30": null, "ToId30": null, "TranspId30": null }, "geometry": { "type": "Point", "coordinates": [ 71.464990571810134, 51.129878721116704 ] } },
{ "type": "Feature", "properties": { "DeadEnd": 0, "Junction": null, "Control": 0, "Synonym": null, "ZLevel": 0, "GatewayId": null, "CrossesId": "70030077011875744", "RestrId1": "9550446733437461108", "FromId1": "70030077011875636", "ToId1": "70030077011875636", "TranspId1": "1", "RestrId2": "9550446733437461109", "FromId2": "70030077011875636", "ToId2": "70030077011875636", "TranspId2": "2", "RestrId3": "9550446733437461110", "FromId3": "70030077011875636", "ToId3": "70030077011875636", "TranspId3": "3", "RestrId4": "9550446733437461111", "FromId4": "70030076258454317", "ToId4": "70030076258454317", "TranspId4": "1", "RestrId5": "9550446733437461112", "FromId5": "70030076258454317", "ToId5": "70030076258454317", "TranspId5": "2", "RestrId6": "9550446733437461113", "FromId6": "70030076258454317", "ToId6": "70030076258454317", "TranspId6": "3", "RestrId7": null, "FromId7": null, "ToId7": null, "TranspId7": null, "RestrId8": null, "FromId8": null, "ToId8": null, "TranspId8": null, "RestrId9": null, "FromId9": null, "ToId9": null, "TranspId9": null, "RestrId10": null, "FromId10": null, "ToId10": null, "TranspId10": null, "RestrId11": null, "FromId11": null, "ToId11": null, "TranspId11": null, "RestrId12": null, "FromId12": null, "ToId12": null, "TranspId12": null, "RestrId13": null, "FromId13": null, "ToId13": null, "TranspId13": null, "RestrId14": null, "FromId14": null, "ToId14": null, "TranspId14": null, "RestrId15": null, "FromId15": null, "ToId15": null, "TranspId15": null, "RestrId16": null, "FromId16": null, "ToId16": null, "TranspId16": null, "RestrId17": null, "FromId17": null, "ToId17": null, "TranspId17": null, "RestrId18": null, "FromId18": null, "ToId18": null, "TranspId18": null, "RestrId19": null, "FromId19": null, "ToId19": null, "TranspId19": null, "RestrId20": null, "FromId20": null, "ToId20": null, "TranspId20": null, "RestrId21": null, "FromId21": null, "ToId21": null, "TranspId21": null, "RestrId22": null, "FromId22": null, "ToId22": null, "TranspId22": null, "RestrId23": null, "FromId23": null, "ToId23": null, "TranspId23": null, "RestrId24": null, "FromId24": null, "ToId24": null, "TranspId24": null, "RestrId25": null, "FromId25": null, "ToId25": null, "TranspId25": null, "RestrId26": null, "FromId26": null, "ToId26": null, "TranspId26": null, "RestrId27": null, "FromId27": null, "ToId27": null, "TranspId27": null, "RestrId28": null, "FromId28": null, "ToId28": null, "TranspId28": null, "RestrId29": null, "FromId29": null, "ToId29": null, "TranspId29": null, "RestrId30": null, "FromId30": null, "ToId30": null, "TranspId30": null }, "geometry": { "type": "Point", "coordinates": [ 71.464896697862926, 51.129903751350781 ] } },
{ "type": "Feature", "properties": { "DeadEnd": 0, "Junction": null, "Control": 0, "Synonym": null, "ZLevel": 0, "GatewayId": null, "CrossesId": "70030077011876265", "RestrId1": "9550446733437461336", "FromId1": "70030077124128049", "ToId1": "70030077124128049", "TranspId1": "1", "RestrId2": "9550446733437461337", "FromId2": "70030077124128049", "ToId2": "70030077124128049", "TranspId2": "2", "RestrId3": "9550446733437461338", "FromId3": "70030077124128049", "ToId3": "70030077124128049", "TranspId3": "3", "RestrId4": "9550446733437461339", "FromId4": "70030076139094753", "ToId4": "70030076139094753", "TranspId4": "1", "RestrId5": "9550446733437461340", "FromId5": "70030076139094753", "ToId5": "70030076139094753", "TranspId5": "2", "RestrId6": "9550446733437461341", "FromId6": "70030076139094753", "ToId6": "70030076139094753", "TranspId6": "3", "RestrId7": null, "FromId7": null, "ToId7": null, "TranspId7": null, "RestrId8": null, "FromId8": null, "ToId8": null, "TranspId8": null, "RestrId9": null, "FromId9": null, "ToId9": null, "TranspId9": null, "RestrId10": null, "FromId10": null, "ToId10": null, "TranspId10": null, "RestrId11": null, "FromId11": null, "ToId11": null, "TranspId11": null, "RestrId12": null, "FromId12": null, "ToId12": null, "TranspId12": null, "RestrId13": null, "FromId13": null, "ToId13": null, "TranspId13": null, "RestrId14": null, "FromId14": null, "ToId14": null, "TranspId14": null, "RestrId15": null, "FromId15": null, "ToId15": null, "TranspId15": null, "RestrId16": null, "FromId16": null, "ToId16": null, "TranspId16": null, "RestrId17": null, "FromId17": null, "ToId17": null, "TranspId17": null, "RestrId18": null, "FromId18": null, "ToId18": null, "TranspId18": null, "RestrId19": null, "FromId19": null, "ToId19": null, "TranspId19": null, "RestrId20": null, "FromId20": null, "ToId20": null, "TranspId20": null, "RestrId21": null, "FromId21": null, "ToId21": null, "TranspId21": null, "RestrId22": null, "FromId22": null, "ToId22": null, "TranspId22": null, "RestrId23": null, "FromId23": null, "ToId23": null, "TranspId23": null, "RestrId24": null, "FromId24": null, "ToId24": null, "TranspId24": null, "RestrId25": null, "FromId25": null, "ToId25": null, "TranspId25": null, "RestrId26": null, "FromId26": null, "ToId26": null, "TranspId26": null, "RestrId27": null, "FromId27": null, "ToId27": null, "TranspId27": null, "RestrId28": null, "FromId28": null, "ToId28": null, "TranspId28": null, "RestrId29": null, "FromId29": null, "ToId29": null, "TranspId29": null, "RestrId30": null, "FromId30": null, "ToId30": null, "TranspId30": null }, "geometry": { "type": "Point", "coordinates": [ 71.46637191122251, 51.133816700813142 ] } },
{ "type": "Feature", "properties": { "DeadEnd": 0, "Junction": null, "Control": 0, "Synonym": null, "ZLevel": 0, "GatewayId": null, "CrossesId": "70030077011880543", "RestrId1": "9550446733483993144", "FromId1": "70030077011880393", "ToId1": "70030077011880393", "TranspId1": "1", "RestrId2": "9550446733483993145", "FromId2": "70030077011880393", "ToId2": "70030077011880393", "TranspId2": "2", "RestrId3": "9550446733483993146", "FromId3": "70030077011880393", "ToId3": "70030077011880393", "TranspId3": "3", "RestrId4": "9550446733483993147", "FromId4": "70030076203912683", "ToId4": "70030076203912683", "TranspId4": "1", "RestrId5": "9550446733483993148", "FromId5": "70030076203912683", "ToId5": "70030076203912683", "TranspId5": "2", "RestrId6": "9550446733483993149", "FromId6": "70030076203912683", "ToId6": "70030076203912683", "TranspId6": "3", "RestrId7": null, "FromId7": null, "ToId7": null, "TranspId7": null, "RestrId8": null, "FromId8": null, "ToId8": null, "TranspId8": null, "RestrId9": null, "FromId9": null, "ToId9": null, "TranspId9": null, "RestrId10": null, "FromId10": null, "ToId10": null, "TranspId10": null, "RestrId11": null, "FromId11": null, "ToId11": null, "TranspId11": null, "RestrId12": null, "FromId12": null, "ToId12": null, "TranspId12": null, "RestrId13": null, "FromId13": null, "ToId13": null, "TranspId13": null, "RestrId14": null, "FromId14": null, "ToId14": null, "TranspId14": null, "RestrId15": null, "FromId15": null, "ToId15": null, "TranspId15": null, "RestrId16": null, "FromId16": null, "ToId16": null, "TranspId16": null, "RestrId17": null, "FromId17": null, "ToId17": null, "TranspId17": null, "RestrId18": null, "FromId18": null, "ToId18": null, "TranspId18": null, "RestrId19": null, "FromId19": null, "ToId19": null, "TranspId19": null, "RestrId20": null, "FromId20": null, "ToId20": null, "TranspId20": null, "RestrId21": null, "FromId21": null, "ToId21": null, "TranspId21": null, "RestrId22": null, "FromId22": null, "ToId22": null, "TranspId22": null, "RestrId23": null, "FromId23": null, "ToId23": null, "TranspId23": null, "RestrId24": null, "FromId24": null, "ToId24": null, "TranspId24": null, "RestrId25": null, "FromId25": null, "ToId25": null, "TranspId25": null, "RestrId26": null, "FromId26": null, "ToId26": null, "TranspId26": null, "RestrId27": null, "FromId27": null, "ToId27": null, "TranspId27": null, "RestrId28": null, "FromId28": null, "ToId28": null, "TranspId28": null, "RestrId29": null, "FromId29": null, "ToId29": null, "TranspId29": null, "RestrId30": null, "FromId30": null, "ToId30": null, "TranspId30": null }, "geometry": { "type": "Point", "coordinates": [ 71.470285421757794, 51.131371547908557 ] } },
{ "type": "Feature", "properties": { "DeadEnd": 0, "Junction": null, "Control": 0, "Synonym": null, "ZLevel": 0, "GatewayId": null, "CrossesId": "70030077011881228", "RestrId1": "9550446733437465226", "FromId1": "70030077011881093", "ToId1": "70030077011881093", "TranspId1": "1", "RestrId2": "9550446733437465227", "FromId2": "70030077011881093", "ToId2": "70030077011881093", "TranspId2": "2", "RestrId3": "9550446733437465228", "FromId3": "70030077011881093", "ToId3": "70030077011881093", "TranspId3": "3", "RestrId4": "9550446733437465229", "FromId4": "70030076272383068", "ToId4": "70030076272383068", "TranspId4": "1", "RestrId5": "9550446733437465230", "FromId5": "70030076272383068", "ToId5": "70030076272383068", "TranspId5": "2", "RestrId6": "9550446733437465231", "FromId6": "70030076272383068", "ToId6": "70030076272383068", "TranspId6": "3", "RestrId7": null, "FromId7": null, "ToId7": null, "TranspId7": null, "RestrId8": null, "FromId8": null, "ToId8": null, "TranspId8": null, "RestrId9": null, "FromId9": null, "ToId9": null, "TranspId9": null, "RestrId10": null, "FromId10": null, "ToId10": null, "TranspId10": null, "RestrId11": null, "FromId11": null, "ToId11": null, "TranspId11": null, "RestrId12": null, "FromId12": null, "ToId12": null, "TranspId12": null, "RestrId13": null, "FromId13": null, "ToId13": null, "TranspId13": null, "RestrId14": null, "FromId14": null, "ToId14": null, "TranspId14": null, "RestrId15": null, "FromId15": null, "ToId15": null, "TranspId15": null, "RestrId16": null, "FromId16": null, "ToId16": null, "TranspId16": null, "RestrId17": null, "FromId17": null, "ToId17": null, "TranspId17": null, "RestrId18": null, "FromId18": null, "ToId18": null, "TranspId18": null, "RestrId19": null, "FromId19": null, "ToId19": null, "TranspId19": null, "RestrId20": null, "FromId20": null, "ToId20": null, "TranspId20": null, "RestrId21": null, "FromId21": null, "ToId21": null, "TranspId21": null, "RestrId22": null, "FromId22": null, "ToId22": null, "TranspId22": null, "RestrId23": null, "FromId23": null, "ToId23": null, "TranspId23": null, "RestrId24": null, "FromId24": null, "ToId24": null, "TranspId24": null, "RestrId25": null, "FromId25": null, "ToId25": null, "TranspId25": null, "RestrId26": null, "FromId26": null, "ToId26": null, "TranspId26": null, "RestrId27": null, "FromId27": null, "ToId27": null, "TranspId27": null, "RestrId28": null, "FromId28": null, "ToId28": null, "TranspId28": null, "RestrId29": null, "FromId29": null, "ToId29": null, "TranspId29": null, "RestrId30": null, "FromId30": null, "ToId30": null, "TranspId30": null }, "geometry": { "type": "Point", "coordinates": [ 71.463790961579718, 51.131592640693285 ] } },
{ "type": "Feature", "properties": { "DeadEnd": 0, "Junction": null, "Control": 0, "Synonym": null, "ZLevel": 0, "GatewayId": null, "CrossesId": "70030077011881229", "RestrId1": "9550446733437465233", "FromId1": "70030077011881094", "ToId1": "70030077011881094", "TranspId1": "1", "RestrId2": "9550446733437465234", "FromId2": "70030077011881094", "ToId2": "70030077011881094", "TranspId2": "2", "RestrId3": "9550446733437465235", "FromId3": "70030077011881094", "ToId3": "70030077011881094", "TranspId3": "3", "RestrId4": "9550446733437465236", "FromId4": "70030076139095794", "ToId4": "70030076139095794", "TranspId4": "1", "RestrId5": "9550446733437465237", "FromId5": "70030076139095794", "ToId5": "70030076139095794", "TranspId5": "2", "RestrId6": "9550446733437465238", "FromId6": "70030076139095794", "ToId6": "70030076139095794", "TranspId6": "3", "RestrId7": null, "FromId7": null, "ToId7": null, "TranspId7": null, "RestrId8": null, "FromId8": null, "ToId8": null, "TranspId8": null, "RestrId9": null, "FromId9": null, "ToId9": null, "TranspId9": null, "RestrId10": null, "FromId10": null, "ToId10": null, "TranspId10": null, "RestrId11": null, "FromId11": null, "ToId11": null, "TranspId11": null, "RestrId12": null, "FromId12": null, "ToId12": null, "TranspId12": null, "RestrId13": null, "FromId13": null, "ToId13": null, "TranspId13": null, "RestrId14": null, "FromId14": null, "ToId14": null, "TranspId14": null, "RestrId15": null, "FromId15": null, "ToId15": null, "TranspId15": null, "RestrId16": null, "FromId16": null, "ToId16": null, "TranspId16": null, "RestrId17": null, "FromId17": null, "ToId17": null, "TranspId17": null, "RestrId18": null, "FromId18": null, "ToId18": null, "TranspId18": null, "RestrId19": null, "FromId19": null, "ToId19": null, "TranspId19": null, "RestrId20": null, "FromId20": null, "ToId20": null, "TranspId20": null, "RestrId21": null, "FromId21": null, "ToId21": null, "TranspId21": null, "RestrId22": null, "FromId22": null, "ToId22": null, "TranspId22": null, "RestrId23": null, "FromId23": null, "ToId23": null, "TranspId23": null, "RestrId24": null, "FromId24": null, "ToId24": null, "TranspId24": null, "RestrId25": null, "FromId25": null, "ToId25": null, "TranspId25": null, "RestrId26": null, "FromId26": null, "ToId26": null, "TranspId26": null, "RestrId27": null, "FromId27": null, "ToId27": null, "TranspId27": null, "RestrId28": null, "FromId28": null, "ToId28": null, "TranspId28": null, "RestrId29": null, "FromId29": null, "ToId29": null, "TranspId29": null, "RestrId30": null, "FromId30": null, "ToId30": null, "TranspId30": null }, "geometry": { "type": "Point", "coordinates": [ 71.464863190702829, 51.133233497153455 ] } },
{ "type": "Feature", "properties": { "DeadEnd": 0, "Junction": null, "Control": 0, "Synonym": null, "ZLevel": 0, "GatewayId": null, "CrossesId": "70030076479892376", "RestrId1": "9550446733449148487", "FromId1": "9570866467722894", "ToId1": "9570866467722894", "TranspId1": "3", "RestrId2": "9550446733449148488", "FromId2": "9570866467722894", "ToId2": "9570866467722894", "TranspId2": "2", "RestrId3": "9550446733449148489", "FromId3": "9570866467722894", "ToId3": "9570866467722894", "TranspId3": "1", "RestrId4": null, "FromId4": null, "ToId4": null, "TranspId4": null, "RestrId5": null, "FromId5": null, "ToId5": null, "TranspId5": null, "RestrId6": null, "FromId6": null, "ToId6": null, "TranspId6": null, "RestrId7": null, "FromId7": null, "ToId7": null, "TranspId7": null, "RestrId8": null, "FromId8": null, "ToId8": null, "TranspId8": null, "RestrId9": null, "FromId9": null, "ToId9": null, "TranspId9": null, "RestrId10": null, "FromId10": null, "ToId10": null, "TranspId10": null, "RestrId11": null, "FromId11": null, "ToId11": null, "TranspId11": null, "RestrId12": null, "FromId12": null, "ToId12": null, "TranspId12": null, "RestrId13": null, "FromId13": null, "ToId13": null, "TranspId13": null, "RestrId14": null, "FromId14": null, "ToId14": null, "TranspId14": null, "RestrId15": null, "FromId15": null, "ToId15": null, "TranspId15": null, "RestrId16": null, "FromId16": null, "ToId16": null, "TranspId16": null, "RestrId17": null, "FromId17": null, "ToId17": null, "TranspId17": null, "RestrId18": null, "FromId18": null, "ToId18": null, "TranspId18": null, "RestrId19": null, "FromId19": null, "ToId19": null, "TranspId19": null, "RestrId20": null, "FromId20": null, "ToId20": null, "TranspId20": null, "RestrId21": null, "FromId21": null, "ToId21": null, "TranspId21": null, "RestrId22": null, "FromId22": null, "ToId22": null, "TranspId22": null, "RestrId23": null, "FromId23": null, "ToId23": null, "TranspId23": null, "RestrId24": null, "FromId24": null, "ToId24": null, "TranspId24": null, "RestrId25": null, "FromId25": null, "ToId25": null, "TranspId25": null, "RestrId26": null, "FromId26": null, "ToId26": null, "TranspId26": null, "RestrId27": null, "FromId27": null, "ToId27": null, "TranspId27": null, "RestrId28": null, "FromId28": null, "ToId28": null, "TranspId28": null, "RestrId29": null, "FromId29": null, "ToId29": null, "TranspId29": null, "RestrId30": null, "FromId30": null, "ToId30": null, "TranspId30": null }, "geometry": { "type": "Point", "coordinates": [ 71.439322560039329, 51.121505515731556 ] } },
{ "type": "Feature", "properties": { "DeadEnd": 0, "Junction": null, "Control": 0, "Synonym": null, "ZLevel": 0, "GatewayId": null, "CrossesId": "70030076313441511", "RestrId1": "9550446733463958382", "FromId1": "70030076535420885", "ToId1": "70030076139043462", "TranspId1": "2", "RestrId2": "9550446733463958383", "FromId2": "70030076535420885", "ToId2": "70030076139043462", "TranspId2": "1", "RestrId3": null, "FromId3": null, "ToId3": null, "TranspId3": null, "RestrId4": null, "FromId4": null, "ToId4": null, "TranspId4": null, "RestrId5": null, "FromId5": null, "ToId5": null, "TranspId5": null, "RestrId6": null, "FromId6": null, "ToId6": null, "TranspId6": null, "RestrId7": null, "FromId7": null, "ToId7": null, "TranspId7": null, "RestrId8": null, "FromId8": null, "ToId8": null, "TranspId8": null, "RestrId9": null, "FromId9": null, "ToId9": null, "TranspId9": null, "RestrId10": null, "FromId10": null, "ToId10": null, "TranspId10": null, "RestrId11": null, "FromId11": null, "ToId11": null, "TranspId11": null, "RestrId12": null, "FromId12": null, "ToId12": null, "TranspId12": null, "RestrId13": null, "FromId13": null, "ToId13": null, "TranspId13": null, "RestrId14": null, "FromId14": null, "ToId14": null, "TranspId14": null, "RestrId15": null, "FromId15": null, "ToId15": null, "TranspId15": null, "RestrId16": null, "FromId16": null, "ToId16": null, "TranspId16": null, "RestrId17": null, "FromId17": null, "ToId17": null, "TranspId17": null, "RestrId18": null, "FromId18": null, "ToId18": null, "TranspId18": null, "RestrId19": null, "FromId19": null, "ToId19": null, "TranspId19": null, "RestrId20": null, "FromId20": null, "ToId20": null, "TranspId20": null, "RestrId21": null, "FromId21": null, "ToId21": null, "TranspId21": null, "RestrId22": null, "FromId22": null, "ToId22": null, "TranspId22": null, "RestrId23": null, "FromId23": null, "ToId23": null, "TranspId23": null, "RestrId24": null, "FromId24": null, "ToId24": null, "TranspId24": null, "RestrId25": null, "FromId25": null, "ToId25": null, "TranspId25": null, "RestrId26": null, "FromId26": null, "ToId26": null, "TranspId26": null, "RestrId27": null, "FromId27": null, "ToId27": null, "TranspId27": null, "RestrId28": null, "FromId28": null, "ToId28": null, "TranspId28": null, "RestrId29": null, "FromId29": null, "ToId29": null, "TranspId29": null, "RestrId30": null, "FromId30": null, "ToId30": null, "TranspId30": null }, "geometry": { "type": "Point", "coordinates": [ 71.468602607736031, 51.12746357797154 ] } },
{ "type": "Feature", "properties": { "DeadEnd": 0, "Junction": null, "Control": 0, "Synonym": null, "ZLevel": 0, "GatewayId": null, "CrossesId": "70030076247405935", "RestrId1": "9550446732971566771", "FromId1": "70030077011884991", "ToId1": "70030077011884991", "TranspId1": "3", "RestrId2": "9550446732971566772", "FromId2": "70030077011884991", "ToId2": "70030077011884991", "TranspId2": "2", "RestrId3": "9550446732971566773", "FromId3": "70030077011884991", "ToId3": "70030077011884991", "TranspId3": "1", "RestrId4": null, "FromId4": null, "ToId4": null, "TranspId4": null, "RestrId5": null, "FromId5": null, "ToId5": null, "TranspId5": null, "RestrId6": null, "FromId6": null, "ToId6": null, "TranspId6": null, "RestrId7": null, "FromId7": null, "ToId7": null, "TranspId7": null, "RestrId8": null, "FromId8": null, "ToId8": null, "TranspId8": null, "RestrId9": null, "FromId9": null, "ToId9": null, "TranspId9": null, "RestrId10": null, "FromId10": null, "ToId10": null, "TranspId10": null, "RestrId11": null, "FromId11": null, "ToId11": null, "TranspId11": null, "RestrId12": null, "FromId12": null, "ToId12": null, "TranspId12": null, "RestrId13": null, "FromId13": null, "ToId13": null, "TranspId13": null, "RestrId14": null, "FromId14": null, "ToId14": null, "TranspId14": null, "RestrId15": null, "FromId15": null, "ToId15": null, "TranspId15": null, "RestrId16": null, "FromId16": null, "ToId16": null, "TranspId16": null, "RestrId17": null, "FromId17": null, "ToId17": null, "TranspId17": null, "RestrId18": null, "FromId18": null, "ToId18": null, "TranspId18": null, "RestrId19": null, "FromId19": null, "ToId19": null, "TranspId19": null, "RestrId20": null, "FromId20": null, "ToId20": null, "TranspId20": null, "RestrId21": null, "FromId21": null, "ToId21": null, "TranspId21": null, "RestrId22": null, "FromId22": null, "ToId22": null, "TranspId22": null, "RestrId23": null, "FromId23": null, "ToId23": null, "TranspId23": null, "RestrId24": null, "FromId24": null, "ToId24": null, "TranspId24": null, "RestrId25": null, "FromId25": null, "ToId25": null, "TranspId25": null, "RestrId26": null, "FromId26": null, "ToId26": null, "TranspId26": null, "RestrId27": null, "FromId27": null, "ToId27": null, "TranspId27": null, "RestrId28": null, "FromId28": null, "ToId28": null, "TranspId28": null, "RestrId29": null, "FromId29": null, "ToId29": null, "TranspId29": null, "RestrId30": null, "FromId30": null, "ToId30": null, "TranspId30": null }, "geometry": { "type": "Point", "coordinates": [ 71.461691329266145, 51.128879924781472 ] } },
{ "type": "Feature", "properties": { "DeadEnd": 0, "Junction": null, "Control": 0, "Synonym": null, "ZLevel": 0, "GatewayId": null, "CrossesId": "70030076247406447", "RestrId1": "9550446732971566979", "FromId1": "70030077068782135", "ToId1": "70030077068782135", "TranspId1": "3", "RestrId2": "9550446732971566980", "FromId2": "70030077068782135", "ToId2": "70030077068782135", "TranspId2": "2", "RestrId3": "9550446732971566981", "FromId3": "70030077068782135", "ToId3": "70030077068782135", "TranspId3": "1", "RestrId4": null, "FromId4": null, "ToId4": null, "TranspId4": null, "RestrId5": null, "FromId5": null, "ToId5": null, "TranspId5": null, "RestrId6": null, "FromId6": null, "ToId6": null, "TranspId6": null, "RestrId7": null, "FromId7": null, "ToId7": null, "TranspId7": null, "RestrId8": null, "FromId8": null, "ToId8": null, "TranspId8": null, "RestrId9": null, "FromId9": null, "ToId9": null, "TranspId9": null, "RestrId10": null, "FromId10": null, "ToId10": null, "TranspId10": null, "RestrId11": null, "FromId11": null, "ToId11": null, "TranspId11": null, "RestrId12": null, "FromId12": null, "ToId12": null, "TranspId12": null, "RestrId13": null, "FromId13": null, "ToId13": null, "TranspId13": null, "RestrId14": null, "FromId14": null, "ToId14": null, "TranspId14": null, "RestrId15": null, "FromId15": null, "ToId15": null, "TranspId15": null, "RestrId16": null, "FromId16": null, "ToId16": null, "TranspId16": null, "RestrId17": null, "FromId17": null, "ToId17": null, "TranspId17": null, "RestrId18": null, "FromId18": null, "ToId18": null, "TranspId18": null, "RestrId19": null, "FromId19": null, "ToId19": null, "TranspId19": null, "RestrId20": null, "FromId20": null, "ToId20": null, "TranspId20": null, "RestrId21": null, "FromId21": null, "ToId21": null, "TranspId21": null, "RestrId22": null, "FromId22": null, "ToId22": null, "TranspId22": null, "RestrId23": null, "FromId23": null, "ToId23": null, "TranspId23": null, "RestrId24": null, "FromId24": null, "ToId24": null, "TranspId24": null, "RestrId25": null, "FromId25": null, "ToId25": null, "TranspId25": null, "RestrId26": null, "FromId26": null, "ToId26": null, "TranspId26": null, "RestrId27": null, "FromId27": null, "ToId27": null, "TranspId27": null, "RestrId28": null, "FromId28": null, "ToId28": null, "TranspId28": null, "RestrId29": null, "FromId29": null, "ToId29": null, "TranspId29": null, "RestrId30": null, "FromId30": null, "ToId30": null, "TranspId30": null }, "geometry": { "type": "Point", "coordinates": [ 71.465384123736101, 51.128307877664518 ] } },
{ "type": "Feature", "properties": { "DeadEnd": 0, "Junction": null, "Control": 0, "Synonym": null, "ZLevel": 0, "GatewayId": null, "CrossesId": "70030076247416976", "RestrId1": "9550446732971570192", "FromId1": "9570866467724121", "ToId1": "9570866467724121", "TranspId1": "3", "RestrId2": "9550446732971570193", "FromId2": "9570866467724121", "ToId2": "9570866467724121", "TranspId2": "2", "RestrId3": "9550446732971570194", "FromId3": "9570866467724121", "ToId3": "9570866467724121", "TranspId3": "1", "RestrId4": null, "FromId4": null, "ToId4": null, "TranspId4": null, "RestrId5": null, "FromId5": null, "ToId5": null, "TranspId5": null, "RestrId6": null, "FromId6": null, "ToId6": null, "TranspId6": null, "RestrId7": null, "FromId7": null, "ToId7": null, "TranspId7": null, "RestrId8": null, "FromId8": null, "ToId8": null, "TranspId8": null, "RestrId9": null, "FromId9": null, "ToId9": null, "TranspId9": null, "RestrId10": null, "FromId10": null, "ToId10": null, "TranspId10": null, "RestrId11": null, "FromId11": null, "ToId11": null, "TranspId11": null, "RestrId12": null, "FromId12": null, "ToId12": null, "TranspId12": null, "RestrId13": null, "FromId13": null, "ToId13": null, "TranspId13": null, "RestrId14": null, "FromId14": null, "ToId14": null, "TranspId14": null, "RestrId15": null, "FromId15": null, "ToId15": null, "TranspId15": null, "RestrId16": null, "FromId16": null, "ToId16": null, "TranspId16": null, "RestrId17": null, "FromId17": null, "ToId17": null, "TranspId17": null, "RestrId18": null, "FromId18": null, "ToId18": null, "TranspId18": null, "RestrId19": null, "FromId19": null, "ToId19": null, "TranspId19": null, "RestrId20": null, "FromId20": null, "ToId20": null, "TranspId20": null, "RestrId21": null, "FromId21": null, "ToId21": null, "TranspId21": null, "RestrId22": null, "FromId22": null, "ToId22": null, "TranspId22": null, "RestrId23": null, "FromId23": null, "ToId23": null, "TranspId23": null, "RestrId24": null, "FromId24": null, "ToId24": null, "TranspId24": null, "RestrId25": null, "FromId25": null, "ToId25": null, "TranspId25": null, "RestrId26": null, "FromId26": null, "ToId26": null, "TranspId26": null, "RestrId27": null, "FromId27": null, "ToId27": null, "TranspId27": null, "RestrId28": null, "FromId28": null, "ToId28": null, "TranspId28": null, "RestrId29": null, "FromId29": null, "ToId29": null, "TranspId29": null, "RestrId30": null, "FromId30": null, "ToId30": null, "TranspId30": null }, "geometry": { "type": "Point", "coordinates": [ 71.46828208884267, 51.127998088670999 ] } },
{ "type": "Feature", "properties": { "DeadEnd": 0, "Junction": null, "Control": 0, "Synonym": null, "ZLevel": 0, "GatewayId": null, "CrossesId": "70030076192100499", "RestrId1": "9550446732951553536", "FromId1": "70030076157923409", "ToId1": "70030076157923409", "TranspId1": "3", "RestrId2": "9550446732951553537", "FromId2": "70030076157923409", "ToId2": "70030076157923409", "TranspId2": "2", "RestrId3": "9550446732951553538", "FromId3": "70030076157923409", "ToId3": "70030076157923409", "TranspId3": "1", "RestrId4": null, "FromId4": null, "ToId4": null, "TranspId4": null, "RestrId5": null, "FromId5": null, "ToId5": null, "TranspId5": null, "RestrId6": null, "FromId6": null, "ToId6": null, "TranspId6": null, "RestrId7": null, "FromId7": null, "ToId7": null, "TranspId7": null, "RestrId8": null, "FromId8": null, "ToId8": null, "TranspId8": null, "RestrId9": null, "FromId9": null, "ToId9": null, "TranspId9": null, "RestrId10": null, "FromId10": null, "ToId10": null, "TranspId10": null, "RestrId11": null, "FromId11": null, "ToId11": null, "TranspId11": null, "RestrId12": null, "FromId12": null, "ToId12": null, "TranspId12": null, "RestrId13": null, "FromId13": null, "ToId13": null, "TranspId13": null, "RestrId14": null, "FromId14": null, "ToId14": null, "TranspId14": null, "RestrId15": null, "FromId15": null, "ToId15": null, "TranspId15": null, "RestrId16": null, "FromId16": null, "ToId16": null, "TranspId16": null, "RestrId17": null, "FromId17": null, "ToId17": null, "TranspId17": null, "RestrId18": null, "FromId18": null, "ToId18": null, "TranspId18": null, "RestrId19": null, "FromId19": null, "ToId19": null, "TranspId19": null, "RestrId20": null, "FromId20": null, "ToId20": null, "TranspId20": null, "RestrId21": null, "FromId21": null, "ToId21": null, "TranspId21": null, "RestrId22": null, "FromId22": null, "ToId22": null, "TranspId22": null, "RestrId23": null, "FromId23": null, "ToId23": null, "TranspId23": null, "RestrId24": null, "FromId24": null, "ToId24": null, "TranspId24": null, "RestrId25": null, "FromId25": null, "ToId25": null, "TranspId25": null, "RestrId26": null, "FromId26": null, "ToId26": null, "TranspId26": null, "RestrId27": null, "FromId27": null, "ToId27": null, "TranspId27": null, "RestrId28": null, "FromId28": null, "ToId28": null, "TranspId28": null, "RestrId29": null, "FromId29": null, "ToId29": null, "TranspId29": null, "RestrId30": null, "FromId30": null, "ToId30": null, "TranspId30": null }, "geometry": { "type": "Point", "coordinates": [ 71.460876557303436, 51.134432929269039 ] } },
{ "type": "Feature", "properties": { "DeadEnd": 0, "Junction": null, "Control": 0, "Synonym": null, "ZLevel": 0, "GatewayId": null, "CrossesId": "70030076151014101", "RestrId1": "9550446732941472803", "FromId1": "70030077150673564", "ToId1": "70030077150673564", "TranspId1": "3", "RestrId2": "9550446732941472804", "FromId2": "70030077150673564", "ToId2": "70030077150673564", "TranspId2": "2", "RestrId3": "9550446732941472805", "FromId3": "70030077150673564", "ToId3": "70030077150673564", "TranspId3": "1", "RestrId4": null, "FromId4": null, "ToId4": null, "TranspId4": null, "RestrId5": null, "FromId5": null, "ToId5": null, "TranspId5": null, "RestrId6": null, "FromId6": null, "ToId6": null, "TranspId6": null, "RestrId7": null, "FromId7": null, "ToId7": null, "TranspId7": null, "RestrId8": null, "FromId8": null, "ToId8": null, "TranspId8": null, "RestrId9": null, "FromId9": null, "ToId9": null, "TranspId9": null, "RestrId10": null, "FromId10": null, "ToId10": null, "TranspId10": null, "RestrId11": null, "FromId11": null, "ToId11": null, "TranspId11": null, "RestrId12": null, "FromId12": null, "ToId12": null, "TranspId12": null, "RestrId13": null, "FromId13": null, "ToId13": null, "TranspId13": null, "RestrId14": null, "FromId14": null, "ToId14": null, "TranspId14": null, "RestrId15": null, "FromId15": null, "ToId15": null, "TranspId15": null, "RestrId16": null, "FromId16": null, "ToId16": null, "TranspId16": null, "RestrId17": null, "FromId17": null, "ToId17": null, "TranspId17": null, "RestrId18": null, "FromId18": null, "ToId18": null, "TranspId18": null, "RestrId19": null, "FromId19": null, "ToId19": null, "TranspId19": null, "RestrId20": null, "FromId20": null, "ToId20": null, "TranspId20": null, "RestrId21": null, "FromId21": null, "ToId21": null, "TranspId21": null, "RestrId22": null, "FromId22": null, "ToId22": null, "TranspId22": null, "RestrId23": null, "FromId23": null, "ToId23": null, "TranspId23": null, "RestrId24": null, "FromId24": null, "ToId24": null, "TranspId24": null, "RestrId25": null, "FromId25": null, "ToId25": null, "TranspId25": null, "RestrId26": null, "FromId26": null, "ToId26": null, "TranspId26": null, "RestrId27": null, "FromId27": null, "ToId27": null, "TranspId27": null, "RestrId28": null, "FromId28": null, "ToId28": null, "TranspId28": null, "RestrId29": null, "FromId29": null, "ToId29": null, "TranspId29": null, "RestrId30": null, "FromId30": null, "ToId30": null, "TranspId30": null }, "geometry": { "type": "Point", "coordinates": [ 71.462432439375519, 51.120329091689854 ] } },
{ "type": "Feature", "properties": { "DeadEnd": 0, "Junction": null, "Control": 0, "Synonym": null, "ZLevel": 0, "GatewayId": null, "CrossesId": "70030076139043329", "RestrId1": "9550446732971566992", "FromId1": "70030076139043237", "ToId1": "70030076139043237", "TranspId1": "3", "RestrId2": "9550446732971566993", "FromId2": "70030076139043237", "ToId2": "70030076139043237", "TranspId2": "2", "RestrId3": "9550446732971566994", "FromId3": "70030076139043237", "ToId3": "70030076139043237", "TranspId3": "1", "RestrId4": null, "FromId4": null, "ToId4": null, "TranspId4": null, "RestrId5": null, "FromId5": null, "ToId5": null, "TranspId5": null, "RestrId6": null, "FromId6": null, "ToId6": null, "TranspId6": null, "RestrId7": null, "FromId7": null, "ToId7": null, "TranspId7": null, "RestrId8": null, "FromId8": null, "ToId8": null, "TranspId8": null, "RestrId9": null, "FromId9": null, "ToId9": null, "TranspId9": null, "RestrId10": null, "FromId10": null, "ToId10": null, "TranspId10": null, "RestrId11": null, "FromId11": null, "ToId11": null, "TranspId11": null, "RestrId12": null, "FromId12": null, "ToId12": null, "TranspId12": null, "RestrId13": null, "FromId13": null, "ToId13": null, "TranspId13": null, "RestrId14": null, "FromId14": null, "ToId14": null, "TranspId14": null, "RestrId15": null, "FromId15": null, "ToId15": null, "TranspId15": null, "RestrId16": null, "FromId16": null, "ToId16": null, "TranspId16": null, "RestrId17": null, "FromId17": null, "ToId17": null, "TranspId17": null, "RestrId18": null, "FromId18": null, "ToId18": null, "TranspId18": null, "RestrId19": null, "FromId19": null, "ToId19": null, "TranspId19": null, "RestrId20": null, "FromId20": null, "ToId20": null, "TranspId20": null, "RestrId21": null, "FromId21": null, "ToId21": null, "TranspId21": null, "RestrId22": null, "FromId22": null, "ToId22": null, "TranspId22": null, "RestrId23": null, "FromId23": null, "ToId23": null, "TranspId23": null, "RestrId24": null, "FromId24": null, "ToId24": null, "TranspId24": null, "RestrId25": null, "FromId25": null, "ToId25": null, "TranspId25": null, "RestrId26": null, "FromId26": null, "ToId26": null, "TranspId26": null, "RestrId27": null, "FromId27": null, "ToId27": null, "TranspId27": null, "RestrId28": null, "FromId28": null, "ToId28": null, "TranspId28": null, "RestrId29": null, "FromId29": null, "ToId29": null, "TranspId29": null, "RestrId30": null, "FromId30": null, "ToId30": null, "TranspId30": null }, "geometry": { "type": "Point", "coordinates": [ 71.468729360022635, 51.127784364061284 ] } },
{ "type": "Feature", "properties": { "DeadEnd": 0, "Junction": null, "Control": 0, "Synonym": null, "ZLevel": 0, "GatewayId": null, "CrossesId": "70030076139093801", "RestrId1": "9550446732939639206", "FromId1": "70030076139094288", "ToId1": "70030076139094288", "TranspId1": "3", "RestrId2": "9550446732939639207", "FromId2": "70030076139094288", "ToId2": "70030076139094288", "TranspId2": "2", "RestrId3": "9550446732939639208", "FromId3": "70030076139094288", "ToId3": "70030076139094288", "TranspId3": "1", "RestrId4": null, "FromId4": null, "ToId4": null, "TranspId4": null, "RestrId5": null, "FromId5": null, "ToId5": null, "TranspId5": null, "RestrId6": null, "FromId6": null, "ToId6": null, "TranspId6": null, "RestrId7": null, "FromId7": null, "ToId7": null, "TranspId7": null, "RestrId8": null, "FromId8": null, "ToId8": null, "TranspId8": null, "RestrId9": null, "FromId9": null, "ToId9": null, "TranspId9": null, "RestrId10": null, "FromId10": null, "ToId10": null, "TranspId10": null, "RestrId11": null, "FromId11": null, "ToId11": null, "TranspId11": null, "RestrId12": null, "FromId12": null, "ToId12": null, "TranspId12": null, "RestrId13": null, "FromId13": null, "ToId13": null, "TranspId13": null, "RestrId14": null, "FromId14": null, "ToId14": null, "TranspId14": null, "RestrId15": null, "FromId15": null, "ToId15": null, "TranspId15": null, "RestrId16": null, "FromId16": null, "ToId16": null, "TranspId16": null, "RestrId17": null, "FromId17": null, "ToId17": null, "TranspId17": null, "RestrId18": null, "FromId18": null, "ToId18": null, "TranspId18": null, "RestrId19": null, "FromId19": null, "ToId19": null, "TranspId19": null, "RestrId20": null, "FromId20": null, "ToId20": null, "TranspId20": null, "RestrId21": null, "FromId21": null, "ToId21": null, "TranspId21": null, "RestrId22": null, "FromId22": null, "ToId22": null, "TranspId22": null, "RestrId23": null, "FromId23": null, "ToId23": null, "TranspId23": null, "RestrId24": null, "FromId24": null, "ToId24": null, "TranspId24": null, "RestrId25": null, "FromId25": null, "ToId25": null, "TranspId25": null, "RestrId26": null, "FromId26": null, "ToId26": null, "TranspId26": null, "RestrId27": null, "FromId27": null, "ToId27": null, "TranspId27": null, "RestrId28": null, "FromId28": null, "ToId28": null, "TranspId28": null, "RestrId29": null, "FromId29": null, "ToId29": null, "TranspId29": null, "RestrId30": null, "FromId30": null, "ToId30": null, "TranspId30": null }, "geometry": { "type": "Point", "coordinates": [ 71.462964870844431, 51.135647943994428 ] } },
{ "type": "Feature", "properties": { "DeadEnd": 0, "Junction": null, "Control": 0, "Synonym": null, "ZLevel": 0, "GatewayId": null, "CrossesId": "70030076139094056", "RestrId1": "9550446732939639290", "FromId1": "70030076139093938", "ToId1": "70030076139093938", "TranspId1": "3", "RestrId2": "9550446732939639291", "FromId2": "70030076139093938", "ToId2": "70030076139093938", "TranspId2": "2", "RestrId3": "9550446732939639292", "FromId3": "70030076139093938", "ToId3": "70030076139093938", "TranspId3": "1", "RestrId4": null, "FromId4": null, "ToId4": null, "TranspId4": null, "RestrId5": null, "FromId5": null, "ToId5": null, "TranspId5": null, "RestrId6": null, "FromId6": null, "ToId6": null, "TranspId6": null, "RestrId7": null, "FromId7": null, "ToId7": null, "TranspId7": null, "RestrId8": null, "FromId8": null, "ToId8": null, "TranspId8": null, "RestrId9": null, "FromId9": null, "ToId9": null, "TranspId9": null, "RestrId10": null, "FromId10": null, "ToId10": null, "TranspId10": null, "RestrId11": null, "FromId11": null, "ToId11": null, "TranspId11": null, "RestrId12": null, "FromId12": null, "ToId12": null, "TranspId12": null, "RestrId13": null, "FromId13": null, "ToId13": null, "TranspId13": null, "RestrId14": null, "FromId14": null, "ToId14": null, "TranspId14": null, "RestrId15": null, "FromId15": null, "ToId15": null, "TranspId15": null, "RestrId16": null, "FromId16": null, "ToId16": null, "TranspId16": null, "RestrId17": null, "FromId17": null, "ToId17": null, "TranspId17": null, "RestrId18": null, "FromId18": null, "ToId18": null, "TranspId18": null, "RestrId19": null, "FromId19": null, "ToId19": null, "TranspId19": null, "RestrId20": null, "FromId20": null, "ToId20": null, "TranspId20": null, "RestrId21": null, "FromId21": null, "ToId21": null, "TranspId21": null, "RestrId22": null, "FromId22": null, "ToId22": null, "TranspId22": null, "RestrId23": null, "FromId23": null, "ToId23": null, "TranspId23": null, "RestrId24": null, "FromId24": null, "ToId24": null, "TranspId24": null, "RestrId25": null, "FromId25": null, "ToId25": null, "TranspId25": null, "RestrId26": null, "FromId26": null, "ToId26": null, "TranspId26": null, "RestrId27": null, "FromId27": null, "ToId27": null, "TranspId27": null, "RestrId28": null, "FromId28": null, "ToId28": null, "TranspId28": null, "RestrId29": null, "FromId29": null, "ToId29": null, "TranspId29": null, "RestrId30": null, "FromId30": null, "ToId30": null, "TranspId30": null }, "geometry": { "type": "Point", "coordinates": [ 71.463620102012669, 51.13584697676189 ] } },
{ "type": "Feature", "properties": { "DeadEnd": 0, "Junction": null, "Control": 0, "Synonym": null, "ZLevel": 0, "GatewayId": null, "CrossesId": "70030076139094067", "RestrId1": "9550446732939639296", "FromId1": "70030076139093970", "ToId1": "70030076139093970", "TranspId1": "3", "RestrId2": "9550446732939639297", "FromId2": "70030076139093970", "ToId2": "70030076139093970", "TranspId2": "2", "RestrId3": "9550446732939639298", "FromId3": "70030076139093970", "ToId3": "70030076139093970", "TranspId3": "1", "RestrId4": null, "FromId4": null, "ToId4": null, "TranspId4": null, "RestrId5": null, "FromId5": null, "ToId5": null, "TranspId5": null, "RestrId6": null, "FromId6": null, "ToId6": null, "TranspId6": null, "RestrId7": null, "FromId7": null, "ToId7": null, "TranspId7": null, "RestrId8": null, "FromId8": null, "ToId8": null, "TranspId8": null, "RestrId9": null, "FromId9": null, "ToId9": null, "TranspId9": null, "RestrId10": null, "FromId10": null, "ToId10": null, "TranspId10": null, "RestrId11": null, "FromId11": null, "ToId11": null, "TranspId11": null, "RestrId12": null, "FromId12": null, "ToId12": null, "TranspId12": null, "RestrId13": null, "FromId13": null, "ToId13": null, "TranspId13": null, "RestrId14": null, "FromId14": null, "ToId14": null, "TranspId14": null, "RestrId15": null, "FromId15": null, "ToId15": null, "TranspId15": null, "RestrId16": null, "FromId16": null, "ToId16": null, "TranspId16": null, "RestrId17": null, "FromId17": null, "ToId17": null, "TranspId17": null, "RestrId18": null, "FromId18": null, "ToId18": null, "TranspId18": null, "RestrId19": null, "FromId19": null, "ToId19": null, "TranspId19": null, "RestrId20": null, "FromId20": null, "ToId20": null, "TranspId20": null, "RestrId21": null, "FromId21": null, "ToId21": null, "TranspId21": null, "RestrId22": null, "FromId22": null, "ToId22": null, "TranspId22": null, "RestrId23": null, "FromId23": null, "ToId23": null, "TranspId23": null, "RestrId24": null, "FromId24": null, "ToId24": null, "TranspId24": null, "RestrId25": null, "FromId25": null, "ToId25": null, "TranspId25": null, "RestrId26": null, "FromId26": null, "ToId26": null, "TranspId26": null, "RestrId27": null, "FromId27": null, "ToId27": null, "TranspId27": null, "RestrId28": null, "FromId28": null, "ToId28": null, "TranspId28": null, "RestrId29": null, "FromId29": null, "ToId29": null, "TranspId29": null, "RestrId30": null, "FromId30": null, "ToId30": null, "TranspId30": null }, "geometry": { "type": "Point", "coordinates": [ 71.464457152194413, 51.136086536445909 ] } },
{ "type": "Feature", "properties": { "DeadEnd": 0, "Junction": null, "Control": 0, "Synonym": null, "ZLevel": 0, "GatewayId": null, "CrossesId": "70030076139094086", "RestrId1": "9550446732952435308", "FromId1": "70030076139093980", "ToId1": "70030076139093980", "TranspId1": "3", "RestrId2": "9550446732952435309", "FromId2": "70030076139093980", "ToId2": "70030076139093980", "TranspId2": "2", "RestrId3": "9550446732952435310", "FromId3": "70030076139093980", "ToId3": "70030076139093980", "TranspId3": "1", "RestrId4": null, "FromId4": null, "ToId4": null, "TranspId4": null, "RestrId5": null, "FromId5": null, "ToId5": null, "TranspId5": null, "RestrId6": null, "FromId6": null, "ToId6": null, "TranspId6": null, "RestrId7": null, "FromId7": null, "ToId7": null, "TranspId7": null, "RestrId8": null, "FromId8": null, "ToId8": null, "TranspId8": null, "RestrId9": null, "FromId9": null, "ToId9": null, "TranspId9": null, "RestrId10": null, "FromId10": null, "ToId10": null, "TranspId10": null, "RestrId11": null, "FromId11": null, "ToId11": null, "TranspId11": null, "RestrId12": null, "FromId12": null, "ToId12": null, "TranspId12": null, "RestrId13": null, "FromId13": null, "ToId13": null, "TranspId13": null, "RestrId14": null, "FromId14": null, "ToId14": null, "TranspId14": null, "RestrId15": null, "FromId15": null, "ToId15": null, "TranspId15": null, "RestrId16": null, "FromId16": null, "ToId16": null, "TranspId16": null, "RestrId17": null, "FromId17": null, "ToId17": null, "TranspId17": null, "RestrId18": null, "FromId18": null, "ToId18": null, "TranspId18": null, "RestrId19": null, "FromId19": null, "ToId19": null, "TranspId19": null, "RestrId20": null, "FromId20": null, "ToId20": null, "TranspId20": null, "RestrId21": null, "FromId21": null, "ToId21": null, "TranspId21": null, "RestrId22": null, "FromId22": null, "ToId22": null, "TranspId22": null, "RestrId23": null, "FromId23": null, "ToId23": null, "TranspId23": null, "RestrId24": null, "FromId24": null, "ToId24": null, "TranspId24": null, "RestrId25": null, "FromId25": null, "ToId25": null, "TranspId25": null, "RestrId26": null, "FromId26": null, "ToId26": null, "TranspId26": null, "RestrId27": null, "FromId27": null, "ToId27": null, "TranspId27": null, "RestrId28": null, "FromId28": null, "ToId28": null, "TranspId28": null, "RestrId29": null, "FromId29": null, "ToId29": null, "TranspId29": null, "RestrId30": null, "FromId30": null, "ToId30": null, "TranspId30": null }, "geometry": { "type": "Point", "coordinates": [ 71.465492191064783, 51.13638325052905 ] } },
{ "type": "Feature", "properties": { "DeadEnd": 0, "Junction": null, "Control": 0, "Synonym": null, "ZLevel": 0, "GatewayId": null, "CrossesId": "9570776273388158", "RestrId1": "9550446733438594947", "FromId1": "9570866467725498", "ToId1": "9570866467725498", "TranspId1": "2", "RestrId2": "9550446733438594948", "FromId2": "9570866467725498", "ToId2": "9570866467725498", "TranspId2": "3", "RestrId3": "9550446733438594949", "FromId3": "9570866467725498", "ToId3": "9570866467725498", "TranspId3": "1", "RestrId4": null, "FromId4": null, "ToId4": null, "TranspId4": null, "RestrId5": null, "FromId5": null, "ToId5": null, "TranspId5": null, "RestrId6": null, "FromId6": null, "ToId6": null, "TranspId6": null, "RestrId7": null, "FromId7": null, "ToId7": null, "TranspId7": null, "RestrId8": null, "FromId8": null, "ToId8": null, "TranspId8": null, "RestrId9": null, "FromId9": null, "ToId9": null, "TranspId9": null, "RestrId10": null, "FromId10": null, "ToId10": null, "TranspId10": null, "RestrId11": null, "FromId11": null, "ToId11": null, "TranspId11": null, "RestrId12": null, "FromId12": null, "ToId12": null, "TranspId12": null, "RestrId13": null, "FromId13": null, "ToId13": null, "TranspId13": null, "RestrId14": null, "FromId14": null, "ToId14": null, "TranspId14": null, "RestrId15": null, "FromId15": null, "ToId15": null, "TranspId15": null, "RestrId16": null, "FromId16": null, "ToId16": null, "TranspId16": null, "RestrId17": null, "FromId17": null, "ToId17": null, "TranspId17": null, "RestrId18": null, "FromId18": null, "ToId18": null, "TranspId18": null, "RestrId19": null, "FromId19": null, "ToId19": null, "TranspId19": null, "RestrId20": null, "FromId20": null, "ToId20": null, "TranspId20": null, "RestrId21": null, "FromId21": null, "ToId21": null, "TranspId21": null, "RestrId22": null, "FromId22": null, "ToId22": null, "TranspId22": null, "RestrId23": null, "FromId23": null, "ToId23": null, "TranspId23": null, "RestrId24": null, "FromId24": null, "ToId24": null, "TranspId24": null, "RestrId25": null, "FromId25": null, "ToId25": null, "TranspId25": null, "RestrId26": null, "FromId26": null, "ToId26": null, "TranspId26": null, "RestrId27": null, "FromId27": null, "ToId27": null, "TranspId27": null, "RestrId28": null, "FromId28": null, "ToId28": null, "TranspId28": null, "RestrId29": null, "FromId29": null, "ToId29": null, "TranspId29": null, "RestrId30": null, "FromId30": null, "ToId30": null, "TranspId30": null }, "geometry": { "type": "Point", "coordinates": [ 71.462852581433921, 51.135722912540551 ] } },
{ "type": "Feature", "properties": { "DeadEnd": 0, "Junction": null, "Control": 1, "Synonym": null, "ZLevel": 0, "GatewayId": null, "CrossesId": "9570776273388604", "RestrId1": "9550446732937033337", "FromId1": "9570866467732409", "ToId1": "9570866467732409", "TranspId1": "3", "RestrId2": "9550446732937033338", "FromId2": "9570866467732409", "ToId2": "9570866467732409", "TranspId2": "2", "RestrId3": "9550446732937033339", "FromId3": "9570866467732409", "ToId3": "9570866467732409", "TranspId3": "1", "RestrId4": null, "FromId4": null, "ToId4": null, "TranspId4": null, "RestrId5": null, "FromId5": null, "ToId5": null, "TranspId5": null, "RestrId6": null, "FromId6": null, "ToId6": null, "TranspId6": null, "RestrId7": null, "FromId7": null, "ToId7": null, "TranspId7": null, "RestrId8": null, "FromId8": null, "ToId8": null, "TranspId8": null, "RestrId9": null, "FromId9": null, "ToId9": null, "TranspId9": null, "RestrId10": null, "FromId10": null, "ToId10": null, "TranspId10": null, "RestrId11": null, "FromId11": null, "ToId11": null, "TranspId11": null, "RestrId12": null, "FromId12": null, "ToId12": null, "TranspId12": null, "RestrId13": null, "FromId13": null, "ToId13": null, "TranspId13": null, "RestrId14": null, "FromId14": null, "ToId14": null, "TranspId14": null, "RestrId15": null, "FromId15": null, "ToId15": null, "TranspId15": null, "RestrId16": null, "FromId16": null, "ToId16": null, "TranspId16": null, "RestrId17": null, "FromId17": null, "ToId17": null, "TranspId17": null, "RestrId18": null, "FromId18": null, "ToId18": null, "TranspId18": null, "RestrId19": null, "FromId19": null, "ToId19": null, "TranspId19": null, "RestrId20": null, "FromId20": null, "ToId20": null, "TranspId20": null, "RestrId21": null, "FromId21": null, "ToId21": null, "TranspId21": null, "RestrId22": null, "FromId22": null, "ToId22": null, "TranspId22": null, "RestrId23": null, "FromId23": null, "ToId23": null, "TranspId23": null, "RestrId24": null, "FromId24": null, "ToId24": null, "TranspId24": null, "RestrId25": null, "FromId25": null, "ToId25": null, "TranspId25": null, "RestrId26": null, "FromId26": null, "ToId26": null, "TranspId26": null, "RestrId27": null, "FromId27": null, "ToId27": null, "TranspId27": null, "RestrId28": null, "FromId28": null, "ToId28": null, "TranspId28": null, "RestrId29": null, "FromId29": null, "ToId29": null, "TranspId29": null, "RestrId30": null, "FromId30": null, "ToId30": null, "TranspId30": null }, "geometry": { "type": "Point", "coordinates": [ 71.408044299824624, 51.193488342365342 ] } },
{ "type": "Feature", "properties": { "DeadEnd": 0, "Junction": null, "Control": 1, "Synonym": null, "ZLevel": 0, "GatewayId": null, "CrossesId": "9570776273388605", "RestrId1": "9550446732946750704", "FromId1": "9570866467732409", "ToId1": "9570866467732409", "TranspId1": "2", "RestrId2": "9550446732946750705", "FromId2": "9570866467732409", "ToId2": "9570866467732409", "TranspId2": "3", "RestrId3": "9550446732946750706", "FromId3": "9570866467732409", "ToId3": "9570866467732409", "TranspId3": "1", "RestrId4": null, "FromId4": null, "ToId4": null, "TranspId4": null, "RestrId5": null, "FromId5": null, "ToId5": null, "TranspId5": null, "RestrId6": null, "FromId6": null, "ToId6": null, "TranspId6": null, "RestrId7": null, "FromId7": null, "ToId7": null, "TranspId7": null, "RestrId8": null, "FromId8": null, "ToId8": null, "TranspId8": null, "RestrId9": null, "FromId9": null, "ToId9": null, "TranspId9": null, "RestrId10": null, "FromId10": null, "ToId10": null, "TranspId10": null, "RestrId11": null, "FromId11": null, "ToId11": null, "TranspId11": null, "RestrId12": null, "FromId12": null, "ToId12": null, "TranspId12": null, "RestrId13": null, "FromId13": null, "ToId13": null, "TranspId13": null, "RestrId14": null, "FromId14": null, "ToId14": null, "TranspId14": null, "RestrId15": null, "FromId15": null, "ToId15": null, "TranspId15": null, "RestrId16": null, "FromId16": null, "ToId16": null, "TranspId16": null, "RestrId17": null, "FromId17": null, "ToId17": null, "TranspId17": null, "RestrId18": null, "FromId18": null, "ToId18": null, "TranspId18": null, "RestrId19": null, "FromId19": null, "ToId19": null, "TranspId19": null, "RestrId20": null, "FromId20": null, "ToId20": null, "TranspId20": null, "RestrId21": null, "FromId21": null, "ToId21": null, "TranspId21": null, "RestrId22": null, "FromId22": null, "ToId22": null, "TranspId22": null, "RestrId23": null, "FromId23": null, "ToId23": null, "TranspId23": null, "RestrId24": null, "FromId24": null, "ToId24": null, "TranspId24": null, "RestrId25": null, "FromId25": null, "ToId25": null, "TranspId25": null, "RestrId26": null, "FromId26": null, "ToId26": null, "TranspId26": null, "RestrId27": null, "FromId27": null, "ToId27": null, "TranspId27": null, "RestrId28": null, "FromId28": null, "ToId28": null, "TranspId28": null, "RestrId29": null, "FromId29": null, "ToId29": null, "TranspId29": null, "RestrId30": null, "FromId30": null, "ToId30": null, "TranspId30": null }, "geometry": { "type": "Point", "coordinates": [ 71.408171680931929, 51.193447527214929 ] } },
{ "type": "Feature", "properties": { "DeadEnd": 0, "Junction": null, "Control": 1, "Synonym": null, "ZLevel": 0, "GatewayId": null, "CrossesId": "70030076152888675", "RestrId1": "9550446732943042077", "FromId1": "9570866467732434", "ToId1": "70030077124123137", "TranspId1": "3", "RestrId2": "9550446732943042078", "FromId2": "9570866467732434", "ToId2": "70030077124123137", "TranspId2": "2", "RestrId3": "9550446732943042079", "FromId3": "9570866467732434", "ToId3": "70030077124123137", "TranspId3": "1", "RestrId4": "9550446732943042080", "FromId4": "9570866467732434", "ToId4": "9570866467732434", "TranspId4": "3", "RestrId5": "9550446732943042081", "FromId5": "9570866467732434", "ToId5": "9570866467732434", "TranspId5": "2", "RestrId6": "9550446732943042082", "FromId6": "9570866467732434", "ToId6": "9570866467732434", "TranspId6": "1", "RestrId7": "9550446732943042083", "FromId7": "70030076169530916", "ToId7": "70030076169530916", "TranspId7": "3", "RestrId8": "9550446732943042084", "FromId8": "70030076169530916", "ToId8": "70030076169530916", "TranspId8": "2", "RestrId9": "9550446732943042085", "FromId9": "70030076169530916", "ToId9": "70030076169530916", "TranspId9": "1", "RestrId10": null, "FromId10": null, "ToId10": null, "TranspId10": null, "RestrId11": null, "FromId11": null, "ToId11": null, "TranspId11": null, "RestrId12": null, "FromId12": null, "ToId12": null, "TranspId12": null, "RestrId13": null, "FromId13": null, "ToId13": null, "TranspId13": null, "RestrId14": null, "FromId14": null, "ToId14": null, "TranspId14": null, "RestrId15": null, "FromId15": null, "ToId15": null, "TranspId15": null, "RestrId16": null, "FromId16": null, "ToId16": null, "TranspId16": null, "RestrId17": null, "FromId17": null, "ToId17": null, "TranspId17": null, "RestrId18": null, "FromId18": null, "ToId18": null, "TranspId18": null, "RestrId19": null, "FromId19": null, "ToId19": null, "TranspId19": null, "RestrId20": null, "FromId20": null, "ToId20": null, "TranspId20": null, "RestrId21": null, "FromId21": null, "ToId21": null, "TranspId21": null, "RestrId22": null, "FromId22": null, "ToId22": null, "TranspId22": null, "RestrId23": null, "FromId23": null, "ToId23": null, "TranspId23": null, "RestrId24": null, "FromId24": null, "ToId24": null, "TranspId24": null, "RestrId25": null, "FromId25": null, "ToId25": null, "TranspId25": null, "RestrId26": null, "FromId26": null, "ToId26": null, "TranspId26": null, "RestrId27": null, "FromId27": null, "ToId27": null, "TranspId27": null, "RestrId28": null, "FromId28": null, "ToId28": null, "TranspId28": null, "RestrId29": null, "FromId29": null, "ToId29": null, "TranspId29": null, "RestrId30": null, "FromId30": null, "ToId30": null, "TranspId30": null }, "geometry": { "type": "Point", "coordinates": [ 71.407466772928473, 51.193673501952247 ] } },
{ "type": "Feature", "properties": { "DeadEnd": 0, "Junction": null, "Control": 1, "Synonym": null, "ZLevel": 0, "GatewayId": null, "CrossesId": "70030076466861400", "RestrId1": null, "FromId1": null, "ToId1": null, "TranspId1": null, "RestrId2": null, "FromId2": null, "ToId2": null, "TranspId2": null, "RestrId3": null, "FromId3": null, "ToId3": null, "TranspId3": null, "RestrId4": null, "FromId4": null, "ToId4": null, "TranspId4": null, "RestrId5": null, "FromId5": null, "ToId5": null, "TranspId5": null, "RestrId6": null, "FromId6": null, "ToId6": null, "TranspId6": null, "RestrId7": null, "FromId7": null, "ToId7": null, "TranspId7": null, "RestrId8": null, "FromId8": null, "ToId8": null, "TranspId8": null, "RestrId9": null, "FromId9": null, "ToId9": null, "TranspId9": null, "RestrId10": null, "FromId10": null, "ToId10": null, "TranspId10": null, "RestrId11": null, "FromId11": null, "ToId11": null, "TranspId11": null, "RestrId12": null, "FromId12": null, "ToId12": null, "TranspId12": null, "RestrId13": null, "FromId13": null, "ToId13": null, "TranspId13": null, "RestrId14": null, "FromId14": null, "ToId14": null, "TranspId14": null, "RestrId15": null, "FromId15": null, "ToId15": null, "TranspId15": null, "RestrId16": null, "FromId16": null, "ToId16": null, "TranspId16": null, "RestrId17": null, "FromId17": null, "ToId17": null, "TranspId17": null, "RestrId18": null, "FromId18": null, "ToId18": null, "TranspId18": null, "RestrId19": null, "FromId19": null, "ToId19": null, "TranspId19": null, "RestrId20": null, "FromId20": null, "ToId20": null, "TranspId20": null, "RestrId21": null, "FromId21": null, "ToId21": null, "TranspId21": null, "RestrId22": null, "FromId22": null, "ToId22": null, "TranspId22": null, "RestrId23": null, "FromId23": null, "ToId23": null, "TranspId23": null, "RestrId24": null, "FromId24": null, "ToId24": null, "TranspId24": null, "RestrId25": null, "FromId25": null, "ToId25": null, "TranspId25": null, "RestrId26": null, "FromId26": null, "ToId26": null, "TranspId26": null, "RestrId27": null, "FromId27": null, "ToId27": null, "TranspId27": null, "RestrId28": null, "FromId28": null, "ToId28": null, "TranspId28": null, "RestrId29": null, "FromId29": null, "ToId29": null, "TranspId29": null, "RestrId30": null, "FromId30": null, "ToId30": null, "TranspId30": null }, "geometry": { "type": "Point", "coordinates": [ 71.408770857226429, 51.194383226562913 ] } },
{ "type": "Feature", "properties": { "DeadEnd": 0, "Junction": null, "Control": 0, "Synonym": null, "ZLevel": 0, "GatewayId": null, "CrossesId": "70030077096662094", "RestrId1": "9550446733480119312", "FromId1": "70030076158447653", "ToId1": "70030076158447653", "TranspId1": "3", "RestrId2": "9550446733480119313", "FromId2": "70030076158447653", "ToId2": "70030076158447653", "TranspId2": "2", "RestrId3": "9550446733480119314", "FromId3": "70030076158447653", "ToId3": "70030076158447653", "TranspId3": "1", "RestrId4": "9550446733480119315", "FromId4": "70030076158447911", "ToId4": "70030076158447653", "TranspId4": "3", "RestrId5": "9550446733480119316", "FromId5": "70030076158447911", "ToId5": "70030076158447653", "TranspId5": "2", "RestrId6": "9550446733480119317", "FromId6": "70030076158447911", "ToId6": "70030076158447653", "TranspId6": "1", "RestrId7": "9550446733480119318", "FromId7": "70030076158447653", "ToId7": "70030076375157632", "TranspId7": "3", "RestrId8": "9550446733480119319", "FromId8": "70030076158447653", "ToId8": "70030076375157632", "TranspId8": "2", "RestrId9": "9550446733480119320", "FromId9": "70030076158447653", "ToId9": "70030076375157632", "TranspId9": "1", "RestrId10": "9550446733480119321", "FromId10": "70030076158447911", "ToId10": "70030076158447911", "TranspId10": "3", "RestrId11": "9550446733480119322", "FromId11": "70030076158447911", "ToId11": "70030076158447911", "TranspId11": "2", "RestrId12": "9550446733480119323", "FromId12": "70030076158447911", "ToId12": "70030076158447911", "TranspId12": "1", "RestrId13": "9550446733480119324", "FromId13": "70030076375157632", "ToId13": "70030076375157632", "TranspId13": "3", "RestrId14": "9550446733480119325", "FromId14": "70030076375157632", "ToId14": "70030076375157632", "TranspId14": "2", "RestrId15": "9550446733480119326", "FromId15": "70030076375157632", "ToId15": "70030076375157632", "TranspId15": "1", "RestrId16": null, "FromId16": null, "ToId16": null, "TranspId16": null, "RestrId17": null, "FromId17": null, "ToId17": null, "TranspId17": null, "RestrId18": null, "FromId18": null, "ToId18": null, "TranspId18": null, "RestrId19": null, "FromId19": null, "ToId19": null, "TranspId19": null, "RestrId20": null, "FromId20": null, "ToId20": null, "TranspId20": null, "RestrId21": null, "FromId21": null, "ToId21": null, "TranspId21": null, "RestrId22": null, "FromId22": null, "ToId22": null, "TranspId22": null, "RestrId23": null, "FromId23": null, "ToId23": null, "TranspId23": null, "RestrId24": null, "FromId24": null, "ToId24": null, "TranspId24": null, "RestrId25": null, "FromId25": null, "ToId25": null, "TranspId25": null, "RestrId26": null, "FromId26": null, "ToId26": null, "TranspId26": null, "RestrId27": null, "FromId27": null, "ToId27": null, "TranspId27": null, "RestrId28": null, "FromId28": null, "ToId28": null, "TranspId28": null, "RestrId29": null, "FromId29": null, "ToId29": null, "TranspId29": null, "RestrId30": null, "FromId30": null, "ToId30": null, "TranspId30": null }, "geometry": { "type": "Point", "coordinates": [ 71.403895520516457, 51.194996563488196 ] } },
{ "type": "Feature", "properties": { "DeadEnd": 0, "Junction": null, "Control": 0, "Synonym": null, "ZLevel": 0, "GatewayId": null, "CrossesId": "70030077096662182", "RestrId1": "9550446733480119363", "FromId1": "70030076198997924", "ToId1": "70030076198997924", "TranspId1": "3", "RestrId2": "9550446733480119364", "FromId2": "70030076198997924", "ToId2": "70030076198997924", "TranspId2": "2", "RestrId3": "9550446733480119365", "FromId3": "70030076198997924", "ToId3": "70030076198997924", "TranspId3": "1", "RestrId4": "9550446733480119366", "FromId4": "70030076201756532", "ToId4": "70030076198997924", "TranspId4": "3", "RestrId5": "9550446733480119367", "FromId5": "70030076201756532", "ToId5": "70030076198997924", "TranspId5": "2", "RestrId6": "9550446733480119368", "FromId6": "70030076201756532", "ToId6": "70030076198997924", "TranspId6": "1", "RestrId7": "9550446733480119369", "FromId7": "70030076198997924", "ToId7": "70030076926744503", "TranspId7": "3", "RestrId8": "9550446733480119370", "FromId8": "70030076198997924", "ToId8": "70030076926744503", "TranspId8": "2", "RestrId9": "9550446733480119371", "FromId9": "70030076198997924", "ToId9": "70030076926744503", "TranspId9": "1", "RestrId10": "9550446733480119372", "FromId10": "70030076201756532", "ToId10": "70030076201756532", "TranspId10": "3", "RestrId11": "9550446733480119373", "FromId11": "70030076201756532", "ToId11": "70030076201756532", "TranspId11": "2", "RestrId12": "9550446733480119374", "FromId12": "70030076201756532", "ToId12": "70030076201756532", "TranspId12": "1", "RestrId13": "9550446733480119375", "FromId13": "70030076926744503", "ToId13": "70030076926744503", "TranspId13": "3", "RestrId14": "9550446733480119376", "FromId14": "70030076926744503", "ToId14": "70030076926744503", "TranspId14": "2", "RestrId15": "9550446733480119377", "FromId15": "70030076926744503", "ToId15": "70030076926744503", "TranspId15": "1", "RestrId16": null, "FromId16": null, "ToId16": null, "TranspId16": null, "RestrId17": null, "FromId17": null, "ToId17": null, "TranspId17": null, "RestrId18": null, "FromId18": null, "ToId18": null, "TranspId18": null, "RestrId19": null, "FromId19": null, "ToId19": null, "TranspId19": null, "RestrId20": null, "FromId20": null, "ToId20": null, "TranspId20": null, "RestrId21": null, "FromId21": null, "ToId21": null, "TranspId21": null, "RestrId22": null, "FromId22": null, "ToId22": null, "TranspId22": null, "RestrId23": null, "FromId23": null, "ToId23": null, "TranspId23": null, "RestrId24": null, "FromId24": null, "ToId24": null, "TranspId24": null, "RestrId25": null, "FromId25": null, "ToId25": null, "TranspId25": null, "RestrId26": null, "FromId26": null, "ToId26": null, "TranspId26": null, "RestrId27": null, "FromId27": null, "ToId27": null, "TranspId27": null, "RestrId28": null, "FromId28": null, "ToId28": null, "TranspId28": null, "RestrId29": null, "FromId29": null, "ToId29": null, "TranspId29": null, "RestrId30": null, "FromId30": null, "ToId30": null, "TranspId30": null }, "geometry": { "type": "Point", "coordinates": [ 71.404240743080138, 51.194801613866453 ] } },
{ "type": "Feature", "properties": { "DeadEnd": 0, "Junction": null, "Control": 0, "Synonym": null, "ZLevel": 0, "GatewayId": null, "CrossesId": "70030077050195472", "RestrId1": "9550446733461514754", "FromId1": "70030076926744503", "ToId1": "70030076926744503", "TranspId1": "1", "RestrId2": "9550446733461514755", "FromId2": "70030076926744503", "ToId2": "70030076926744503", "TranspId2": "2", "RestrId3": "9550446733461514756", "FromId3": "70030076926744503", "ToId3": "70030076926744503", "TranspId3": "3", "RestrId4": "9550446733461514757", "FromId4": "9570866467738411", "ToId4": "9570866467738411", "TranspId4": "1", "RestrId5": "9550446733461514758", "FromId5": "9570866467738411", "ToId5": "9570866467738411", "TranspId5": "2", "RestrId6": "9550446733461514759", "FromId6": "9570866467738411", "ToId6": "9570866467738411", "TranspId6": "3", "RestrId7": null, "FromId7": null, "ToId7": null, "TranspId7": null, "RestrId8": null, "FromId8": null, "ToId8": null, "TranspId8": null, "RestrId9": null, "FromId9": null, "ToId9": null, "TranspId9": null, "RestrId10": null, "FromId10": null, "ToId10": null, "TranspId10": null, "RestrId11": null, "FromId11": null, "ToId11": null, "TranspId11": null, "RestrId12": null, "FromId12": null, "ToId12": null, "TranspId12": null, "RestrId13": null, "FromId13": null, "ToId13": null, "TranspId13": null, "RestrId14": null, "FromId14": null, "ToId14": null, "TranspId14": null, "RestrId15": null, "FromId15": null, "ToId15": null, "TranspId15": null, "RestrId16": null, "FromId16": null, "ToId16": null, "TranspId16": null, "RestrId17": null, "FromId17": null, "ToId17": null, "TranspId17": null, "RestrId18": null, "FromId18": null, "ToId18": null, "TranspId18": null, "RestrId19": null, "FromId19": null, "ToId19": null, "TranspId19": null, "RestrId20": null, "FromId20": null, "ToId20": null, "TranspId20": null, "RestrId21": null, "FromId21": null, "ToId21": null, "TranspId21": null, "RestrId22": null, "FromId22": null, "ToId22": null, "TranspId22": null, "RestrId23": null, "FromId23": null, "ToId23": null, "TranspId23": null, "RestrId24": null, "FromId24": null, "ToId24": null, "TranspId24": null, "RestrId25": null, "FromId25": null, "ToId25": null, "TranspId25": null, "RestrId26": null, "FromId26": null, "ToId26": null, "TranspId26": null, "RestrId27": null, "FromId27": null, "ToId27": null, "TranspId27": null, "RestrId28": null, "FromId28": null, "ToId28": null, "TranspId28": null, "RestrId29": null, "FromId29": null, "ToId29": null, "TranspId29": null, "RestrId30": null, "FromId30": null, "ToId30": null, "TranspId30": null }, "geometry": { "type": "Point", "coordinates": [ 71.405180919856491, 51.194398313792199 ] } },
{ "type": "Feature", "properties": { "DeadEnd": 0, "Junction": null, "Control": 0, "Synonym": null, "ZLevel": 0, "GatewayId": null, "CrossesId": "70030077011871579", "RestrId1": "9550446733437457933", "FromId1": "70030077011871482", "ToId1": "70030077011871482", "TranspId1": "1", "RestrId2": "9550446733437457934", "FromId2": "70030077011871482", "ToId2": "70030077011871482", "TranspId2": "2", "RestrId3": "9550446733437457935", "FromId3": "70030077011871482", "ToId3": "70030077011871482", "TranspId3": "3", "RestrId4": "9550446733437457936", "FromId4": "9570866467732598", "ToId4": "9570866467732598", "TranspId4": "1", "RestrId5": "9550446733437457937", "FromId5": "9570866467732598", "ToId5": "9570866467732598", "TranspId5": "2", "RestrId6": "9550446733437457938", "FromId6": "9570866467732598", "ToId6": "9570866467732598", "TranspId6": "3", "RestrId7": null, "FromId7": null, "ToId7": null, "TranspId7": null, "RestrId8": null, "FromId8": null, "ToId8": null, "TranspId8": null, "RestrId9": null, "FromId9": null, "ToId9": null, "TranspId9": null, "RestrId10": null, "FromId10": null, "ToId10": null, "TranspId10": null, "RestrId11": null, "FromId11": null, "ToId11": null, "TranspId11": null, "RestrId12": null, "FromId12": null, "ToId12": null, "TranspId12": null, "RestrId13": null, "FromId13": null, "ToId13": null, "TranspId13": null, "RestrId14": null, "FromId14": null, "ToId14": null, "TranspId14": null, "RestrId15": null, "FromId15": null, "ToId15": null, "TranspId15": null, "RestrId16": null, "FromId16": null, "ToId16": null, "TranspId16": null, "RestrId17": null, "FromId17": null, "ToId17": null, "TranspId17": null, "RestrId18": null, "FromId18": null, "ToId18": null, "TranspId18": null, "RestrId19": null, "FromId19": null, "ToId19": null, "TranspId19": null, "RestrId20": null, "FromId20": null, "ToId20": null, "TranspId20": null, "RestrId21": null, "FromId21": null, "ToId21": null, "TranspId21": null, "RestrId22": null, "FromId22": null, "ToId22": null, "TranspId22": null, "RestrId23": null, "FromId23": null, "ToId23": null, "TranspId23": null, "RestrId24": null, "FromId24": null, "ToId24": null, "TranspId24": null, "RestrId25": null, "FromId25": null, "ToId25": null, "TranspId25": null, "RestrId26": null, "FromId26": null, "ToId26": null, "TranspId26": null, "RestrId27": null, "FromId27": null, "ToId27": null, "TranspId27": null, "RestrId28": null, "FromId28": null, "ToId28": null, "TranspId28": null, "RestrId29": null, "FromId29": null, "ToId29": null, "TranspId29": null, "RestrId30": null, "FromId30": null, "ToId30": null, "TranspId30": null }, "geometry": { "type": "Point", "coordinates": [ 71.407111668896661, 51.194905534558693 ] } },
{ "type": "Feature", "properties": { "DeadEnd": 0, "Junction": null, "Control": 0, "Synonym": null, "ZLevel": 0, "GatewayId": null, "CrossesId": "70030077011871580", "RestrId1": "9550446733437457940", "FromId1": "70030077011871483", "ToId1": "70030077011871483", "TranspId1": "1", "RestrId2": "9550446733437457941", "FromId2": "70030077011871483", "ToId2": "70030077011871483", "TranspId2": "2", "RestrId3": "9550446733437457942", "FromId3": "70030077011871483", "ToId3": "70030077011871483", "TranspId3": "3", "RestrId4": "9550446733437457943", "FromId4": "70030077011871482", "ToId4": "70030077011871482", "TranspId4": "1", "RestrId5": "9550446733437457944", "FromId5": "70030077011871482", "ToId5": "70030077011871482", "TranspId5": "2", "RestrId6": "9550446733437457945", "FromId6": "70030077011871482", "ToId6": "70030077011871482", "TranspId6": "3", "RestrId7": null, "FromId7": null, "ToId7": null, "TranspId7": null, "RestrId8": null, "FromId8": null, "ToId8": null, "TranspId8": null, "RestrId9": null, "FromId9": null, "ToId9": null, "TranspId9": null, "RestrId10": null, "FromId10": null, "ToId10": null, "TranspId10": null, "RestrId11": null, "FromId11": null, "ToId11": null, "TranspId11": null, "RestrId12": null, "FromId12": null, "ToId12": null, "TranspId12": null, "RestrId13": null, "FromId13": null, "ToId13": null, "TranspId13": null, "RestrId14": null, "FromId14": null, "ToId14": null, "TranspId14": null, "RestrId15": null, "FromId15": null, "ToId15": null, "TranspId15": null, "RestrId16": null, "FromId16": null, "ToId16": null, "TranspId16": null, "RestrId17": null, "FromId17": null, "ToId17": null, "TranspId17": null, "RestrId18": null, "FromId18": null, "ToId18": null, "TranspId18": null, "RestrId19": null, "FromId19": null, "ToId19": null, "TranspId19": null, "RestrId20": null, "FromId20": null, "ToId20": null, "TranspId20": null, "RestrId21": null, "FromId21": null, "ToId21": null, "TranspId21": null, "RestrId22": null, "FromId22": null, "ToId22": null, "TranspId22": null, "RestrId23": null, "FromId23": null, "ToId23": null, "TranspId23": null, "RestrId24": null, "FromId24": null, "ToId24": null, "TranspId24": null, "RestrId25": null, "FromId25": null, "ToId25": null, "TranspId25": null, "RestrId26": null, "FromId26": null, "ToId26": null, "TranspId26": null, "RestrId27": null, "FromId27": null, "ToId27": null, "TranspId27": null, "RestrId28": null, "FromId28": null, "ToId28": null, "TranspId28": null, "RestrId29": null, "FromId29": null, "ToId29": null, "TranspId29": null, "RestrId30": null, "FromId30": null, "ToId30": null, "TranspId30": null }, "geometry": { "type": "Point", "coordinates": [ 71.406657480689006, 51.195049199181703 ] } },
{ "type": "Feature", "properties": { "DeadEnd": 0, "Junction": null, "Control": 0, "Synonym": null, "ZLevel": 0, "GatewayId": null, "CrossesId": "70030077011871582", "RestrId1": "9550446733437457954", "FromId1": "70030077011871484", "ToId1": "70030077011871484", "TranspId1": "1", "RestrId2": "9550446733437457955", "FromId2": "70030077011871484", "ToId2": "70030077011871484", "TranspId2": "2", "RestrId3": "9550446733437457956", "FromId3": "70030077011871484", "ToId3": "70030077011871484", "TranspId3": "3", "RestrId4": "9550446733437457957", "FromId4": "9570866467747481", "ToId4": "9570866467747481", "TranspId4": "1", "RestrId5": "9550446733437457958", "FromId5": "9570866467747481", "ToId5": "9570866467747481", "TranspId5": "2", "RestrId6": "9550446733437457959", "FromId6": "9570866467747481", "ToId6": "9570866467747481", "TranspId6": "3", "RestrId7": null, "FromId7": null, "ToId7": null, "TranspId7": null, "RestrId8": null, "FromId8": null, "ToId8": null, "TranspId8": null, "RestrId9": null, "FromId9": null, "ToId9": null, "TranspId9": null, "RestrId10": null, "FromId10": null, "ToId10": null, "TranspId10": null, "RestrId11": null, "FromId11": null, "ToId11": null, "TranspId11": null, "RestrId12": null, "FromId12": null, "ToId12": null, "TranspId12": null, "RestrId13": null, "FromId13": null, "ToId13": null, "TranspId13": null, "RestrId14": null, "FromId14": null, "ToId14": null, "TranspId14": null, "RestrId15": null, "FromId15": null, "ToId15": null, "TranspId15": null, "RestrId16": null, "FromId16": null, "ToId16": null, "TranspId16": null, "RestrId17": null, "FromId17": null, "ToId17": null, "TranspId17": null, "RestrId18": null, "FromId18": null, "ToId18": null, "TranspId18": null, "RestrId19": null, "FromId19": null, "ToId19": null, "TranspId19": null, "RestrId20": null, "FromId20": null, "ToId20": null, "TranspId20": null, "RestrId21": null, "FromId21": null, "ToId21": null, "TranspId21": null, "RestrId22": null, "FromId22": null, "ToId22": null, "TranspId22": null, "RestrId23": null, "FromId23": null, "ToId23": null, "TranspId23": null, "RestrId24": null, "FromId24": null, "ToId24": null, "TranspId24": null, "RestrId25": null, "FromId25": null, "ToId25": null, "TranspId25": null, "RestrId26": null, "FromId26": null, "ToId26": null, "TranspId26": null, "RestrId27": null, "FromId27": null, "ToId27": null, "TranspId27": null, "RestrId28": null, "FromId28": null, "ToId28": null, "TranspId28": null, "RestrId29": null, "FromId29": null, "ToId29": null, "TranspId29": null, "RestrId30": null, "FromId30": null, "ToId30": null, "TranspId30": null }, "geometry": { "type": "Point", "coordinates": [ 71.40676689549062, 51.19571701987703 ] } },
{ "type": "Feature", "properties": { "DeadEnd": 0, "Junction": null, "Control": 0, "Synonym": null, "ZLevel": 0, "GatewayId": null, "CrossesId": "70030076713191943", "RestrId1": "9550446733245760971", "FromId1": "9570866499788656", "ToId1": "9570866499788656", "TranspId1": "1", "RestrId2": "9550446733245760972", "FromId2": "70030076145276345", "ToId2": "70030076145276345", "TranspId2": "1", "RestrId3": null, "FromId3": null, "ToId3": null, "TranspId3": null, "RestrId4": null, "FromId4": null, "ToId4": null, "TranspId4": null, "RestrId5": null, "FromId5": null, "ToId5": null, "TranspId5": null, "RestrId6": null, "FromId6": null, "ToId6": null, "TranspId6": null, "RestrId7": null, "FromId7": null, "ToId7": null, "TranspId7": null, "RestrId8": null, "FromId8": null, "ToId8": null, "TranspId8": null, "RestrId9": null, "FromId9": null, "ToId9": null, "TranspId9": null, "RestrId10": null, "FromId10": null, "ToId10": null, "TranspId10": null, "RestrId11": null, "FromId11": null, "ToId11": null, "TranspId11": null, "RestrId12": null, "FromId12": null, "ToId12": null, "TranspId12": null, "RestrId13": null, "FromId13": null, "ToId13": null, "TranspId13": null, "RestrId14": null, "FromId14": null, "ToId14": null, "TranspId14": null, "RestrId15": null, "FromId15": null, "ToId15": null, "TranspId15": null, "RestrId16": null, "FromId16": null, "ToId16": null, "TranspId16": null, "RestrId17": null, "FromId17": null, "ToId17": null, "TranspId17": null, "RestrId18": null, "FromId18": null, "ToId18": null, "TranspId18": null, "RestrId19": null, "FromId19": null, "ToId19": null, "TranspId19": null, "RestrId20": null, "FromId20": null, "ToId20": null, "TranspId20": null, "RestrId21": null, "FromId21": null, "ToId21": null, "TranspId21": null, "RestrId22": null, "FromId22": null, "ToId22": null, "TranspId22": null, "RestrId23": null, "FromId23": null, "ToId23": null, "TranspId23": null, "RestrId24": null, "FromId24": null, "ToId24": null, "TranspId24": null, "RestrId25": null, "FromId25": null, "ToId25": null, "TranspId25": null, "RestrId26": null, "FromId26": null, "ToId26": null, "TranspId26": null, "RestrId27": null, "FromId27": null, "ToId27": null, "TranspId27": null, "RestrId28": null, "FromId28": null, "ToId28": null, "TranspId28": null, "RestrId29": null, "FromId29": null, "ToId29": null, "TranspId29": null, "RestrId30": null, "FromId30": null, "ToId30": null, "TranspId30": null }, "geometry": { "type": "Point", "coordinates": [ 71.402921207759292, 51.195336020433572 ] } },
{ "type": "Feature", "properties": { "DeadEnd": 0, "Junction": null, "Control": 0, "Synonym": null, "ZLevel": 0, "GatewayId": null, "CrossesId": "70030076594701047", "RestrId1": "9550446733166695944", "FromId1": "9570866467732598", "ToId1": "9570866467732598", "TranspId1": "3", "RestrId2": "9550446733166695945", "FromId2": "9570866467732598", "ToId2": "9570866467732598", "TranspId2": "2", "RestrId3": "9550446733166695946", "FromId3": "9570866467732598", "ToId3": "9570866467732598", "TranspId3": "1", "RestrId4": "9550446733166695947", "FromId4": "9570866467747479", "ToId4": "9570866511668388", "TranspId4": "3", "RestrId5": "9550446733166695948", "FromId5": "9570866467747479", "ToId5": "9570866511668388", "TranspId5": "2", "RestrId6": "9550446733166695949", "FromId6": "9570866467747479", "ToId6": "9570866511668388", "TranspId6": "1", "RestrId7": "9550446733166695950", "FromId7": "9570866511668388", "ToId7": "9570866511668388", "TranspId7": "3", "RestrId8": "9550446733166695951", "FromId8": "9570866511668388", "ToId8": "9570866511668388", "TranspId8": "2", "RestrId9": "9550446733166695952", "FromId9": "9570866511668388", "ToId9": "9570866511668388", "TranspId9": "1", "RestrId10": null, "FromId10": null, "ToId10": null, "TranspId10": null, "RestrId11": null, "FromId11": null, "ToId11": null, "TranspId11": null, "RestrId12": null, "FromId12": null, "ToId12": null, "TranspId12": null, "RestrId13": null, "FromId13": null, "ToId13": null, "TranspId13": null, "RestrId14": null, "FromId14": null, "ToId14": null, "TranspId14": null, "RestrId15": null, "FromId15": null, "ToId15": null, "TranspId15": null, "RestrId16": null, "FromId16": null, "ToId16": null, "TranspId16": null, "RestrId17": null, "FromId17": null, "ToId17": null, "TranspId17": null, "RestrId18": null, "FromId18": null, "ToId18": null, "TranspId18": null, "RestrId19": null, "FromId19": null, "ToId19": null, "TranspId19": null, "RestrId20": null, "FromId20": null, "ToId20": null, "TranspId20": null, "RestrId21": null, "FromId21": null, "ToId21": null, "TranspId21": null, "RestrId22": null, "FromId22": null, "ToId22": null, "TranspId22": null, "RestrId23": null, "FromId23": null, "ToId23": null, "TranspId23": null, "RestrId24": null, "FromId24": null, "ToId24": null, "TranspId24": null, "RestrId25": null, "FromId25": null, "ToId25": null, "TranspId25": null, "RestrId26": null, "FromId26": null, "ToId26": null, "TranspId26": null, "RestrId27": null, "FromId27": null, "ToId27": null, "TranspId27": null, "RestrId28": null, "FromId28": null, "ToId28": null, "TranspId28": null, "RestrId29": null, "FromId29": null, "ToId29": null, "TranspId29": null, "RestrId30": null, "FromId30": null, "ToId30": null, "TranspId30": null }, "geometry": { "type": "Point", "coordinates": [ 71.407153889715005, 51.194892192641113 ] } },
{ "type": "Feature", "properties": { "DeadEnd": 0, "Junction": null, "Control": 0, "Synonym": null, "ZLevel": 0, "GatewayId": null, "CrossesId": "70030076188676853", "RestrId1": "9550446733294316060", "FromId1": "70030076953818449", "ToId1": "70030076188676029", "TranspId1": "3", "RestrId2": "9550446733294316061", "FromId2": "70030076953818449", "ToId2": "70030076188676029", "TranspId2": "2", "RestrId3": "9550446733294316062", "FromId3": "70030076953818449", "ToId3": "70030076188676029", "TranspId3": "1", "RestrId4": "9550446733294316063", "FromId4": "70030076188676029", "ToId4": "70030076953818449", "TranspId4": "3", "RestrId5": "9550446733294316064", "FromId5": "70030076188676029", "ToId5": "70030076953818449", "TranspId5": "2", "RestrId6": "9550446733294316065", "FromId6": "70030076188676029", "ToId6": "70030076953818449", "TranspId6": "1", "RestrId7": null, "FromId7": null, "ToId7": null, "TranspId7": null, "RestrId8": null, "FromId8": null, "ToId8": null, "TranspId8": null, "RestrId9": null, "FromId9": null, "ToId9": null, "TranspId9": null, "RestrId10": null, "FromId10": null, "ToId10": null, "TranspId10": null, "RestrId11": null, "FromId11": null, "ToId11": null, "TranspId11": null, "RestrId12": null, "FromId12": null, "ToId12": null, "TranspId12": null, "RestrId13": null, "FromId13": null, "ToId13": null, "TranspId13": null, "RestrId14": null, "FromId14": null, "ToId14": null, "TranspId14": null, "RestrId15": null, "FromId15": null, "ToId15": null, "TranspId15": null, "RestrId16": null, "FromId16": null, "ToId16": null, "TranspId16": null, "RestrId17": null, "FromId17": null, "ToId17": null, "TranspId17": null, "RestrId18": null, "FromId18": null, "ToId18": null, "TranspId18": null, "RestrId19": null, "FromId19": null, "ToId19": null, "TranspId19": null, "RestrId20": null, "FromId20": null, "ToId20": null, "TranspId20": null, "RestrId21": null, "FromId21": null, "ToId21": null, "TranspId21": null, "RestrId22": null, "FromId22": null, "ToId22": null, "TranspId22": null, "RestrId23": null, "FromId23": null, "ToId23": null, "TranspId23": null, "RestrId24": null, "FromId24": null, "ToId24": null, "TranspId24": null, "RestrId25": null, "FromId25": null, "ToId25": null, "TranspId25": null, "RestrId26": null, "FromId26": null, "ToId26": null, "TranspId26": null, "RestrId27": null, "FromId27": null, "ToId27": null, "TranspId27": null, "RestrId28": null, "FromId28": null, "ToId28": null, "TranspId28": null, "RestrId29": null, "FromId29": null, "ToId29": null, "TranspId29": null, "RestrId30": null, "FromId30": null, "ToId30": null, "TranspId30": null }, "geometry": { "type": "Point", "coordinates": [ 71.406951678944566, 51.194426405299239 ] } },
{ "type": "Feature", "properties": { "DeadEnd": 0, "Junction": null, "Control": 0, "Synonym": null, "ZLevel": 0, "GatewayId": null, "CrossesId": "70030076169530887", "RestrId1": "9550446732946061467", "FromId1": "70030076169530870", "ToId1": "70030076169530870", "TranspId1": "3", "RestrId2": "9550446732946061468", "FromId2": "70030076169530870", "ToId2": "70030076169530870", "TranspId2": "2", "RestrId3": "9550446732946061469", "FromId3": "70030076169530870", "ToId3": "70030076169530870", "TranspId3": "1", "RestrId4": "9550446732946061470", "FromId4": "70030076214906331", "ToId4": "70030076214906331", "TranspId4": "3", "RestrId5": "9550446732946061471", "FromId5": "70030076214906331", "ToId5": "70030076214906331", "TranspId5": "2", "RestrId6": "9550446732946061472", "FromId6": "70030076214906331", "ToId6": "70030076214906331", "TranspId6": "1", "RestrId7": null, "FromId7": null, "ToId7": null, "TranspId7": null, "RestrId8": null, "FromId8": null, "ToId8": null, "TranspId8": null, "RestrId9": null, "FromId9": null, "ToId9": null, "TranspId9": null, "RestrId10": null, "FromId10": null, "ToId10": null, "TranspId10": null, "RestrId11": null, "FromId11": null, "ToId11": null, "TranspId11": null, "RestrId12": null, "FromId12": null, "ToId12": null, "TranspId12": null, "RestrId13": null, "FromId13": null, "ToId13": null, "TranspId13": null, "RestrId14": null, "FromId14": null, "ToId14": null, "TranspId14": null, "RestrId15": null, "FromId15": null, "ToId15": null, "TranspId15": null, "RestrId16": null, "FromId16": null, "ToId16": null, "TranspId16": null, "RestrId17": null, "FromId17": null, "ToId17": null, "TranspId17": null, "RestrId18": null, "FromId18": null, "ToId18": null, "TranspId18": null, "RestrId19": null, "FromId19": null, "ToId19": null, "TranspId19": null, "RestrId20": null, "FromId20": null, "ToId20": null, "TranspId20": null, "RestrId21": null, "FromId21": null, "ToId21": null, "TranspId21": null, "RestrId22": null, "FromId22": null, "ToId22": null, "TranspId22": null, "RestrId23": null, "FromId23": null, "ToId23": null, "TranspId23": null, "RestrId24": null, "FromId24": null, "ToId24": null, "TranspId24": null, "RestrId25": null, "FromId25": null, "ToId25": null, "TranspId25": null, "RestrId26": null, "FromId26": null, "ToId26": null, "TranspId26": null, "RestrId27": null, "FromId27": null, "ToId27": null, "TranspId27": null, "RestrId28": null, "FromId28": null, "ToId28": null, "TranspId28": null, "RestrId29": null, "FromId29": null, "ToId29": null, "TranspId29": null, "RestrId30": null, "FromId30": null, "ToId30": null, "TranspId30": null }, "geometry": { "type": "Point", "coordinates": [ 71.408316399524182, 51.193401194938296 ] } },
{ "type": "Feature", "properties": { "DeadEnd": 0, "Junction": null, "Control": 0, "Synonym": null, "ZLevel": 0, "GatewayId": null, "CrossesId": "70030076169530979", "RestrId1": "9550446732946061497", "FromId1": "70030076169530916", "ToId1": "70030076169530916", "TranspId1": "3", "RestrId2": "9550446732946061498", "FromId2": "70030076169530916", "ToId2": "70030076169530916", "TranspId2": "2", "RestrId3": "9550446732946061499", "FromId3": "70030076169530916", "ToId3": "70030076169530916", "TranspId3": "1", "RestrId4": "9550446732946061500", "FromId4": "9570866467737766", "ToId4": "9570866467737766", "TranspId4": "3", "RestrId5": "9550446732946061501", "FromId5": "9570866467737766", "ToId5": "9570866467737766", "TranspId5": "2", "RestrId6": "9550446732946061502", "FromId6": "9570866467737766", "ToId6": "9570866467737766", "TranspId6": "1", "RestrId7": null, "FromId7": null, "ToId7": null, "TranspId7": null, "RestrId8": null, "FromId8": null, "ToId8": null, "TranspId8": null, "RestrId9": null, "FromId9": null, "ToId9": null, "TranspId9": null, "RestrId10": null, "FromId10": null, "ToId10": null, "TranspId10": null, "RestrId11": null, "FromId11": null, "ToId11": null, "TranspId11": null, "RestrId12": null, "FromId12": null, "ToId12": null, "TranspId12": null, "RestrId13": null, "FromId13": null, "ToId13": null, "TranspId13": null, "RestrId14": null, "FromId14": null, "ToId14": null, "TranspId14": null, "RestrId15": null, "FromId15": null, "ToId15": null, "TranspId15": null, "RestrId16": null, "FromId16": null, "ToId16": null, "TranspId16": null, "RestrId17": null, "FromId17": null, "ToId17": null, "TranspId17": null, "RestrId18": null, "FromId18": null, "ToId18": null, "TranspId18": null, "RestrId19": null, "FromId19": null, "ToId19": null, "TranspId19": null, "RestrId20": null, "FromId20": null, "ToId20": null, "TranspId20": null, "RestrId21": null, "FromId21": null, "ToId21": null, "TranspId21": null, "RestrId22": null, "FromId22": null, "ToId22": null, "TranspId22": null, "RestrId23": null, "FromId23": null, "ToId23": null, "TranspId23": null, "RestrId24": null, "FromId24": null, "ToId24": null, "TranspId24": null, "RestrId25": null, "FromId25": null, "ToId25": null, "TranspId25": null, "RestrId26": null, "FromId26": null, "ToId26": null, "TranspId26": null, "RestrId27": null, "FromId27": null, "ToId27": null, "TranspId27": null, "RestrId28": null, "FromId28": null, "ToId28": null, "TranspId28": null, "RestrId29": null, "FromId29": null, "ToId29": null, "TranspId29": null, "RestrId30": null, "FromId30": null, "ToId30": null, "TranspId30": null }, "geometry": { "type": "Point", "coordinates": [ 71.407868230028953, 51.19354480795517 ] } },
{ "type": "Feature", "properties": { "DeadEnd": 0, "Junction": null, "Control": 0, "Synonym": null, "ZLevel": 0, "GatewayId": null, "CrossesId": "70030076152888742", "RestrId1": "9550446732943682093", "FromId1": "70030076743339544", "ToId1": "70030076743339544", "TranspId1": "3", "RestrId2": "9550446732943682094", "FromId2": "70030076743339544", "ToId2": "70030076743339544", "TranspId2": "2", "RestrId3": "9550446732943682095", "FromId3": "70030076743339544", "ToId3": "70030076743339544", "TranspId3": "1", "RestrId4": "9550446732943682096", "FromId4": "70030076743339544", "ToId4": "9570866467732491", "TranspId4": "3", "RestrId5": "9550446732943682097", "FromId5": "70030076743339544", "ToId5": "9570866467732491", "TranspId5": "2", "RestrId6": "9550446732943682098", "FromId6": "70030076743339544", "ToId6": "9570866467732491", "TranspId6": "1", "RestrId7": "9550446732943682099", "FromId7": "9570866467732491", "ToId7": "9570866467732491", "TranspId7": "3", "RestrId8": "9550446732943682100", "FromId8": "9570866467732491", "ToId8": "9570866467732491", "TranspId8": "2", "RestrId9": "9550446732943682101", "FromId9": "9570866467732491", "ToId9": "9570866467732491", "TranspId9": "1", "RestrId10": null, "FromId10": null, "ToId10": null, "TranspId10": null, "RestrId11": null, "FromId11": null, "ToId11": null, "TranspId11": null, "RestrId12": null, "FromId12": null, "ToId12": null, "TranspId12": null, "RestrId13": null, "FromId13": null, "ToId13": null, "TranspId13": null, "RestrId14": null, "FromId14": null, "ToId14": null, "TranspId14": null, "RestrId15": null, "FromId15": null, "ToId15": null, "TranspId15": null, "RestrId16": null, "FromId16": null, "ToId16": null, "TranspId16": null, "RestrId17": null, "FromId17": null, "ToId17": null, "TranspId17": null, "RestrId18": null, "FromId18": null, "ToId18": null, "TranspId18": null, "RestrId19": null, "FromId19": null, "ToId19": null, "TranspId19": null, "RestrId20": null, "FromId20": null, "ToId20": null, "TranspId20": null, "RestrId21": null, "FromId21": null, "ToId21": null, "TranspId21": null, "RestrId22": null, "FromId22": null, "ToId22": null, "TranspId22": null, "RestrId23": null, "FromId23": null, "ToId23": null, "TranspId23": null, "RestrId24": null, "FromId24": null, "ToId24": null, "TranspId24": null, "RestrId25": null, "FromId25": null, "ToId25": null, "TranspId25": null, "RestrId26": null, "FromId26": null, "ToId26": null, "TranspId26": null, "RestrId27": null, "FromId27": null, "ToId27": null, "TranspId27": null, "RestrId28": null, "FromId28": null, "ToId28": null, "TranspId28": null, "RestrId29": null, "FromId29": null, "ToId29": null, "TranspId29": null, "RestrId30": null, "FromId30": null, "ToId30": null, "TranspId30": null }, "geometry": { "type": "Point", "coordinates": [ 71.407071065045812, 51.193800337810259 ] } },
{ "type": "Feature", "properties": { "DeadEnd": 0, "Junction": null, "Control": 0, "Synonym": null, "ZLevel": 0, "GatewayId": null, "CrossesId": "70030076152889532", "RestrId1": "9550446732943043221", "FromId1": "70030076131832993", "ToId1": "70030076131832993", "TranspId1": "3", "RestrId2": "9550446732943043222", "FromId2": "70030076131832993", "ToId2": "70030076131832993", "TranspId2": "2", "RestrId3": "9550446732943043223", "FromId3": "70030076131832993", "ToId3": "70030076131832993", "TranspId3": "1", "RestrId4": "9550446732943043224", "FromId4": "70030076131833013", "ToId4": "70030076131832993", "TranspId4": "3", "RestrId5": "9550446732943043225", "FromId5": "70030076131833013", "ToId5": "70030076131832993", "TranspId5": "2", "RestrId6": "9550446732943043226", "FromId6": "70030076131833013", "ToId6": "70030076131832993", "TranspId6": "1", "RestrId7": "9550446732943043227", "FromId7": "70030076131832993", "ToId7": "70030076145276345", "TranspId7": "3", "RestrId8": "9550446732943043228", "FromId8": "70030076131832993", "ToId8": "70030076145276345", "TranspId8": "2", "RestrId9": "9550446732943043229", "FromId9": "70030076131832993", "ToId9": "70030076145276345", "TranspId9": "1", "RestrId10": "9550446732943043230", "FromId10": "70030076131833013", "ToId10": "70030076131833013", "TranspId10": "3", "RestrId11": "9550446732943043231", "FromId11": "70030076131833013", "ToId11": "70030076131833013", "TranspId11": "2", "RestrId12": "9550446732943043232", "FromId12": "70030076131833013", "ToId12": "70030076131833013", "TranspId12": "1", "RestrId13": "9550446732943043233", "FromId13": "70030076145276345", "ToId13": "70030076145276345", "TranspId13": "3", "RestrId14": "9550446732943043234", "FromId14": "70030076145276345", "ToId14": "70030076145276345", "TranspId14": "2", "RestrId15": "9550446732943043235", "FromId15": "70030076145276345", "ToId15": "70030076145276345", "TranspId15": "1", "RestrId16": null, "FromId16": null, "ToId16": null, "TranspId16": null, "RestrId17": null, "FromId17": null, "ToId17": null, "TranspId17": null, "RestrId18": null, "FromId18": null, "ToId18": null, "TranspId18": null, "RestrId19": null, "FromId19": null, "ToId19": null, "TranspId19": null, "RestrId20": null, "FromId20": null, "ToId20": null, "TranspId20": null, "RestrId21": null, "FromId21": null, "ToId21": null, "TranspId21": null, "RestrId22": null, "FromId22": null, "ToId22": null, "TranspId22": null, "RestrId23": null, "FromId23": null, "ToId23": null, "TranspId23": null, "RestrId24": null, "FromId24": null, "ToId24": null, "TranspId24": null, "RestrId25": null, "FromId25": null, "ToId25": null, "TranspId25": null, "RestrId26": null, "FromId26": null, "ToId26": null, "TranspId26": null, "RestrId27": null, "FromId27": null, "ToId27": null, "TranspId27": null, "RestrId28": null, "FromId28": null, "ToId28": null, "TranspId28": null, "RestrId29": null, "FromId29": null, "ToId29": null, "TranspId29": null, "RestrId30": null, "FromId30": null, "ToId30": null, "TranspId30": null }, "geometry": { "type": "Point", "coordinates": [ 71.402814308240494, 51.195369965990565 ] } },
{ "type": "Feature", "properties": { "DeadEnd": 0, "Junction": null, "Control": 0, "Synonym": null, "ZLevel": 0, "GatewayId": null, "CrossesId": "70030076138752905", "RestrId1": "9550446732943043247", "FromId1": "70030076152889619", "ToId1": "70030076152889619", "TranspId1": "3", "RestrId2": "9550446732943043248", "FromId2": "70030076152889619", "ToId2": "70030076152889619", "TranspId2": "2", "RestrId3": "9550446732943043249", "FromId3": "70030076152889619", "ToId3": "70030076152889619", "TranspId3": "1", "RestrId4": null, "FromId4": null, "ToId4": null, "TranspId4": null, "RestrId5": null, "FromId5": null, "ToId5": null, "TranspId5": null, "RestrId6": null, "FromId6": null, "ToId6": null, "TranspId6": null, "RestrId7": null, "FromId7": null, "ToId7": null, "TranspId7": null, "RestrId8": null, "FromId8": null, "ToId8": null, "TranspId8": null, "RestrId9": null, "FromId9": null, "ToId9": null, "TranspId9": null, "RestrId10": null, "FromId10": null, "ToId10": null, "TranspId10": null, "RestrId11": null, "FromId11": null, "ToId11": null, "TranspId11": null, "RestrId12": null, "FromId12": null, "ToId12": null, "TranspId12": null, "RestrId13": null, "FromId13": null, "ToId13": null, "TranspId13": null, "RestrId14": null, "FromId14": null, "ToId14": null, "TranspId14": null, "RestrId15": null, "FromId15": null, "ToId15": null, "TranspId15": null, "RestrId16": null, "FromId16": null, "ToId16": null, "TranspId16": null, "RestrId17": null, "FromId17": null, "ToId17": null, "TranspId17": null, "RestrId18": null, "FromId18": null, "ToId18": null, "TranspId18": null, "RestrId19": null, "FromId19": null, "ToId19": null, "TranspId19": null, "RestrId20": null, "FromId20": null, "ToId20": null, "TranspId20": null, "RestrId21": null, "FromId21": null, "ToId21": null, "TranspId21": null, "RestrId22": null, "FromId22": null, "ToId22": null, "TranspId22": null, "RestrId23": null, "FromId23": null, "ToId23": null, "TranspId23": null, "RestrId24": null, "FromId24": null, "ToId24": null, "TranspId24": null, "RestrId25": null, "FromId25": null, "ToId25": null, "TranspId25": null, "RestrId26": null, "FromId26": null, "ToId26": null, "TranspId26": null, "RestrId27": null, "FromId27": null, "ToId27": null, "TranspId27": null, "RestrId28": null, "FromId28": null, "ToId28": null, "TranspId28": null, "RestrId29": null, "FromId29": null, "ToId29": null, "TranspId29": null, "RestrId30": null, "FromId30": null, "ToId30": null, "TranspId30": null }, "geometry": { "type": "Point", "coordinates": [ 71.402230493137353, 51.195554723956739 ] } },
{ "type": "Feature", "properties": { "DeadEnd": 0, "Junction": null, "Control": 0, "Synonym": null, "ZLevel": 0, "GatewayId": null, "CrossesId": "9570776273391734", "RestrId1": "9550446732943041914", "FromId1": "9570866467732703", "ToId1": "70030076196131532", "TranspId1": "3", "RestrId2": "9550446732943041915", "FromId2": "9570866467732703", "ToId2": "70030076196131532", "TranspId2": "2", "RestrId3": "9550446732943041916", "FromId3": "9570866467732703", "ToId3": "70030076196131532", "TranspId3": "1", "RestrId4": "9550446732943041917", "FromId4": "70030076196131532", "ToId4": "70030076196131532", "TranspId4": "3", "RestrId5": "9550446732943041918", "FromId5": "70030076196131532", "ToId5": "70030076196131532", "TranspId5": "2", "RestrId6": "9550446732943041919", "FromId6": "70030076196131532", "ToId6": "70030076196131532", "TranspId6": "1", "RestrId7": "9550446732943041920", "FromId7": "9570866467732703", "ToId7": "9570866467732703", "TranspId7": "3", "RestrId8": "9550446732943041921", "FromId8": "9570866467732703", "ToId8": "9570866467732703", "TranspId8": "2", "RestrId9": "9550446732943041922", "FromId9": "9570866467732703", "ToId9": "9570866467732703", "TranspId9": "1", "RestrId10": "9550446732943041923", "FromId10": "9570866499788656", "ToId10": "9570866467732703", "TranspId10": "3", "RestrId11": "9550446732943041924", "FromId11": "9570866499788656", "ToId11": "9570866467732703", "TranspId11": "2", "RestrId12": "9550446732943041925", "FromId12": "9570866499788656", "ToId12": "9570866467732703", "TranspId12": "1", "RestrId13": "9550446732943041926", "FromId13": "9570866499788656", "ToId13": "9570866499788656", "TranspId13": "3", "RestrId14": "9550446732943041927", "FromId14": "9570866499788656", "ToId14": "9570866499788656", "TranspId14": "2", "RestrId15": "9550446732943041928", "FromId15": "9570866499788656", "ToId15": "9570866499788656", "TranspId15": "1", "RestrId16": null, "FromId16": null, "ToId16": null, "TranspId16": null, "RestrId17": null, "FromId17": null, "ToId17": null, "TranspId17": null, "RestrId18": null, "FromId18": null, "ToId18": null, "TranspId18": null, "RestrId19": null, "FromId19": null, "ToId19": null, "TranspId19": null, "RestrId20": null, "FromId20": null, "ToId20": null, "TranspId20": null, "RestrId21": null, "FromId21": null, "ToId21": null, "TranspId21": null, "RestrId22": null, "FromId22": null, "ToId22": null, "TranspId22": null, "RestrId23": null, "FromId23": null, "ToId23": null, "TranspId23": null, "RestrId24": null, "FromId24": null, "ToId24": null, "TranspId24": null, "RestrId25": null, "FromId25": null, "ToId25": null, "TranspId25": null, "RestrId26": null, "FromId26": null, "ToId26": null, "TranspId26": null, "RestrId27": null, "FromId27": null, "ToId27": null, "TranspId27": null, "RestrId28": null, "FromId28": null, "ToId28": null, "TranspId28": null, "RestrId29": null, "FromId29": null, "ToId29": null, "TranspId29": null, "RestrId30": null, "FromId30": null, "ToId30": null, "TranspId30": null }, "geometry": { "type": "Point", "coordinates": [ 71.40320309909545, 51.195243753693759 ] } }
]
}
