{
"type": "FeatureCollection",
"name": "RoadSigns",
"crs": { "type": "name", "properties": { "name": "urn:ogc:def:crs:OGC:1.3:CRS84" } },
"xy_coordinate_resolution": 1e-15,
"features": [
{ "type": "Feature", "properties": { "EdgeId": "70030077125348382", "MapClassId": 1773, "Side": 1, "SpeedLimit": 30, "Type": null, "ZoneDistan": null, "Id": "70030076127097902" }, "geometry": { "type": "Point", "coordinates": [ 71.468190730178279, 51.132894992134261 ] } },
{ "type": "Feature", "properties": { "EdgeId": null, "MapClassId": 1773, "Side": 2, "SpeedLimit": 40, "Type": null, "ZoneDistan": null, "Id": "70030076155940126" }, "geometry": { "type": "Point", "coordinates": [ 71.437167681335794, 51.121803282038996 ] } },
{ "type": "Feature", "properties": { "EdgeId": "70030076158136803", "MapClassId": 1773, "Side": 1, "SpeedLimit": 20, "Type": null, "ZoneDistan": null, "Id": "70030076158136832" }, "geometry": { "type": "Point", "coordinates": [ 71.461556312478947, 51.135425856008027 ] } },
{ "type": "Feature", "properties": { "EdgeId": "70030076157923409", "MapClassId": 1773, "Side": 1, "SpeedLimit": 40, "Type": null, "ZoneDistan": null, "Id": "70030076158629868" }, "geometry": { "type": "Point", "coordinates": [ 71.460904405077258, 51.134405364889773 ] } },
{ "type": "Feature", "properties": { "EdgeId": "9570866467724140", "MapClassId": 1773, "Side": 1, "SpeedLimit": 20, "Type": null, "ZoneDistan": null, "Id": "70030076164602635" }, "geometry": { "type": "Point", "coordinates": [ 71.44258820559169, 51.128897852230097 ] } },
{ "type": "Feature", "properties": { "EdgeId": "9570866467724855", "MapClassId": 1773, "Side": 2, "SpeedLimit": 20, "Type": null, "ZoneDistan": null, "Id": "70030076179845470" }, "geometry": { "type": "Point", "coordinates": [ 71.466116340524181, 51.132293343366868 ] } },
{ "type": "Feature", "properties": { "EdgeId": "70030076221010403", "MapClassId": 1773, "Side": 2, "SpeedLimit": 40, "Type": null, "ZoneDistan": null, "Id": "70030076416417763" }, "geometry": { "type": "Point", "coordinates": [ 71.465797618261377, 51.130106247700702 ] } },
{ "type": "Feature", "properties": { "EdgeId": null, "MapClassId": 1773, "Side": 2, "SpeedLimit": 40, "Type": null, "ZoneDistan": null, "Id": "70030076416423680" }, "geometry": { "type": "Point", "coordinates": [ 71.442941512992931, 51.132046492045106 ] } },
{ "type": "Feature", "properties": { "EdgeId": null, "MapClassId": 1773, "Side": 2, "SpeedLimit": 40, "Type": null, "ZoneDistan": null, "Id": "70030076426836897" }, "geometry": { "type": "Point", "coordinates": [ 71.44007265330157, 51.130714464277283 ] } },
{ "type": "Feature", "properties": { "EdgeId": null, "MapClassId": 1773, "Side": 1, "SpeedLimit": 40, "Type": null, "ZoneDistan": null, "Id": "70030076459657298" }, "geometry": { "type": "Point", "coordinates": [ 71.462477624634317, 51.134055143644431 ] } },
{ "type": "Feature", "properties": { "EdgeId": "70030076127099675", "MapClassId": 1773, "Side": 1, "SpeedLimit": 40, "Type": null, "ZoneDistan": null, "Id": "70030076459657362" }, "geometry": { "type": "Point", "coordinates": [ 71.463137706705098, 51.134245558808438 ] } },
{ "type": "Feature", "properties": { "EdgeId": null, "MapClassId": 1773, "Side": 1, "SpeedLimit": 40, "Type": null, "ZoneDistan": null, "Id": "70030076596906337" }, "geometry": { "type": "Point", "coordinates": [ 71.436669565510741, 51.122603198799908 ] } },
{ "type": "Feature", "properties": { "EdgeId": "9570866467725498", "MapClassId": 1773, "Side": 1, "SpeedLimit": 20, "Type": null, "ZoneDistan": null, "Id": "70030076689229713" }, "geometry": { "type": "Point", "coordinates": [ 71.462806048702205, 51.1357849728765 ] } },
{ "type": "Feature", "properties": { "EdgeId": "70030077166480633", "MapClassId": 1773, "Side": 1, "SpeedLimit": 40, "Type": null, "ZoneDistan": null, "Id": "70030076691476578" }, "geometry": { "type": "Point", "coordinates": [ 71.464149299546563, 51.12932117477326 ] } },
{ "type": "Feature", "properties": { "EdgeId": "70030077124129099", "MapClassId": 1773, "Side": 1, "SpeedLimit": 10, "Type": null, "ZoneDistan": null, "Id": "70030076691489652" }, "geometry": { "type": "Point", "coordinates": [ 71.467406411103696, 51.135371799405036 ] } },
{ "type": "Feature", "properties": { "EdgeId": "9570866467722590", "MapClassId": 1773, "Side": 1, "SpeedLimit": 20, "Type": null, "ZoneDistan": null, "Id": "70030076691973343" }, "geometry": { "type": "Point", "coordinates": [ 71.46087251488467, 51.118391625606868 ] } },
{ "type": "Feature", "properties": { "EdgeId": "70030076987121502", "MapClassId": 1773, "Side": 1, "SpeedLimit": 40, "Type": null, "ZoneDistan": null, "Id": "70030076930672852" }, "geometry": { "type": "Point", "coordinates": [ 71.440454347465803, 51.132156473237728 ] } },
{ "type": "Feature", "properties": { "EdgeId": "70030076261392700", "MapClassId": 1773, "Side": 1, "SpeedLimit": 20, "Type": null, "ZoneDistan": null, "Id": "70030077059716359" }, "geometry": { "type": "Point", "coordinates": [ 71.462874500326848, 51.132792679138021 ] } },
{ "type": "Feature", "properties": { "EdgeId": "70030076203707095", "MapClassId": 1773, "Side": 1, "SpeedLimit": 40, "Type": null, "ZoneDistan": null, "Id": "70030077093772031" }, "geometry": { "type": "Point", "coordinates": [ 71.463609501892321, 51.132879321067435 ] } },
{ "type": "Feature", "properties": { "EdgeId": "9570866467724682", "MapClassId": 1774, "Side": 1, "SpeedLimit": null, "Type": null, "ZoneDistan": null, "Id": "70030077132126823" }, "geometry": { "type": "Point", "coordinates": [ 71.441595207876631, 51.132047844967573 ] } },
{ "type": "Feature", "properties": { "EdgeId": "70030076751826461", "MapClassId": 1774, "Side": 1, "SpeedLimit": null, "Type": null, "ZoneDistan": null, "Id": "70030076598373539" }, "geometry": { "type": "Point", "coordinates": [ 71.441675157936928, 51.13199632114241 ] } },
{ "type": "Feature", "properties": { "EdgeId": "70030076751827613", "MapClassId": 1774, "Side": 2, "SpeedLimit": null, "Type": null, "ZoneDistan": null, "Id": "70030076577526835" }, "geometry": { "type": "Point", "coordinates": [ 71.443382316302859, 51.131725284581606 ] } },
{ "type": "Feature", "properties": { "EdgeId": "9570866500373376", "MapClassId": 1774, "Side": 1, "SpeedLimit": null, "Type": null, "ZoneDistan": null, "Id": "70030076419406737" }, "geometry": { "type": "Point", "coordinates": [ 71.440089092471268, 51.131161954128132 ] } },
{ "type": "Feature", "properties": { "EdgeId": "70030076216410073", "MapClassId": 1778, "Side": 2, "SpeedLimit": null, "Type": null, "ZoneDistan": null, "Id": "70030076216350460" }, "geometry": { "type": "Point", "coordinates": [ 71.467560651837985, 51.135833730484286 ] } },
{ "type": "Feature", "properties": { "EdgeId": "70030077032821553", "MapClassId": 1778, "Side": 1, "SpeedLimit": null, "Type": null, "ZoneDistan": null, "Id": "70030076691973313" }, "geometry": { "type": "Point", "coordinates": [ 71.463396511338459, 51.117729451441519 ] } },
{ "type": "Feature", "properties": { "EdgeId": "9570866467738660", "MapClassId": 1779, "Side": 3, "SpeedLimit": null, "Type": 0, "ZoneDistan": null, "Id": "70030076691973304" }, "geometry": { "type": "Point", "coordinates": [ 71.45995380784359, 51.118443728493631 ] } },
{ "type": "Feature", "properties": { "EdgeId": "70030076658580528", "MapClassId": 1779, "Side": 3, "SpeedLimit": null, "Type": 0, "ZoneDistan": null, "Id": "70030076691977627" }, "geometry": { "type": "Point", "coordinates": [ 71.45794463587913, 51.120595289572094 ] } },
{ "type": "Feature", "properties": { "EdgeId": "70030076650243144", "MapClassId": 1779, "Side": 3, "SpeedLimit": null, "Type": 0, "ZoneDistan": null, "Id": "70030076691977628" }, "geometry": { "type": "Point", "coordinates": [ 71.464289975720035, 51.120219815351739 ] } },
{ "type": "Feature", "properties": { "EdgeId": "9570866467738578", "MapClassId": 1779, "Side": 3, "SpeedLimit": null, "Type": 0, "ZoneDistan": null, "Id": "70030076691904503" }, "geometry": { "type": "Point", "coordinates": [ 71.457956942798518, 51.120684886438461 ] } },
{ "type": "Feature", "properties": { "EdgeId": "70030076343249632", "MapClassId": 1779, "Side": 3, "SpeedLimit": null, "Type": 0, "ZoneDistan": null, "Id": "70030076691905063" }, "geometry": { "type": "Point", "coordinates": [ 71.438528539159705, 51.121945201037121 ] } },
{ "type": "Feature", "properties": { "EdgeId": "70030076479889936", "MapClassId": 1779, "Side": 3, "SpeedLimit": null, "Type": 0, "ZoneDistan": null, "Id": "70030076691905064" }, "geometry": { "type": "Point", "coordinates": [ 71.438311596018579, 51.121832489083374 ] } },
{ "type": "Feature", "properties": { "EdgeId": "70030076898297972", "MapClassId": 1779, "Side": 3, "SpeedLimit": null, "Type": 0, "ZoneDistan": null, "Id": "70030076691538110" }, "geometry": { "type": "Point", "coordinates": [ 71.471584295827085, 51.130202252759005 ] } },
{ "type": "Feature", "properties": { "EdgeId": "9570866467725265", "MapClassId": 1779, "Side": 3, "SpeedLimit": null, "Type": 0, "ZoneDistan": null, "Id": "70030076691489647" }, "geometry": { "type": "Point", "coordinates": [ 71.46902751086543, 51.134139133852059 ] } },
{ "type": "Feature", "properties": { "EdgeId": "70030076203706934", "MapClassId": 1779, "Side": 3, "SpeedLimit": null, "Type": 0, "ZoneDistan": null, "Id": "70030076691480195" }, "geometry": { "type": "Point", "coordinates": [ 71.466918266578318, 51.132535007221399 ] } },
{ "type": "Feature", "properties": { "EdgeId": "9570866467725056", "MapClassId": 1779, "Side": 3, "SpeedLimit": null, "Type": 0, "ZoneDistan": null, "Id": "70030076691480197" }, "geometry": { "type": "Point", "coordinates": [ 71.463015445994927, 51.132711899626038 ] } },
{ "type": "Feature", "properties": { "EdgeId": "70030076139094889", "MapClassId": 1779, "Side": 3, "SpeedLimit": null, "Type": 0, "ZoneDistan": null, "Id": "70030076691485416" }, "geometry": { "type": "Point", "coordinates": [ 71.468337604727225, 51.134365399329063 ] } },
{ "type": "Feature", "properties": { "EdgeId": "70030076216400774", "MapClassId": 1779, "Side": 3, "SpeedLimit": null, "Type": 0, "ZoneDistan": null, "Id": "70030076691485417" }, "geometry": { "type": "Point", "coordinates": [ 71.468595690708355, 51.134441610072201 ] } },
{ "type": "Feature", "properties": { "EdgeId": "9570866467724783", "MapClassId": 1779, "Side": 3, "SpeedLimit": null, "Type": 0, "ZoneDistan": null, "Id": "70030076691469071" }, "geometry": { "type": "Point", "coordinates": [ 71.464363457910281, 51.130833073750544 ] } },
{ "type": "Feature", "properties": { "EdgeId": "9570866467724699", "MapClassId": 1779, "Side": 3, "SpeedLimit": null, "Type": 0, "ZoneDistan": null, "Id": "70030076691476563" }, "geometry": { "type": "Point", "coordinates": [ 71.46363456488875, 51.131685316701265 ] } },
{ "type": "Feature", "properties": { "EdgeId": "9570866467736494", "MapClassId": 1779, "Side": 3, "SpeedLimit": null, "Type": 0, "ZoneDistan": null, "Id": "70030076689229706" }, "geometry": { "type": "Point", "coordinates": [ 71.458328486000042, 51.129719857738124 ] } },
{ "type": "Feature", "properties": { "EdgeId": "70030077011542797", "MapClassId": 1779, "Side": 3, "SpeedLimit": null, "Type": 0, "ZoneDistan": null, "Id": "70030076419407511" }, "geometry": { "type": "Point", "coordinates": [ 71.441285289103604, 51.129100691242755 ] } },
{ "type": "Feature", "properties": { "EdgeId": "70030077011884187", "MapClassId": 1779, "Side": 3, "SpeedLimit": null, "Type": 0, "ZoneDistan": null, "Id": "70030076419407663" }, "geometry": { "type": "Point", "coordinates": [ 71.439468985430651, 51.124470857758361 ] } },
{ "type": "Feature", "properties": { "EdgeId": "70030076227870650", "MapClassId": 1779, "Side": 3, "SpeedLimit": null, "Type": 0, "ZoneDistan": null, "Id": "70030076416425629" }, "geometry": { "type": "Point", "coordinates": [ 71.464859417778641, 51.129841739484753 ] } },
{ "type": "Feature", "properties": { "EdgeId": "70030076258454346", "MapClassId": 1779, "Side": 3, "SpeedLimit": null, "Type": 0, "ZoneDistan": null, "Id": "70030076416417750" }, "geometry": { "type": "Point", "coordinates": [ 71.464990571810134, 51.129878721116704 ] } },
{ "type": "Feature", "properties": { "EdgeId": "70030076160733547", "MapClassId": 1779, "Side": 3, "SpeedLimit": null, "Type": 0, "ZoneDistan": null, "Id": "70030076506532620" }, "geometry": { "type": "Point", "coordinates": [ 71.461635723550046, 51.128736786820909 ] } },
{ "type": "Feature", "properties": { "EdgeId": "9570866467736849", "MapClassId": 1779, "Side": 3, "SpeedLimit": null, "Type": 0, "ZoneDistan": null, "Id": "70030076321227848" }, "geometry": { "type": "Point", "coordinates": [ 71.470426008099736, 51.131555604061447 ] } },
{ "type": "Feature", "properties": { "EdgeId": "9570866467736850", "MapClassId": 1779, "Side": 3, "SpeedLimit": null, "Type": 0, "ZoneDistan": null, "Id": "70030076321227894" }, "geometry": { "type": "Point", "coordinates": [ 71.470684992396144, 51.131631819441978 ] } },
{ "type": "Feature", "properties": { "EdgeId": "70030076431373408", "MapClassId": 1779, "Side": 3, "SpeedLimit": null, "Type": 0, "ZoneDistan": null, "Id": "70030076341966831" }, "geometry": { "type": "Point", "coordinates": [ 71.438242335910189, 51.121672301186223 ] } },
{ "type": "Feature", "properties": { "EdgeId": "70030076203912683", "MapClassId": 1779, "Side": 3, "SpeedLimit": null, "Type": 0, "ZoneDistan": null, "Id": "70030076260337748" }, "geometry": { "type": "Point", "coordinates": [ 71.470285421757794, 51.131371547908557 ] } },
{ "type": "Feature", "properties": { "EdgeId": "70030076272383068", "MapClassId": 1779, "Side": 3, "SpeedLimit": null, "Type": 0, "ZoneDistan": null, "Id": "70030076272382799" }, "geometry": { "type": "Point", "coordinates": [ 71.463790961579718, 51.131592640693285 ] } },
{ "type": "Feature", "properties": { "EdgeId": "70030076139095794", "MapClassId": 1779, "Side": 3, "SpeedLimit": null, "Type": 0, "ZoneDistan": null, "Id": "70030076272385095" }, "geometry": { "type": "Point", "coordinates": [ 71.464863190702829, 51.133233497153455 ] } },
{ "type": "Feature", "properties": { "EdgeId": "9570866467724722", "MapClassId": 1779, "Side": 3, "SpeedLimit": null, "Type": 0, "ZoneDistan": null, "Id": "70030076285917781" }, "geometry": { "type": "Point", "coordinates": [ 71.470859355392818, 51.13138767046766 ] } },
{ "type": "Feature", "properties": { "EdgeId": "70030076139094753", "MapClassId": 1779, "Side": 3, "SpeedLimit": null, "Type": 0, "ZoneDistan": null, "Id": "70030076172772250" }, "geometry": { "type": "Point", "coordinates": [ 71.466372540043224, 51.133816869921972 ] } },
{ "type": "Feature", "properties": { "EdgeId": "70030076258454317", "MapClassId": 1779, "Side": 3, "SpeedLimit": null, "Type": 0, "ZoneDistan": null, "Id": "70030076160923181" }, "geometry": { "type": "Point", "coordinates": [ 71.464896697862926, 51.129903751350781 ] } },
{ "type": "Feature", "properties": { "EdgeId": "9570866467724174", "MapClassId": 1779, "Side": 3, "SpeedLimit": null, "Type": 0, "ZoneDistan": null, "Id": "70030076160798384" }, "geometry": { "type": "Point", "coordinates": [ 71.464082464889415, 51.128659721023929 ] } },
{ "type": "Feature", "properties": { "EdgeId": "9570866467724155", "MapClassId": 1779, "Side": 3, "SpeedLimit": null, "Type": 0, "ZoneDistan": null, "Id": "70030076160798389" }, "geometry": { "type": "Point", "coordinates": [ 71.464028206646248, 51.128520077697672 ] } },
{ "type": "Feature", "properties": { "EdgeId": "9570866467723556", "MapClassId": 1779, "Side": 3, "SpeedLimit": null, "Type": 0, "ZoneDistan": null, "Id": "70030076156420439" }, "geometry": { "type": "Point", "coordinates": [ 71.469393035354543, 51.124885707421669 ] } },
{ "type": "Feature", "properties": { "EdgeId": "9570866467723568", "MapClassId": 1779, "Side": 3, "SpeedLimit": null, "Type": 0, "ZoneDistan": null, "Id": "70030076156420441" }, "geometry": { "type": "Point", "coordinates": [ 71.469102699854716, 51.124932785124422 ] } },
{ "type": "Feature", "properties": { "EdgeId": "9570866467738595", "MapClassId": 1779, "Side": 3, "SpeedLimit": null, "Type": 0, "ZoneDistan": null, "Id": "70030076155940774" }, "geometry": { "type": "Point", "coordinates": [ 71.454298014814782, 51.11914068353677 ] } },
{ "type": "Feature", "properties": { "EdgeId": "9570866500027048", "MapClassId": 1779, "Side": 3, "SpeedLimit": null, "Type": 0, "ZoneDistan": null, "Id": "70030076188050457" }, "geometry": { "type": "Point", "coordinates": [ 71.460397216267836, 51.128786623010342 ] } },
{ "type": "Feature", "properties": { "EdgeId": "70030076993202685", "MapClassId": 1779, "Side": 3, "SpeedLimit": null, "Type": 0, "ZoneDistan": null, "Id": "70030076147304725" }, "geometry": { "type": "Point", "coordinates": [ 71.437538326222011, 51.124525434550982 ] } },
{ "type": "Feature", "properties": { "EdgeId": "70030076993306857", "MapClassId": 1779, "Side": 3, "SpeedLimit": null, "Type": 0, "ZoneDistan": null, "Id": "70030076147304806" }, "geometry": { "type": "Point", "coordinates": [ 71.439321661724051, 51.129539796881822 ] } },
{ "type": "Feature", "properties": { "EdgeId": "70030076993308229", "MapClassId": 1779, "Side": 3, "SpeedLimit": null, "Type": 0, "ZoneDistan": null, "Id": "70030076147304808" }, "geometry": { "type": "Point", "coordinates": [ 71.439515787656944, 51.129509354463551 ] } },
{ "type": "Feature", "properties": { "EdgeId": "70030076993771876", "MapClassId": 1779, "Side": 3, "SpeedLimit": null, "Type": 0, "ZoneDistan": null, "Id": "70030076147304812" }, "geometry": { "type": "Point", "coordinates": [ 71.439657272314207, 51.129276356549425 ] } },
{ "type": "Feature", "properties": { "EdgeId": "70030076993203069", "MapClassId": 1779, "Side": 3, "SpeedLimit": null, "Type": 0, "ZoneDistan": null, "Id": "70030076147304819" }, "geometry": { "type": "Point", "coordinates": [ 71.439380591206685, 51.129168567133654 ] } },
{ "type": "Feature", "properties": { "EdgeId": "70030076993298612", "MapClassId": 1779, "Side": 3, "SpeedLimit": null, "Type": 0, "ZoneDistan": null, "Id": "70030076147304820" }, "geometry": { "type": "Point", "coordinates": [ 71.439186465273792, 51.129199066151827 ] } },
{ "type": "Feature", "properties": { "EdgeId": "70030076169383125", "MapClassId": 1779, "Side": 3, "SpeedLimit": null, "Type": 0, "ZoneDistan": null, "Id": "70030076147408849" }, "geometry": { "type": "Point", "coordinates": [ 71.454073346162232, 51.119071214056021 ] } },
{ "type": "Feature", "properties": { "EdgeId": "9570866467738590", "MapClassId": 1779, "Side": 3, "SpeedLimit": null, "Type": 0, "ZoneDistan": null, "Id": "70030076147408853" }, "geometry": { "type": "Point", "coordinates": [ 71.454367993575417, 51.11931886776636 ] } },
{ "type": "Feature", "properties": { "EdgeId": "70030076169383074", "MapClassId": 1779, "Side": 3, "SpeedLimit": null, "Type": 0, "ZoneDistan": null, "Id": "70030076147408872" }, "geometry": { "type": "Point", "coordinates": [ 71.454114578833767, 51.119544078116348 ] } },
{ "type": "Feature", "properties": { "EdgeId": "9570866467738600", "MapClassId": 1779, "Side": 3, "SpeedLimit": null, "Type": 0, "ZoneDistan": null, "Id": "70030076147408873" }, "geometry": { "type": "Point", "coordinates": [ 71.454244385392329, 51.11952394794195 ] } },
{ "type": "Feature", "properties": { "EdgeId": "9570866467725581", "MapClassId": 1779, "Side": 3, "SpeedLimit": null, "Type": 0, "ZoneDistan": null, "Id": "70030076147413701" }, "geometry": { "type": "Point", "coordinates": [ 71.467054990164556, 51.136910950461953 ] } },
{ "type": "Feature", "properties": { "EdgeId": "70030076169449820", "MapClassId": 1779, "Side": 3, "SpeedLimit": null, "Type": 0, "ZoneDistan": null, "Id": "70030076147413777" }, "geometry": { "type": "Point", "coordinates": [ 71.466702221752485, 51.1369859169574 ] } },
{ "type": "Feature", "properties": { "EdgeId": "70030076214836642", "MapClassId": 1779, "Side": 3, "SpeedLimit": null, "Type": 0, "ZoneDistan": null, "Id": "70030076147413785" }, "geometry": { "type": "Point", "coordinates": [ 71.466501897444132, 51.136928649329754 ] } },
{ "type": "Feature", "properties": { "EdgeId": "9570866467736372", "MapClassId": 1779, "Side": 3, "SpeedLimit": null, "Type": 0, "ZoneDistan": null, "Id": "70030076147413790" }, "geometry": { "type": "Point", "coordinates": [ 71.466293128972097, 51.136716938861269 ] } },
{ "type": "Feature", "properties": { "EdgeId": "70030076139093989", "MapClassId": 1779, "Side": 3, "SpeedLimit": null, "Type": 0, "ZoneDistan": null, "Id": "70030076147413801" }, "geometry": { "type": "Point", "coordinates": [ 71.466359873797714, 51.136627203992788 ] } },
{ "type": "Feature", "properties": { "EdgeId": "9570866467736374", "MapClassId": 1779, "Side": 3, "SpeedLimit": null, "Type": 0, "ZoneDistan": null, "Id": "70030076147413803" }, "geometry": { "type": "Point", "coordinates": [ 71.466726116939057, 51.136536172525261 ] } },
{ "type": "Feature", "properties": { "EdgeId": "9570866467736366", "MapClassId": 1779, "Side": 3, "SpeedLimit": null, "Type": 0, "ZoneDistan": null, "Id": "70030076147413809" }, "geometry": { "type": "Point", "coordinates": [ 71.466981777468916, 51.136611534192589 ] } },
{ "type": "Feature", "properties": { "EdgeId": "9570866467736379", "MapClassId": 1779, "Side": 3, "SpeedLimit": null, "Type": 0, "ZoneDistan": null, "Id": "70030076147413846" }, "geometry": { "type": "Point", "coordinates": [ 71.46712200448475, 51.136820934140822 ] } },
{ "type": "Feature", "properties": { "EdgeId": "70030076169450169", "MapClassId": 1779, "Side": 3, "SpeedLimit": null, "Type": 0, "ZoneDistan": null, "Id": "70030076147413886" }, "geometry": { "type": "Point", "coordinates": [ 71.470650317426205, 51.127748677423668 ] } },
{ "type": "Feature", "properties": { "EdgeId": "70030076169450159", "MapClassId": 1779, "Side": 3, "SpeedLimit": null, "Type": 0, "ZoneDistan": null, "Id": "70030076147413892" }, "geometry": { "type": "Point", "coordinates": [ 71.47037489396007, 51.127796992501487 ] } },
{ "type": "Feature", "properties": { "EdgeId": "9570866467724037", "MapClassId": 1779, "Side": 3, "SpeedLimit": null, "Type": 0, "ZoneDistan": null, "Id": "70030076147413895" }, "geometry": { "type": "Point", "coordinates": [ 71.469970292756116, 51.127738191297404 ] } },
{ "type": "Feature", "properties": { "EdgeId": "70030076139043244", "MapClassId": 1779, "Side": 3, "SpeedLimit": null, "Type": 0, "ZoneDistan": null, "Id": "70030076147413912" }, "geometry": { "type": "Point", "coordinates": [ 71.469915315860717, 51.127598827070841 ] } },
{ "type": "Feature", "properties": { "EdgeId": "70030076169450105", "MapClassId": 1779, "Side": 3, "SpeedLimit": null, "Type": 0, "ZoneDistan": null, "Id": "70030076147413918" }, "geometry": { "type": "Point", "coordinates": [ 71.470187235897228, 51.127353021827524 ] } },
{ "type": "Feature", "properties": { "EdgeId": "9570866467736780", "MapClassId": 1779, "Side": 3, "SpeedLimit": null, "Type": 0, "ZoneDistan": null, "Id": "70030076147413928" }, "geometry": { "type": "Point", "coordinates": [ 71.470463378015566, 51.127304593530148 ] } },
{ "type": "Feature", "properties": { "EdgeId": "70030076169457157", "MapClassId": 1779, "Side": 3, "SpeedLimit": null, "Type": 0, "ZoneDistan": null, "Id": "70030076147414051" }, "geometry": { "type": "Point", "coordinates": [ 71.468700074944365, 51.124775483391034 ] } },
{ "type": "Feature", "properties": { "EdgeId": "9570866467736657", "MapClassId": 1779, "Side": 3, "SpeedLimit": null, "Type": 0, "ZoneDistan": null, "Id": "70030076147414054" }, "geometry": { "type": "Point", "coordinates": [ 71.468755860323512, 51.124863606256049 ] } },
{ "type": "Feature", "properties": { "EdgeId": "70030076161357104", "MapClassId": 1779, "Side": 3, "SpeedLimit": null, "Type": 0, "ZoneDistan": null, "Id": "70030076147414239" }, "geometry": { "type": "Point", "coordinates": [ 71.466882423798467, 51.120063907228875 ] } },
{ "type": "Feature", "properties": { "EdgeId": "9570866467738514", "MapClassId": 1779, "Side": 3, "SpeedLimit": null, "Type": 0, "ZoneDistan": null, "Id": "70030076147414243" }, "geometry": { "type": "Point", "coordinates": [ 71.46710933823924, 51.1199303276628 ] } },
{ "type": "Feature", "properties": { "EdgeId": "70030076161356005", "MapClassId": 1779, "Side": 3, "SpeedLimit": null, "Type": 0, "ZoneDistan": null, "Id": "70030076147414457" }, "geometry": { "type": "Point", "coordinates": [ 71.466188924399134, 51.117604943819572 ] } },
{ "type": "Feature", "properties": { "EdgeId": "70030076161355985", "MapClassId": 1779, "Side": 3, "SpeedLimit": null, "Type": 0, "ZoneDistan": null, "Id": "70030076147414463" }, "geometry": { "type": "Point", "coordinates": [ 71.465938923255564, 51.11750812312259 ] } },
{ "type": "Feature", "properties": { "EdgeId": "70030076169265939", "MapClassId": 1779, "Side": 3, "SpeedLimit": null, "Type": 0, "ZoneDistan": null, "Id": "70030076147414468" }, "geometry": { "type": "Point", "coordinates": [ 71.465876310680272, 51.117350006650092 ] } },
{ "type": "Feature", "properties": { "EdgeId": "9570866467738673", "MapClassId": 1779, "Side": 3, "SpeedLimit": null, "Type": 0, "ZoneDistan": null, "Id": "70030076147414570" }, "geometry": { "type": "Point", "coordinates": [ 71.466018693652813, 51.117171476487556 ] } },
{ "type": "Feature", "properties": { "EdgeId": "70030076139075913", "MapClassId": 1779, "Side": 3, "SpeedLimit": null, "Type": 0, "ZoneDistan": null, "Id": "70030076147491430" }, "geometry": { "type": "Point", "coordinates": [ 71.458158075590632, 51.129293438217225 ] } },
{ "type": "Feature", "properties": { "EdgeId": "9570866467724269", "MapClassId": 1779, "Side": 3, "SpeedLimit": null, "Type": 0, "ZoneDistan": null, "Id": "70030076147491437" }, "geometry": { "type": "Point", "coordinates": [ 71.458006529802205, 51.129313620509649 ] } },
{ "type": "Feature", "properties": { "EdgeId": "9570866467736475", "MapClassId": 1779, "Side": 3, "SpeedLimit": null, "Type": 0, "ZoneDistan": null, "Id": "70030076147491441" }, "geometry": { "type": "Point", "coordinates": [ 71.458505454111005, 51.129518205316842 ] } },
{ "type": "Feature", "properties": { "EdgeId": "70030076167053471", "MapClassId": 1779, "Side": 3, "SpeedLimit": null, "Type": 0, "ZoneDistan": null, "Id": "70030076147491445" }, "geometry": { "type": "Point", "coordinates": [ 71.458451195867852, 51.129378395461245 ] } },
{ "type": "Feature", "properties": { "EdgeId": "70030076169525657", "MapClassId": 1779, "Side": 3, "SpeedLimit": null, "Type": 0, "ZoneDistan": null, "Id": "70030076147491453" }, "geometry": { "type": "Point", "coordinates": [ 71.458175952064792, 51.129743704192116 ] } },
{ "type": "Feature", "properties": { "EdgeId": "70030076169525719", "MapClassId": 1779, "Side": 3, "SpeedLimit": null, "Type": 0, "ZoneDistan": null, "Id": "70030076147491460" }, "geometry": { "type": "Point", "coordinates": [ 71.457774584795843, 51.129480208647976 ] } },
{ "type": "Feature", "properties": { "EdgeId": "70030076698948100", "MapClassId": 1779, "Side": 3, "SpeedLimit": null, "Type": 0, "ZoneDistan": null, "Id": "70030076147491462" }, "geometry": { "type": "Point", "coordinates": [ 71.457833154952382, 51.129626726788011 ] } },
{ "type": "Feature", "properties": { "EdgeId": "70030076169585789", "MapClassId": 1779, "Side": 3, "SpeedLimit": null, "Type": 0, "ZoneDistan": null, "Id": "70030076147491487" }, "geometry": { "type": "Point", "coordinates": [ 71.463586235526463, 51.128588518201802 ] } },
{ "type": "Feature", "properties": { "EdgeId": "70030076169585782", "MapClassId": 1779, "Side": 3, "SpeedLimit": null, "Type": 0, "ZoneDistan": null, "Id": "70030076147491490" }, "geometry": { "type": "Point", "coordinates": [ 71.463640493769631, 51.128728217696953 ] } },
{ "type": "Feature", "properties": { "EdgeId": "70030076169525925", "MapClassId": 1779, "Side": 3, "SpeedLimit": null, "Type": 0, "ZoneDistan": null, "Id": "70030076147491540" }, "geometry": { "type": "Point", "coordinates": [ 71.460679466930102, 51.134483943056402 ] } },
{ "type": "Feature", "properties": { "EdgeId": "9570866467736405", "MapClassId": 1779, "Side": 3, "SpeedLimit": null, "Type": 0, "ZoneDistan": null, "Id": "70030076147491541" }, "geometry": { "type": "Point", "coordinates": [ 71.460557026556884, 51.134545948688896 ] } },
{ "type": "Feature", "properties": { "EdgeId": "9570866467736448", "MapClassId": 1779, "Side": 3, "SpeedLimit": null, "Type": 0, "ZoneDistan": null, "Id": "70030076147491542" }, "geometry": { "type": "Point", "coordinates": [ 71.461033852309697, 51.134751355843903 ] } },
{ "type": "Feature", "properties": { "EdgeId": "9570866467725336", "MapClassId": 1779, "Side": 3, "SpeedLimit": null, "Type": 0, "ZoneDistan": null, "Id": "70030076147491545" }, "geometry": { "type": "Point", "coordinates": [ 71.460912040757165, 51.134814488485169 ] } },
{ "type": "Feature", "properties": { "EdgeId": "9570866467738563", "MapClassId": 1779, "Side": 3, "SpeedLimit": null, "Type": 0, "ZoneDistan": null, "Id": "70030076147497237" }, "geometry": { "type": "Point", "coordinates": [ 71.464303630112354, 51.120311330073534 ] } },
{ "type": "Feature", "properties": { "EdgeId": "9570866467736643", "MapClassId": 1779, "Side": 3, "SpeedLimit": null, "Type": 0, "ZoneDistan": null, "Id": "70030076127153510" }, "geometry": { "type": "Point", "coordinates": [ 71.46651770779313, 51.125449565471214 ] } },
{ "type": "Feature", "properties": { "EdgeId": "70030077053037786", "MapClassId": 1779, "Side": 3, "SpeedLimit": null, "Type": 0, "ZoneDistan": null, "Id": "70030076127153519" }, "geometry": { "type": "Point", "coordinates": [ 71.460680994066095, 51.126978391824629 ] } },
{ "type": "Feature", "properties": { "EdgeId": "9570866467736622", "MapClassId": 1779, "Side": 3, "SpeedLimit": null, "Type": 0, "ZoneDistan": null, "Id": "70030076127153696" }, "geometry": { "type": "Point", "coordinates": [ 71.460620537447468, 51.126887003066415 ] } },
{ "type": "Feature", "properties": { "EdgeId": "9570866467736644", "MapClassId": 1779, "Side": 3, "SpeedLimit": null, "Type": 0, "ZoneDistan": null, "Id": "70030076127153740" }, "geometry": { "type": "Point", "coordinates": [ 71.466457251174504, 51.125358286447891 ] } },
{ "type": "Feature", "properties": { "EdgeId": "9570866467724698", "MapClassId": 1779, "Side": 3, "SpeedLimit": null, "Type": 0, "ZoneDistan": null, "Id": "70030076127083895" }, "geometry": { "type": "Point", "coordinates": [ 71.470596328677615, 51.131315175280079 ] } },
{ "type": "Feature", "properties": { "EdgeId": "9570866467725294", "MapClassId": 1779, "Side": 3, "SpeedLimit": null, "Type": 0, "ZoneDistan": null, "Id": "70030077059787953" }, "geometry": { "type": "Point", "coordinates": [ 71.461489028664161, 51.134848365875804 ] } },
{ "type": "Feature", "properties": { "EdgeId": "70030076258454801", "MapClassId": 1779, "Side": 3, "SpeedLimit": null, "Type": 0, "ZoneDistan": null, "Id": "70030077059716353" }, "geometry": { "type": "Point", "coordinates": [ 71.462297602251397, 51.133701199339441 ] } },
{ "type": "Feature", "properties": { "EdgeId": "70030076993771440", "MapClassId": 1779, "Side": 3, "SpeedLimit": null, "Type": 0, "ZoneDistan": null, "Id": "70030077041264913" }, "geometry": { "type": "Point", "coordinates": [ 71.439688623517625, 51.129355619944668 ] } },
{ "type": "Feature", "properties": { "EdgeId": "70030076145257266", "MapClassId": 1779, "Side": 3, "SpeedLimit": null, "Type": 0, "ZoneDistan": null, "Id": "70030077041266355" }, "geometry": { "type": "Point", "coordinates": [ 71.441259507454959, 51.12904042593707 ] } },
{ "type": "Feature", "properties": { "EdgeId": "9570866467723343", "MapClassId": 1779, "Side": 3, "SpeedLimit": null, "Type": 0, "ZoneDistan": null, "Id": "70030077040335815" }, "geometry": { "type": "Point", "coordinates": [ 71.439444281760331, 51.124403707917786 ] } },
{ "type": "Feature", "properties": { "EdgeId": "70030077040340701", "MapClassId": 1779, "Side": 3, "SpeedLimit": null, "Type": 0, "ZoneDistan": null, "Id": "70030077040346014" }, "geometry": { "type": "Point", "coordinates": [ 71.437879865693034, 51.124726770487541 ] } },
{ "type": "Feature", "properties": { "EdgeId": "9570866467723361", "MapClassId": 1779, "Side": 3, "SpeedLimit": null, "Type": 0, "ZoneDistan": null, "Id": "70030076994113655" }, "geometry": { "type": "Point", "coordinates": [ 71.437844561902395, 51.124640733451493 ] } },
{ "type": "Feature", "properties": { "EdgeId": "70030076993412771", "MapClassId": 1779, "Side": 3, "SpeedLimit": null, "Type": 0, "ZoneDistan": null, "Id": "70030076993414221" }, "geometry": { "type": "Point", "coordinates": [ 71.437684661781802, 51.124894051736554 ] } },
{ "type": "Feature", "properties": { "EdgeId": "9570866467738661", "MapClassId": 1779, "Side": 3, "SpeedLimit": null, "Type": 0, "ZoneDistan": null, "Id": "70030077032825469" }, "geometry": { "type": "Point", "coordinates": [ 71.459885895208117, 51.118272476685064 ] } },
{ "type": "Feature", "properties": { "EdgeId": "70030076139094926", "MapClassId": 1779, "Side": 3, "SpeedLimit": null, "Type": 0, "ZoneDistan": null, "Id": "70030076930669659" }, "geometry": { "type": "Point", "coordinates": [ 71.468283436315588, 51.134157510212681 ] } },
{ "type": "Feature", "properties": { "EdgeId": "9570866467724898", "MapClassId": 1779, "Side": 3, "SpeedLimit": null, "Type": 0, "ZoneDistan": null, "Id": "70030076946277864" }, "geometry": { "type": "Point", "coordinates": [ 71.463040958148994, 51.132540982565423 ] } },
{ "type": "Feature", "properties": { "EdgeId": "70030076907063010", "MapClassId": 1779, "Side": 3, "SpeedLimit": null, "Type": 0, "ZoneDistan": null, "Id": "70030076824604478" }, "geometry": { "type": "Point", "coordinates": [ 71.466896347685392, 51.120156775530333 ] } },
{ "type": "Feature", "properties": { "EdgeId": "70030076698948711", "MapClassId": 1779, "Side": 3, "SpeedLimit": null, "Type": 0, "ZoneDistan": null, "Id": "70030077107042723" }, "geometry": { "type": "Point", "coordinates": [ 71.457974010788917, 51.129755711976337 ] } },
{ "type": "Feature", "properties": { "EdgeId": "70030076151184918", "MapClassId": 1779, "Side": 3, "SpeedLimit": null, "Type": 0, "ZoneDistan": null, "Id": "70030077100671696" }, "geometry": { "type": "Point", "coordinates": [ 71.46371819804169, 51.126075771918359 ] } },
{ "type": "Feature", "properties": { "EdgeId": "70030077100671590", "MapClassId": 1779, "Side": 3, "SpeedLimit": null, "Type": 0, "ZoneDistan": null, "Id": "70030077100671721" }, "geometry": { "type": "Point", "coordinates": [ 71.463778564828786, 51.126167049523822 ] } },
{ "type": "Feature", "properties": { "EdgeId": "70030076139094926", "MapClassId": 1780, "Side": 1, "SpeedLimit": null, "Type": null, "ZoneDistan": null, "Id": "70030077101324660" }, "geometry": { "type": "Point", "coordinates": [ 71.467643925664831, 51.134001254544863 ] } },
{ "type": "Feature", "properties": { "EdgeId": "9570866467724855", "MapClassId": 1780, "Side": 1, "SpeedLimit": null, "Type": null, "ZoneDistan": null, "Id": "70030077101324975" }, "geometry": { "type": "Point", "coordinates": [ 71.466151374820271, 51.13230388483035 ] } },
{ "type": "Feature", "properties": { "EdgeId": "70030076203706934", "MapClassId": 1780, "Side": 1, "SpeedLimit": null, "Type": null, "ZoneDistan": null, "Id": "70030077101325599" }, "geometry": { "type": "Point", "coordinates": [ 71.46703891032098, 51.132571366614201 ] } },
{ "type": "Feature", "properties": { "EdgeId": "9570866467722591", "MapClassId": 1780, "Side": 3, "SpeedLimit": null, "Type": null, "ZoneDistan": null, "Id": "70030077109612356" }, "geometry": { "type": "Point", "coordinates": [ 71.46587774798472, 51.118736270450682 ] } },
{ "type": "Feature", "properties": { "EdgeId": "70030076139093086", "MapClassId": 1780, "Side": 1, "SpeedLimit": null, "Type": null, "ZoneDistan": null, "Id": "70030077159066751" }, "geometry": { "type": "Point", "coordinates": [ 71.464297970726065, 51.135222142890356 ] } },
{ "type": "Feature", "properties": { "EdgeId": "70030076227884024", "MapClassId": 1780, "Side": 1, "SpeedLimit": null, "Type": null, "ZoneDistan": null, "Id": "70030077159067416" }, "geometry": { "type": "Point", "coordinates": [ 71.462543201650064, 51.135283302014287 ] } },
{ "type": "Feature", "properties": { "EdgeId": "70030076894620763", "MapClassId": 1780, "Side": 1, "SpeedLimit": null, "Type": null, "ZoneDistan": null, "Id": "70030077150667672" }, "geometry": { "type": "Point", "coordinates": [ 71.464706344854221, 51.118817074408028 ] } },
{ "type": "Feature", "properties": { "EdgeId": "70030077124128105", "MapClassId": 1780, "Side": 3, "SpeedLimit": null, "Type": null, "ZoneDistan": null, "Id": "70030076892604323" }, "geometry": { "type": "Point", "coordinates": [ 71.465398676443698, 51.129813101249411 ] } },
{ "type": "Feature", "properties": { "EdgeId": "70030076221020854", "MapClassId": 1780, "Side": 3, "SpeedLimit": null, "Type": null, "ZoneDistan": null, "Id": "70030076892604348" }, "geometry": { "type": "Point", "coordinates": [ 71.465437304000929, 51.129758868951967 ] } },
{ "type": "Feature", "properties": { "EdgeId": "70030076892888950", "MapClassId": 1780, "Side": 3, "SpeedLimit": null, "Type": null, "ZoneDistan": null, "Id": "70030076892605516" }, "geometry": { "type": "Point", "coordinates": [ 71.465659996359847, 51.128585643026163 ] } },
{ "type": "Feature", "properties": { "EdgeId": "70030076127099676", "MapClassId": 1780, "Side": 3, "SpeedLimit": null, "Type": null, "ZoneDistan": null, "Id": "70030076932444917" }, "geometry": { "type": "Point", "coordinates": [ 71.463302996717374, 51.134293303399318 ] } },
{ "type": "Feature", "properties": { "EdgeId": "70030076139094753", "MapClassId": 1780, "Side": 3, "SpeedLimit": null, "Type": null, "ZoneDistan": null, "Id": "70030076932445580" }, "geometry": { "type": "Point", "coordinates": [ 71.466181468382274, 51.134077465889021 ] } },
{ "type": "Feature", "properties": { "EdgeId": "70030076139094753", "MapClassId": 1780, "Side": 3, "SpeedLimit": null, "Type": null, "ZoneDistan": null, "Id": "70030076932445601" }, "geometry": { "type": "Point", "coordinates": [ 71.466322054724245, 51.133884964359432 ] } },
{ "type": "Feature", "properties": { "EdgeId": "70030077069096450", "MapClassId": 1780, "Side": 3, "SpeedLimit": null, "Type": null, "ZoneDistan": null, "Id": "70030077069099038" }, "geometry": { "type": "Point", "coordinates": [ 71.468621113030906, 51.127281309592604 ] } },
{ "type": "Feature", "properties": { "EdgeId": "70030076139079688", "MapClassId": 1780, "Side": 3, "SpeedLimit": null, "Type": null, "ZoneDistan": null, "Id": "70030077069151805" }, "geometry": { "type": "Point", "coordinates": [ 71.46161497246699, 51.128683229770068 ] } },
{ "type": "Feature", "properties": { "EdgeId": "70030076139044285", "MapClassId": 1780, "Side": 3, "SpeedLimit": null, "Type": null, "ZoneDistan": null, "Id": "70030077068740589" }, "geometry": { "type": "Point", "coordinates": [ 71.466380445217723, 51.12781159413116 ] } },
{ "type": "Feature", "properties": { "EdgeId": "70030076139044533", "MapClassId": 1780, "Side": 3, "SpeedLimit": null, "Type": null, "ZoneDistan": null, "Id": "70030077068740979" }, "geometry": { "type": "Point", "coordinates": [ 71.467340834087977, 51.127661180211255 ] } },
{ "type": "Feature", "properties": { "EdgeId": "70030076995685360", "MapClassId": 1780, "Side": 3, "SpeedLimit": null, "Type": null, "ZoneDistan": null, "Id": "70030077045586586" }, "geometry": { "type": "Point", "coordinates": [ 71.461510588230965, 51.133906722991298 ] } },
{ "type": "Feature", "properties": { "EdgeId": "9570866467724855", "MapClassId": 1780, "Side": 3, "SpeedLimit": null, "Type": null, "ZoneDistan": null, "Id": "70030076179845429" }, "geometry": { "type": "Point", "coordinates": [ 71.465818279512902, 51.132203543529727 ] } },
{ "type": "Feature", "properties": { "EdgeId": "70030077148813244", "MapClassId": 1780, "Side": 3, "SpeedLimit": null, "Type": null, "ZoneDistan": null, "Id": "70030076160923164" }, "geometry": { "type": "Point", "coordinates": [ 71.464719190762793, 51.129791735310306 ] } },
{ "type": "Feature", "properties": { "EdgeId": "70030076538999520", "MapClassId": 1780, "Side": 3, "SpeedLimit": null, "Type": null, "ZoneDistan": null, "Id": "70030076286583763" }, "geometry": { "type": "Point", "coordinates": [ 71.462562964586326, 51.11889404385213 ] } },
{ "type": "Feature", "properties": { "EdgeId": "70030076161378505", "MapClassId": 1780, "Side": 3, "SpeedLimit": null, "Type": null, "ZoneDistan": null, "Id": "70030076286583874" }, "geometry": { "type": "Point", "coordinates": [ 71.465684430535575, 51.118082221214955 ] } },
{ "type": "Feature", "properties": { "EdgeId": "70030076894621971", "MapClassId": 1780, "Side": 3, "SpeedLimit": null, "Type": null, "ZoneDistan": null, "Id": "70030076286589124" }, "geometry": { "type": "Point", "coordinates": [ 71.46460753017297, 51.117866871828554 ] } },
{ "type": "Feature", "properties": { "EdgeId": "70030076203707095", "MapClassId": 1780, "Side": 3, "SpeedLimit": null, "Type": null, "ZoneDistan": null, "Id": "70030076272385210" }, "geometry": { "type": "Point", "coordinates": [ 71.464597379210261, 51.133158411824638 ] } },
{ "type": "Feature", "properties": { "EdgeId": "70030076258454317", "MapClassId": 1780, "Side": 3, "SpeedLimit": null, "Type": null, "ZoneDistan": null, "Id": "70030076272386447" }, "geometry": { "type": "Point", "coordinates": [ 71.464562255082654, 51.13037176913037 ] } },
{ "type": "Feature", "properties": { "EdgeId": "70030076288665972", "MapClassId": 1780, "Side": 3, "SpeedLimit": null, "Type": null, "ZoneDistan": null, "Id": "70030076272382832" }, "geometry": { "type": "Point", "coordinates": [ 71.463574826922354, 51.131770889638375 ] } },
{ "type": "Feature", "properties": { "EdgeId": "70030076948055561", "MapClassId": 1780, "Side": 3, "SpeedLimit": null, "Type": null, "ZoneDistan": null, "Id": "70030076272385056" }, "geometry": { "type": "Point", "coordinates": [ 71.465218474397716, 51.133332990663085 ] } },
{ "type": "Feature", "properties": { "EdgeId": "70030076821387403", "MapClassId": 1780, "Side": 3, "SpeedLimit": null, "Type": null, "ZoneDistan": null, "Id": "70030076371493859" }, "geometry": { "type": "Point", "coordinates": [ 71.462623600867985, 51.133187949911516 ] } },
{ "type": "Feature", "properties": { "EdgeId": "70030077124128084", "MapClassId": 1780, "Side": 1, "SpeedLimit": null, "Type": null, "ZoneDistan": null, "Id": "70030076321613038" }, "geometry": { "type": "Point", "coordinates": [ 71.461856619278407, 51.134540988241355 ] } },
{ "type": "Feature", "properties": { "EdgeId": "70030077148814066", "MapClassId": 1780, "Side": 3, "SpeedLimit": null, "Type": null, "ZoneDistan": null, "Id": "70030076324087500" }, "geometry": { "type": "Point", "coordinates": [ 71.460501510672344, 51.132095084485421 ] } },
{ "type": "Feature", "properties": { "EdgeId": null, "MapClassId": 1780, "Side": 3, "SpeedLimit": null, "Type": null, "ZoneDistan": null, "Id": "70030076324087534" }, "geometry": { "type": "Point", "coordinates": [ 71.460223751586469, 51.132419615284419 ] } },
{ "type": "Feature", "properties": { "EdgeId": null, "MapClassId": 1780, "Side": 3, "SpeedLimit": null, "Type": null, "ZoneDistan": null, "Id": "70030076324087580" }, "geometry": { "type": "Point", "coordinates": [ 71.460410780828639, 51.132698539707079 ] } },
{ "type": "Feature", "properties": { "EdgeId": null, "MapClassId": 1780, "Side": 3, "SpeedLimit": null, "Type": null, "ZoneDistan": null, "Id": "70030076324087693" }, "geometry": { "type": "Point", "coordinates": [ 71.460608320359611, 51.132978533487034 ] } },
{ "type": "Feature", "properties": { "EdgeId": "70030076139092525", "MapClassId": 1780, "Side": 3, "SpeedLimit": null, "Type": null, "ZoneDistan": null, "Id": "70030076324089114" }, "geometry": { "type": "Point", "coordinates": [ 71.461222678182409, 51.134058131218204 ] } },
{ "type": "Feature", "properties": { "EdgeId": "70030077046442025", "MapClassId": 1780, "Side": 3, "SpeedLimit": null, "Type": null, "ZoneDistan": null, "Id": "70030076324089859" }, "geometry": { "type": "Point", "coordinates": [ 71.460541485702464, 51.131589089236726 ] } },
{ "type": "Feature", "properties": { "EdgeId": "70030076127099358", "MapClassId": 1780, "Side": 1, "SpeedLimit": null, "Type": null, "ZoneDistan": null, "Id": "70030076459658922" }, "geometry": { "type": "Point", "coordinates": [ 71.465210299728625, 51.134844194617742 ] } },
{ "type": "Feature", "properties": { "EdgeId": "70030077007330179", "MapClassId": 1780, "Side": 3, "SpeedLimit": null, "Type": null, "ZoneDistan": null, "Id": "70030076535424531" }, "geometry": { "type": "Point", "coordinates": [ 71.465826903339632, 51.125812593723715 ] } },
{ "type": "Feature", "properties": { "EdgeId": "70030076261392700", "MapClassId": 1780, "Side": 3, "SpeedLimit": null, "Type": null, "ZoneDistan": null, "Id": "70030076416423976" }, "geometry": { "type": "Point", "coordinates": [ 71.462871805380999, 51.132797132435691 ] } },
{ "type": "Feature", "properties": { "EdgeId": "70030076138925339", "MapClassId": 1780, "Side": 3, "SpeedLimit": null, "Type": null, "ZoneDistan": null, "Id": "70030076658590988" }, "geometry": { "type": "Point", "coordinates": [ 71.462918248281184, 51.119740304566847 ] } },
{ "type": "Feature", "properties": { "EdgeId": "70030076538999520", "MapClassId": 1780, "Side": 3, "SpeedLimit": null, "Type": null, "ZoneDistan": null, "Id": "70030076658594186" }, "geometry": { "type": "Point", "coordinates": [ 71.461422014343967, 51.11907330039746 ] } },
{ "type": "Feature", "properties": { "EdgeId": "9570866467722782", "MapClassId": 1780, "Side": 3, "SpeedLimit": null, "Type": null, "ZoneDistan": null, "Id": "70030076658607940" }, "geometry": { "type": "Point", "coordinates": [ 71.462992718618253, 51.11923242594586 ] } },
{ "type": "Feature", "properties": { "EdgeId": "9570866467722782", "MapClassId": 1780, "Side": 3, "SpeedLimit": null, "Type": null, "ZoneDistan": null, "Id": "70030076658608048" }, "geometry": { "type": "Point", "coordinates": [ 71.462948521506263, 51.119512896077772 ] } },
{ "type": "Feature", "properties": { "EdgeId": "70030076288665972", "MapClassId": 1780, "Side": 3, "SpeedLimit": null, "Type": null, "ZoneDistan": null, "Id": "70030076691476561" }, "geometry": { "type": "Point", "coordinates": [ 71.463146779689467, 51.132388329194164 ] } },
{ "type": "Feature", "properties": { "EdgeId": "70030076139075913", "MapClassId": 1781, "Side": 1, "SpeedLimit": null, "Type": null, "ZoneDistan": null, "Id": "70030076690776519" }, "geometry": { "type": "Point", "coordinates": [ 71.458019465542293, 51.128746878089856 ] } },
{ "type": "Feature", "properties": { "EdgeId": null, "MapClassId": 1781, "Side": 1, "SpeedLimit": null, "Type": null, "ZoneDistan": null, "Id": "70030076690770971" }, "geometry": { "type": "Point", "coordinates": [ 71.46979691790628, 51.127612921368545 ] } },
{ "type": "Feature", "properties": { "EdgeId": "70030077040340701", "MapClassId": 1781, "Side": 1, "SpeedLimit": null, "Type": null, "ZoneDistan": null, "Id": "70030076419407675" }, "geometry": { "type": "Point", "coordinates": [ 71.437903311721954, 51.124723049360853 ] } },
{ "type": "Feature", "properties": { "EdgeId": null, "MapClassId": 1781, "Side": 1, "SpeedLimit": null, "Type": null, "ZoneDistan": null, "Id": "70030076577526839" }, "geometry": { "type": "Point", "coordinates": [ 71.463026944430567, 51.128670319692738 ] } },
{ "type": "Feature", "properties": { "EdgeId": "70030076214836642", "MapClassId": 1781, "Side": 1, "SpeedLimit": null, "Type": null, "ZoneDistan": null, "Id": "70030076635573590" }, "geometry": { "type": "Point", "coordinates": [ 71.466429942389865, 51.13703117862466 ] } },
{ "type": "Feature", "properties": { "EdgeId": "70030076302753936", "MapClassId": 1781, "Side": 2, "SpeedLimit": null, "Type": null, "ZoneDistan": null, "Id": "70030076440881536" }, "geometry": { "type": "Point", "coordinates": [ 71.439625112627041, 51.121624938238 ] } },
{ "type": "Feature", "properties": { "EdgeId": "70030076167655986", "MapClassId": 1781, "Side": 1, "SpeedLimit": null, "Type": null, "ZoneDistan": null, "Id": "70030076320969605" }, "geometry": { "type": "Point", "coordinates": [ 71.456188698993273, 51.129733613140978 ] } },
{ "type": "Feature", "properties": { "EdgeId": null, "MapClassId": 1781, "Side": 2, "SpeedLimit": null, "Type": null, "ZoneDistan": null, "Id": "70030076281981021" }, "geometry": { "type": "Point", "coordinates": [ 71.438654123636425, 51.127337799900175 ] } },
{ "type": "Feature", "properties": { "EdgeId": "9570866467724677", "MapClassId": 1781, "Side": 2, "SpeedLimit": null, "Type": null, "ZoneDistan": null, "Id": "70030076170559802" }, "geometry": { "type": "Point", "coordinates": [ 71.440185751195841, 51.130991144076951 ] } },
{ "type": "Feature", "properties": { "EdgeId": "70030076169457157", "MapClassId": 1781, "Side": 2, "SpeedLimit": null, "Type": null, "ZoneDistan": null, "Id": "70030076127153741" }, "geometry": { "type": "Point", "coordinates": [ 71.468621113030906, 51.124795442135273 ] } },
{ "type": "Feature", "properties": { "EdgeId": "70030076169525676", "MapClassId": 1781, "Side": 1, "SpeedLimit": null, "Type": null, "ZoneDistan": null, "Id": "70030076127153520" }, "geometry": { "type": "Point", "coordinates": [ 71.458167867227246, 51.12931796139263 ] } },
{ "type": "Feature", "properties": { "EdgeId": "9570866467723568", "MapClassId": 1781, "Side": 1, "SpeedLimit": null, "Type": null, "ZoneDistan": null, "Id": "70030076127145584" }, "geometry": { "type": "Point", "coordinates": [ 71.469214899433695, 51.1251851997255 ] } },
{ "type": "Feature", "properties": { "EdgeId": "70030076169449744", "MapClassId": 1781, "Side": 2, "SpeedLimit": null, "Type": null, "ZoneDistan": null, "Id": "70030076127100115" }, "geometry": { "type": "Point", "coordinates": [ 71.467022111825159, 51.136558042640345 ] } },
{ "type": "Feature", "properties": { "EdgeId": "70030076169585767", "MapClassId": 1781, "Side": 2, "SpeedLimit": null, "Type": null, "ZoneDistan": null, "Id": "70030076127094696" }, "geometry": { "type": "Point", "coordinates": [ 71.464458050509705, 51.128599455142819 ] } },
{ "type": "Feature", "properties": { "EdgeId": "9570866467722614", "MapClassId": 1781, "Side": 1, "SpeedLimit": null, "Type": null, "ZoneDistan": null, "Id": "70030076126904978" }, "geometry": { "type": "Point", "coordinates": [ 71.453661109278329, 51.11923986908355 ] } },
{ "type": "Feature", "properties": { "EdgeId": "9570866467722775", "MapClassId": 1781, "Side": 1, "SpeedLimit": null, "Type": null, "ZoneDistan": null, "Id": "70030076127014786" }, "geometry": { "type": "Point", "coordinates": [ 71.454139102841012, 51.119579996641001 ] } },
{ "type": "Feature", "properties": { "EdgeId": "9570866467722410", "MapClassId": 1781, "Side": 1, "SpeedLimit": null, "Type": null, "ZoneDistan": null, "Id": "70030076127015924" }, "geometry": { "type": "Point", "coordinates": [ 71.465406851112789, 51.117420944849108 ] } },
{ "type": "Feature", "properties": { "EdgeId": "70030076993308225", "MapClassId": 1781, "Side": 1, "SpeedLimit": null, "Type": null, "ZoneDistan": null, "Id": "70030076126758478" }, "geometry": { "type": "Point", "coordinates": [ 71.43933127369759, 51.129564150801997 ] } },
{ "type": "Feature", "properties": { "EdgeId": "9570866467725336", "MapClassId": 1781, "Side": 1, "SpeedLimit": null, "Type": null, "ZoneDistan": null, "Id": "9571300303691389" }, "geometry": { "type": "Point", "coordinates": [ 71.460973395691056, 51.134859977754402 ] } },
{ "type": "Feature", "properties": { "EdgeId": "9570866467722605", "MapClassId": 1781, "Side": 2, "SpeedLimit": null, "Type": null, "ZoneDistan": null, "Id": "9571300292066853" }, "geometry": { "type": "Point", "coordinates": [ 71.454347871313061, 51.119321969068061 ] } },
{ "type": "Feature", "properties": { "EdgeId": "9570866467725026", "MapClassId": 1781, "Side": 1, "SpeedLimit": null, "Type": null, "ZoneDistan": null, "Id": "70030077059672271" }, "geometry": { "type": "Point", "coordinates": [ 71.469989247208616, 51.132142944043132 ] } },
{ "type": "Feature", "properties": { "EdgeId": "70030076167053455", "MapClassId": 1781, "Side": 2, "SpeedLimit": null, "Type": null, "ZoneDistan": null, "Id": "70030077059674558" }, "geometry": { "type": "Point", "coordinates": [ 71.459480036362748, 51.129368304330271 ] } },
{ "type": "Feature", "properties": { "EdgeId": "9570866467725233", "MapClassId": 1781, "Side": 1, "SpeedLimit": null, "Type": null, "ZoneDistan": null, "Id": "70030077042459946" }, "geometry": { "type": "Point", "coordinates": [ 71.460565830046662, 51.134385523036038 ] } },
{ "type": "Feature", "properties": { "EdgeId": "9570866467722548", "MapClassId": 1781, "Side": 1, "SpeedLimit": null, "Type": null, "ZoneDistan": null, "Id": "70030077068951442" }, "geometry": { "type": "Point", "coordinates": [ 71.466276959296991, 51.117830106135195 ] } },
{ "type": "Feature", "properties": { "EdgeId": "70030076993203069", "MapClassId": 1781, "Side": 1, "SpeedLimit": null, "Type": null, "ZoneDistan": null, "Id": "70030076993490990" }, "geometry": { "type": "Point", "coordinates": [ 71.439297317379854, 51.128959076106 ] } },
{ "type": "Feature", "properties": { "EdgeId": "70030076993771568", "MapClassId": 1781, "Side": 1, "SpeedLimit": null, "Type": null, "ZoneDistan": null, "Id": "70030077011542199" }, "geometry": { "type": "Point", "coordinates": [ 71.439816813108649, 51.129333971918513 ] } },
{ "type": "Feature", "properties": { "EdgeId": "70030077030115100", "MapClassId": 1781, "Side": 1, "SpeedLimit": null, "Type": null, "ZoneDistan": null, "Id": "70030077037760239" }, "geometry": { "type": "Point", "coordinates": [ 71.437457298183389, 51.124320376577721 ] } },
{ "type": "Feature", "properties": { "EdgeId": "9570866467722831", "MapClassId": 1781, "Side": 1, "SpeedLimit": null, "Type": null, "ZoneDistan": null, "Id": "70030077026392994" }, "geometry": { "type": "Point", "coordinates": [ 71.458395679983283, 51.120658836266159 ] } },
{ "type": "Feature", "properties": { "EdgeId": "70030076201799766", "MapClassId": 1781, "Side": 1, "SpeedLimit": null, "Type": null, "ZoneDistan": null, "Id": "70030077024527686" }, "geometry": { "type": "Point", "coordinates": [ 71.456697953927844, 51.120659625665532 ] } },
{ "type": "Feature", "properties": { "EdgeId": "70030076650243990", "MapClassId": 1781, "Side": 1, "SpeedLimit": null, "Type": null, "ZoneDistan": null, "Id": "70030076923766492" }, "geometry": { "type": "Point", "coordinates": [ 71.466611491908793, 51.120081612553953 ] } },
{ "type": "Feature", "properties": { "EdgeId": "70030076203808053", "MapClassId": 1781, "Side": 1, "SpeedLimit": null, "Type": null, "ZoneDistan": null, "Id": "70030076930669589" }, "geometry": { "type": "Point", "coordinates": [ 71.470599562612648, 51.128353204214683 ] } },
{ "type": "Feature", "properties": { "EdgeId": "9570866467723033", "MapClassId": 1781, "Side": 1, "SpeedLimit": null, "Type": null, "ZoneDistan": null, "Id": "70030076932286926" }, "geometry": { "type": "Point", "coordinates": [ 71.467355835953214, 51.120561852811576 ] } },
{ "type": "Feature", "properties": { "EdgeId": "9570866467723889", "MapClassId": 1781, "Side": 2, "SpeedLimit": null, "Type": null, "ZoneDistan": null, "Id": "70030076932284236" }, "geometry": { "type": "Point", "coordinates": [ 71.470036947750202, 51.126341091005422 ] } },
{ "type": "Feature", "properties": { "EdgeId": "70030076169449869", "MapClassId": 1781, "Side": 1, "SpeedLimit": null, "Type": null, "ZoneDistan": null, "Id": "70030076932359346" }, "geometry": { "type": "Point", "coordinates": [ 71.466405777708729, 51.136638702691698 ] } },
{ "type": "Feature", "properties": { "EdgeId": "9570866467724643", "MapClassId": 1781, "Side": 2, "SpeedLimit": null, "Type": null, "ZoneDistan": null, "Id": "70030077132187008" }, "geometry": { "type": "Point", "coordinates": [ 71.471113039629046, 51.130940577415842 ] } },
{ "type": "Feature", "properties": { "EdgeId": "70030076139043244", "MapClassId": 1781, "Side": 1, "SpeedLimit": null, "Type": null, "ZoneDistan": null, "Id": "70030077093775307" }, "geometry": { "type": "Point", "coordinates": [ 71.468949267604188, 51.127750030472029 ] } },
{ "type": "Feature", "properties": { "EdgeId": "70030076139093989", "MapClassId": 1781, "Side": 1, "SpeedLimit": null, "Type": null, "ZoneDistan": null, "Id": "70030077093760698" }, "geometry": { "type": "Point", "coordinates": [ 71.46588924642036, 51.136496603373196 ] } },
{ "type": "Feature", "properties": { "EdgeId": "70030076161357104", "MapClassId": 1781, "Side": 1, "SpeedLimit": null, "Type": null, "ZoneDistan": null, "Id": "70030077097227519" }, "geometry": { "type": "Point", "coordinates": [ 71.466985370730043, 51.120055900359894 ] } },
{ "type": "Feature", "properties": { "EdgeId": "70030076993298702", "MapClassId": 1781, "Side": 1, "SpeedLimit": null, "Type": null, "ZoneDistan": null, "Id": "70030077101085624" }, "geometry": { "type": "Point", "coordinates": [ 71.438217272913747, 51.126756431275808 ] } },
{ "type": "Feature", "properties": { "EdgeId": "9570866467722661", "MapClassId": 1859, "Side": 2, "SpeedLimit": null, "Type": null, "ZoneDistan": null, "Id": "70030076500276504" }, "geometry": { "type": "Point", "coordinates": [ 71.456708554048177, 51.119645518273401 ] } },
{ "type": "Feature", "properties": { "EdgeId": null, "MapClassId": 2762, "Side": 1, "SpeedLimit": null, "Type": null, "ZoneDistan": null, "Id": "70030076691977608" }, "geometry": { "type": "Point", "coordinates": [ 71.454277443394773, 51.119694236535381 ] } },
{ "type": "Feature", "properties": { "EdgeId": "70030076201799766", "MapClassId": 2762, "Side": 1, "SpeedLimit": null, "Type": null, "ZoneDistan": null, "Id": "70030076691977609" }, "geometry": { "type": "Point", "coordinates": [ 71.455681510183851, 51.120559315451004 ] } },
{ "type": "Feature", "properties": { "EdgeId": "70030076299506726", "MapClassId": 2762, "Side": 1, "SpeedLimit": null, "Type": null, "ZoneDistan": null, "Id": "70030076691977610" }, "geometry": { "type": "Point", "coordinates": [ 71.458969883112914, 51.120534392924348 ] } },
{ "type": "Feature", "properties": { "EdgeId": "70030076658590047", "MapClassId": 2762, "Side": 1, "SpeedLimit": null, "Type": null, "ZoneDistan": null, "Id": "70030076691977611" }, "geometry": { "type": "Point", "coordinates": [ 71.460571669096012, 51.120440961522633 ] } },
{ "type": "Feature", "properties": { "EdgeId": "70030076151021754", "MapClassId": 2762, "Side": 1, "SpeedLimit": null, "Type": null, "ZoneDistan": null, "Id": "70030076691977612" }, "geometry": { "type": "Point", "coordinates": [ 71.462892376801008, 51.120301969980915 ] } },
{ "type": "Feature", "properties": { "EdgeId": "70030076139075770", "MapClassId": 2762, "Side": 1, "SpeedLimit": null, "Type": null, "ZoneDistan": null, "Id": "70030076690776512" }, "geometry": { "type": "Point", "coordinates": [ 71.461087841058259, 51.126871837363581 ] } },
{ "type": "Feature", "properties": { "EdgeId": null, "MapClassId": 2762, "Side": 1, "SpeedLimit": null, "Type": null, "ZoneDistan": null, "Id": "70030076419943010" }, "geometry": { "type": "Point", "coordinates": [ 71.469675735174434, 51.126803619828216 ] } },
{ "type": "Feature", "properties": { "EdgeId": "70030076169457276", "MapClassId": 2762, "Side": 1, "SpeedLimit": null, "Type": null, "ZoneDistan": null, "Id": "70030076320979661" }, "geometry": { "type": "Point", "coordinates": [ 71.468398151177382, 51.124956972332676 ] } },
{ "type": "Feature", "properties": { "EdgeId": "70030076169449858", "MapClassId": 2762, "Side": 1, "SpeedLimit": null, "Type": null, "ZoneDistan": null, "Id": "9571300303690821" }, "geometry": { "type": "Point", "coordinates": [ 71.466134037335294, 51.136675058853278 ] } },
{ "type": "Feature", "properties": { "EdgeId": "70030076258466158", "MapClassId": 2762, "Side": 1, "SpeedLimit": null, "Type": null, "ZoneDistan": null, "Id": "9571300303694554" }, "geometry": { "type": "Point", "coordinates": [ 71.461523074813428, 51.13505828113324 ] } },
{ "type": "Feature", "properties": { "EdgeId": "70030076169525687", "MapClassId": 2762, "Side": 2, "SpeedLimit": null, "Type": null, "ZoneDistan": null, "Id": "70030076136680423" }, "geometry": { "type": "Point", "coordinates": [ 71.458015692618105, 51.12934316105585 ] } },
{ "type": "Feature", "properties": { "EdgeId": "9570866467723957", "MapClassId": 2762, "Side": 2, "SpeedLimit": null, "Type": null, "ZoneDistan": null, "Id": "70030076898095226" }, "geometry": { "type": "Point", "coordinates": [ 71.458476708021919, 51.127663322541885 ] } },
{ "type": "Feature", "properties": { "EdgeId": "70030076214836703", "MapClassId": 2762, "Side": 2, "SpeedLimit": null, "Type": null, "ZoneDistan": null, "Id": "70030077132197738" }, "geometry": { "type": "Point", "coordinates": [ 71.466690363990722, 51.137001755727702 ] } },
{ "type": "Feature", "properties": { "EdgeId": "9570866467723568", "MapClassId": 2763, "Side": 1, "SpeedLimit": null, "Type": null, "ZoneDistan": null, "Id": "70030077120094021" }, "geometry": { "type": "Point", "coordinates": [ 71.469114737279511, 51.124960016875477 ] } },
{ "type": "Feature", "properties": { "EdgeId": "9570866467723568", "MapClassId": 2763, "Side": 1, "SpeedLimit": null, "Type": null, "ZoneDistan": null, "Id": "70030077120094022" }, "geometry": { "type": "Point", "coordinates": [ 71.469112671154363, 51.12495528091992 ] } },
{ "type": "Feature", "properties": { "EdgeId": "9570866467722614", "MapClassId": 2763, "Side": 1, "SpeedLimit": null, "Type": null, "ZoneDistan": null, "Id": "70030077122403423" }, "geometry": { "type": "Point", "coordinates": [ 71.453490070048232, 51.119265187020154 ] } },
{ "type": "Feature", "properties": { "EdgeId": "70030076161357104", "MapClassId": 2763, "Side": 1, "SpeedLimit": null, "Type": null, "ZoneDistan": null, "Id": "70030076739444337" }, "geometry": { "type": "Point", "coordinates": [ 71.466987975844361, 51.120058437748114 ] } },
{ "type": "Feature", "properties": { "EdgeId": "70030076161357104", "MapClassId": 2763, "Side": 1, "SpeedLimit": null, "Type": null, "ZoneDistan": null, "Id": "70030076739444356" }, "geometry": { "type": "Point", "coordinates": [ 71.467034778070669, 51.120050769196666 ] } },
{ "type": "Feature", "properties": { "EdgeId": "9570866467722775", "MapClassId": 2763, "Side": 1, "SpeedLimit": null, "Type": null, "ZoneDistan": null, "Id": "70030076898099413" }, "geometry": { "type": "Point", "coordinates": [ 71.454209171433178, 51.119682113361563 ] } },
{ "type": "Feature", "properties": { "EdgeId": "9570866467722548", "MapClassId": 2763, "Side": 1, "SpeedLimit": null, "Type": null, "ZoneDistan": null, "Id": "70030076932286917" }, "geometry": { "type": "Point", "coordinates": [ 71.466223689200646, 51.11769386981387 ] } },
{ "type": "Feature", "properties": { "EdgeId": "9570866467722548", "MapClassId": 2763, "Side": 1, "SpeedLimit": null, "Type": null, "ZoneDistan": null, "Id": "70030076932286918" }, "geometry": { "type": "Point", "coordinates": [ 71.466208417840818, 51.117654679241411 ] } },
{ "type": "Feature", "properties": { "EdgeId": "9570866467723768", "MapClassId": 2763, "Side": 2, "SpeedLimit": null, "Type": null, "ZoneDistan": null, "Id": "70030077068949675" }, "geometry": { "type": "Point", "coordinates": [ 71.46429689274774, 51.125924224760624 ] } },
{ "type": "Feature", "properties": { "EdgeId": "70030076139046481", "MapClassId": 2763, "Side": 1, "SpeedLimit": null, "Type": null, "ZoneDistan": null, "Id": "70030077069002785" }, "geometry": { "type": "Point", "coordinates": [ 71.464912598043469, 51.125869987896593 ] } },
{ "type": "Feature", "properties": { "EdgeId": "70030076993203069", "MapClassId": 2763, "Side": 1, "SpeedLimit": null, "Type": null, "ZoneDistan": null, "Id": "70030076162491796" }, "geometry": { "type": "Point", "coordinates": [ 71.439366577488258, 51.12913321981754 ] } },
{ "type": "Feature", "properties": { "EdgeId": "9570866467722605", "MapClassId": 2763, "Side": 2, "SpeedLimit": null, "Type": null, "ZoneDistan": null, "Id": "70030076155944181" }, "geometry": { "type": "Point", "coordinates": [ 71.454214740987936, 51.119342832365056 ] } },
{ "type": "Feature", "properties": { "EdgeId": "9570866467722605", "MapClassId": 2763, "Side": 2, "SpeedLimit": null, "Type": null, "ZoneDistan": null, "Id": "70030076155944189" }, "geometry": { "type": "Point", "coordinates": [ 71.454214291830297, 51.119342888752335 ] } },
{ "type": "Feature", "properties": { "EdgeId": "9570866467738062", "MapClassId": 2763, "Side": 1, "SpeedLimit": null, "Type": null, "ZoneDistan": null, "Id": "70030076190923140" }, "geometry": { "type": "Point", "coordinates": [ 71.460849877339513, 51.134459366255392 ] } },
{ "type": "Feature", "properties": { "EdgeId": "70030076167053455", "MapClassId": 2763, "Side": 2, "SpeedLimit": null, "Type": null, "ZoneDistan": null, "Id": "70030076217370160" }, "geometry": { "type": "Point", "coordinates": [ 71.458673259406083, 51.129492385625383 ] } },
{ "type": "Feature", "properties": { "EdgeId": "70030076167053455", "MapClassId": 2763, "Side": 2, "SpeedLimit": null, "Type": null, "ZoneDistan": null, "Id": "70030076217370175" }, "geometry": { "type": "Point", "coordinates": [ 71.458731829562609, 51.129483365642422 ] } },
{ "type": "Feature", "properties": { "EdgeId": "70030077069151542", "MapClassId": 2763, "Side": 1, "SpeedLimit": null, "Type": null, "ZoneDistan": null, "Id": "70030076506528300" }, "geometry": { "type": "Point", "coordinates": [ 71.461596736666735, 51.128894413317532 ] } },
{ "type": "Feature", "properties": { "EdgeId": "70030076697317105", "MapClassId": 2763, "Side": 2, "SpeedLimit": null, "Type": null, "ZoneDistan": null, "Id": "70030076416425630" }, "geometry": { "type": "Point", "coordinates": [ 71.459622688829867, 51.132395375612731 ] } },
{ "type": "Feature", "properties": { "EdgeId": "70030076139537825", "MapClassId": 2763, "Side": 1, "SpeedLimit": null, "Type": null, "ZoneDistan": null, "Id": "70030076416425631" }, "geometry": { "type": "Point", "coordinates": [ 71.461587753513882, 51.13471584369529 ] } },
{ "type": "Feature", "properties": { "EdgeId": "70030076884749012", "MapClassId": 2763, "Side": 2, "SpeedLimit": null, "Type": null, "ZoneDistan": null, "Id": "70030076416423979" }, "geometry": { "type": "Point", "coordinates": [ 71.461772447136298, 51.134461282795371 ] } },
{ "type": "Feature", "properties": { "EdgeId": "70030076658573334", "MapClassId": 2763, "Side": 1, "SpeedLimit": null, "Type": null, "ZoneDistan": null, "Id": "70030076691977614" }, "geometry": { "type": "Point", "coordinates": [ 71.455567513974302, 51.120405100053311 ] } },
{ "type": "Feature", "properties": { "EdgeId": "70030076698948804", "MapClassId": 2764, "Side": 1, "SpeedLimit": null, "Type": null, "ZoneDistan": null, "Id": "70030076692422883" }, "geometry": { "type": "Point", "coordinates": [ 71.457588364037463, 51.129718391998239 ] } },
{ "type": "Feature", "properties": { "EdgeId": "9570866467724820", "MapClassId": 2764, "Side": 1, "SpeedLimit": null, "Type": null, "ZoneDistan": null, "Id": "70030076691452271" }, "geometry": { "type": "Point", "coordinates": [ 71.459447337686413, 51.132250219173081 ] } },
{ "type": "Feature", "properties": { "EdgeId": "9570866467725265", "MapClassId": 2764, "Side": 2, "SpeedLimit": null, "Type": null, "ZoneDistan": null, "Id": "70030076691489649" }, "geometry": { "type": "Point", "coordinates": [ 71.468946752321372, 51.134115346036943 ] } },
{ "type": "Feature", "properties": { "EdgeId": "9570866467723057", "MapClassId": 2764, "Side": 1, "SpeedLimit": null, "Type": null, "ZoneDistan": null, "Id": "70030076419407872" }, "geometry": { "type": "Point", "coordinates": [ 71.437654747882846, 51.122090051563369 ] } },
{ "type": "Feature", "properties": { "EdgeId": "9570866467722524", "MapClassId": 2764, "Side": 2, "SpeedLimit": null, "Type": null, "ZoneDistan": null, "Id": "70030076608742910" }, "geometry": { "type": "Point", "coordinates": [ 71.456461966502687, 51.118708753090317 ] } },
{ "type": "Feature", "properties": { "EdgeId": "9570866467722420", "MapClassId": 2764, "Side": 2, "SpeedLimit": null, "Type": null, "ZoneDistan": null, "Id": "70030076608742911" }, "geometry": { "type": "Point", "coordinates": [ 71.463372077162731, 51.117645487778603 ] } },
{ "type": "Feature", "properties": { "EdgeId": "70030076194002364", "MapClassId": 2764, "Side": 1, "SpeedLimit": null, "Type": null, "ZoneDistan": null, "Id": "70030076292905372" }, "geometry": { "type": "Point", "coordinates": [ 71.467121465495595, 51.136000069635081 ] } },
{ "type": "Feature", "properties": { "EdgeId": "9570866467736655", "MapClassId": 2764, "Side": 2, "SpeedLimit": null, "Type": null, "ZoneDistan": null, "Id": "70030076330359624" }, "geometry": { "type": "Point", "coordinates": [ 71.46878667253776, 51.124753776837373 ] } },
{ "type": "Feature", "properties": { "EdgeId": "9570866467722775", "MapClassId": 2764, "Side": 1, "SpeedLimit": null, "Type": null, "ZoneDistan": null, "Id": "70030076330359914" }, "geometry": { "type": "Point", "coordinates": [ 71.454215549471712, 51.119691417192918 ] } },
{ "type": "Feature", "properties": { "EdgeId": "70030076139075913", "MapClassId": 2764, "Side": 1, "SpeedLimit": null, "Type": null, "ZoneDistan": null, "Id": "70030076320979663" }, "geometry": { "type": "Point", "coordinates": [ 71.458028718189723, 51.128882630811901 ] } },
{ "type": "Feature", "properties": { "EdgeId": "70030076986931432", "MapClassId": 2764, "Side": 1, "SpeedLimit": null, "Type": null, "ZoneDistan": null, "Id": "70030076276813657" }, "geometry": { "type": "Point", "coordinates": [ 71.43755772983215, 51.122060844681833 ] } },
{ "type": "Feature", "properties": { "EdgeId": "9570866500373376", "MapClassId": 2764, "Side": 1, "SpeedLimit": null, "Type": null, "ZoneDistan": null, "Id": "70030076287196921" }, "geometry": { "type": "Point", "coordinates": [ 71.439964765635949, 51.131046671506134 ] } },
{ "type": "Feature", "properties": { "EdgeId": "70030076139043237", "MapClassId": 2764, "Side": 2, "SpeedLimit": null, "Type": null, "ZoneDistan": null, "Id": "70030076246078845" }, "geometry": { "type": "Point", "coordinates": [ 71.468707620792756, 51.127729340102967 ] } },
{ "type": "Feature", "properties": { "EdgeId": "70030077011884991", "MapClassId": 2764, "Side": 1, "SpeedLimit": null, "Type": null, "ZoneDistan": null, "Id": "70030076215132686" }, "geometry": { "type": "Point", "coordinates": [ 71.461667613742634, 51.128818813552073 ] } },
{ "type": "Feature", "properties": { "EdgeId": "70030077107030696", "MapClassId": 2764, "Side": 1, "SpeedLimit": null, "Type": null, "ZoneDistan": null, "Id": "70030076216339370" }, "geometry": { "type": "Point", "coordinates": [ 71.468120931080691, 51.122978428117811 ] } },
{ "type": "Feature", "properties": { "EdgeId": "70030077124172671", "MapClassId": 2764, "Side": 1, "SpeedLimit": null, "Type": null, "ZoneDistan": null, "Id": "70030076214162566" }, "geometry": { "type": "Point", "coordinates": [ 71.439659607933947, 51.124329115663073 ] } },
{ "type": "Feature", "properties": { "EdgeId": "70030077124129103", "MapClassId": 2764, "Side": 2, "SpeedLimit": null, "Type": null, "ZoneDistan": null, "Id": "70030076216410422" }, "geometry": { "type": "Point", "coordinates": [ 71.467497769768102, 51.136143072350052 ] } },
{ "type": "Feature", "properties": { "EdgeId": "70030076216400695", "MapClassId": 2764, "Side": 2, "SpeedLimit": null, "Type": null, "ZoneDistan": null, "Id": "70030076216410532" }, "geometry": { "type": "Point", "coordinates": [ 71.468625874101889, 51.134549499918045 ] } },
{ "type": "Feature", "properties": { "EdgeId": "70030076216400717", "MapClassId": 2764, "Side": 2, "SpeedLimit": null, "Type": null, "ZoneDistan": null, "Id": "70030076216410552" }, "geometry": { "type": "Point", "coordinates": [ 71.468430310864548, 51.134808344330118 ] } },
{ "type": "Feature", "properties": { "EdgeId": "70030076139093980", "MapClassId": 2764, "Side": 2, "SpeedLimit": null, "Type": null, "ZoneDistan": null, "Id": "70030076158630042" }, "geometry": { "type": "Point", "coordinates": [ 71.465565224097375, 51.136283650858502 ] } },
{ "type": "Feature", "properties": { "EdgeId": "70030076158136803", "MapClassId": 2764, "Side": 2, "SpeedLimit": null, "Type": null, "ZoneDistan": null, "Id": "70030076158136842" }, "geometry": { "type": "Point", "coordinates": [ 71.461640125294949, 51.135369319225696 ] } },
{ "type": "Feature", "properties": { "EdgeId": "9570866467722805", "MapClassId": 2764, "Side": 2, "SpeedLimit": null, "Type": null, "ZoneDistan": null, "Id": "70030076156420654" }, "geometry": { "type": "Point", "coordinates": [ 71.466013752918727, 51.120299319833869 ] } },
{ "type": "Feature", "properties": { "EdgeId": "70030076145757252", "MapClassId": 2764, "Side": 1, "SpeedLimit": null, "Type": null, "ZoneDistan": null, "Id": "70030076156420667" }, "geometry": { "type": "Point", "coordinates": [ 71.464666459655618, 51.120377470914875 ] } },
{ "type": "Feature", "properties": { "EdgeId": "9570866467722820", "MapClassId": 2764, "Side": 2, "SpeedLimit": null, "Type": null, "ZoneDistan": null, "Id": "70030076156420688" }, "geometry": { "type": "Point", "coordinates": [ 71.464014103096275, 51.120426752264521 ] } },
{ "type": "Feature", "properties": { "EdgeId": "9570866467735564", "MapClassId": 2764, "Side": 2, "SpeedLimit": null, "Type": null, "ZoneDistan": null, "Id": "70030076156420730" }, "geometry": { "type": "Point", "coordinates": [ 71.459657543462896, 51.120682856555433 ] } },
{ "type": "Feature", "properties": { "EdgeId": "70030077150674363", "MapClassId": 2764, "Side": 2, "SpeedLimit": null, "Type": null, "ZoneDistan": null, "Id": "70030076155943946" }, "geometry": { "type": "Point", "coordinates": [ 71.456737300137263, 51.119050350636357 ] } },
{ "type": "Feature", "properties": { "EdgeId": "70030077150674317", "MapClassId": 2764, "Side": 1, "SpeedLimit": null, "Type": null, "ZoneDistan": null, "Id": "70030076155943967" }, "geometry": { "type": "Point", "coordinates": [ 71.456513619631522, 51.119096757635354 ] } },
{ "type": "Feature", "properties": { "EdgeId": "70030077124129098", "MapClassId": 2764, "Side": 1, "SpeedLimit": null, "Type": null, "ZoneDistan": null, "Id": "70030076160691890" }, "geometry": { "type": "Point", "coordinates": [ 71.467298703101136, 51.135452686999173 ] } },
{ "type": "Feature", "properties": { "EdgeId": "70030077068782135", "MapClassId": 2764, "Side": 1, "SpeedLimit": null, "Type": null, "ZoneDistan": null, "Id": "70030076160735605" }, "geometry": { "type": "Point", "coordinates": [ 71.465364360799853, 51.128257815452919 ] } },
{ "type": "Feature", "properties": { "EdgeId": "70030077124129096", "MapClassId": 2764, "Side": 1, "SpeedLimit": null, "Type": null, "ZoneDistan": null, "Id": "70030076161278978" }, "geometry": { "type": "Point", "coordinates": [ 71.467736631802154, 51.13496098970132 ] } },
{ "type": "Feature", "properties": { "EdgeId": "70030076161279530", "MapClassId": 2764, "Side": 2, "SpeedLimit": null, "Type": null, "ZoneDistan": null, "Id": "70030076161279621" }, "geometry": { "type": "Point", "coordinates": [ 71.466240757191045, 51.128387368226839 ] } },
{ "type": "Feature", "properties": { "EdgeId": "70030076894619937", "MapClassId": 2764, "Side": 2, "SpeedLimit": null, "Type": null, "ZoneDistan": null, "Id": "70030076168360029" }, "geometry": { "type": "Point", "coordinates": [ 71.466580500031498, 51.119332682654175 ] } },
{ "type": "Feature", "properties": { "EdgeId": "70030076892892315", "MapClassId": 2764, "Side": 2, "SpeedLimit": null, "Type": null, "ZoneDistan": null, "Id": "70030076127094565" }, "geometry": { "type": "Point", "coordinates": [ 71.468337425064163, 51.128137846328599 ] } },
{ "type": "Feature", "properties": { "EdgeId": "9570866467725025", "MapClassId": 2764, "Side": 2, "SpeedLimit": null, "Type": null, "ZoneDistan": null, "Id": "70030076127097877" }, "geometry": { "type": "Point", "coordinates": [ 71.469087159000296, 51.133116472218475 ] } },
{ "type": "Feature", "properties": { "EdgeId": "9570866467725294", "MapClassId": 2764, "Side": 2, "SpeedLimit": null, "Type": null, "ZoneDistan": null, "Id": "70030076149662805" }, "geometry": { "type": "Point", "coordinates": [ 71.461444831552171, 51.134899999255332 ] } },
{ "type": "Feature", "properties": { "EdgeId": "70030076139094288", "MapClassId": 2764, "Side": 1, "SpeedLimit": null, "Type": null, "ZoneDistan": null, "Id": "70030076149662851" }, "geometry": { "type": "Point", "coordinates": [ 71.463015086668818, 51.135578104765614 ] } },
{ "type": "Feature", "properties": { "EdgeId": "70030076139093938", "MapClassId": 2764, "Side": 2, "SpeedLimit": null, "Type": null, "ZoneDistan": null, "Id": "70030076149662866" }, "geometry": { "type": "Point", "coordinates": [ 71.463673012782905, 51.135773755801054 ] } },
{ "type": "Feature", "properties": { "EdgeId": "70030076139093521", "MapClassId": 2764, "Side": 2, "SpeedLimit": null, "Type": null, "ZoneDistan": null, "Id": "70030076139253446" }, "geometry": { "type": "Point", "coordinates": [ 71.46238285237186, 51.135368868283976 ] } },
{ "type": "Feature", "properties": { "EdgeId": "70030076139093970", "MapClassId": 2764, "Side": 2, "SpeedLimit": null, "Type": null, "ZoneDistan": null, "Id": "70030076139253612" }, "geometry": { "type": "Point", "coordinates": [ 71.464517788476101, 51.13600271888135 ] } },
{ "type": "Feature", "properties": { "EdgeId": "70030077150673564", "MapClassId": 2764, "Side": 1, "SpeedLimit": null, "Type": null, "ZoneDistan": null, "Id": "70030076151014122" }, "geometry": { "type": "Point", "coordinates": [ 71.462426420663135, 51.120291989639121 ] } },
{ "type": "Feature", "properties": { "EdgeId": "70030076198109361", "MapClassId": 2764, "Side": 2, "SpeedLimit": null, "Type": null, "ZoneDistan": null, "Id": "70030076152313986" }, "geometry": { "type": "Point", "coordinates": [ 71.466333463328354, 51.118667533407134 ] } },
{ "type": "Feature", "properties": { "EdgeId": "9570866467722590", "MapClassId": 2764, "Side": 2, "SpeedLimit": null, "Type": null, "ZoneDistan": null, "Id": "70030076152314360" }, "geometry": { "type": "Point", "coordinates": [ 71.46085984863916, 51.118359822517242 ] } },
{ "type": "Feature", "properties": { "EdgeId": "70030076479889977", "MapClassId": 2764, "Side": 1, "SpeedLimit": null, "Type": null, "ZoneDistan": null, "Id": "70030077084710638" }, "geometry": { "type": "Point", "coordinates": [ 71.438155019664563, 51.121685889832641 ] } },
{ "type": "Feature", "properties": { "EdgeId": "70030076979282394", "MapClassId": 2764, "Side": 2, "SpeedLimit": null, "Type": null, "ZoneDistan": null, "Id": "70030077084711910" }, "geometry": { "type": "Point", "coordinates": [ 71.454095354886675, 51.119131999857402 ] } },
{ "type": "Feature", "properties": { "EdgeId": "9570866467736527", "MapClassId": 2764, "Side": 2, "SpeedLimit": null, "Type": null, "ZoneDistan": null, "Id": "70030076898094456" }, "geometry": { "type": "Point", "coordinates": [ 71.442657465700094, 51.131747156975393 ] } },
{ "type": "Feature", "properties": { "EdgeId": "9570866467738595", "MapClassId": 2764, "Side": 1, "SpeedLimit": null, "Type": null, "ZoneDistan": null, "Id": "70030077122434915" }, "geometry": { "type": "Point", "coordinates": [ 71.455550535815419, 51.118945864233503 ] } },
{ "type": "Feature", "properties": { "EdgeId": "70030076697317105", "MapClassId": 2765, "Side": 2, "SpeedLimit": null, "Type": null, "ZoneDistan": null, "Id": "70030076416425632" }, "geometry": { "type": "Point", "coordinates": [ 71.45961505314996, 51.132375814752123 ] } },
{ "type": "Feature", "properties": { "EdgeId": "70030076158140832", "MapClassId": 2765, "Side": 1, "SpeedLimit": null, "Type": null, "ZoneDistan": null, "Id": "70030076691452265" }, "geometry": { "type": "Point", "coordinates": [ 71.458730122763569, 51.130480063101068 ] } },
{ "type": "Feature", "properties": { "EdgeId": "9570866467722420", "MapClassId": 2766, "Side": 2, "SpeedLimit": null, "Type": null, "ZoneDistan": null, "Id": "70030076691973311" }, "geometry": { "type": "Point", "coordinates": [ 71.463178220724416, 51.117634209907614 ] } },
{ "type": "Feature", "properties": { "EdgeId": "70030077107060135", "MapClassId": 2766, "Side": 1, "SpeedLimit": null, "Type": null, "ZoneDistan": null, "Id": "70030076416424535" }, "geometry": { "type": "Point", "coordinates": [ 71.459413022042554, 51.131919655388053 ] } },
{ "type": "Feature", "properties": { "EdgeId": "70030076127099348", "MapClassId": 2766, "Side": 1, "SpeedLimit": null, "Type": null, "ZoneDistan": null, "Id": "70030076143740321" }, "geometry": { "type": "Point", "coordinates": [ 71.466101158995883, 51.135102135489184 ] } },
{ "type": "Feature", "properties": { "EdgeId": "70030076201799766", "MapClassId": 2818, "Side": 1, "SpeedLimit": null, "Type": null, "ZoneDistan": null, "Id": "70030076691977618" }, "geometry": { "type": "Point", "coordinates": [ 71.457297579379983, 51.120630643422444 ] } },
{ "type": "Feature", "properties": { "EdgeId": "70030076650243144", "MapClassId": 2818, "Side": 1, "SpeedLimit": null, "Type": null, "ZoneDistan": null, "Id": "70030076691977620" }, "geometry": { "type": "Point", "coordinates": [ 71.464081836068715, 51.120231994770634 ] } },
{ "type": "Feature", "properties": { "EdgeId": "70030076227870650", "MapClassId": 4982, "Side": 1, "SpeedLimit": null, "Type": null, "ZoneDistan": null, "Id": "70030076691476572" }, "geometry": { "type": "Point", "coordinates": [ 71.464830402194963, 51.129833508812624 ] } },
{ "type": "Feature", "properties": { "EdgeId": "70030076167053455", "MapClassId": 4982, "Side": 2, "SpeedLimit": null, "Type": null, "ZoneDistan": null, "Id": "70030076691455454" }, "geometry": { "type": "Point", "coordinates": [ 71.458767672342447, 51.129477897276907 ] } },
{ "type": "Feature", "properties": { "EdgeId": "70030077011875616", "MapClassId": 4982, "Side": 2, "SpeedLimit": null, "Type": null, "ZoneDistan": null, "Id": "70030076416430082" }, "geometry": { "type": "Point", "coordinates": [ 71.46914671730363, 51.13105039212337 ] } },
{ "type": "Feature", "properties": { "EdgeId": "70030076169450085", "MapClassId": 4982, "Side": 2, "SpeedLimit": null, "Type": null, "ZoneDistan": null, "Id": "70030076419952629" }, "geometry": { "type": "Point", "coordinates": [ 71.470462300037227, 51.127302112917505 ] } },
{ "type": "Feature", "properties": { "EdgeId": "70030076139093989", "MapClassId": 4982, "Side": 1, "SpeedLimit": null, "Type": null, "ZoneDistan": null, "Id": "70030076276524941" }, "geometry": { "type": "Point", "coordinates": [ 71.466146523917729, 51.136570105018961 ] } },
{ "type": "Feature", "properties": { "EdgeId": null, "MapClassId": 4982, "Side": 2, "SpeedLimit": null, "Type": null, "ZoneDistan": null, "Id": "70030076276479257" }, "geometry": { "type": "Point", "coordinates": [ 71.464331118560054, 51.12861631155716 ] } },
{ "type": "Feature", "properties": { "EdgeId": "70030076778126995", "MapClassId": 4982, "Side": 1, "SpeedLimit": null, "Type": null, "ZoneDistan": null, "Id": "70030076276457191" }, "geometry": { "type": "Point", "coordinates": [ 71.457435830102213, 51.129534272148156 ] } },
{ "type": "Feature", "properties": { "EdgeId": "70030076203808053", "MapClassId": 4982, "Side": 1, "SpeedLimit": null, "Type": null, "ZoneDistan": null, "Id": "70030076254647147" }, "geometry": { "type": "Point", "coordinates": [ 71.470450891433117, 51.127985065648694 ] } },
{ "type": "Feature", "properties": { "EdgeId": "70030077011881171", "MapClassId": 4982, "Side": 2, "SpeedLimit": null, "Type": null, "ZoneDistan": null, "Id": "70030076381284557" }, "geometry": { "type": "Point", "coordinates": [ 71.470890526933175, 51.13134358709344 ] } },
{ "type": "Feature", "properties": { "EdgeId": "70030077125348382", "MapClassId": 4982, "Side": 1, "SpeedLimit": null, "Type": null, "ZoneDistan": null, "Id": "70030077059715646" }, "geometry": { "type": "Point", "coordinates": [ 71.467937225605098, 51.132832364205889 ] } },
{ "type": "Feature", "properties": { "EdgeId": "70030077030115100", "MapClassId": 4982, "Side": 1, "SpeedLimit": null, "Type": null, "ZoneDistan": null, "Id": "70030076898094455" }, "geometry": { "type": "Point", "coordinates": [ 71.437429180915004, 51.124248434109099 ] } },
{ "type": "Feature", "properties": { "EdgeId": "70030076993323033", "MapClassId": 4982, "Side": 1, "SpeedLimit": null, "Type": null, "ZoneDistan": null, "Id": "70030076959164892" }, "geometry": { "type": "Point", "coordinates": [ 71.437556651853811, 51.125091101166802 ] } },
{ "type": "Feature", "properties": { "EdgeId": null, "MapClassId": 4982, "Side": 2, "SpeedLimit": null, "Type": null, "ZoneDistan": null, "Id": "70030076959154339" }, "geometry": { "type": "Point", "coordinates": [ 71.439330555045373, 51.12904256820373 ] } },
{ "type": "Feature", "properties": { "EdgeId": "9570866467736849", "MapClassId": 4982, "Side": 1, "SpeedLimit": null, "Type": null, "ZoneDistan": null, "Id": "70030076930669657" }, "geometry": { "type": "Point", "coordinates": [ 71.470408670614745, 51.131578885844135 ] } },
{ "type": "Feature", "properties": { "EdgeId": "9570866467723568", "MapClassId": 4982, "Side": 1, "SpeedLimit": null, "Type": null, "ZoneDistan": null, "Id": "70030077120094025" }, "geometry": { "type": "Point", "coordinates": [ 71.469106921936543, 51.124942369800529 ] } },
{ "type": "Feature", "properties": { "EdgeId": "9570866467724941", "MapClassId": 4982, "Side": 2, "SpeedLimit": null, "Type": null, "ZoneDistan": null, "Id": "70030077093772032" }, "geometry": { "type": "Point", "coordinates": [ 71.467698902560215, 51.13277024353058 ] } },
{ "type": "Feature", "properties": { "EdgeId": "70030077122144259", "MapClassId": 4982, "Side": 1, "SpeedLimit": null, "Type": null, "ZoneDistan": null, "Id": "70030077093779578" }, "geometry": { "type": "Point", "coordinates": [ 71.463564406465068, 51.128591900761165 ] } },
{ "type": "Feature", "properties": { "EdgeId": "9570866467725233", "MapClassId": 4982, "Side": 1, "SpeedLimit": null, "Type": null, "ZoneDistan": null, "Id": "70030077093760706" }, "geometry": { "type": "Point", "coordinates": [ 71.460637066448697, 51.134450741824402 ] } },
{ "type": "Feature", "properties": { "EdgeId": "70030076987119393", "MapClassId": 4985, "Side": 1, "SpeedLimit": null, "Type": null, "ZoneDistan": null, "Id": "70030077093759484" }, "geometry": { "type": "Point", "coordinates": [ 71.442898663353887, 51.131756120144082 ] } },
{ "type": "Feature", "properties": { "EdgeId": "70030076169449744", "MapClassId": 4985, "Side": 2, "SpeedLimit": null, "Type": null, "ZoneDistan": null, "Id": "70030077093761491" }, "geometry": { "type": "Point", "coordinates": [ 71.466993814893712, 51.136595300724906 ] } },
{ "type": "Feature", "properties": { "EdgeId": "70030076139094926", "MapClassId": 4985, "Side": 2, "SpeedLimit": null, "Type": null, "ZoneDistan": null, "Id": "70030077093806222" }, "geometry": { "type": "Point", "coordinates": [ 71.46727220280026, 51.133910387008598 ] } },
{ "type": "Feature", "properties": { "EdgeId": "70030077011889732", "MapClassId": 4985, "Side": 2, "SpeedLimit": null, "Type": null, "ZoneDistan": null, "Id": "70030077093806223" }, "geometry": { "type": "Point", "coordinates": [ 71.463090275658104, 51.132732982359464 ] } },
{ "type": "Feature", "properties": { "EdgeId": "70030076258454317", "MapClassId": 4985, "Side": 1, "SpeedLimit": null, "Type": null, "ZoneDistan": null, "Id": "70030077093806224" }, "geometry": { "type": "Point", "coordinates": [ 71.464835792086674, 51.129988876594922 ] } },
{ "type": "Feature", "properties": { "EdgeId": "70030076650243990", "MapClassId": 4985, "Side": 1, "SpeedLimit": null, "Type": null, "ZoneDistan": null, "Id": "70030077120094324" }, "geometry": { "type": "Point", "coordinates": [ 71.466813612847716, 51.120068023435628 ] } },
{ "type": "Feature", "properties": { "EdgeId": "70030077130957992", "MapClassId": 4985, "Side": 1, "SpeedLimit": null, "Type": null, "ZoneDistan": null, "Id": "70030077122434919" }, "geometry": { "type": "Point", "coordinates": [ 71.456675226551141, 51.11877089267999 ] } },
{ "type": "Feature", "properties": { "EdgeId": "70030076139043244", "MapClassId": 4985, "Side": 1, "SpeedLimit": null, "Type": null, "ZoneDistan": null, "Id": "70030077132131046" }, "geometry": { "type": "Point", "coordinates": [ 71.46990193096299, 51.127600969404362 ] } },
{ "type": "Feature", "properties": { "EdgeId": "9570866467724654", "MapClassId": 4985, "Side": 1, "SpeedLimit": null, "Type": null, "ZoneDistan": null, "Id": "70030077132126826" }, "geometry": { "type": "Point", "coordinates": [ 71.442875756314137, 51.131846653687468 ] } },
{ "type": "Feature", "properties": { "EdgeId": "70030076698948574", "MapClassId": 4985, "Side": 1, "SpeedLimit": null, "Type": null, "ZoneDistan": null, "Id": "70030077007358804" }, "geometry": { "type": "Point", "coordinates": [ 71.458186372522078, 51.12976980561583 ] } },
{ "type": "Feature", "properties": { "EdgeId": "70030077125348382", "MapClassId": 4985, "Side": 1, "SpeedLimit": null, "Type": null, "ZoneDistan": null, "Id": "70030077059715454" }, "geometry": { "type": "Point", "coordinates": [ 71.468896177170876, 51.133069233745474 ] } },
{ "type": "Feature", "properties": { "EdgeId": "70030076169457157", "MapClassId": 4985, "Side": 2, "SpeedLimit": null, "Type": null, "ZoneDistan": null, "Id": "70030077068949671" }, "geometry": { "type": "Point", "coordinates": [ 71.468531371334024, 51.124818276281225 ] } },
{ "type": "Feature", "properties": { "EdgeId": "70030076214836642", "MapClassId": 4985, "Side": 1, "SpeedLimit": null, "Type": null, "ZoneDistan": null, "Id": "70030076254646096" }, "geometry": { "type": "Point", "coordinates": [ 71.466468390284035, 51.136981294966461 ] } },
{ "type": "Feature", "properties": { "EdgeId": "70030076272383068", "MapClassId": 4985, "Side": 1, "SpeedLimit": null, "Type": null, "ZoneDistan": null, "Id": "70030076371480891" }, "geometry": { "type": "Point", "coordinates": [ 71.463843872349955, 51.131608594058278 ] } },
{ "type": "Feature", "properties": { "EdgeId": "70030076139075913", "MapClassId": 4985, "Side": 1, "SpeedLimit": null, "Type": null, "ZoneDistan": null, "Id": "70030076320979659" }, "geometry": { "type": "Point", "coordinates": [ 71.458114327636309, 51.129170822144935 ] } },
{ "type": "Feature", "properties": { "EdgeId": "70030076493113313", "MapClassId": 4985, "Side": 1, "SpeedLimit": null, "Type": null, "ZoneDistan": null, "Id": "70030076416422103" }, "geometry": { "type": "Point", "coordinates": [ 71.468356110022071, 51.134178028594427 ] } },
{ "type": "Feature", "properties": { "EdgeId": "70030076203940448", "MapClassId": 4985, "Side": 1, "SpeedLimit": null, "Type": null, "ZoneDistan": null, "Id": "70030076416430083" }, "geometry": { "type": "Point", "coordinates": [ 71.46782107343887, 51.132696623093914 ] } },
{ "type": "Feature", "properties": { "EdgeId": "9570866467725137", "MapClassId": 4985, "Side": 1, "SpeedLimit": null, "Type": null, "ZoneDistan": null, "Id": "70030076416430084" }, "geometry": { "type": "Point", "coordinates": [ 71.467069453040637, 51.133802946626446 ] } },
{ "type": "Feature", "properties": { "EdgeId": "9570866467725025", "MapClassId": 4985, "Side": 2, "SpeedLimit": null, "Type": null, "ZoneDistan": null, "Id": "70030076416430085" }, "geometry": { "type": "Point", "coordinates": [ 71.469118510203714, 51.133124194971387 ] } },
{ "type": "Feature", "properties": { "EdgeId": "9570866467722420", "MapClassId": 4985, "Side": 2, "SpeedLimit": null, "Type": null, "ZoneDistan": null, "Id": "70030076419402051" }, "geometry": { "type": "Point", "coordinates": [ 71.463335605562193, 51.117643344983328 ] } },
{ "type": "Feature", "properties": { "EdgeId": "70030077040344917", "MapClassId": 4985, "Side": 1, "SpeedLimit": null, "Type": null, "ZoneDistan": null, "Id": "70030076419407666" }, "geometry": { "type": "Point", "coordinates": [ 71.437811593731439, 51.124737482820265 ] } },
{ "type": "Feature", "properties": { "EdgeId": "9570866467723057", "MapClassId": 4985, "Side": 1, "SpeedLimit": null, "Type": null, "ZoneDistan": null, "Id": "70030076419407880" }, "geometry": { "type": "Point", "coordinates": [ 71.437737392888977, 51.122132734173647 ] } },
{ "type": "Feature", "properties": { "EdgeId": "70030076993771568", "MapClassId": 4985, "Side": 1, "SpeedLimit": null, "Type": null, "ZoneDistan": null, "Id": "70030076419407514" }, "geometry": { "type": "Point", "coordinates": [ 71.439852116899331, 51.129327996159496 ] } },
{ "type": "Feature", "properties": { "EdgeId": "70030076316606599", "MapClassId": 4985, "Side": 1, "SpeedLimit": null, "Type": null, "ZoneDistan": null, "Id": "70030076691476568" }, "geometry": { "type": "Point", "coordinates": [ 71.46414256218192, 51.128832512847616 ] } },
{ "type": "Feature", "properties": { "EdgeId": "70030077040340701", "MapClassId": 4987, "Side": 1, "SpeedLimit": null, "Type": null, "ZoneDistan": null, "Id": "70030076419407668" }, "geometry": { "type": "Point", "coordinates": [ 71.437946071529481, 51.124716396436639 ] } },
{ "type": "Feature", "properties": { "EdgeId": "70030077040319512", "MapClassId": 4987, "Side": 1, "SpeedLimit": null, "Type": null, "ZoneDistan": null, "Id": "70030076419407669" }, "geometry": { "type": "Point", "coordinates": [ 71.440459018705283, 51.124247475627172 ] } },
{ "type": "Feature", "properties": { "EdgeId": "70030077041261502", "MapClassId": 4987, "Side": 1, "SpeedLimit": null, "Type": null, "ZoneDistan": null, "Id": "70030076419407521" }, "geometry": { "type": "Point", "coordinates": [ 71.439697247344341, 51.129268971403981 ] } },
{ "type": "Feature", "properties": { "EdgeId": "70030077041267688", "MapClassId": 4987, "Side": 1, "SpeedLimit": null, "Type": null, "ZoneDistan": null, "Id": "70030076692434221" }, "geometry": { "type": "Point", "coordinates": [ 71.442662765760275, 51.128820843077591 ] } },
{ "type": "Feature", "properties": { "EdgeId": "9570866467750402", "MapClassId": 4988, "Side": 1, "SpeedLimit": null, "Type": null, "ZoneDistan": null, "Id": "70030076690774069" }, "geometry": { "type": "Point", "coordinates": [ 71.46048480200804, 51.129005867779625 ] } },
{ "type": "Feature", "properties": { "EdgeId": null, "MapClassId": 4988, "Side": 1, "SpeedLimit": null, "Type": null, "ZoneDistan": null, "Id": "70030076690776507" }, "geometry": { "type": "Point", "coordinates": [ 71.469800331504359, 51.12693289479116 ] } },
{ "type": "Feature", "properties": { "EdgeId": null, "MapClassId": 4988, "Side": 1, "SpeedLimit": null, "Type": null, "ZoneDistan": null, "Id": "70030076690776509" }, "geometry": { "type": "Point", "coordinates": [ 71.469207263753788, 51.125364544620162 ] } },
{ "type": "Feature", "properties": { "EdgeId": "9570866467750401", "MapClassId": 4988, "Side": 1, "SpeedLimit": null, "Type": null, "ZoneDistan": 150, "Id": "70030076690776510" }, "geometry": { "type": "Point", "coordinates": [ 71.458584685519071, 51.127728043431027 ] } },
{ "type": "Feature", "properties": { "EdgeId": "70030076697317105", "MapClassId": 4988, "Side": 2, "SpeedLimit": null, "Type": null, "ZoneDistan": 20, "Id": "70030076691452270" }, "geometry": { "type": "Point", "coordinates": [ 71.459601398757641, 51.132340864490637 ] } },
{ "type": "Feature", "properties": { "EdgeId": "9570866467724941", "MapClassId": 4988, "Side": 1, "SpeedLimit": null, "Type": null, "ZoneDistan": null, "Id": "70030076691480193" }, "geometry": { "type": "Point", "coordinates": [ 71.467583379214673, 51.132735462680408 ] } },
{ "type": "Feature", "properties": { "EdgeId": "9570866467724855", "MapClassId": 4988, "Side": 2, "SpeedLimit": null, "Type": null, "ZoneDistan": 100, "Id": "70030076691469082" }, "geometry": { "type": "Point", "coordinates": [ 71.466274444014189, 51.132340977233476 ] } },
{ "type": "Feature", "properties": { "EdgeId": "9570866467724140", "MapClassId": 4988, "Side": 1, "SpeedLimit": null, "Type": null, "ZoneDistan": null, "Id": "70030076692434215" }, "geometry": { "type": "Point", "coordinates": [ 71.442708310345182, 51.128878684517467 ] } },
{ "type": "Feature", "properties": { "EdgeId": "70030077019740221", "MapClassId": 4988, "Side": 2, "SpeedLimit": null, "Type": null, "ZoneDistan": null, "Id": "70030076691977605" }, "geometry": { "type": "Point", "coordinates": [ 71.45678509051038, 51.118940563783667 ] } },
{ "type": "Feature", "properties": { "EdgeId": "9570866500027004", "MapClassId": 4988, "Side": 1, "SpeedLimit": null, "Type": null, "ZoneDistan": null, "Id": "70030076419943012" }, "geometry": { "type": "Point", "coordinates": [ 71.460330471442234, 51.129089190666654 ] } },
{ "type": "Feature", "properties": { "EdgeId": null, "MapClassId": 4988, "Side": 1, "SpeedLimit": null, "Type": null, "ZoneDistan": null, "Id": "70030076419943013" }, "geometry": { "type": "Point", "coordinates": [ 71.461911147016167, 51.128841871211776 ] } },
{ "type": "Feature", "properties": { "EdgeId": "70030076169585763", "MapClassId": 4988, "Side": 1, "SpeedLimit": null, "Type": null, "ZoneDistan": null, "Id": "70030076419943014" }, "geometry": { "type": "Point", "coordinates": [ 71.464169152314327, 51.128497978271056 ] } },
{ "type": "Feature", "properties": { "EdgeId": "9570866467724156", "MapClassId": 4988, "Side": 1, "SpeedLimit": null, "Type": null, "ZoneDistan": null, "Id": "70030076419407517" }, "geometry": { "type": "Point", "coordinates": [ 71.441614162329131, 51.128984388716056 ] } },
{ "type": "Feature", "properties": { "EdgeId": "70030076493113313", "MapClassId": 4988, "Side": 1, "SpeedLimit": null, "Type": null, "ZoneDistan": null, "Id": "70030076416423977" }, "geometry": { "type": "Point", "coordinates": [ 71.468362757555184, 51.134179888776934 ] } },
{ "type": "Feature", "properties": { "EdgeId": null, "MapClassId": 4988, "Side": 1, "SpeedLimit": null, "Type": null, "ZoneDistan": null, "Id": "70030076416423978" }, "geometry": { "type": "Point", "coordinates": [ 71.462180012780706, 51.134011457402231 ] } },
{ "type": "Feature", "properties": { "EdgeId": "70030076993298612", "MapClassId": 4988, "Side": 1, "SpeedLimit": null, "Type": null, "ZoneDistan": null, "Id": "70030076559083122" }, "geometry": { "type": "Point", "coordinates": [ 71.439218175803333, 51.129278949806341 ] } },
{ "type": "Feature", "properties": { "EdgeId": "70030077124129096", "MapClassId": 4988, "Side": 1, "SpeedLimit": null, "Type": null, "ZoneDistan": null, "Id": "70030076254646091" }, "geometry": { "type": "Point", "coordinates": [ 71.467671953101686, 51.134938047833209 ] } },
{ "type": "Feature", "properties": { "EdgeId": "70030077069151542", "MapClassId": 4988, "Side": 1, "SpeedLimit": null, "Type": null, "ZoneDistan": null, "Id": "70030076276457195" }, "geometry": { "type": "Point", "coordinates": [ 71.46164201175705, 51.128887479116024 ] } },
{ "type": "Feature", "properties": { "EdgeId": "70030076139043950", "MapClassId": 4988, "Side": 1, "SpeedLimit": null, "Type": null, "ZoneDistan": null, "Id": "70030076276457197" }, "geometry": { "type": "Point", "coordinates": [ 71.465442424398034, 51.128298744697524 ] } },
{ "type": "Feature", "properties": { "EdgeId": "70030076139043950", "MapClassId": 4988, "Side": 1, "SpeedLimit": null, "Type": null, "ZoneDistan": null, "Id": "70030076276457198" }, "geometry": { "type": "Point", "coordinates": [ 71.468451421273727, 51.127823376910044 ] } },
{ "type": "Feature", "properties": { "EdgeId": "70030077041261502", "MapClassId": 4988, "Side": 1, "SpeedLimit": null, "Type": null, "ZoneDistan": null, "Id": "70030076276803129" }, "geometry": { "type": "Point", "coordinates": [ 71.439758153120607, 51.129257696370466 ] } },
{ "type": "Feature", "properties": { "EdgeId": "70030076993412771", "MapClassId": 4988, "Side": 1, "SpeedLimit": null, "Type": null, "ZoneDistan": null, "Id": "70030076276802561" }, "geometry": { "type": "Point", "coordinates": [ 71.43768556009708, 51.124896419717523 ] } },
{ "type": "Feature", "properties": { "EdgeId": "70030077008826716", "MapClassId": 4988, "Side": 1, "SpeedLimit": null, "Type": null, "ZoneDistan": null, "Id": "70030076276802562" }, "geometry": { "type": "Point", "coordinates": [ 71.438368908533718, 51.126618924573933 ] } },
{ "type": "Feature", "properties": { "EdgeId": "70030076328333086", "MapClassId": 4988, "Side": 2, "SpeedLimit": null, "Type": null, "ZoneDistan": null, "Id": "70030076276813658" }, "geometry": { "type": "Point", "coordinates": [ 71.441077688441453, 51.121401880652819 ] } },
{ "type": "Feature", "properties": { "EdgeId": "70030076821392155", "MapClassId": 4988, "Side": 1, "SpeedLimit": null, "Type": null, "ZoneDistan": null, "Id": "70030077059672269" }, "geometry": { "type": "Point", "coordinates": [ 71.467720551958564, 51.135194353510514 ] } },
{ "type": "Feature", "properties": { "EdgeId": "9570866516117241", "MapClassId": 4988, "Side": 1, "SpeedLimit": null, "Type": null, "ZoneDistan": null, "Id": "70030077069002778" }, "geometry": { "type": "Point", "coordinates": [ 71.462549310193992, 51.126489028568116 ] } },
{ "type": "Feature", "properties": { "EdgeId": "9570866467724037", "MapClassId": 4988, "Side": 2, "SpeedLimit": null, "Type": null, "ZoneDistan": null, "Id": "70030076932374704" }, "geometry": { "type": "Point", "coordinates": [ 71.469345514476018, 51.127831720694225 ] } },
{ "type": "Feature", "properties": { "EdgeId": "9570866467738514", "MapClassId": 4988, "Side": 1, "SpeedLimit": null, "Type": null, "ZoneDistan": null, "Id": "70030076780395467" }, "geometry": { "type": "Point", "coordinates": [ 71.467115356951652, 51.119945495644778 ] } },
{ "type": "Feature", "properties": { "EdgeId": "9570866467722548", "MapClassId": 4988, "Side": 1, "SpeedLimit": null, "Type": null, "ZoneDistan": null, "Id": "70030076780395469" }, "geometry": { "type": "Point", "coordinates": [ 71.466583554303455, 51.118613626351483 ] } },
{ "type": "Feature", "properties": { "EdgeId": "9570866467723906", "MapClassId": 4988, "Side": 1, "SpeedLimit": null, "Type": null, "ZoneDistan": null, "Id": "70030077120094027" }, "geometry": { "type": "Point", "coordinates": [ 71.469386747147539, 51.125568752262872 ] } },
{ "type": "Feature", "properties": { "EdgeId": "70030076650242632", "MapClassId": 4988, "Side": 2, "SpeedLimit": null, "Type": null, "ZoneDistan": null, "Id": "70030077122402752" }, "geometry": { "type": "Point", "coordinates": [ 71.464438377404989, 51.117740503732342 ] } },
{ "type": "Feature", "properties": { "EdgeId": "9570866467722477", "MapClassId": 4988, "Side": 2, "SpeedLimit": null, "Type": null, "ZoneDistan": null, "Id": "70030077122402753" }, "geometry": { "type": "Point", "coordinates": [ 71.462585332636905, 51.118030399864907 ] } },
{ "type": "Feature", "properties": { "EdgeId": "9570866467738659", "MapClassId": 4988, "Side": 2, "SpeedLimit": null, "Type": null, "ZoneDistan": null, "Id": "70030077122402754" }, "geometry": { "type": "Point", "coordinates": [ 71.459690870959932, 51.11848506115313 ] } },
{ "type": "Feature", "properties": { "EdgeId": "70030077130957992", "MapClassId": 4988, "Side": 1, "SpeedLimit": null, "Type": null, "ZoneDistan": null, "Id": "70030077122434925" }, "geometry": { "type": "Point", "coordinates": [ 71.456793265179471, 51.118752566584639 ] } },
{ "type": "Feature", "properties": { "EdgeId": "70030077032821553", "MapClassId": 4988, "Side": 1, "SpeedLimit": null, "Type": null, "ZoneDistan": null, "Id": "70030077122434926" }, "geometry": { "type": "Point", "coordinates": [ 71.461347005017743, 51.118046470692413 ] } },
{ "type": "Feature", "properties": { "EdgeId": "70030076139044528", "MapClassId": 4988, "Side": 1, "SpeedLimit": null, "Type": null, "ZoneDistan": null, "Id": "70030077101978547" }, "geometry": { "type": "Point", "coordinates": [ 71.468609434932205, 51.127670144172974 ] } },
{ "type": "Feature", "properties": { "EdgeId": "9570866467723675", "MapClassId": 4989, "Side": 2, "SpeedLimit": null, "Type": null, "ZoneDistan": null, "Id": "70030076691903739" }, "geometry": { "type": "Point", "coordinates": [ 71.464464608211273, 51.125766418988661 ] } },
{ "type": "Feature", "properties": { "EdgeId": "9570866467735572", "MapClassId": 4989, "Side": 1, "SpeedLimit": null, "Type": null, "ZoneDistan": null, "Id": "70030076691904506" }, "geometry": { "type": "Point", "coordinates": [ 71.462433517353887, 51.120569803207076 ] } },
{ "type": "Feature", "properties": { "EdgeId": "9570866467722477", "MapClassId": 4991, "Side": 3, "SpeedLimit": null, "Type": null, "ZoneDistan": null, "Id": "70030077122402749" }, "geometry": { "type": "Point", "coordinates": [ 71.462085060855159, 51.118109062283089 ] } },
{ "type": "Feature", "properties": { "EdgeId": "9570866467722561", "MapClassId": 4991, "Side": 3, "SpeedLimit": null, "Type": null, "ZoneDistan": null, "Id": "70030077122402750" }, "geometry": { "type": "Point", "coordinates": [ 71.458340972582491, 51.118697080762416 ] } },
{ "type": "Feature", "properties": { "EdgeId": "9570866467738563", "MapClassId": 4991, "Side": 3, "SpeedLimit": null, "Type": null, "ZoneDistan": null, "Id": "70030077102888109" }, "geometry": { "type": "Point", "coordinates": [ 71.464238053096622, 51.120315051555615 ] } },
{ "type": "Feature", "properties": { "EdgeId": "9570866467722831", "MapClassId": 4991, "Side": 3, "SpeedLimit": null, "Type": null, "ZoneDistan": null, "Id": "70030077102888110" }, "geometry": { "type": "Point", "coordinates": [ 71.459269111934049, 51.120607299734829 ] } },
{ "type": "Feature", "properties": { "EdgeId": "9570866467722830", "MapClassId": 4991, "Side": 3, "SpeedLimit": null, "Type": null, "ZoneDistan": null, "Id": "70030077102888111" }, "geometry": { "type": "Point", "coordinates": [ 71.455944986056679, 51.120696840192267 ] } },
{ "type": "Feature", "properties": { "EdgeId": "70030076894600340", "MapClassId": 4991, "Side": 3, "SpeedLimit": null, "Type": null, "ZoneDistan": null, "Id": "70030077102879907" }, "geometry": { "type": "Point", "coordinates": [ 71.461580387328553, 51.12037961358336 ] } },
{ "type": "Feature", "properties": { "EdgeId": "70030076894600340", "MapClassId": 4991, "Side": 3, "SpeedLimit": null, "Type": null, "ZoneDistan": null, "Id": "70030077102879908" }, "geometry": { "type": "Point", "coordinates": [ 71.462236247317492, 51.120340763605427 ] } },
{ "type": "Feature", "properties": { "EdgeId": "70030076151021754", "MapClassId": 4991, "Side": 3, "SpeedLimit": null, "Type": null, "ZoneDistan": null, "Id": "70030077102879909" }, "geometry": { "type": "Point", "coordinates": [ 71.463480144491413, 51.120267405285141 ] } },
{ "type": "Feature", "properties": { "EdgeId": "70030076139094926", "MapClassId": 4991, "Side": 3, "SpeedLimit": null, "Type": null, "ZoneDistan": null, "Id": "70030077093806225" }, "geometry": { "type": "Point", "coordinates": [ 71.467317477890589, 51.13392143542827 ] } },
{ "type": "Feature", "properties": { "EdgeId": "70030076161357333", "MapClassId": 4991, "Side": 3, "SpeedLimit": null, "Type": null, "ZoneDistan": null, "Id": "70030077097236904" }, "geometry": { "type": "Point", "coordinates": [ 71.466351968623201, 51.120189423176669 ] } },
{ "type": "Feature", "properties": { "EdgeId": "70030076169525669", "MapClassId": 4991, "Side": 3, "SpeedLimit": null, "Type": null, "ZoneDistan": null, "Id": "70030077007358809" }, "geometry": { "type": "Point", "coordinates": [ 71.458612263798287, 51.130429834122808 ] } },
{ "type": "Feature", "properties": { "EdgeId": "9570866467723676", "MapClassId": 4991, "Side": 3, "SpeedLimit": null, "Type": null, "ZoneDistan": null, "Id": "70030077068949674" }, "geometry": { "type": "Point", "coordinates": [ 71.465850349368566, 51.125517277588798 ] } },
{ "type": "Feature", "properties": { "EdgeId": "70030076139046481", "MapClassId": 4991, "Side": 3, "SpeedLimit": null, "Type": null, "ZoneDistan": null, "Id": "70030077069002782" }, "geometry": { "type": "Point", "coordinates": [ 71.464921760859369, 51.125867563586205 ] } },
{ "type": "Feature", "properties": { "EdgeId": "70030076139075770", "MapClassId": 4991, "Side": 3, "SpeedLimit": null, "Type": null, "ZoneDistan": null, "Id": "70030077069002783" }, "geometry": { "type": "Point", "coordinates": [ 71.461133026317057, 51.126860054341932 ] } },
{ "type": "Feature", "properties": { "EdgeId": "70030076299506726", "MapClassId": 4991, "Side": 3, "SpeedLimit": null, "Type": null, "ZoneDistan": null, "Id": "70030077068980254" }, "geometry": { "type": "Point", "coordinates": [ 71.458901700982821, 51.120538396317549 ] } },
{ "type": "Feature", "properties": { "EdgeId": null, "MapClassId": 4991, "Side": 3, "SpeedLimit": null, "Type": null, "ZoneDistan": null, "Id": "70030076330359630" }, "geometry": { "type": "Point", "coordinates": [ 71.468816406773655, 51.124422313676845 ] } },
{ "type": "Feature", "properties": { "EdgeId": null, "MapClassId": 4991, "Side": 3, "SpeedLimit": null, "Type": null, "ZoneDistan": null, "Id": "70030076691904502" }, "geometry": { "type": "Point", "coordinates": [ 71.455506338703444, 51.120624046294516 ] } },
{ "type": "Feature", "properties": { "EdgeId": null, "MapClassId": 4991, "Side": 3, "SpeedLimit": null, "Type": null, "ZoneDistan": null, "Id": "70030076691977633" }, "geometry": { "type": "Point", "coordinates": [ 71.465538813628015, 51.120100220053857 ] } },
{ "type": "Feature", "properties": { "EdgeId": null, "MapClassId": 4991, "Side": 3, "SpeedLimit": null, "Type": null, "ZoneDistan": null, "Id": "70030076690789356" }, "geometry": { "type": "Point", "coordinates": [ 71.457886155554121, 51.129162929604995 ] } },
{ "type": "Feature", "properties": { "EdgeId": null, "MapClassId": 4991, "Side": 3, "SpeedLimit": null, "Type": null, "ZoneDistan": null, "Id": "70030076690789357" }, "geometry": { "type": "Point", "coordinates": [ 71.465846306949771, 51.125477924513397 ] } },
{ "type": "Feature", "properties": { "EdgeId": "9570866467722830", "MapClassId": 5011, "Side": 1, "SpeedLimit": null, "Type": null, "ZoneDistan": null, "Id": "70030077102888112" }, "geometry": { "type": "Point", "coordinates": [ 71.456765327574146, 51.120740313487808 ] } },
{ "type": "Feature", "properties": { "EdgeId": "70030076650242632", "MapClassId": 5011, "Side": 2, "SpeedLimit": null, "Type": null, "ZoneDistan": null, "Id": "70030077122402746" }, "geometry": { "type": "Point", "coordinates": [ 71.465313336491704, 51.117605000208968 ] } },
{ "type": "Feature", "properties": { "EdgeId": "9570866467738659", "MapClassId": 5011, "Side": 2, "SpeedLimit": null, "Type": null, "ZoneDistan": null, "Id": "70030077122402747" }, "geometry": { "type": "Point", "coordinates": [ 71.459235425110876, 51.118556730656522 ] } },
{ "type": "Feature", "properties": { "EdgeId": "70030076127014897", "MapClassId": 5011, "Side": 2, "SpeedLimit": null, "Type": null, "ZoneDistan": null, "Id": "70030077122402748" }, "geometry": { "type": "Point", "coordinates": [ 71.453465096883349, 51.119460230525434 ] } },
{ "type": "Feature", "properties": { "EdgeId": "9570866467738595", "MapClassId": 5011, "Side": 1, "SpeedLimit": null, "Type": null, "ZoneDistan": null, "Id": "70030077122434922" }, "geometry": { "type": "Point", "coordinates": [ 71.454425934911242, 51.119120778736814 ] } },
{ "type": "Feature", "properties": { "EdgeId": "70030077032821553", "MapClassId": 5011, "Side": 1, "SpeedLimit": null, "Type": null, "ZoneDistan": null, "Id": "70030077122434923" }, "geometry": { "type": "Point", "coordinates": [ 71.460475369697562, 51.118181296256687 ] } },
{ "type": "Feature", "properties": { "EdgeId": null, "MapClassId": 5011, "Side": 2, "SpeedLimit": null, "Type": null, "ZoneDistan": null, "Id": "70030076898094425" }, "geometry": { "type": "Point", "coordinates": [ 71.439592863108331, 51.129703678222135 ] } },
{ "type": "Feature", "properties": { "EdgeId": "70030076169449740", "MapClassId": 5011, "Side": 1, "SpeedLimit": null, "Type": null, "ZoneDistan": null, "Id": "70030076930669656" }, "geometry": { "type": "Point", "coordinates": [ 71.466931471812998, 51.136255636650993 ] } },
{ "type": "Feature", "properties": { "EdgeId": "70030076993307682", "MapClassId": 5011, "Side": 1, "SpeedLimit": null, "Type": null, "ZoneDistan": null, "Id": "70030076959162933" }, "geometry": { "type": "Point", "coordinates": [ 71.439085764130454, 51.128945545974659 ] } },
{ "type": "Feature", "properties": { "EdgeId": "9570866467736850", "MapClassId": 5011, "Side": 2, "SpeedLimit": null, "Type": null, "ZoneDistan": null, "Id": "70030076691500188" }, "geometry": { "type": "Point", "coordinates": [ 71.470590489628265, 51.131758882378094 ] } },
{ "type": "Feature", "properties": { "EdgeId": "70030076892888144", "MapClassId": 5011, "Side": 2, "SpeedLimit": null, "Type": null, "ZoneDistan": null, "Id": "70030076691459463" }, "geometry": { "type": "Point", "coordinates": [ 71.466010788478286, 51.128353486096088 ] } },
{ "type": "Feature", "properties": { "EdgeId": "70030077011872257", "MapClassId": 5011, "Side": 1, "SpeedLimit": null, "Type": null, "ZoneDistan": null, "Id": "70030076691464293" }, "geometry": { "type": "Point", "coordinates": [ 71.470607018629494, 51.131299729167857 ] } },
{ "type": "Feature", "properties": { "EdgeId": "9570866467723825", "MapClassId": 5011, "Side": 2, "SpeedLimit": null, "Type": null, "ZoneDistan": null, "Id": "70030076690789359" }, "geometry": { "type": "Point", "coordinates": [ 71.461115329505972, 51.126757446083886 ] } },
{ "type": "Feature", "properties": { "EdgeId": "9570866467723567", "MapClassId": 5011, "Side": 2, "SpeedLimit": null, "Type": null, "ZoneDistan": null, "Id": "70030076690789360" }, "geometry": { "type": "Point", "coordinates": [ 71.466934975242594, 51.125233179204415 ] } },
{ "type": "Feature", "properties": { "EdgeId": "70030076169449858", "MapClassId": 5011, "Side": 1, "SpeedLimit": null, "Type": null, "ZoneDistan": null, "Id": "70030076689229696" }, "geometry": { "type": "Point", "coordinates": [ 71.466113196420693, 51.136669027678067 ] } },
{ "type": "Feature", "properties": { "EdgeId": null, "MapClassId": 5011, "Side": 1, "SpeedLimit": null, "Type": null, "ZoneDistan": null, "Id": "70030076690774071" }, "geometry": { "type": "Point", "coordinates": [ 71.464399210858588, 51.128457500212214 ] } },
{ "type": "Feature", "properties": { "EdgeId": null, "MapClassId": 5011, "Side": 1, "SpeedLimit": null, "Type": null, "ZoneDistan": null, "Id": "70030076690776514" }, "geometry": { "type": "Point", "coordinates": [ 71.469658577352519, 51.126763873201249 ] } },
{ "type": "Feature", "properties": { "EdgeId": "9570866467736643", "MapClassId": 5011, "Side": 1, "SpeedLimit": null, "Type": null, "ZoneDistan": null, "Id": "70030076690776515" }, "geometry": { "type": "Point", "coordinates": [ 71.466455544375464, 51.125465802857349 ] } },
{ "type": "Feature", "properties": { "EdgeId": "70030077053037786", "MapClassId": 5011, "Side": 1, "SpeedLimit": null, "Type": null, "ZoneDistan": null, "Id": "70030076690776516" }, "geometry": { "type": "Point", "coordinates": [ 71.4607129740902, 51.126970047886303 ] } },
{ "type": "Feature", "properties": { "EdgeId": "70030076214836703", "MapClassId": 5011, "Side": 2, "SpeedLimit": null, "Type": null, "ZoneDistan": null, "Id": "70030076682073332" }, "geometry": { "type": "Point", "coordinates": [ 71.466601790103709, 51.137117418042216 ] } },
{ "type": "Feature", "properties": { "EdgeId": "9570866467738577", "MapClassId": 5011, "Side": 1, "SpeedLimit": null, "Type": null, "ZoneDistan": null, "Id": "70030076691977623" }, "geometry": { "type": "Point", "coordinates": [ 71.45808279676983, 51.120586944480671 ] } },
{ "type": "Feature", "properties": { "EdgeId": "9570866467738518", "MapClassId": 5011, "Side": 1, "SpeedLimit": null, "Type": null, "ZoneDistan": null, "Id": "70030076691977625" }, "geometry": { "type": "Point", "coordinates": [ 71.464452570786449, 51.120210116923253 ] } },
{ "type": "Feature", "properties": { "EdgeId": "70030076161357134", "MapClassId": 5011, "Side": 1, "SpeedLimit": null, "Type": null, "ZoneDistan": null, "Id": "70030076691982432" }, "geometry": { "type": "Point", "coordinates": [ 71.466892934087312, 51.119389239070252 ] } },
{ "type": "Feature", "properties": { "EdgeId": "9570866467722801", "MapClassId": 5011, "Side": 1, "SpeedLimit": null, "Type": null, "ZoneDistan": null, "Id": "70030076691904504" }, "geometry": { "type": "Point", "coordinates": [ 71.463999460557162, 51.120328584215187 ] } },
{ "type": "Feature", "properties": { "EdgeId": "9570866467722831", "MapClassId": 5011, "Side": 1, "SpeedLimit": null, "Type": null, "ZoneDistan": null, "Id": "70030076691904505" }, "geometry": { "type": "Point", "coordinates": [ 71.458187630163494, 51.12067107195498 ] } },
{ "type": "Feature", "properties": { "EdgeId": "70030076993305056", "MapClassId": 5016, "Side": 1, "SpeedLimit": null, "Type": null, "ZoneDistan": null, "Id": "70030076338829072" }, "geometry": { "type": "Point", "coordinates": [ 71.438574173576129, 51.127656049892742 ] } },
{ "type": "Feature", "properties": { "EdgeId": null, "MapClassId": 5016, "Side": 2, "SpeedLimit": null, "Type": null, "ZoneDistan": null, "Id": "70030076330359978" }, "geometry": { "type": "Point", "coordinates": [ 71.438292282239985, 51.126425546272657 ] } },
{ "type": "Feature", "properties": { "EdgeId": "70030077008826716", "MapClassId": 5016, "Side": 1, "SpeedLimit": null, "Type": null, "ZoneDistan": null, "Id": "70030076330359979" }, "geometry": { "type": "Point", "coordinates": [ 71.438634181037116, 51.127287398371607 ] } },
{ "type": "Feature", "properties": { "EdgeId": "70030076993305056", "MapClassId": 5016, "Side": 1, "SpeedLimit": null, "Type": null, "ZoneDistan": null, "Id": "70030076419406757" }, "geometry": { "type": "Point", "coordinates": [ 71.438263985308524, 51.126874148865078 ] } },
{ "type": "Feature", "properties": { "EdgeId": "70030076993322046", "MapClassId": 5016, "Side": 1, "SpeedLimit": null, "Type": null, "ZoneDistan": null, "Id": "70030076559015012" }, "geometry": { "type": "Point", "coordinates": [ 71.43834905576594, 51.126568578639343 ] } },
{ "type": "Feature", "properties": { "EdgeId": null, "MapClassId": 5016, "Side": 1, "SpeedLimit": null, "Type": null, "ZoneDistan": null, "Id": "70030076898099410" }, "geometry": { "type": "Point", "coordinates": [ 71.453969411083847, 51.119302910156094 ] } },
{ "type": "Feature", "properties": { "EdgeId": "70030076987121502", "MapClassId": 5018, "Side": 1, "SpeedLimit": null, "Type": null, "ZoneDistan": null, "Id": "70030076930672857" }, "geometry": { "type": "Point", "coordinates": [ 71.440531692411767, 51.132131726082939 ] } },
{ "type": "Feature", "properties": { "EdgeId": null, "MapClassId": 5018, "Side": 2, "SpeedLimit": null, "Type": null, "ZoneDistan": null, "Id": "70030076691905067" }, "geometry": { "type": "Point", "coordinates": [ 71.438810250832802, 51.121820366470672 ] } },
{ "type": "Feature", "properties": { "EdgeId": "70030076169382868", "MapClassId": 5018, "Side": 1, "SpeedLimit": null, "Type": null, "ZoneDistan": null, "Id": "70030076691977646" }, "geometry": { "type": "Point", "coordinates": [ 71.454355506992954, 51.11968690624461 ] } },
{ "type": "Feature", "properties": { "EdgeId": "9570866467738673", "MapClassId": 5018, "Side": 1, "SpeedLimit": null, "Type": null, "ZoneDistan": null, "Id": "70030076472117472" }, "geometry": { "type": "Point", "coordinates": [ 71.4660389057467, 51.117222847682072 ] } },
{ "type": "Feature", "properties": { "EdgeId": "70030076272383068", "MapClassId": 5018, "Side": 2, "SpeedLimit": null, "Type": null, "ZoneDistan": null, "Id": "70030076416417762" }, "geometry": { "type": "Point", "coordinates": [ 71.463885374516082, 51.131621052335937 ] } },
{ "type": "Feature", "properties": { "EdgeId": "70030076161357333", "MapClassId": 5018, "Side": 1, "SpeedLimit": null, "Type": null, "ZoneDistan": null, "Id": "70030076330351476" }, "geometry": { "type": "Point", "coordinates": [ 71.466848377649214, 51.120160384252308 ] } },
{ "type": "Feature", "properties": { "EdgeId": "70030076169457048", "MapClassId": 5018, "Side": 1, "SpeedLimit": null, "Type": null, "ZoneDistan": null, "Id": "70030076338832956" }, "geometry": { "type": "Point", "coordinates": [ 71.46892707921667, 51.124522728265269 ] } },
{ "type": "Feature", "properties": { "EdgeId": "70030076698948100", "MapClassId": 5018, "Side": 2, "SpeedLimit": null, "Type": null, "ZoneDistan": null, "Id": "70030076284426117" }, "geometry": { "type": "Point", "coordinates": [ 71.457762637202563, 51.129638058106146 ] } },
{ "type": "Feature", "properties": { "EdgeId": "70030077040347903", "MapClassId": 5018, "Side": 1, "SpeedLimit": null, "Type": null, "ZoneDistan": null, "Id": "70030076276802574" }, "geometry": { "type": "Point", "coordinates": [ 71.437664449687901, 51.124843252877326 ] } },
{ "type": "Feature", "properties": { "EdgeId": "70030076993307063", "MapClassId": 5018, "Side": 1, "SpeedLimit": null, "Type": null, "ZoneDistan": null, "Id": "70030076276799633" }, "geometry": { "type": "Point", "coordinates": [ 71.439154844575796, 51.129119351485166 ] } },
{ "type": "Feature", "properties": { "EdgeId": "9570866467724711", "MapClassId": 5018, "Side": 2, "SpeedLimit": null, "Type": null, "ZoneDistan": null, "Id": "70030076247418019" }, "geometry": { "type": "Point", "coordinates": [ 71.441121166901198, 51.132245822194214 ] } },
{ "type": "Feature", "properties": { "EdgeId": null, "MapClassId": 5018, "Side": 2, "SpeedLimit": null, "Type": null, "ZoneDistan": null, "Id": "70030076248462839" }, "geometry": { "type": "Point", "coordinates": [ 71.443198431164205, 51.131979184102484 ] } },
{ "type": "Feature", "properties": { "EdgeId": "9570866467725025", "MapClassId": 5018, "Side": 1, "SpeedLimit": null, "Type": null, "ZoneDistan": null, "Id": "70030076276505613" }, "geometry": { "type": "Point", "coordinates": [ 71.469134769710365, 51.133125378750918 ] } },
{ "type": "Feature", "properties": { "EdgeId": "70030076214836703", "MapClassId": 5018, "Side": 2, "SpeedLimit": null, "Type": null, "ZoneDistan": null, "Id": "70030076276506024" }, "geometry": { "type": "Point", "coordinates": [ 71.466613647865486, 51.137101973870784 ] } },
{ "type": "Feature", "properties": { "EdgeId": "70030077112607665", "MapClassId": 5069, "Side": 1, "SpeedLimit": null, "Type": null, "ZoneDistan": null, "Id": "70030076692434222" }, "geometry": { "type": "Point", "coordinates": [ 71.442789338383818, 51.128800942448478 ] } },
{ "type": "Feature", "properties": { "EdgeId": "9570866467722775", "MapClassId": 5086, "Side": 1, "SpeedLimit": null, "Type": null, "ZoneDistan": null, "Id": "70030077023336377" }, "geometry": { "type": "Point", "coordinates": [ 71.454139911324759, 51.119578699740295 ] } },
{ "type": "Feature", "properties": { "EdgeId": "9570866467722831", "MapClassId": 5086, "Side": 1, "SpeedLimit": null, "Type": null, "ZoneDistan": null, "Id": "70030077024548772" }, "geometry": { "type": "Point", "coordinates": [ 71.458133461751856, 51.12067428593722 ] } },
{ "type": "Feature", "properties": { "EdgeId": "70030076658580528", "MapClassId": 5086, "Side": 1, "SpeedLimit": null, "Type": null, "ZoneDistan": null, "Id": "70030077024493851" }, "geometry": { "type": "Point", "coordinates": [ 71.457817973424071, 51.120601773932641 ] } },
{ "type": "Feature", "properties": { "EdgeId": "70030076650243990", "MapClassId": 5086, "Side": 1, "SpeedLimit": null, "Type": null, "ZoneDistan": null, "Id": "70030077027587814" }, "geometry": { "type": "Point", "coordinates": [ 71.466794299069107, 51.120070109732062 ] } },
{ "type": "Feature", "properties": { "EdgeId": "70030076650243144", "MapClassId": 5086, "Side": 1, "SpeedLimit": null, "Type": null, "ZoneDistan": null, "Id": "70030077026564772" }, "geometry": { "type": "Point", "coordinates": [ 71.4642579058644, 51.120221676096492 ] } },
{ "type": "Feature", "properties": { "EdgeId": "70030076650243360", "MapClassId": 5086, "Side": 1, "SpeedLimit": null, "Type": null, "ZoneDistan": null, "Id": "70030077026576396" }, "geometry": { "type": "Point", "coordinates": [ 71.464506110377386, 51.120298981517216 ] } },
{ "type": "Feature", "properties": { "EdgeId": "70030076167053455", "MapClassId": 5086, "Side": 2, "SpeedLimit": null, "Type": null, "ZoneDistan": null, "Id": "70030077011661754" }, "geometry": { "type": "Point", "coordinates": [ 71.458704610609502, 51.129487593759642 ] } },
{ "type": "Feature", "properties": { "EdgeId": "70030076169585789", "MapClassId": 5086, "Side": 1, "SpeedLimit": null, "Type": null, "ZoneDistan": null, "Id": "70030077011664027" }, "geometry": { "type": "Point", "coordinates": [ 71.463616239256964, 51.128583951746293 ] } },
{ "type": "Feature", "properties": { "EdgeId": "70030076169585767", "MapClassId": 5086, "Side": 2, "SpeedLimit": null, "Type": null, "ZoneDistan": null, "Id": "70030077011664645" }, "geometry": { "type": "Point", "coordinates": [ 71.464272907729622, 51.128629954536819 ] } },
{ "type": "Feature", "properties": { "EdgeId": "70030076169450134", "MapClassId": 5086, "Side": 1, "SpeedLimit": null, "Type": null, "ZoneDistan": null, "Id": "70030077011665722" }, "geometry": { "type": "Point", "coordinates": [ 71.469928790589975, 51.127596741114409 ] } },
{ "type": "Feature", "properties": { "EdgeId": "70030076778126995", "MapClassId": 5086, "Side": 1, "SpeedLimit": null, "Type": null, "ZoneDistan": null, "Id": "70030077009810932" }, "geometry": { "type": "Point", "coordinates": [ 71.457661397070041, 51.129498925111918 ] } },
{ "type": "Feature", "properties": { "EdgeId": "70030076698948574", "MapClassId": 5086, "Side": 1, "SpeedLimit": null, "Type": null, "ZoneDistan": null, "Id": "70030077009814457" }, "geometry": { "type": "Point", "coordinates": [ 71.458197242137032, 51.129796865391576 ] } },
{ "type": "Feature", "properties": { "EdgeId": "70030076993771568", "MapClassId": 5086, "Side": 1, "SpeedLimit": null, "Type": null, "ZoneDistan": null, "Id": "70030076994067771" }, "geometry": { "type": "Point", "coordinates": [ 71.439772436333612, 51.129341469803705 ] } },
{ "type": "Feature", "properties": { "EdgeId": "70030076993202685", "MapClassId": 5086, "Side": 1, "SpeedLimit": null, "Type": null, "ZoneDistan": null, "Id": "70030076994113231" }, "geometry": { "type": "Point", "coordinates": [ 71.437512993731005, 51.124461667651609 ] } },
{ "type": "Feature", "properties": { "EdgeId": "70030077040340701", "MapClassId": 5086, "Side": 1, "SpeedLimit": null, "Type": null, "ZoneDistan": null, "Id": "70030076994113453" }, "geometry": { "type": "Point", "coordinates": [ 71.437914001673832, 51.124721357939549 ] } },
{ "type": "Feature", "properties": { "EdgeId": "9570866500373376", "MapClassId": 5086, "Side": 1, "SpeedLimit": null, "Type": null, "ZoneDistan": null, "Id": "70030076993783179" }, "geometry": { "type": "Point", "coordinates": [ 71.440056303963416, 51.131132076508003 ] } },
{ "type": "Feature", "properties": { "EdgeId": "70030076993308225", "MapClassId": 5086, "Side": 1, "SpeedLimit": null, "Type": null, "ZoneDistan": null, "Id": "70030076994052738" }, "geometry": { "type": "Point", "coordinates": [ 71.439340885671129, 51.129588222835487 ] } },
{ "type": "Feature", "properties": { "EdgeId": "70030076993203069", "MapClassId": 5086, "Side": 1, "SpeedLimit": null, "Type": null, "ZoneDistan": null, "Id": "70030076994052917" }, "geometry": { "type": "Point", "coordinates": [ 71.439350946802307, 51.129094151699825 ] } },
{ "type": "Feature", "properties": { "EdgeId": null, "MapClassId": 5106, "Side": 3, "SpeedLimit": null, "Type": null, "ZoneDistan": null, "Id": "70030076276811024" }, "geometry": { "type": "Point", "coordinates": [ 71.440551275684953, 51.132173610211865 ] } },
{ "type": "Feature", "properties": { "EdgeId": "70030076648850865", "MapClassId": 5106, "Side": 2, "SpeedLimit": null, "Type": null, "ZoneDistan": null, "Id": "70030076381284563" }, "geometry": { "type": "Point", "coordinates": [ 71.47134013373288, 51.129900594385063 ] } },
{ "type": "Feature", "properties": { "EdgeId": null, "MapClassId": 5106, "Side": 2, "SpeedLimit": null, "Type": null, "ZoneDistan": null, "Id": "70030076419404068" }, "geometry": { "type": "Point", "coordinates": [ 71.43903995005094, 51.121510703117856 ] } },
{ "type": "Feature", "properties": { "EdgeId": "9570866467724754", "MapClassId": 5106, "Side": 1, "SpeedLimit": null, "Type": null, "ZoneDistan": null, "Id": "70030077093643515" }, "geometry": { "type": "Point", "coordinates": [ 71.440559809680153, 51.132121353695219 ] } },
{ "type": "Feature", "properties": { "EdgeId": "9570866467724682", "MapClassId": 5106, "Side": 1, "SpeedLimit": null, "Type": null, "ZoneDistan": null, "Id": "70030077132126828" }, "geometry": { "type": "Point", "coordinates": [ 71.440793012327916, 51.1321726518944 ] } },
{ "type": "Feature", "properties": { "EdgeId": "70030077125348382", "MapClassId": 5120, "Side": 1, "SpeedLimit": null, "Type": null, "ZoneDistan": null, "Id": "70030077059715452" }, "geometry": { "type": "Point", "coordinates": [ 71.468471453704566, 51.132964328085478 ] } },
{ "type": "Feature", "properties": { "EdgeId": "70030076203707095", "MapClassId": 5120, "Side": 1, "SpeedLimit": null, "Type": null, "ZoneDistan": null, "Id": "70030077059715645" }, "geometry": { "type": "Point", "coordinates": [ 71.463654956645698, 51.132892173597448 ] } },
{ "type": "Feature", "properties": { "EdgeId": "70030076221010403", "MapClassId": 5120, "Side": 2, "SpeedLimit": null, "Type": null, "ZoneDistan": null, "Id": "70030076416417755" }, "geometry": { "type": "Point", "coordinates": [ 71.465763931438232, 51.130096776844432 ] } },
{ "type": "Feature", "properties": { "EdgeId": "9570866467724855", "MapClassId": 5120, "Side": 2, "SpeedLimit": null, "Type": null, "ZoneDistan": null, "Id": "70030076416417756" }, "geometry": { "type": "Point", "coordinates": [ 71.466000188357938, 51.13225833667147 ] } },
{ "type": "Feature", "properties": { "EdgeId": "70030076648852307", "MapClassId": 5120, "Side": 2, "SpeedLimit": null, "Type": null, "ZoneDistan": null, "Id": "70030076416425642" }, "geometry": { "type": "Point", "coordinates": [ 71.464400019342335, 51.129474007408248 ] } },
{ "type": "Feature", "properties": { "EdgeId": null, "MapClassId": 5127, "Side": 3, "SpeedLimit": null, "Type": null, "ZoneDistan": null, "Id": "70030076330359930" }, "geometry": { "type": "Point", "coordinates": [ 71.439260576284738, 51.121759584206437 ] } },
{ "type": "Feature", "properties": { "EdgeId": null, "MapClassId": 5127, "Side": 2, "SpeedLimit": null, "Type": null, "ZoneDistan": null, "Id": "70030076276799064" }, "geometry": { "type": "Point", "coordinates": [ 71.439653858716127, 51.130377181016236 ] } },
{ "type": "Feature", "properties": { "EdgeId": "9570866467724711", "MapClassId": 5127, "Side": 2, "SpeedLimit": null, "Type": null, "ZoneDistan": null, "Id": "70030076689226162" }, "geometry": { "type": "Point", "coordinates": [ 71.4436066256293, 51.131875234289787 ] } },
{ "type": "Feature", "properties": { "EdgeId": "70030076794502370", "MapClassId": 5127, "Side": 2, "SpeedLimit": null, "Type": null, "ZoneDistan": null, "Id": "70030076692412044" }, "geometry": { "type": "Point", "coordinates": [ 71.44359108477488, 51.131896035545452 ] } },
{ "type": "Feature", "properties": { "EdgeId": "70030076261010235", "MapClassId": 5127, "Side": 2, "SpeedLimit": null, "Type": null, "ZoneDistan": null, "Id": "70030076472126054" }, "geometry": { "type": "Point", "coordinates": [ 71.471131005934723, 51.128938442654139 ] } },
{ "type": "Feature", "properties": { "EdgeId": "70030076216410073", "MapClassId": 5127, "Side": 2, "SpeedLimit": null, "Type": null, "ZoneDistan": null, "Id": "70030076472144054" }, "geometry": { "type": "Point", "coordinates": [ 71.467772294918944, 51.135549019147675 ] } },
{ "type": "Feature", "properties": { "EdgeId": null, "MapClassId": 5127, "Side": 1, "SpeedLimit": null, "Type": null, "ZoneDistan": null, "Id": "70030076419402060" }, "geometry": { "type": "Point", "coordinates": [ 71.43907723013524, 51.121752648933736 ] } },
{ "type": "Feature", "properties": { "EdgeId": "70030076751826461", "MapClassId": 5127, "Side": 1, "SpeedLimit": null, "Type": null, "ZoneDistan": null, "Id": "70030077093779580" }, "geometry": { "type": "Point", "coordinates": [ 71.442576078335364, 51.131892202252409 ] } },
{ "type": "Feature", "properties": { "EdgeId": "9570866467725026", "MapClassId": 5127, "Side": 1, "SpeedLimit": null, "Type": null, "ZoneDistan": null, "Id": "70030077093779663" }, "geometry": { "type": "Point", "coordinates": [ 71.469922232888422, 51.132233138598934 ] } },
{ "type": "Feature", "properties": { "EdgeId": "9570866467738595", "MapClassId": 5127, "Side": 1, "SpeedLimit": null, "Type": null, "ZoneDistan": null, "Id": "70030077122434927" }, "geometry": { "type": "Point", "coordinates": [ 71.455702440929983, 51.118922237755626 ] } },
{ "type": "Feature", "properties": { "EdgeId": "9570866467724682", "MapClassId": 5127, "Side": 1, "SpeedLimit": null, "Type": null, "ZoneDistan": null, "Id": "70030077132126827" }, "geometry": { "type": "Point", "coordinates": [ 71.442588924243921, 51.131893498807457 ] } },
{ "type": "Feature", "properties": { "EdgeId": "9570866467724643", "MapClassId": 5127, "Side": 2, "SpeedLimit": null, "Type": null, "ZoneDistan": null, "Id": "70030077132187009" }, "geometry": { "type": "Point", "coordinates": [ 71.471212662794045, 51.130698172362912 ] } },
{ "type": "Feature", "properties": { "EdgeId": null, "MapClassId": 5129, "Side": 3, "SpeedLimit": null, "Type": null, "ZoneDistan": null, "Id": "70030076330359924" }, "geometry": { "type": "Point", "coordinates": [ 71.450785242727747, 51.119938785645942 ] } },
{ "type": "Feature", "properties": { "EdgeId": "70030077100671559", "MapClassId": 5133, "Side": 2, "SpeedLimit": null, "Type": null, "ZoneDistan": null, "Id": "70030077068949676" }, "geometry": { "type": "Point", "coordinates": [ 71.46236910814801, 51.126429210883558 ] } },
{ "type": "Feature", "properties": { "EdgeId": "70030076169457276", "MapClassId": 5133, "Side": 1, "SpeedLimit": null, "Type": null, "ZoneDistan": null, "Id": "70030077069002786" }, "geometry": { "type": "Point", "coordinates": [ 71.466987257192145, 51.125326544534012 ] } },
{ "type": "Feature", "properties": { "EdgeId": "70030076139093650", "MapClassId": 5133, "Side": 2, "SpeedLimit": null, "Type": null, "ZoneDistan": null, "Id": "70030077059676143" }, "geometry": { "type": "Point", "coordinates": [ 71.461971513803263, 51.135027109567005 ] } },
{ "type": "Feature", "properties": { "EdgeId": "70030076203707095", "MapClassId": 5133, "Side": 1, "SpeedLimit": null, "Type": null, "ZoneDistan": null, "Id": "70030077093772030" }, "geometry": { "type": "Point", "coordinates": [ 71.463956521086573, 51.132977349703722 ] } },
{ "type": "Feature", "properties": { "EdgeId": "9570866467722794", "MapClassId": 5133, "Side": 1, "SpeedLimit": null, "Type": null, "ZoneDistan": null, "Id": "70030077120094325" }, "geometry": { "type": "Point", "coordinates": [ 71.465201765733426, 51.120257650480511 ] } },
{ "type": "Feature", "properties": { "EdgeId": "70030076161357333", "MapClassId": 5133, "Side": 1, "SpeedLimit": null, "Type": null, "ZoneDistan": null, "Id": "70030077102888114" }, "geometry": { "type": "Point", "coordinates": [ 71.466812175543282, 51.120161793909254 ] } },
{ "type": "Feature", "properties": { "EdgeId": "9570866467722831", "MapClassId": 5133, "Side": 1, "SpeedLimit": null, "Type": null, "ZoneDistan": null, "Id": "70030077102888115" }, "geometry": { "type": "Point", "coordinates": [ 71.458610646830778, 51.120646149488614 ] } },
{ "type": "Feature", "properties": { "EdgeId": "70030076894600340", "MapClassId": 5133, "Side": 1, "SpeedLimit": null, "Type": null, "ZoneDistan": null, "Id": "70030077102879910" }, "geometry": { "type": "Point", "coordinates": [ 71.461558468435612, 51.120380910461591 ] } },
{ "type": "Feature", "properties": { "EdgeId": "70030076214836703", "MapClassId": 5133, "Side": 2, "SpeedLimit": null, "Type": null, "ZoneDistan": null, "Id": "70030077132197737" }, "geometry": { "type": "Point", "coordinates": [ 71.466623798828181, 51.137088784318827 ] } },
{ "type": "Feature", "properties": { "EdgeId": null, "MapClassId": 5133, "Side": 3, "SpeedLimit": null, "Type": null, "ZoneDistan": null, "Id": "70030076330359922" }, "geometry": { "type": "Point", "coordinates": [ 71.46060526608764, 51.120522439128514 ] } },
{ "type": "Feature", "properties": { "EdgeId": null, "MapClassId": 5133, "Side": 3, "SpeedLimit": null, "Type": null, "ZoneDistan": null, "Id": "70030076330359923" }, "geometry": { "type": "Point", "coordinates": [ 71.459609124269079, 51.120567942476328 ] } },
{ "type": "Feature", "properties": { "EdgeId": "70030076258466158", "MapClassId": 5133, "Side": 1, "SpeedLimit": null, "Type": null, "ZoneDistan": null, "Id": "70030076289757490" }, "geometry": { "type": "Point", "coordinates": [ 71.461912135162976, 51.13525523083198 ] } },
{ "type": "Feature", "properties": { "EdgeId": "9570866467736372", "MapClassId": 5133, "Side": 1, "SpeedLimit": null, "Type": null, "ZoneDistan": null, "Id": "70030076288126872" }, "geometry": { "type": "Point", "coordinates": [ 71.46652228920108, 51.136774037653524 ] } },
{ "type": "Feature", "properties": { "EdgeId": "70030076201799766", "MapClassId": 5133, "Side": 1, "SpeedLimit": null, "Type": null, "ZoneDistan": null, "Id": "70030076691977615" }, "geometry": { "type": "Point", "coordinates": [ 71.456714482929073, 51.120659287351522 ] } },
{ "type": "Feature", "properties": { "EdgeId": "70030076894600340", "MapClassId": 5133, "Side": 1, "SpeedLimit": null, "Type": null, "ZoneDistan": null, "Id": "70030076691977616" }, "geometry": { "type": "Point", "coordinates": [ 71.46238285237186, 51.120332023765549 ] } },
{ "type": "Feature", "properties": { "EdgeId": "70030076948055561", "MapClassId": 5133, "Side": 2, "SpeedLimit": null, "Type": null, "ZoneDistan": null, "Id": "70030076416422095" }, "geometry": { "type": "Point", "coordinates": [ 71.465490753760321, 51.133410668732935 ] } },
{ "type": "Feature", "properties": { "EdgeId": "70030077011889730", "MapClassId": 5133, "Side": 2, "SpeedLimit": null, "Type": null, "ZoneDistan": null, "Id": "70030076416417744" }, "geometry": { "type": "Point", "coordinates": [ 71.465733568381623, 51.131233942201398 ] } },
{ "type": "Feature", "properties": { "EdgeId": "70030076221010403", "MapClassId": 5133, "Side": 2, "SpeedLimit": null, "Type": null, "ZoneDistan": null, "Id": "70030076416417745" }, "geometry": { "type": "Point", "coordinates": [ 71.465756924579011, 51.130094803749131 ] } },
{ "type": "Feature", "properties": { "EdgeId": null, "MapClassId": 5133, "Side": 2, "SpeedLimit": null, "Type": null, "ZoneDistan": null, "Id": "70030076416417747" }, "geometry": { "type": "Point", "coordinates": [ 71.466052200812911, 51.132319105120949 ] } },
{ "type": "Feature", "properties": { "EdgeId": "70030076258454317", "MapClassId": 5133, "Side": 2, "SpeedLimit": null, "Type": null, "ZoneDistan": null, "Id": "70030076416417748" }, "geometry": { "type": "Point", "coordinates": [ 71.464466135347251, 51.130505769493048 ] } },
{ "type": "Feature", "properties": { "EdgeId": null, "MapClassId": 5133, "Side": 1, "SpeedLimit": null, "Type": null, "ZoneDistan": null, "Id": "70030076416430078" }, "geometry": { "type": "Point", "coordinates": [ 71.468225854305885, 51.132956436193851 ] } },
{ "type": "Feature", "properties": { "EdgeId": "70030077060387417", "MapClassId": 5133, "Side": 1, "SpeedLimit": null, "Type": null, "ZoneDistan": null, "Id": "70030076416425643" }, "geometry": { "type": "Point", "coordinates": [ 71.46230182433321, 51.13369454770843 ] } },
{ "type": "Feature", "properties": { "EdgeId": "70030076648852307", "MapClassId": 5133, "Side": 2, "SpeedLimit": null, "Type": null, "ZoneDistan": null, "Id": "70030076416425644" }, "geometry": { "type": "Point", "coordinates": [ 71.464400019342335, 51.129474063783135 ] } },
{ "type": "Feature", "properties": { "EdgeId": null, "MapClassId": 5133, "Side": 1, "SpeedLimit": null, "Type": null, "ZoneDistan": null, "Id": "70030076416423972" }, "geometry": { "type": "Point", "coordinates": [ 71.465780101113324, 51.132238381152064 ] } },
{ "type": "Feature", "properties": { "EdgeId": "9570866467725233", "MapClassId": 5787, "Side": 1, "SpeedLimit": null, "Type": null, "ZoneDistan": null, "Id": "70030077042462960" }, "geometry": { "type": "Point", "coordinates": [ 71.460364337928439, 51.13419121897789 ] } },
{ "type": "Feature", "properties": { "EdgeId": "9570866467736849", "MapClassId": 5787, "Side": 1, "SpeedLimit": null, "Type": null, "ZoneDistan": null, "Id": "70030077042365533" }, "geometry": { "type": "Point", "coordinates": [ 71.470305454188619, 51.131717674339065 ] } },
{ "type": "Feature", "properties": { "EdgeId": "70030076169449744", "MapClassId": 5787, "Side": 2, "SpeedLimit": null, "Type": null, "ZoneDistan": null, "Id": "70030077042379542" }, "geometry": { "type": "Point", "coordinates": [ 71.467262950152829, 51.136233935492655 ] } },
{ "type": "Feature", "properties": { "EdgeId": "70030076139093989", "MapClassId": 5787, "Side": 1, "SpeedLimit": null, "Type": null, "ZoneDistan": null, "Id": "70030077042433938" }, "geometry": { "type": "Point", "coordinates": [ 71.465812799789674, 51.136474789595368 ] } },
{ "type": "Feature", "properties": { "EdgeId": "9570866467736905", "MapClassId": 5787, "Side": 1, "SpeedLimit": null, "Type": null, "ZoneDistan": null, "Id": "70030077035854482" }, "geometry": { "type": "Point", "coordinates": [ 71.443874503247031, 51.128696929105821 ] } },
{ "type": "Feature", "properties": { "EdgeId": "70030077041268473", "MapClassId": 5787, "Side": 1, "SpeedLimit": null, "Type": null, "ZoneDistan": null, "Id": "70030077035855205" }, "geometry": { "type": "Point", "coordinates": [ 71.443641390430798, 51.128668177408812 ] } },
{ "type": "Feature", "properties": { "EdgeId": "9570866467724186", "MapClassId": 5787, "Side": 1, "SpeedLimit": null, "Type": null, "ZoneDistan": null, "Id": "70030077035861549" }, "geometry": { "type": "Point", "coordinates": [ 71.440405389282802, 51.129236612050413 ] } },
{ "type": "Feature", "properties": { "EdgeId": "70030076993305343", "MapClassId": 5787, "Side": 1, "SpeedLimit": null, "Type": null, "ZoneDistan": null, "Id": "70030077035894751" }, "geometry": { "type": "Point", "coordinates": [ 71.437729308051431, 51.125526411105803 ] } },
{ "type": "Feature", "properties": { "EdgeId": "70030076993203069", "MapClassId": 5787, "Side": 1, "SpeedLimit": null, "Type": null, "ZoneDistan": null, "Id": "70030077035879513" }, "geometry": { "type": "Point", "coordinates": [ 71.439202545117368, 51.128717844544759 ] } },
{ "type": "Feature", "properties": { "EdgeId": "70030076688586661", "MapClassId": 5787, "Side": 1, "SpeedLimit": null, "Type": null, "ZoneDistan": null, "Id": "70030077035901603" }, "geometry": { "type": "Point", "coordinates": [ 71.441958845903656, 51.124077936776757 ] } },
{ "type": "Feature", "properties": { "EdgeId": "9570866467723283", "MapClassId": 5787, "Side": 1, "SpeedLimit": null, "Type": null, "ZoneDistan": null, "Id": "70030077035902162" }, "geometry": { "type": "Point", "coordinates": [ 71.441662940849056, 51.124059387260502 ] } },
{ "type": "Feature", "properties": { "EdgeId": "70030076145258013", "MapClassId": 5787, "Side": 1, "SpeedLimit": null, "Type": null, "ZoneDistan": null, "Id": "70030077035909369" }, "geometry": { "type": "Point", "coordinates": [ 71.438533030736124, 51.124630472142911 ] } },
{ "type": "Feature", "properties": { "EdgeId": "9570866467724397", "MapClassId": 5787, "Side": 1, "SpeedLimit": null, "Type": null, "ZoneDistan": null, "Id": "70030077036944671" }, "geometry": { "type": "Point", "coordinates": [ 71.458253297010756, 51.129937068600782 ] } },
{ "type": "Feature", "properties": { "EdgeId": "70030076169456939", "MapClassId": 5787, "Side": 2, "SpeedLimit": null, "Type": null, "ZoneDistan": null, "Id": "70030077036945882" }, "geometry": { "type": "Point", "coordinates": [ 71.46915075972241, 51.124279105520088 ] } },
{ "type": "Feature", "properties": { "EdgeId": "9570866467723033", "MapClassId": 5787, "Side": 1, "SpeedLimit": null, "Type": null, "ZoneDistan": null, "Id": "70030077036946191" }, "geometry": { "type": "Point", "coordinates": [ 71.467435247024326, 51.120766363614145 ] } },
{ "type": "Feature", "properties": { "EdgeId": "70030076203808053", "MapClassId": 5787, "Side": 1, "SpeedLimit": null, "Type": null, "ZoneDistan": null, "Id": "70030077036942565" }, "geometry": { "type": "Point", "coordinates": [ 71.470512156535491, 51.128136493291592 ] } },
{ "type": "Feature", "properties": { "EdgeId": "70030076169450085", "MapClassId": 5787, "Side": 2, "SpeedLimit": null, "Type": null, "ZoneDistan": null, "Id": "70030077036942751" }, "geometry": { "type": "Point", "coordinates": [ 71.470356478496768, 51.127063127815823 ] } },
{ "type": "Feature", "properties": { "EdgeId": "70030076169450085", "MapClassId": 5787, "Side": 2, "SpeedLimit": null, "Type": null, "ZoneDistan": null, "Id": "70030077036943221" }, "geometry": { "type": "Point", "coordinates": [ 71.470421157197208, 51.127209258980294 ] } },
{ "type": "Feature", "properties": { "EdgeId": "9570866467723568", "MapClassId": 5787, "Side": 1, "SpeedLimit": null, "Type": null, "ZoneDistan": null, "Id": "70030077036943619" }, "geometry": { "type": "Point", "coordinates": [ 71.469173576930629, 51.125092228772004 ] } },
{ "type": "Feature", "properties": { "EdgeId": "9570866467738590", "MapClassId": 5787, "Side": 2, "SpeedLimit": null, "Type": null, "ZoneDistan": null, "Id": "70030077036946836" }, "geometry": { "type": "Point", "coordinates": [ 71.454641171253314, 51.11927612616887 ] } },
{ "type": "Feature", "properties": { "EdgeId": "9570866467738590", "MapClassId": 5787, "Side": 2, "SpeedLimit": null, "Type": null, "ZoneDistan": null, "Id": "70030077036946881" }, "geometry": { "type": "Point", "coordinates": [ 71.45500723473161, 51.119218780190351 ] } },
{ "type": "Feature", "properties": { "EdgeId": "9570866467722775", "MapClassId": 5787, "Side": 1, "SpeedLimit": null, "Type": null, "ZoneDistan": null, "Id": "70030077036947005" }, "geometry": { "type": "Point", "coordinates": [ 71.454275556932672, 51.119776843193172 ] } },
{ "type": "Feature", "properties": { "EdgeId": "70030076376755299", "MapClassId": 5787, "Side": 1, "SpeedLimit": null, "Type": null, "ZoneDistan": null, "Id": "70030077037342793" }, "geometry": { "type": "Point", "coordinates": [ 71.437053864789291, 51.121856790683466 ] } },
{ "type": "Feature", "properties": { "EdgeId": "9570866467722831", "MapClassId": 5787, "Side": 1, "SpeedLimit": null, "Type": null, "ZoneDistan": null, "Id": "70030077037317167" }, "geometry": { "type": "Point", "coordinates": [ 71.458317167227463, 51.120663459890885 ] } },
{ "type": "Feature", "properties": { "EdgeId": "70030076151021754", "MapClassId": 5787, "Side": 1, "SpeedLimit": null, "Type": null, "ZoneDistan": null, "Id": "70030077037317812" }, "geometry": { "type": "Point", "coordinates": [ 71.464041411880928, 51.120234419376786 ] } },
{ "type": "Feature", "properties": { "EdgeId": "70030076993308226", "MapClassId": 5787, "Side": 1, "SpeedLimit": null, "Type": null, "ZoneDistan": null, "Id": "70030077037318312" }, "geometry": { "type": "Point", "coordinates": [ 71.439487850051606, 51.129958716344241 ] } },
{ "type": "Feature", "properties": { "EdgeId": "70030076479890268", "MapClassId": 5787, "Side": 2, "SpeedLimit": null, "Type": null, "ZoneDistan": null, "Id": "70030077037331627" }, "geometry": { "type": "Point", "coordinates": [ 71.43869418849809, 51.121771819603737 ] } },
{ "type": "Feature", "properties": { "EdgeId": "9570866467722794", "MapClassId": 5787, "Side": 1, "SpeedLimit": null, "Type": null, "ZoneDistan": null, "Id": "70030076727095403" }, "geometry": { "type": "Point", "coordinates": [ 71.46482950387967, 51.120279584691495 ] } },
{ "type": "Feature", "properties": { "EdgeId": "9570866467736667", "MapClassId": 5787, "Side": 2, "SpeedLimit": null, "Type": null, "ZoneDistan": null, "Id": "70030076727551339" }, "geometry": { "type": "Point", "coordinates": [ 71.468996249493543, 51.123897233725337 ] } },
{ "type": "Feature", "properties": { "EdgeId": "70030077124123137", "MapClassId": 1773, "Side": 2, "SpeedLimit": 5, "Type": null, "ZoneDistan": null, "Id": "70030076155296810" }, "geometry": { "type": "Point", "coordinates": [ 71.407505490317206, 51.193721297662769 ] } },
{ "type": "Feature", "properties": { "EdgeId": "70030076214906331", "MapClassId": 1773, "Side": 2, "SpeedLimit": 40, "Type": null, "ZoneDistan": null, "Id": "70030076608556250" }, "geometry": { "type": "Point", "coordinates": [ 71.408480611558133, 51.193345629923002 ] } },
{ "type": "Feature", "properties": { "EdgeId": "70030076131822753", "MapClassId": 1778, "Side": 1, "SpeedLimit": null, "Type": null, "ZoneDistan": null, "Id": "70030076687849265" }, "geometry": { "type": "Point", "coordinates": [ 71.407011776237056, 51.195850323902853 ] } },
{ "type": "Feature", "properties": { "EdgeId": "70030076161427076", "MapClassId": 1779, "Side": 3, "SpeedLimit": null, "Type": 0, "ZoneDistan": null, "Id": "70030076687849253" }, "geometry": { "type": "Point", "coordinates": [ 71.409364194471607, 51.19470090176933 ] } },
{ "type": "Feature", "properties": { "EdgeId": "70030076169530870", "MapClassId": 1779, "Side": 3, "SpeedLimit": null, "Type": 0, "ZoneDistan": null, "Id": "70030076149842251" }, "geometry": { "type": "Point", "coordinates": [ 71.408316399524182, 51.193401194938296 ] } },
{ "type": "Feature", "properties": { "EdgeId": "9570866467737754", "MapClassId": 1779, "Side": 3, "SpeedLimit": null, "Type": 0, "ZoneDistan": null, "Id": "70030076149842566" }, "geometry": { "type": "Point", "coordinates": [ 71.408264836226891, 51.19356225991811 ] } },
{ "type": "Feature", "properties": { "EdgeId": "9570866467737755", "MapClassId": 1779, "Side": 3, "SpeedLimit": null, "Type": 0, "ZoneDistan": null, "Id": "70030076149842586" }, "geometry": { "type": "Point", "coordinates": [ 71.408137365288056, 51.193603074966887 ] } },
{ "type": "Feature", "properties": { "EdgeId": "9570866467737766", "MapClassId": 1779, "Side": 3, "SpeedLimit": null, "Type": 0, "ZoneDistan": null, "Id": "70030076149842615" }, "geometry": { "type": "Point", "coordinates": [ 71.407868230028953, 51.19354480795517 ] } },
{ "type": "Feature", "properties": { "EdgeId": "9570866467738411", "MapClassId": 1779, "Side": 3, "SpeedLimit": null, "Type": 0, "ZoneDistan": null, "Id": "70030076129586749" }, "geometry": { "type": "Point", "coordinates": [ 71.405180919856491, 51.194398313792199 ] } },
{ "type": "Feature", "properties": { "EdgeId": "9570866467732598", "MapClassId": 1779, "Side": 3, "SpeedLimit": null, "Type": 0, "ZoneDistan": null, "Id": "9571300303365231" }, "geometry": { "type": "Point", "coordinates": [ 71.407111668896661, 51.194905534558693 ] } },
{ "type": "Feature", "properties": { "EdgeId": "70030076161427191", "MapClassId": 1779, "Side": 3, "SpeedLimit": null, "Type": 0, "ZoneDistan": null, "Id": "9571300303365387" }, "geometry": { "type": "Point", "coordinates": [ 71.409235555722901, 51.1945396155879 ] } },
{ "type": "Feature", "properties": { "EdgeId": "70030076161427191", "MapClassId": 1779, "Side": 3, "SpeedLimit": null, "Type": 0, "ZoneDistan": null, "Id": "9571300303365394" }, "geometry": { "type": "Point", "coordinates": [ 71.408755406203554, 51.194690712327457 ] } },
{ "type": "Feature", "properties": { "EdgeId": "70030077040421277", "MapClassId": 1779, "Side": 3, "SpeedLimit": null, "Type": 0, "ZoneDistan": null, "Id": "9571300293613726" }, "geometry": { "type": "Point", "coordinates": [ 71.40877157587866, 51.19418624769439 ] } },
{ "type": "Feature", "properties": { "EdgeId": "9570866467737793", "MapClassId": 1779, "Side": 3, "SpeedLimit": null, "Type": 0, "ZoneDistan": null, "Id": "9571300293613732" }, "geometry": { "type": "Point", "coordinates": [ 71.408639882857997, 51.194222164452825 ] } },
{ "type": "Feature", "properties": { "EdgeId": "70030076161427203", "MapClassId": 1779, "Side": 3, "SpeedLimit": null, "Type": 0, "ZoneDistan": null, "Id": "9571300293613793" }, "geometry": { "type": "Point", "coordinates": [ 71.40904277726294, 51.194297825996543 ] } },
{ "type": "Feature", "properties": { "EdgeId": "70030076161427076", "MapClassId": 1779, "Side": 3, "SpeedLimit": null, "Type": 0, "ZoneDistan": null, "Id": "9571300293614371" }, "geometry": { "type": "Point", "coordinates": [ 71.408884134783747, 51.19485205427506 ] } },
{ "type": "Feature", "properties": { "EdgeId": "9570866467747486", "MapClassId": 1779, "Side": 3, "SpeedLimit": null, "Type": 0, "ZoneDistan": null, "Id": "9571300293614445" }, "geometry": { "type": "Point", "coordinates": [ 71.407941352893062, 51.195539299340744 ] } },
{ "type": "Feature", "properties": { "EdgeId": "9570866467747481", "MapClassId": 1779, "Side": 3, "SpeedLimit": null, "Type": 0, "ZoneDistan": null, "Id": "9571300293614533" }, "geometry": { "type": "Point", "coordinates": [ 71.40676689549062, 51.19571701987703 ] } },
{ "type": "Feature", "properties": { "EdgeId": "70030077011871482", "MapClassId": 1779, "Side": 3, "SpeedLimit": null, "Type": 0, "ZoneDistan": null, "Id": "9571300293614573" }, "geometry": { "type": "Point", "coordinates": [ 71.406657480689006, 51.195049199181703 ] } },
{ "type": "Feature", "properties": { "EdgeId": "9570866467737794", "MapClassId": 1779, "Side": 3, "SpeedLimit": null, "Type": 0, "ZoneDistan": null, "Id": "9571300293614706" }, "geometry": { "type": "Point", "coordinates": [ 71.408562537912047, 51.194448810937885 ] } },
{ "type": "Feature", "properties": { "EdgeId": "70030076953818516", "MapClassId": 1780, "Side": 3, "SpeedLimit": null, "Type": null, "ZoneDistan": null, "Id": "70030077093638734" }, "geometry": { "type": "Point", "coordinates": [ 71.405831749279841, 51.19449322811392 ] } },
{ "type": "Feature", "properties": { "EdgeId": "70030076188676029", "MapClassId": 1780, "Side": 3, "SpeedLimit": null, "Type": null, "ZoneDistan": null, "Id": "70030076753144709" }, "geometry": { "type": "Point", "coordinates": [ 71.407313340677945, 51.19432574867772 ] } },
{ "type": "Feature", "properties": { "EdgeId": "70030076188676029", "MapClassId": 1780, "Side": 3, "SpeedLimit": null, "Type": null, "ZoneDistan": null, "Id": "70030076753144752" }, "geometry": { "type": "Point", "coordinates": [ 71.407018783096277, 51.19440664554358 ] } },
{ "type": "Feature", "properties": { "EdgeId": "70030076131838632", "MapClassId": 1780, "Side": 3, "SpeedLimit": null, "Type": null, "ZoneDistan": null, "Id": "70030076753146328" }, "geometry": { "type": "Point", "coordinates": [ 71.405470806198693, 51.195958126496386 ] } },
{ "type": "Feature", "properties": { "EdgeId": "70030076131838632", "MapClassId": 1780, "Side": 3, "SpeedLimit": null, "Type": null, "ZoneDistan": null, "Id": "70030076753146569" }, "geometry": { "type": "Point", "coordinates": [ 71.404139233453037, 51.19625124694663 ] } },
{ "type": "Feature", "properties": { "EdgeId": "70030077124123109", "MapClassId": 1780, "Side": 3, "SpeedLimit": null, "Type": null, "ZoneDistan": null, "Id": "70030076957427951" }, "geometry": { "type": "Point", "coordinates": [ 71.40871758713007, 51.193236751573117 ] } },
{ "type": "Feature", "properties": { "EdgeId": "70030076753145404", "MapClassId": 1780, "Side": 1, "SpeedLimit": null, "Type": null, "ZoneDistan": null, "Id": "70030076953818265" }, "geometry": { "type": "Point", "coordinates": [ 71.406558935502346, 51.194264048537029 ] } },
{ "type": "Feature", "properties": { "EdgeId": "70030076753145404", "MapClassId": 1780, "Side": 1, "SpeedLimit": null, "Type": null, "ZoneDistan": null, "Id": "70030076953818310" }, "geometry": { "type": "Point", "coordinates": [ 71.406293393504356, 51.194347703999817 ] } },
{ "type": "Feature", "properties": { "EdgeId": "70030076952943060", "MapClassId": 1780, "Side": 1, "SpeedLimit": null, "Type": null, "ZoneDistan": null, "Id": "70030076953818613" }, "geometry": { "type": "Point", "coordinates": [ 71.406302286825664, 51.194617359538512 ] } },
{ "type": "Feature", "properties": { "EdgeId": "70030076131823128", "MapClassId": 1780, "Side": 1, "SpeedLimit": null, "Type": null, "ZoneDistan": null, "Id": "70030076952943130" }, "geometry": { "type": "Point", "coordinates": [ 71.40617158195181, 51.195676994817646 ] } },
{ "type": "Feature", "properties": { "EdgeId": "70030076131822923", "MapClassId": 1780, "Side": 3, "SpeedLimit": null, "Type": null, "ZoneDistan": null, "Id": "70030076249978063" }, "geometry": { "type": "Point", "coordinates": [ 71.406318097174662, 51.196115636046386 ] } },
{ "type": "Feature", "properties": { "EdgeId": "70030076131823128", "MapClassId": 1780, "Side": 3, "SpeedLimit": null, "Type": null, "ZoneDistan": null, "Id": "70030076320974712" }, "geometry": { "type": "Point", "coordinates": [ 71.405988505296918, 51.195438588856057 ] } },
{ "type": "Feature", "properties": { "EdgeId": "9570866467732434", "MapClassId": 1781, "Side": 2, "SpeedLimit": null, "Type": null, "ZoneDistan": null, "Id": "70030076718963887" }, "geometry": { "type": "Point", "coordinates": [ 71.407466772928473, 51.193673501952247 ] } },
{ "type": "Feature", "properties": { "EdgeId": "70030077040421277", "MapClassId": 1781, "Side": 1, "SpeedLimit": null, "Type": null, "ZoneDistan": null, "Id": "70030076721684052" }, "geometry": { "type": "Point", "coordinates": [ 71.408600626480094, 51.193975644320183 ] } },
{ "type": "Feature", "properties": { "EdgeId": "70030076214906331", "MapClassId": 1781, "Side": 1, "SpeedLimit": null, "Type": null, "ZoneDistan": null, "Id": "70030076608556240" }, "geometry": { "type": "Point", "coordinates": [ 71.408530737550976, 51.193328628253475 ] } },
{ "type": "Feature", "properties": { "EdgeId": "70030076161427104", "MapClassId": 2763, "Side": 1, "SpeedLimit": null, "Type": null, "ZoneDistan": null, "Id": "9571300293614397" }, "geometry": { "type": "Point", "coordinates": [ 71.407939107104866, 51.194947643201495 ] } },
{ "type": "Feature", "properties": { "EdgeId": "9570866467747481", "MapClassId": 2763, "Side": 1, "SpeedLimit": null, "Type": null, "ZoneDistan": null, "Id": "70030076687849262" }, "geometry": { "type": "Point", "coordinates": [ 71.406688113240193, 51.195614564662627 ] } },
{ "type": "Feature", "properties": { "EdgeId": "9570866467732598", "MapClassId": 2763, "Side": 2, "SpeedLimit": null, "Type": null, "ZoneDistan": null, "Id": "70030076687849263" }, "geometry": { "type": "Point", "coordinates": [ 71.407153889715005, 51.194892192641113 ] } },
{ "type": "Feature", "properties": { "EdgeId": "70030077011871482", "MapClassId": 2764, "Side": 1, "SpeedLimit": null, "Type": null, "ZoneDistan": null, "Id": "70030076687849259" }, "geometry": { "type": "Point", "coordinates": [ 71.406744078282401, 51.195021727297835 ] } },
{ "type": "Feature", "properties": { "EdgeId": "70030077124123136", "MapClassId": 2764, "Side": 2, "SpeedLimit": null, "Type": null, "ZoneDistan": null, "Id": "70030076198989876" }, "geometry": { "type": "Point", "coordinates": [ 71.408359428826287, 51.194008296069157 ] } },
{ "type": "Feature", "properties": { "EdgeId": "9570866467732703", "MapClassId": 2764, "Side": 1, "SpeedLimit": null, "Type": null, "ZoneDistan": null, "Id": "70030076198990759" }, "geometry": { "type": "Point", "coordinates": [ 71.403263645545607, 51.195315191472467 ] } },
{ "type": "Feature", "properties": { "EdgeId": "70030076169925564", "MapClassId": 2764, "Side": 1, "SpeedLimit": null, "Type": null, "ZoneDistan": null, "Id": "70030076158421331" }, "geometry": { "type": "Point", "coordinates": [ 71.407016447476551, 51.193733119915663 ] } },
{ "type": "Feature", "properties": { "EdgeId": "70030076158447653", "MapClassId": 2764, "Side": 2, "SpeedLimit": null, "Type": null, "ZoneDistan": null, "Id": "70030076158448346" }, "geometry": { "type": "Point", "coordinates": [ 71.403985082550278, 51.195107351701502 ] } },
{ "type": "Feature", "properties": { "EdgeId": "70030076158444811", "MapClassId": 2764, "Side": 2, "SpeedLimit": null, "Type": null, "ZoneDistan": null, "Id": "70030076173124061" }, "geometry": { "type": "Point", "coordinates": [ 71.406640592361654, 51.194035430780879 ] } },
{ "type": "Feature", "properties": { "EdgeId": "70030076161427104", "MapClassId": 2766, "Side": 1, "SpeedLimit": null, "Type": null, "ZoneDistan": null, "Id": "9571300303365463" }, "geometry": { "type": "Point", "coordinates": [ 71.408007019740353, 51.194926251115042 ] } },
{ "type": "Feature", "properties": { "EdgeId": null, "MapClassId": 2818, "Side": 1, "SpeedLimit": null, "Type": null, "ZoneDistan": null, "Id": "70030076608486118" }, "geometry": { "type": "Point", "coordinates": [ 71.407878650486253, 51.195024598335642 ] } },
{ "type": "Feature", "properties": { "EdgeId": "9570866467732434", "MapClassId": 4985, "Side": 2, "SpeedLimit": null, "Type": null, "ZoneDistan": null, "Id": "70030076921047998" }, "geometry": { "type": "Point", "coordinates": [ 71.407279833517848, 51.193733457694286 ] } },
{ "type": "Feature", "properties": { "EdgeId": "70030076214906331", "MapClassId": 4985, "Side": 1, "SpeedLimit": null, "Type": null, "ZoneDistan": null, "Id": "70030076275990966" }, "geometry": { "type": "Point", "coordinates": [ 71.408504147418597, 51.193337579464384 ] } },
{ "type": "Feature", "properties": { "EdgeId": "9570866467732587", "MapClassId": 4985, "Side": 2, "SpeedLimit": null, "Type": null, "ZoneDistan": null, "Id": "70030076423734056" }, "geometry": { "type": "Point", "coordinates": [ 71.408141048380742, 51.194978042465173 ] } },
{ "type": "Feature", "properties": { "EdgeId": "9570866511668388", "MapClassId": 4985, "Side": 2, "SpeedLimit": null, "Type": null, "ZoneDistan": null, "Id": "70030076687849258" }, "geometry": { "type": "Point", "coordinates": [ 71.407387541520421, 51.194818671287592 ] } },
{ "type": "Feature", "properties": { "EdgeId": "70030076217006149", "MapClassId": 4987, "Side": 1, "SpeedLimit": null, "Type": null, "ZoneDistan": null, "Id": "70030076608488783" }, "geometry": { "type": "Point", "coordinates": [ 71.407756928765266, 51.194763502047877 ] } },
{ "type": "Feature", "properties": { "EdgeId": "70030076152889619", "MapClassId": 4987, "Side": 1, "SpeedLimit": null, "Type": null, "ZoneDistan": null, "Id": "70030076419947611" }, "geometry": { "type": "Point", "coordinates": [ 71.402186565519941, 51.195499780775464 ] } },
{ "type": "Feature", "properties": { "EdgeId": "70030076169530901", "MapClassId": 4988, "Side": 1, "SpeedLimit": null, "Type": null, "ZoneDistan": null, "Id": "70030076687849097" }, "geometry": { "type": "Point", "coordinates": [ 71.408376137490592, 51.193699285745708 ] } },
{ "type": "Feature", "properties": { "EdgeId": "9570866467747482", "MapClassId": 4988, "Side": 1, "SpeedLimit": null, "Type": null, "ZoneDistan": null, "Id": "70030076687849257" }, "geometry": { "type": "Point", "coordinates": [ 71.406596934238848, 51.195070985274683 ] } },
{ "type": "Feature", "properties": { "EdgeId": "70030076161427169", "MapClassId": 4988, "Side": 2, "SpeedLimit": null, "Type": null, "ZoneDistan": null, "Id": "70030076423734042" }, "geometry": { "type": "Point", "coordinates": [ 71.409427525699115, 51.194573167663783 ] } },
{ "type": "Feature", "properties": { "EdgeId": "70030076161346331", "MapClassId": 4988, "Side": 1, "SpeedLimit": null, "Type": null, "ZoneDistan": null, "Id": "70030076435964372" }, "geometry": { "type": "Point", "coordinates": [ 71.409362308009506, 51.194499702096714 ] } },
{ "type": "Feature", "properties": { "EdgeId": "70030076198989797", "MapClassId": 4988, "Side": 2, "SpeedLimit": null, "Type": null, "ZoneDistan": null, "Id": "70030076437215920" }, "geometry": { "type": "Point", "coordinates": [ 71.40861499952463, 51.194191483211092 ] } },
{ "type": "Feature", "properties": { "EdgeId": "70030077040421277", "MapClassId": 4988, "Side": 1, "SpeedLimit": null, "Type": null, "ZoneDistan": null, "Id": "70030077082127018" }, "geometry": { "type": "Point", "coordinates": [ 71.408566759993874, 51.193933985158587 ] } },
{ "type": "Feature", "properties": { "EdgeId": "70030076161427191", "MapClassId": 4989, "Side": 1, "SpeedLimit": null, "Type": null, "ZoneDistan": null, "Id": "70030076273344297" }, "geometry": { "type": "Point", "coordinates": [ 71.40887937371275, 51.194651699692173 ] } },
{ "type": "Feature", "properties": { "EdgeId": "70030076161427108", "MapClassId": 4991, "Side": 3, "SpeedLimit": null, "Type": null, "ZoneDistan": null, "Id": "70030077096618618" }, "geometry": { "type": "Point", "coordinates": [ 71.407995970462338, 51.194627154929222 ] } },
{ "type": "Feature", "properties": { "EdgeId": "9570866467737754", "MapClassId": 4991, "Side": 3, "SpeedLimit": null, "Type": null, "ZoneDistan": null, "Id": "70030077079941190" }, "geometry": { "type": "Point", "coordinates": [ 71.408237168116145, 51.193528144139258 ] } },
{ "type": "Feature", "properties": { "EdgeId": null, "MapClassId": 4991, "Side": 3, "SpeedLimit": null, "Type": null, "ZoneDistan": null, "Id": "70030076423734060" }, "geometry": { "type": "Point", "coordinates": [ 71.408869043086995, 51.194677820709927 ] } },
{ "type": "Feature", "properties": { "EdgeId": null, "MapClassId": 4991, "Side": 3, "SpeedLimit": null, "Type": null, "ZoneDistan": null, "Id": "70030076423734061" }, "geometry": { "type": "Point", "coordinates": [ 71.407924464565724, 51.194560613785896 ] } },
{ "type": "Feature", "properties": { "EdgeId": "9570866467738411", "MapClassId": 5011, "Side": 2, "SpeedLimit": null, "Type": null, "ZoneDistan": null, "Id": "70030076734662165" }, "geometry": { "type": "Point", "coordinates": [ 71.405487604694514, 51.194301879290016 ] } },
{ "type": "Feature", "properties": { "EdgeId": "70030076926744503", "MapClassId": 5011, "Side": 1, "SpeedLimit": null, "Type": null, "ZoneDistan": null, "Id": "70030076734662420" }, "geometry": { "type": "Point", "coordinates": [ 71.404388426112845, 51.194694033748 ] } },
{ "type": "Feature", "properties": { "EdgeId": "70030077124123137", "MapClassId": 5016, "Side": 2, "SpeedLimit": null, "Type": null, "ZoneDistan": null, "Id": "70030076284454671" }, "geometry": { "type": "Point", "coordinates": [ 71.407541872086242, 51.193766278504064 ] } },
{ "type": "Feature", "properties": { "EdgeId": "70030076214906331", "MapClassId": 5086, "Side": 1, "SpeedLimit": null, "Type": null, "ZoneDistan": null, "Id": "70030076687849096" }, "geometry": { "type": "Point", "coordinates": [ 71.408474053856551, 51.193347825502393 ] } },
{ "type": "Feature", "properties": { "EdgeId": "70030076161430862", "MapClassId": 5086, "Side": 2, "SpeedLimit": null, "Type": null, "ZoneDistan": null, "Id": "70030077040304101" }, "geometry": { "type": "Point", "coordinates": [ 71.408192342183469, 51.195067157228081 ] } },
{ "type": "Feature", "properties": { "EdgeId": "70030076169530909", "MapClassId": 5086, "Side": 2, "SpeedLimit": null, "Type": null, "ZoneDistan": null, "Id": "70030077040440181" }, "geometry": { "type": "Point", "coordinates": [ 71.408176082676817, 51.193650814453932 ] } },
{ "type": "Feature", "properties": { "EdgeId": "70030077040421277", "MapClassId": 5086, "Side": 1, "SpeedLimit": null, "Type": null, "ZoneDistan": null, "Id": "70030077040445241" }, "geometry": { "type": "Point", "coordinates": [ 71.408724144831652, 51.194127699940388 ] } },
{ "type": "Feature", "properties": { "EdgeId": "70030076161427108", "MapClassId": 5086, "Side": 2, "SpeedLimit": null, "Type": null, "ZoneDistan": null, "Id": "70030077039996461" }, "geometry": { "type": "Point", "coordinates": [ 71.40846354356772, 51.194479942372475 ] } },
{ "type": "Feature", "properties": { "EdgeId": "70030076169530916", "MapClassId": 5086, "Side": 2, "SpeedLimit": null, "Type": null, "ZoneDistan": null, "Id": "70030077041108926" }, "geometry": { "type": "Point", "coordinates": [ 71.407812444649807, 51.193562710291253 ] } },
{ "type": "Feature", "properties": { "EdgeId": "70030077011871482", "MapClassId": 5107, "Side": 1, "SpeedLimit": null, "Type": null, "ZoneDistan": null, "Id": "70030076687849264" }, "geometry": { "type": "Point", "coordinates": [ 71.407034952771411, 51.194929797698499 ] } },
{ "type": "Feature", "properties": { "EdgeId": "9570866467732409", "MapClassId": 5133, "Side": 2, "SpeedLimit": null, "Type": null, "ZoneDistan": null, "Id": "70030076687825063" }, "geometry": { "type": "Point", "coordinates": [ 71.408171680931929, 51.193447527214929 ] } },
{ "type": "Feature", "properties": { "EdgeId": "70030076161427108", "MapClassId": 5787, "Side": 2, "SpeedLimit": null, "Type": null, "ZoneDistan": null, "Id": "70030077040284942" }, "geometry": { "type": "Point", "coordinates": [ 71.408235461317091, 51.194551325039974 ] } },
{ "type": "Feature", "properties": { "EdgeId": "9570866467747485", "MapClassId": 5787, "Side": 2, "SpeedLimit": null, "Type": null, "ZoneDistan": null, "Id": "70030077039946188" }, "geometry": { "type": "Point", "coordinates": [ 71.40727722840353, 51.195773032384196 ] } },
{ "type": "Feature", "properties": { "EdgeId": "70030076169530909", "MapClassId": 5787, "Side": 2, "SpeedLimit": null, "Type": null, "ZoneDistan": null, "Id": "70030077040439833" }, "geometry": { "type": "Point", "coordinates": [ 71.408242019018687, 51.193732050283387 ] } },
{ "type": "Feature", "properties": { "EdgeId": "9570866467747481", "MapClassId": 5787, "Side": 2, "SpeedLimit": null, "Type": null, "ZoneDistan": null, "Id": "70030077040403692" }, "geometry": { "type": "Point", "coordinates": [ 71.406459671663455, 51.195317218074493 ] } }
]
}
