{
"type": "FeatureCollection",
"name": "Street",
"crs": { "type": "name", "properties": { "name": "urn:ogc:def:crs:OGC:1.3:CRS84" } },
"xy_coordinate_resolution": 1e-15,
"features": [
{ "type": "Feature", "properties": { "CityId": null, "City": null, "Okato": null, "Oktmo": null, "StreetId": "70298952024261458", "Name": null }, "geometry": { "type": "MultiLineString", "coordinates": [ [ [ 71.47132746748737, 51.130166737111843 ], [ 71.471584295827085, 51.130202252759005 ], [ 71.47175236461436, 51.130226437635415 ] ] ] } },
{ "type": "Feature", "properties": { "CityId": null, "City": null, "Okato": null, "Oktmo": null, "StreetId": "70298952024261484", "Name": null }, "geometry": { "type": "MultiLineString", "coordinates": [ [ [ 71.470549706114369, 51.127499546716059 ], [ 71.470328630722932, 51.127682378004721 ] ] ] } },
{ "type": "Feature", "properties": { "CityId": null, "City": null, "Okato": null, "Oktmo": null, "StreetId": "70298952024261487", "Name": null }, "geometry": { "type": "MultiLineString", "coordinates": [ [ [ 71.470248860325711, 51.1322182001378 ], [ 71.470319827233155, 51.132385510626428 ], [ 71.470328036804531, 51.132429489814946 ] ] ] } },
{ "type": "Feature", "properties": { "CityId": null, "City": null, "Okato": null, "Oktmo": null, "StreetId": "70298952024261496", "Name": null }, "geometry": { "type": "MultiLineString", "coordinates": [ [ [ 71.470145134655112, 51.132687704614128 ], [ 71.469947026390258, 51.132624129961194 ] ] ] } },
{ "type": "Feature", "properties": { "CityId": null, "City": null, "Okato": null, "Oktmo": null, "StreetId": "70298952024261503", "Name": null }, "geometry": { "type": "MultiLineString", "coordinates": [ [ [ 71.469777291022581, 51.133207013271821 ], [ 71.469705199915779, 51.133303960001143 ] ] ] } },
{ "type": "Feature", "properties": { "CityId": null, "City": null, "Okato": null, "Oktmo": null, "StreetId": "70298952024261509", "Name": null }, "geometry": { "type": "MultiLineString", "coordinates": [ [ [ 71.469705199915779, 51.133303960001143 ], [ 71.469626687159931, 51.13333569643261 ], [ 71.469566859362018, 51.133341107971141 ], [ 71.469423308579621, 51.133328481046902 ] ] ] } },
{ "type": "Feature", "properties": { "CityId": null, "City": null, "Okato": null, "Oktmo": null, "StreetId": "70298952024261513", "Name": null }, "geometry": { "type": "MultiLineString", "coordinates": [ [ [ 71.469705199915779, 51.133303960001143 ], [ 71.469297364776779, 51.133852551870682 ] ] ] } },
{ "type": "Feature", "properties": { "CityId": null, "City": null, "Okato": null, "Oktmo": null, "StreetId": "70298952024261515", "Name": null }, "geometry": { "type": "MultiLineString", "coordinates": [ [ [ 71.469235650516751, 51.125231938842475 ], [ 71.46917312777299, 51.125524212296312 ], [ 71.46917420575133, 51.125619155666925 ], [ 71.469202053525137, 51.125710941590263 ], [ 71.469680586076976, 51.126814782704542 ], [ 71.469756673381539, 51.12689889883729 ], [ 71.469837252262536, 51.12696176032442 ], [ 71.470074856655188, 51.127102592296247 ] ] ] } },
{ "type": "Feature", "properties": { "CityId": null, "City": null, "Okato": null, "Oktmo": null, "StreetId": "70298952024261519", "Name": null }, "geometry": { "type": "MultiLineString", "coordinates": [ [ [ 71.469178907349757, 51.12417782580377 ], [ 71.469032271936442, 51.123985809318754 ] ] ] } },
{ "type": "Feature", "properties": { "CityId": null, "City": null, "Okato": null, "Oktmo": null, "StreetId": "70298952024261564", "Name": null }, "geometry": { "type": "MultiLineString", "coordinates": [ [ [ 71.467478725484071, 51.13594387175791 ], [ 71.46721911236699, 51.135868847203433 ] ] ] } },
{ "type": "Feature", "properties": { "CityId": null, "City": null, "Okato": null, "Oktmo": null, "StreetId": "70298952024261573", "Name": null }, "geometry": { "type": "MultiLineString", "coordinates": [ [ [ 71.466709767600875, 51.125399218262004 ], [ 71.466649400813779, 51.125307995519194 ], [ 71.466562982883445, 51.12518356470126 ], [ 71.466503424580111, 51.125093694658723 ], [ 71.46649408210115, 51.125068210775432 ], [ 71.466509443292523, 51.125044531048275 ], [ 71.466537740223956, 51.125029815783151 ], [ 71.467679229455499, 51.124730547994631 ], [ 71.467711658637256, 51.124728236385849 ], [ 71.467739596242581, 51.124734720166281 ], [ 71.467760347325651, 51.12474853343457 ], [ 71.467909467662807, 51.124977889465278 ] ] ] } },
{ "type": "Feature", "properties": { "CityId": null, "City": null, "Okato": null, "Oktmo": null, "StreetId": "70298952024261593", "Name": null }, "geometry": { "type": "MultiLineString", "coordinates": [ [ [ 71.466138798406277, 51.117476714151692 ], [ 71.466316000694349, 51.11744889686176 ] ] ] } },
{ "type": "Feature", "properties": { "CityId": null, "City": null, "Okato": null, "Oktmo": null, "StreetId": "70298952024261595", "Name": null }, "geometry": { "type": "MultiLineString", "coordinates": [ [ [ 71.466076814651686, 51.117318992299914 ], [ 71.466249401400077, 51.117292362970616 ] ] ] } },
{ "type": "Feature", "properties": { "CityId": null, "City": null, "Okato": null, "Oktmo": null, "StreetId": "70298952024261599", "Name": null }, "geometry": { "type": "MultiLineString", "coordinates": [ [ [ 71.465927424819938, 51.125301286299212 ], [ 71.465871819103853, 51.125213220649321 ], [ 71.465849720547851, 51.125203636029411 ], [ 71.465820704964187, 51.125200929783418 ], [ 71.465789174097708, 51.125207300737266 ], [ 71.465066479451636, 51.125390704898692 ], [ 71.465048243651381, 51.1254050817696 ], [ 71.465044560558695, 51.12541793637979 ], [ 71.465049770787346, 51.125434681195607 ], [ 71.465093518741682, 51.125491004622397 ], [ 71.465111215552781, 51.125500701942215 ], [ 71.465133853097939, 51.125504930424043 ], [ 71.465155502496287, 51.125503464550384 ], [ 71.465927424819938, 51.125301286299212 ] ] ] } },
{ "type": "Feature", "properties": { "CityId": null, "City": null, "Okato": null, "Oktmo": null, "StreetId": "70298952024261600", "Name": null }, "geometry": { "type": "MultiLineString", "coordinates": [ [ [ 71.466034593833328, 51.125468960126206 ], [ 71.465927424819938, 51.125301286299212 ] ] ] } },
{ "type": "Feature", "properties": { "CityId": null, "City": null, "Okato": null, "Oktmo": null, "StreetId": "70298952024261608", "Name": null }, "geometry": { "type": "MultiLineString", "coordinates": [ [ [ 71.465586334506554, 51.129549493351583 ], [ 71.465948984386756, 51.129040313186195 ] ] ] } },
{ "type": "Feature", "properties": { "CityId": null, "City": null, "Okato": null, "Oktmo": null, "StreetId": "70298952024261613", "Name": null }, "geometry": { "type": "MultiLineString", "coordinates": [ [ [ 71.465290698946561, 51.129963282663837 ], [ 71.465586334506554, 51.129549493351583 ] ] ] } },
{ "type": "Feature", "properties": { "CityId": null, "City": null, "Okato": null, "Oktmo": null, "StreetId": "70298952024261621", "Name": null }, "geometry": { "type": "MultiLineString", "coordinates": [ [ [ 71.465151010919868, 51.133314783085005 ], [ 71.465679040643863, 51.132574523397331 ] ] ] } },
{ "type": "Feature", "properties": { "CityId": null, "City": null, "Okato": null, "Oktmo": null, "StreetId": "70298952024261625", "Name": null }, "geometry": { "type": "MultiLineString", "coordinates": [ [ [ 71.465586334506554, 51.129549493351583 ], [ 71.464969910558594, 51.129727637433682 ] ] ] } },
{ "type": "Feature", "properties": { "CityId": null, "City": null, "Okato": null, "Oktmo": null, "StreetId": "70298952024261626", "Name": null }, "geometry": { "type": "MultiLineString", "coordinates": [ [ [ 71.464653883241638, 51.117534851745297 ], [ 71.465354966923812, 51.11721710769158 ] ] ] } },
{ "type": "Feature", "properties": { "CityId": null, "City": null, "Okato": null, "Oktmo": null, "StreetId": "70298952024261628", "Name": null }, "geometry": { "type": "MultiLineString", "coordinates": [ [ [ 71.46460007415611, 51.120293230133704 ], [ 71.464570519583276, 51.120289452263734 ], [ 71.464550666815498, 51.120283080631623 ], [ 71.464534856466486, 51.120273100285736 ], [ 71.464524705503777, 51.120260638946888 ], [ 71.464521202074167, 51.120246711564199 ], [ 71.464524705503777, 51.120232840563503 ], [ 71.464534856466486, 51.120220322827571 ], [ 71.464550666815498, 51.120210342468141 ], [ 71.464571777224677, 51.120203012259275 ] ] ] } },
{ "type": "Feature", "properties": { "CityId": null, "City": null, "Okato": null, "Oktmo": null, "StreetId": "70298952024261637", "Name": null }, "geometry": { "type": "MultiLineString", "coordinates": [ [ [ 71.464062971447746, 51.120233178880639 ], [ 71.464088573433344, 51.120235208783434 ], [ 71.464108426201122, 51.120241580422146 ], [ 71.46412423655012, 51.120251504388669 ], [ 71.464134387512814, 51.120264022116139 ], [ 71.464137890942439, 51.120277949493612 ], [ 71.464134387512814, 51.120291820480759 ], [ 71.46412423655012, 51.1203043381973 ], [ 71.464108426201122, 51.120314262150337 ], [ 71.464088573433344, 51.120320690164256 ], [ 71.464068271507912, 51.120324693575967 ] ] ] } },
{ "type": "Feature", "properties": { "CityId": null, "City": null, "Okato": null, "Oktmo": null, "StreetId": "70298952024261643", "Name": null }, "geometry": { "type": "MultiLineString", "coordinates": [ [ [ 71.463902083180358, 51.126134744375868 ], [ 71.463841716393262, 51.126043410327476 ] ] ] } },
{ "type": "Feature", "properties": { "CityId": null, "City": null, "Okato": null, "Oktmo": null, "StreetId": "70298952024261644", "Name": null }, "geometry": { "type": "MultiLineString", "coordinates": [ [ [ 71.464504673072952, 51.125869762379345 ], [ 71.464450594492845, 51.125736876154711 ], [ 71.46371595225348, 51.123800820887659 ] ] ] } },
{ "type": "Feature", "properties": { "CityId": null, "City": null, "Okato": null, "Oktmo": null, "StreetId": "70298952024261646", "Name": null }, "geometry": { "type": "MultiLineString", "coordinates": [ [ [ 71.463586954178709, 51.126110163131216 ], [ 71.463647320965777, 51.126201440668716 ] ] ] } },
{ "type": "Feature", "properties": { "CityId": null, "City": null, "Okato": null, "Oktmo": null, "StreetId": "70298952024261664", "Name": null }, "geometry": { "type": "MultiLineString", "coordinates": [ [ [ 71.462939448521894, 51.132690478657075 ], [ 71.46299182030296, 51.132611897438473 ] ] ] } },
{ "type": "Feature", "properties": { "CityId": null, "City": null, "Okato": null, "Oktmo": null, "StreetId": "70298952024261675", "Name": null }, "geometry": { "type": "MultiLineString", "coordinates": [ [ [ 71.462377821806257, 51.120424102124645 ], [ 71.462412047618599, 51.120516236686065 ], [ 71.46316941723461, 51.122496747012434 ] ] ] } },
{ "type": "Feature", "properties": { "CityId": null, "City": null, "Okato": null, "Oktmo": null, "StreetId": "70298952024261699", "Name": null }, "geometry": { "type": "MultiLineString", "coordinates": [ [ [ 71.460766064523483, 51.12695612252638 ], [ 71.460702284138321, 51.126865635773598 ] ] ] } },
{ "type": "Feature", "properties": { "CityId": null, "City": null, "Okato": null, "Oktmo": null, "StreetId": "70298952024261702", "Name": null }, "geometry": { "type": "MultiLineString", "coordinates": [ [ [ 71.460358139552966, 51.12695245795728 ], [ 71.460420213139116, 51.127046665479732 ] ] ] } },
{ "type": "Feature", "properties": { "CityId": null, "City": null, "Okato": null, "Oktmo": null, "StreetId": "70298952024261713", "Name": null }, "geometry": { "type": "MultiLineString", "coordinates": [ [ [ 71.46010238919159, 51.129273143165676 ], [ 71.460025403571748, 51.129328672660556 ], [ 71.460002855858107, 51.129371292207267 ], [ 71.459995848998901, 51.129402411216539 ], [ 71.45998363191103, 51.129423495460905 ], [ 71.459965485942291, 51.129445876319387 ], [ 71.459905568312834, 51.129494302371533 ], [ 71.459820048697793, 51.129571535900254 ], [ 71.459763005677232, 51.129650516915405 ], [ 71.459765880286156, 51.129689979185002 ], [ 71.459778366868605, 51.129735022505798 ], [ 71.459817982572631, 51.129844107212072 ], [ 71.45985238804802, 51.129906570069984 ], [ 71.459882751104615, 51.129980758697613 ] ] ] } },
{ "type": "Feature", "properties": { "CityId": null, "City": null, "Okato": null, "Oktmo": null, "StreetId": "70298952024261714", "Name": null }, "geometry": { "type": "MultiLineString", "coordinates": [ [ [ 71.459765520960048, 51.118291084913622 ], [ 71.459832535280242, 51.118462787760052 ] ] ] } },
{ "type": "Feature", "properties": { "CityId": null, "City": null, "Okato": null, "Oktmo": null, "StreetId": "70298952024261726", "Name": null }, "geometry": { "type": "MultiLineString", "coordinates": [ [ [ 71.459415507521555, 51.132253764977605 ], [ 71.459560884738309, 51.132237422835942 ] ] ] } },
{ "type": "Feature", "properties": { "CityId": null, "City": null, "Okato": null, "Oktmo": null, "StreetId": "70298952024261737", "Name": null }, "geometry": { "type": "MultiLineString", "coordinates": [ [ [ 71.458627086000476, 51.130466871657518 ], [ 71.459006893702607, 51.130515409386362 ], [ 71.459086125110659, 51.130713562302937 ], [ 71.459505279022238, 51.131762039216781 ], [ 71.459325944055905, 51.132068531446386 ] ] ] } },
{ "type": "Feature", "properties": { "CityId": null, "City": null, "Okato": null, "Oktmo": null, "StreetId": "70298952024261751", "Name": null }, "geometry": { "type": "MultiLineString", "coordinates": [ [ [ 71.458114956456996, 51.120675357264588 ], [ 71.458087917166949, 51.120673327381134 ], [ 71.458066267768601, 51.120665489774773 ], [ 71.458050277756556, 51.12065347962718 ], [ 71.458041743761342, 51.120638762963196 ], [ 71.458041743761342, 51.120623031351684 ], [ 71.458050277756556, 51.120608258292272 ], [ 71.458066267768601, 51.120596304515558 ], [ 71.458093935879347, 51.120586267851579 ] ] ] } },
{ "type": "Feature", "properties": { "CityId": null, "City": null, "Okato": null, "Oktmo": null, "StreetId": "70298952024261752", "Name": null }, "geometry": { "type": "MultiLineString", "coordinates": [ [ [ 71.458054499838383, 51.129440295199515 ], [ 71.458131036300585, 51.129459913678495 ], [ 71.458182419934843, 51.129492216500715 ], [ 71.458262729321248, 51.129555525456738 ] ] ] } },
{ "type": "Feature", "properties": { "CityId": null, "City": null, "Okato": null, "Oktmo": null, "StreetId": "70298952024261764", "Name": null }, "geometry": { "type": "MultiLineString", "coordinates": [ [ [ 71.45821242366533, 51.129834749050993 ], [ 71.458102200379969, 51.129780855026169 ], [ 71.457974010788917, 51.129755711976337 ], [ 71.45781096656485, 51.129729103173275 ], [ 71.457726794422726, 51.129719237617401 ], [ 71.457588364037463, 51.129718391998239 ], [ 71.457169479620475, 51.129733782264751 ] ] ] } },
{ "type": "Feature", "properties": { "CityId": null, "City": null, "Okato": null, "Oktmo": null, "StreetId": "70298952024261781", "Name": null }, "geometry": { "type": "MultiLineString", "coordinates": [ [ [ 71.463784493709682, 51.117669396855973 ], [ 71.463096563865108, 51.117629473200978 ], [ 71.462857881494102, 51.117634491854432 ], [ 71.462655401229057, 51.117660825678712 ], [ 71.461499359289917, 51.117843413966241 ], [ 71.461010225377976, 51.117921262707476 ] ] ] } },
{ "type": "Feature", "properties": { "CityId": null, "City": null, "Okato": null, "Oktmo": null, "StreetId": "70298952024261782", "Name": null }, "geometry": { "type": "MultiLineString", "coordinates": [ [ [ 71.456990086058241, 51.118721947892205 ], [ 71.456193002215556, 51.118701993118421 ] ] ] } },
{ "type": "Feature", "properties": { "CityId": null, "City": null, "Okato": null, "Oktmo": null, "StreetId": "70298952024261791", "Name": null }, "geometry": { "type": "MultiLineString", "coordinates": [ [ [ 71.455736487079236, 51.118916937303091 ], [ 71.456024507745525, 51.118729301123963 ] ] ] } },
{ "type": "Feature", "properties": { "CityId": null, "City": null, "Okato": null, "Oktmo": null, "StreetId": "70298952024261792", "Name": null }, "geometry": { "type": "MultiLineString", "coordinates": [ [ [ 71.455641535153703, 51.129820993678244 ], [ 71.455701183288582, 51.12982787136513 ], [ 71.455740529498016, 51.129844445458815 ], [ 71.455766850135845, 51.12986919383934 ], [ 71.455776102783275, 51.129898395783826 ], [ 71.455766850135845, 51.129927654084177 ], [ 71.455740529498016, 51.129952402420123 ], [ 71.455701542614705, 51.129969258340644 ] ] ] } },
{ "type": "Feature", "properties": { "CityId": null, "City": null, "Okato": null, "Oktmo": null, "StreetId": "70298952024261820", "Name": null }, "geometry": { "type": "MultiLineString", "coordinates": [ [ [ 71.45404486956771, 51.119369447151861 ], [ 71.4540426237795, 51.119316161175604 ], [ 71.454048552660382, 51.119275054809052 ], [ 71.454067507112882, 51.119233215369626 ], [ 71.454108919447464, 51.119169497552136 ], [ 71.454172340506517, 51.1193494860632 ] ] ] } },
{ "type": "Feature", "properties": { "CityId": null, "City": null, "Okato": null, "Oktmo": null, "StreetId": "70298952024261840", "Name": null }, "geometry": { "type": "MultiLineString", "coordinates": [ [ [ 71.453339858536779, 51.119164403922674 ], [ 71.453132001575995, 51.119218159928636 ], [ 71.452387208373921, 51.11943801398963 ] ] ] } },
{ "type": "Feature", "properties": { "CityId": null, "City": null, "Okato": null, "Oktmo": null, "StreetId": "70298952024261903", "Name": null }, "geometry": { "type": "MultiLineString", "coordinates": [ [ [ 71.448166024853847, 51.120745275417761 ], [ 71.451222991765704, 51.120013610535949 ], [ 71.45127069230729, 51.119999457532892 ], [ 71.45130869104382, 51.119980737219386 ], [ 71.4513395930896, 51.119952262029194 ], [ 71.451347318601037, 51.119915328835553 ], [ 71.451300696037791, 51.119801371421481 ] ] ] } },
{ "type": "Feature", "properties": { "CityId": null, "City": null, "Okato": null, "Oktmo": null, "StreetId": "70298952024261904", "Name": null }, "geometry": { "type": "MultiLineString", "coordinates": [ [ [ 71.44904017545683, 51.120750180961622 ], [ 71.448166024853847, 51.120745275417761 ] ] ] } },
{ "type": "Feature", "properties": { "CityId": null, "City": null, "Okato": null, "Oktmo": null, "StreetId": "70298952024261920", "Name": null }, "geometry": { "type": "MultiLineString", "coordinates": [ [ [ 71.448166024853847, 51.120745275417761 ], [ 71.447861316309485, 51.120743583850782 ], [ 71.447738696273191, 51.120714827202761 ], [ 71.447529029485878, 51.120593823542642 ], [ 71.447396977139121, 51.120502647695602 ] ] ] } },
{ "type": "Feature", "properties": { "CityId": null, "City": null, "Okato": null, "Oktmo": null, "StreetId": "70298952024261984", "Name": null }, "geometry": { "type": "MultiLineString", "coordinates": [ [ [ 71.445233923766494, 51.130862218712323 ], [ 71.444676069975046, 51.129430936956616 ], [ 71.444334620335553, 51.128560161069487 ] ] ] } },
{ "type": "Feature", "properties": { "CityId": null, "City": null, "Okato": null, "Oktmo": null, "StreetId": "70298952024262013", "Name": null }, "geometry": { "type": "MultiLineString", "coordinates": [ [ [ 71.443110755592471, 51.12386532166218 ], [ 71.443170313895791, 51.123856018671397 ] ] ] } },
{ "type": "Feature", "properties": { "CityId": null, "City": null, "Okato": null, "Oktmo": null, "StreetId": "70298952024262021", "Name": null }, "geometry": { "type": "MultiLineString", "coordinates": [ [ [ 71.442754843076912, 51.128871186557134 ], [ 71.442730768227278, 51.128810075316167 ] ] ] } },
{ "type": "Feature", "properties": { "CityId": null, "City": null, "Okato": null, "Oktmo": null, "StreetId": "70298952024262061", "Name": null }, "geometry": { "type": "MultiLineString", "coordinates": [ [ [ 71.441492260945068, 51.129067655266411 ], [ 71.441439709500941, 51.129011110699146 ] ] ] } },
{ "type": "Feature", "properties": { "CityId": null, "City": null, "Okato": null, "Oktmo": null, "StreetId": "70298952024262067", "Name": null }, "geometry": { "type": "MultiLineString", "coordinates": [ [ [ 71.442416190272937, 51.132290158528434 ], [ 71.44249990119927, 51.132236859120567 ], [ 71.442629438263239, 51.132162110400991 ], [ 71.442799489346527, 51.132091363952362 ], [ 71.443049939647736, 51.132012330739762 ], [ 71.443384562091069, 51.131937694400534 ], [ 71.443868933692258, 51.131840001789335 ] ] ] } },
{ "type": "Feature", "properties": { "CityId": null, "City": null, "Okato": null, "Oktmo": null, "StreetId": "70298952024262109", "Name": null }, "geometry": { "type": "MultiLineString", "coordinates": [ [ [ 71.439961891027039, 51.130633850250376 ], [ 71.440133559077836, 51.130758773745434 ], [ 71.440249531581017, 51.130849703856725 ], [ 71.440354095480075, 51.130935842073512 ], [ 71.440443477850849, 51.130998077962616 ], [ 71.440551904505654, 51.13106504909743 ], [ 71.440723033567266, 51.131148819252232 ], [ 71.441590087479497, 51.131488577265586 ], [ 71.441920936998656, 51.131608255824439 ], [ 71.442038795963924, 51.131646532603767 ], [ 71.442204175807731, 51.131684752979147 ], [ 71.442390576229187, 51.131723086067225 ], [ 71.442559818828713, 51.131741012412199 ], [ 71.442711903606323, 51.131750539303404 ], [ 71.442913485556076, 51.131756571121059 ], [ 71.443142825448106, 51.131750595675534 ], [ 71.443938642958301, 51.131666432006703 ] ] ] } },
{ "type": "Feature", "properties": { "CityId": null, "City": null, "Okato": null, "Oktmo": null, "StreetId": "70298952024262110", "Name": null }, "geometry": { "type": "MultiLineString", "coordinates": [ [ [ 71.44028960812615, 51.132204764981772 ], [ 71.440503485311837, 51.132142098468329 ], [ 71.440559809680153, 51.132121353695219 ], [ 71.440685843314512, 51.132065320212497 ], [ 71.440748815215926, 51.132024225190527 ], [ 71.440798671714205, 51.131968924424214 ], [ 71.440820051617976, 51.1319180206022 ], [ 71.440818883808092, 51.13185448939678 ], [ 71.440808193856213, 51.13181108293287 ], [ 71.440785646142587, 51.131766210753291 ], [ 71.440755911906692, 51.131732612962111 ], [ 71.440698868886145, 51.131690728433206 ], [ 71.440642993675468, 51.131659329104657 ], [ 71.440581189583909, 51.131637625786077 ], [ 71.440532500895515, 51.13162567486345 ], [ 71.440467103542829, 51.131616711669437 ], [ 71.440392273879667, 51.131613723937726 ], [ 71.440318612026374, 51.131616711669437 ], [ 71.44022231262791, 51.131624942023748 ], [ 71.44007694562427, 51.131651393189898 ] ] ] } },
{ "type": "Feature", "properties": { "CityId": null, "City": null, "Okato": null, "Oktmo": null, "StreetId": "70298952024262114", "Name": null }, "geometry": { "type": "MultiLineString", "coordinates": [ [ [ 71.440538339944879, 51.1323372003488 ], [ 71.440372388781796, 51.132420169575141 ] ], [ [ 71.441728906537463, 51.132391752166235 ], [ 71.441771008177724, 51.132322036435603 ], [ 71.441801461065864, 51.132211999265735 ], [ 71.441786279537567, 51.132136686789288 ], [ 71.441695459862331, 51.13193312827616 ], [ 71.441641291450694, 51.131872528434712 ], [ 71.441514090006464, 51.131791634568927 ], [ 71.441382935974985, 51.131727032118604 ], [ 71.441215579837561, 51.13165403011353 ], [ 71.440379877128734, 51.13132718265571 ], [ 71.440274864072038, 51.131282084515099 ], [ 71.440181708777061, 51.131231856409151 ], [ 71.440113257152419, 51.131184052280027 ], [ 71.440020551015095, 51.131099549341101 ], [ 71.439892451255588, 51.130978347390915 ] ] ] } },
{ "type": "Feature", "properties": { "CityId": null, "City": null, "Okato": null, "Oktmo": null, "StreetId": "70298952024262117", "Name": null }, "geometry": { "type": "MultiLineString", "coordinates": [ [ [ 71.443040151933204, 51.120833683899548 ], [ 71.443077248432374, 51.120925539716509 ], [ 71.443138872860857, 51.121085955743688 ], [ 71.443181273342276, 51.121217276568878 ], [ 71.443176691934326, 51.121266105943228 ], [ 71.443150640791075, 51.121305180682526 ], [ 71.443082278997963, 51.121344988391598 ], [ 71.442998735676539, 51.121366019929432 ], [ 71.442905041392407, 51.121372447796993 ], [ 71.442827067625743, 51.121365174157319 ], [ 71.442717562992613, 51.121337827517287 ], [ 71.442641924845688, 51.121330553872156 ], [ 71.442585420814325, 51.121327339935583 ], [ 71.442519933630109, 51.121334500811514 ], [ 71.440155837296885, 51.12169440387877 ], [ 71.440080378813008, 51.121696320948551 ], [ 71.440011478030726, 51.12169558795128 ], [ 71.439879874841608, 51.121674331025773 ], [ 71.439767944757193, 51.121602948281257 ] ] ] } },
{ "type": "Feature", "properties": { "CityId": null, "City": null, "Okato": null, "Oktmo": null, "StreetId": "70298952024262118", "Name": null }, "geometry": { "type": "MultiLineString", "coordinates": [ [ [ 71.439643753850575, 51.121384140289329 ], [ 71.439669579233595, 51.121409774519009 ], [ 71.439711171231266, 51.121422461086851 ], [ 71.439784563589967, 51.121433061416425 ] ] ] } },
{ "type": "Feature", "properties": { "CityId": null, "City": null, "Okato": null, "Oktmo": null, "StreetId": "70298952024262127", "Name": null }, "geometry": { "type": "MultiLineString", "coordinates": [ [ [ 71.439733090124179, 51.130576687491491 ], [ 71.439718217140097, 51.130717941253955 ] ] ] } },
{ "type": "Feature", "properties": { "CityId": null, "City": null, "Okato": null, "Oktmo": null, "StreetId": "70298952024262128", "Name": null }, "geometry": { "type": "MultiLineString", "coordinates": [ [ [ 71.440045187168835, 51.131568754110432 ], [ 71.440084870389427, 51.131563834426636 ], [ 71.440320139162353, 51.131541398222176 ], [ 71.44040574860891, 51.1315398761677 ], [ 71.440478242652361, 51.131540665381145 ], [ 71.440545975624786, 51.131546584481463 ], [ 71.440613708597198, 51.131557069743025 ], [ 71.440683777189363, 51.131575728992935 ], [ 71.440878711606018, 51.131690164711159 ], [ 71.441028460763889, 51.131836675839914 ], [ 71.44113302466296, 51.131900263441786 ], [ 71.441232827491021, 51.131946657532232 ], [ 71.441338559199963, 51.131976534625338 ], [ 71.441459831763297, 51.131990796702603 ], [ 71.44159053663715, 51.131998970618405 ], [ 71.441824637600192, 51.13199164228017 ], [ 71.442718191813299, 51.131873374014432 ] ] ] } },
{ "type": "Feature", "properties": { "CityId": null, "City": null, "Okato": null, "Oktmo": null, "StreetId": "70298952024262130", "Name": null }, "geometry": { "type": "MultiLineString", "coordinates": [ [ [ 71.439322560039329, 51.121505515731556 ], [ 71.439439154624083, 51.12141729981564 ] ] ] } },
{ "type": "Feature", "properties": { "CityId": null, "City": null, "Okato": null, "Oktmo": null, "StreetId": "70298952024262132", "Name": null }, "geometry": { "type": "MultiLineString", "coordinates": [ [ [ 71.439274230677043, 51.129420394837339 ], [ 71.439438712205572, 51.129315255387709 ], [ 71.439758153120607, 51.129257696370466 ], [ 71.440180630798736, 51.129190609864153 ], [ 71.440457850895413, 51.129151147167846 ] ] ] } },
{ "type": "Feature", "properties": { "CityId": null, "City": null, "Okato": null, "Oktmo": null, "StreetId": "70298952024262138", "Name": null }, "geometry": { "type": "MultiLineString", "coordinates": [ [ [ 71.439465661664102, 51.129902849360604 ], [ 71.439358878253884, 51.129782900983173 ] ] ] } },
{ "type": "Feature", "properties": { "CityId": null, "City": null, "Okato": null, "Oktmo": null, "StreetId": "70298952024262144", "Name": null }, "geometry": { "type": "MultiLineString", "coordinates": [ [ [ 71.439086412761725, 51.129073915072212 ], [ 71.43911397123037, 51.129016522744479 ] ] ] } },
{ "type": "Feature", "properties": { "CityId": null, "City": null, "Okato": null, "Oktmo": null, "StreetId": "70298952024262145", "Name": null }, "geometry": { "type": "MultiLineString", "coordinates": [ [ [ 71.438672449268225, 51.121775259046615 ], [ 71.438644781157478, 51.121770071690037 ], [ 71.438608758714579, 51.121759696975097 ], [ 71.438578305826439, 51.121742894442718 ], [ 71.438557464911838, 51.121722426920201 ], [ 71.438546146139274, 51.121696828408183 ], [ 71.438546325802335, 51.121673654412604 ], [ 71.438557464911838, 51.12164974740741 ], [ 71.438578844815609, 51.121628772383232 ], [ 71.43859959589868, 51.121616818870564 ] ] ] } },
{ "type": "Feature", "properties": { "CityId": null, "City": null, "Okato": null, "Oktmo": null, "StreetId": "70298952024262160", "Name": null }, "geometry": { "type": "MultiLineString", "coordinates": [ [ [ 71.437902862564314, 51.121725076985598 ], [ 71.437928734044505, 51.121728854738159 ], [ 71.437955773334551, 51.121736974085906 ], [ 71.437976973575246, 51.121747236037244 ], [ 71.437996556848447, 51.121761444889195 ], [ 71.438009492588534, 51.121776161195527 ], [ 71.438017038436925, 51.121790088117145 ], [ 71.438020991024175, 51.121810893915274 ], [ 71.438018475741373, 51.121827583654436 ], [ 71.438012007871336, 51.121841679713214 ], [ 71.437998443310534, 51.121858538593862 ], [ 71.437959815753331, 51.12188825306086 ] ] ] } },
{ "type": "Feature", "properties": { "CityId": null, "City": null, "Okato": null, "Oktmo": null, "StreetId": "70298952024262166", "Name": null }, "geometry": { "type": "MultiLineString", "coordinates": [ [ [ 71.439033392349373, 51.121549326573607 ], [ 71.438690252357148, 51.121538674880675 ] ] ] } },
{ "type": "Feature", "properties": { "CityId": null, "City": null, "Okato": null, "Oktmo": null, "StreetId": "70298952024262168", "Name": null }, "geometry": { "type": "MultiLineString", "coordinates": [ [ [ 71.438951196500867, 51.121731053728318 ], [ 71.438697422433108, 51.121849009662093 ], [ 71.438578485489501, 51.121913795082648 ], [ 71.438528539159705, 51.121945201037121 ], [ 71.438479850471296, 51.121980384702233 ], [ 71.438435383864743, 51.122018782229254 ], [ 71.438266680254372, 51.122183648781359 ], [ 71.437848334826569, 51.122617463771881 ], [ 71.437645135909307, 51.12283358037719 ], [ 71.437353363105004, 51.123150000778452 ], [ 71.437305572731901, 51.123215517347624 ], [ 71.437282036871451, 51.12325769147553 ], [ 71.437260477304633, 51.12332811316211 ], [ 71.437244846618697, 51.123395377330937 ], [ 71.437241253357556, 51.123469914711244 ], [ 71.437254099266127, 51.123536783998489 ], [ 71.437279072431025, 51.12363821538856 ], [ 71.437488200229154, 51.124172262924965 ], [ 71.437494218941566, 51.124241781116524 ], [ 71.437492601974057, 51.124308254617901 ], [ 71.437479576402424, 51.124377321555727 ] ] ] } },
{ "type": "Feature", "properties": { "CityId": null, "City": null, "Okato": null, "Oktmo": null, "StreetId": "70298952024242142", "Name": null }, "geometry": { "type": "MultiLineString", "coordinates": [ [ [ 71.471329174286396, 51.129633379004964 ], [ 71.471499496637762, 51.129632100882247 ] ] ] } },
{ "type": "Feature", "properties": { "CityId": null, "City": null, "Okato": null, "Oktmo": null, "StreetId": "70298952024242175", "Name": null }, "geometry": { "type": "MultiLineString", "coordinates": [ [ [ 71.471061566163243, 51.128766609614935 ], [ 71.471126796013039, 51.12875611143437 ] ] ] } },
{ "type": "Feature", "properties": { "CityId": null, "City": null, "Okato": null, "Oktmo": null, "StreetId": "70298952024242278", "Name": null }, "geometry": { "type": "MultiLineString", "coordinates": [ [ [ 71.470352138300754, 51.126935368627223 ], [ 71.470326384934722, 51.126995192452682 ] ] ] } },
{ "type": "Feature", "properties": { "CityId": null, "City": null, "Okato": null, "Oktmo": null, "StreetId": "70298952024242364", "Name": null }, "geometry": { "type": "MultiLineString", "coordinates": [ [ [ 71.469837252262536, 51.12696176032442 ], [ 71.469630100758025, 51.126994121271871 ] ] ] } },
{ "type": "Feature", "properties": { "CityId": null, "City": null, "Okato": null, "Oktmo": null, "StreetId": "70298952024242367", "Name": null }, "geometry": { "type": "MultiLineString", "coordinates": [ [ [ 71.469630100758025, 51.126994121271871 ], [ 71.469568296666466, 51.1270040437878 ] ] ] } },
{ "type": "Feature", "properties": { "CityId": null, "City": null, "Okato": null, "Oktmo": null, "StreetId": "70298952024242379", "Name": null }, "geometry": { "type": "MultiLineString", "coordinates": [ [ [ 71.469514936738591, 51.125161632818681 ], [ 71.469634419342611, 51.125248453735814 ] ] ] } },
{ "type": "Feature", "properties": { "CityId": null, "City": null, "Okato": null, "Oktmo": null, "StreetId": "70298952024242423", "Name": null }, "geometry": { "type": "MultiLineString", "coordinates": [ [ [ 71.469630100758025, 51.126994121271871 ], [ 71.469739695222685, 51.127285312401114 ], [ 71.46901421579922, 51.127399815128321 ] ] ] } },
{ "type": "Feature", "properties": { "CityId": null, "City": null, "Okato": null, "Oktmo": null, "StreetId": "70298952024242466", "Name": null }, "geometry": { "type": "MultiLineString", "coordinates": [ [ [ 71.469568296666466, 51.1270040437878 ], [ 71.469459780180145, 51.126735571326861 ], [ 71.468573592152367, 51.126877418793825 ], [ 71.468729270191105, 51.127264001670184 ] ] ] } },
{ "type": "Feature", "properties": { "CityId": null, "City": null, "Okato": null, "Oktmo": null, "StreetId": "70298952024242467", "Name": null }, "geometry": { "type": "MultiLineString", "coordinates": [ [ [ 71.468729270191105, 51.127264001670184 ], [ 71.468792242092533, 51.127420336512763 ], [ 71.469510624825219, 51.127305833836409 ], [ 71.469662709602815, 51.127237673319698 ], [ 71.469568296666466, 51.1270040437878 ] ] ] } },
{ "type": "Feature", "properties": { "CityId": null, "City": null, "Okato": null, "Oktmo": null, "StreetId": "70298952024242479", "Name": null }, "geometry": { "type": "MultiLineString", "coordinates": [ [ [ 71.468729360022635, 51.127784364061284 ], [ 71.468679952681995, 51.12765926338902 ] ] ] } },
{ "type": "Feature", "properties": { "CityId": null, "City": null, "Okato": null, "Oktmo": null, "StreetId": "70298952024242487", "Name": null }, "geometry": { "type": "MultiLineString", "coordinates": [ [ [ 71.468644020070627, 51.127568496127623 ], [ 71.469055358639253, 51.127504789806565 ], [ 71.46901421579922, 51.127399815128321 ] ] ] } },
{ "type": "Feature", "properties": { "CityId": null, "City": null, "Okato": null, "Oktmo": null, "StreetId": "70298952024242488", "Name": null }, "geometry": { "type": "MultiLineString", "coordinates": [ [ [ 71.468679952681995, 51.12765926338902 ], [ 71.468644020070627, 51.127568496127623 ] ] ] } },
{ "type": "Feature", "properties": { "CityId": null, "City": null, "Okato": null, "Oktmo": null, "StreetId": "70298952024242489", "Name": null }, "geometry": { "type": "MultiLineString", "coordinates": [ [ [ 71.468696481683224, 51.128434949746222 ], [ 71.468629916520669, 51.128266779298848 ] ] ] } },
{ "type": "Feature", "properties": { "CityId": null, "City": null, "Okato": null, "Oktmo": null, "StreetId": "70298952024242493", "Name": null }, "geometry": { "type": "MultiLineString", "coordinates": [ [ [ 71.468629916520669, 51.128266779298848 ], [ 71.468613836677093, 51.128225737273027 ] ] ] } },
{ "type": "Feature", "properties": { "CityId": null, "City": null, "Okato": null, "Oktmo": null, "StreetId": "70298952024242494", "Name": null }, "geometry": { "type": "MultiLineString", "coordinates": [ [ [ 71.46901421579922, 51.127399815128321 ], [ 71.468602607736031, 51.12746357797154 ] ] ] } },
{ "type": "Feature", "properties": { "CityId": null, "City": null, "Okato": null, "Oktmo": null, "StreetId": "70298952024242495", "Name": null }, "geometry": { "type": "MultiLineString", "coordinates": [ [ [ 71.468644020070627, 51.127568496127623 ], [ 71.468602607736031, 51.12746357797154 ] ] ] } },
{ "type": "Feature", "properties": { "CityId": null, "City": null, "Okato": null, "Oktmo": null, "StreetId": "70298952024242501", "Name": null }, "geometry": { "type": "MultiLineString", "coordinates": [ [ [ 71.468729270191105, 51.127264001670184 ], [ 71.468535952741959, 51.127294896589056 ] ] ] } },
{ "type": "Feature", "properties": { "CityId": null, "City": null, "Okato": null, "Oktmo": null, "StreetId": "70298952024242502", "Name": null }, "geometry": { "type": "MultiLineString", "coordinates": [ [ [ 71.468602607736031, 51.12746357797154 ], [ 71.468535952741959, 51.127294896589056 ] ] ] } },
{ "type": "Feature", "properties": { "CityId": null, "City": null, "Okato": null, "Oktmo": null, "StreetId": "70298952024242503", "Name": null }, "geometry": { "type": "MultiLineString", "coordinates": [ [ [ 71.468534784932089, 51.134523513933281 ], [ 71.468792666384417, 51.134597071584523 ] ] ] } },
{ "type": "Feature", "properties": { "CityId": null, "City": null, "Okato": null, "Oktmo": null, "StreetId": "70298952024242523", "Name": null }, "geometry": { "type": "MultiLineString", "coordinates": [ [ [ 71.468402552922271, 51.128302409159801 ], [ 71.468629916520669, 51.128266779298848 ] ] ] } },
{ "type": "Feature", "properties": { "CityId": null, "City": null, "Okato": null, "Oktmo": null, "StreetId": "70298952024242531", "Name": null }, "geometry": { "type": "MultiLineString", "coordinates": [ [ [ 71.468340838662257, 51.134784387754479 ], [ 71.468609086042918, 51.134856243831351 ] ] ] } },
{ "type": "Feature", "properties": { "CityId": null, "City": null, "Okato": null, "Oktmo": null, "StreetId": "70298952024242538", "Name": null }, "geometry": { "type": "MultiLineString", "coordinates": [ [ [ 71.46828208884267, 51.127998088670999 ], [ 71.468402552922271, 51.128302409159801 ] ] ] } },
{ "type": "Feature", "properties": { "CityId": null, "City": null, "Okato": null, "Oktmo": null, "StreetId": "70298952024242543", "Name": null }, "geometry": { "type": "MultiLineString", "coordinates": [ [ [ 71.468835540889202, 51.12429934638493 ], [ 71.468731605810859, 51.12422920808558 ], [ 71.468439383848917, 51.124173108645685 ], [ 71.468382071333792, 51.124169387474403 ], [ 71.468306433186868, 51.124173277789829 ], [ 71.46824417993767, 51.124166455642261 ], [ 71.468207888000194, 51.124134149095084 ], [ 71.467828619287246, 51.123164378346765 ], [ 71.467833200695196, 51.123127165807787 ], [ 71.467852065316166, 51.123101229778058 ], [ 71.467887638601411, 51.123083976671943 ], [ 71.468033794498126, 51.123029567324544 ], [ 71.468159468806391, 51.122955818593816 ], [ 71.468255768204841, 51.122872428258773 ] ] ] } },
{ "type": "Feature", "properties": { "CityId": null, "City": null, "Okato": null, "Oktmo": null, "StreetId": "70298952024242557", "Name": null }, "geometry": { "type": "MultiLineString", "coordinates": [ [ [ 71.468153270430918, 51.135036635780253 ], [ 71.468427203309957, 51.135113019454337 ] ] ] } },
{ "type": "Feature", "properties": { "CityId": null, "City": null, "Okato": null, "Oktmo": null, "StreetId": "70298952024242564", "Name": null }, "geometry": { "type": "MultiLineString", "coordinates": [ [ [ 71.468110241128812, 51.130292169235666 ], [ 71.468285502440764, 51.130046040081389 ] ] ] } },
{ "type": "Feature", "properties": { "CityId": null, "City": null, "Okato": null, "Oktmo": null, "StreetId": "70298952024242565", "Name": null }, "geometry": { "type": "MultiLineString", "coordinates": [ [ [ 71.468163511225157, 51.130773318065394 ], [ 71.468440821153379, 51.130385298843855 ], [ 71.468110241128812, 51.130292169235666 ] ] ] } },
{ "type": "Feature", "properties": { "CityId": null, "City": null, "Okato": null, "Oktmo": null, "StreetId": "70298952024242566", "Name": null }, "geometry": { "type": "MultiLineString", "coordinates": [ [ [ 71.468402552922271, 51.128302409159801 ], [ 71.468109522476595, 51.128348299478191 ] ] ] } },
{ "type": "Feature", "properties": { "CityId": null, "City": null, "Okato": null, "Oktmo": null, "StreetId": "70298952024242567", "Name": null }, "geometry": { "type": "MultiLineString", "coordinates": [ [ [ 71.468109522476595, 51.128348299478191 ], [ 71.468140244859313, 51.128426042309115 ], [ 71.46814042452236, 51.128461502918768 ], [ 71.468114912368293, 51.128485857407568 ], [ 71.468069816941039, 51.128498711160361 ], [ 71.466994084388304, 51.128667388146283 ], [ 71.466942790585563, 51.128669812309717 ], [ 71.466901468082511, 51.128659270016691 ], [ 71.466871015194371, 51.128632209574398 ], [ 71.466830680838115, 51.128537892533878 ], [ 71.466839933485559, 51.128510719268299 ], [ 71.466870835531324, 51.128487774195499 ], [ 71.466914134328007, 51.128475427824831 ], [ 71.467994538120223, 51.128306468256149 ], [ 71.468029931742407, 51.128302691041512 ], [ 71.468061193114295, 51.128307426653841 ], [ 71.468084459480167, 51.128320393208938 ], [ 71.468109522476595, 51.128348299478191 ] ] ] } },
{ "type": "Feature", "properties": { "CityId": null, "City": null, "Okato": null, "Oktmo": null, "StreetId": "70298952024242581", "Name": null }, "geometry": { "type": "MultiLineString", "coordinates": [ [ [ 71.468535952741959, 51.127294896589056 ], [ 71.46803837590609, 51.127189865056081 ] ] ] } },
{ "type": "Feature", "properties": { "CityId": null, "City": null, "Okato": null, "Oktmo": null, "StreetId": "70298952024242594", "Name": null }, "geometry": { "type": "MultiLineString", "coordinates": [ [ [ 71.467936686615914, 51.129672052043837 ], [ 71.467982860021522, 51.129657507377047 ], [ 71.469502539987673, 51.129414475464493 ], [ 71.469582939205608, 51.129431444331281 ], [ 71.469668458820649, 51.129466396794705 ], [ 71.46992088541549, 51.129638678227948 ], [ 71.470057788664789, 51.129767888881112 ], [ 71.470164778015132, 51.129921396530179 ], [ 71.470241763634974, 51.130093676266064 ], [ 71.470246075548332, 51.13018246547324 ], [ 71.470216071817845, 51.130265955359299 ], [ 71.470061831083569, 51.130482599916711 ], [ 71.469518440168216, 51.130329376002393 ] ] ] } },
{ "type": "Feature", "properties": { "CityId": null, "City": null, "Okato": null, "Oktmo": null, "StreetId": "70298952024242602", "Name": null }, "geometry": { "type": "MultiLineString", "coordinates": [ [ [ 71.467857545039379, 51.135434311153986 ], [ 71.46814319781879, 51.135513968383044 ] ] ] } },
{ "type": "Feature", "properties": { "CityId": null, "City": null, "Okato": null, "Oktmo": null, "StreetId": "70298952024242610", "Name": null }, "geometry": { "type": "MultiLineString", "coordinates": [ [ [ 71.467833021032135, 51.130680076492808 ], [ 71.468110241128812, 51.130292169235666 ] ] ] } },
{ "type": "Feature", "properties": { "CityId": null, "City": null, "Okato": null, "Oktmo": null, "StreetId": "70298952024242612", "Name": null }, "geometry": { "type": "MultiLineString", "coordinates": [ [ [ 71.467807508878082, 51.12972752468449 ], [ 71.467888716579751, 51.129687160452576 ], [ 71.467936686615914, 51.129672052043837 ] ] ] } },
{ "type": "Feature", "properties": { "CityId": null, "City": null, "Okato": null, "Oktmo": null, "StreetId": "70298952024242613", "Name": null }, "geometry": { "type": "MultiLineString", "coordinates": [ [ [ 71.468110241128812, 51.130292169235666 ], [ 71.467696836435067, 51.130175587839169 ], [ 71.467649135893481, 51.130155575045663 ], [ 71.467614910081153, 51.130120566729708 ], [ 71.467593530177396, 51.130074790920631 ], [ 71.467597842090754, 51.130010186068567 ], [ 71.467614910081153, 51.129934813626924 ], [ 71.467705011104144, 51.129808253042469 ], [ 71.467743279335266, 51.12976518290256 ], [ 71.467807508878082, 51.12972752468449 ] ] ] } },
{ "type": "Feature", "properties": { "CityId": null, "City": null, "Okato": null, "Oktmo": null, "StreetId": "70298952024242622", "Name": null }, "geometry": { "type": "MultiLineString", "coordinates": [ [ [ 71.469285776509608, 51.125904153745594 ], [ 71.467766635532641, 51.126174096891653 ] ] ] } },
{ "type": "Feature", "properties": { "CityId": null, "City": null, "Okato": null, "Oktmo": null, "StreetId": "70298952024242631", "Name": null }, "geometry": { "type": "MultiLineString", "coordinates": [ [ [ 71.467711748468787, 51.129094602702807 ], [ 71.467717587518123, 51.129054519794849 ], [ 71.467751813330452, 51.128997975211504 ], [ 71.467790351056138, 51.128957610341956 ], [ 71.467871648589352, 51.128919895089794 ], [ 71.467957168204407, 51.128887648242895 ], [ 71.468582844799784, 51.128787750525312 ] ] ] } },
{ "type": "Feature", "properties": { "CityId": null, "City": null, "Okato": null, "Oktmo": null, "StreetId": "70298952024242632", "Name": null }, "geometry": { "type": "MultiLineString", "coordinates": [ [ [ 71.467936686615914, 51.129672052043837 ], [ 71.467709682343624, 51.129109034796173 ], [ 71.467711748468787, 51.129094602702807 ] ] ] } },
{ "type": "Feature", "properties": { "CityId": null, "City": null, "Okato": null, "Oktmo": null, "StreetId": "70298952024242633", "Name": null }, "geometry": { "type": "MultiLineString", "coordinates": [ [ [ 71.467706448408606, 51.127809000791864 ], [ 71.468679952681995, 51.12765926338902 ] ] ] } },
{ "type": "Feature", "properties": { "CityId": null, "City": null, "Okato": null, "Oktmo": null, "StreetId": "70298952024242637", "Name": null }, "geometry": { "type": "MultiLineString", "coordinates": [ [ [ 71.468602607736031, 51.12746357797154 ], [ 71.467631349250837, 51.127615683850365 ] ] ] } },
{ "type": "Feature", "properties": { "CityId": null, "City": null, "Okato": null, "Oktmo": null, "StreetId": "70298952024242638", "Name": null }, "geometry": { "type": "MultiLineString", "coordinates": [ [ [ 71.467706448408606, 51.127809000791864 ], [ 71.467631349250837, 51.127615683850365 ] ] ] } },
{ "type": "Feature", "properties": { "CityId": null, "City": null, "Okato": null, "Oktmo": null, "StreetId": "70298952024242648", "Name": null }, "geometry": { "type": "MultiLineString", "coordinates": [ [ [ 71.467631349250837, 51.127615683850365 ], [ 71.467568287517906, 51.127453486422205 ] ] ] } },
{ "type": "Feature", "properties": { "CityId": null, "City": null, "Okato": null, "Oktmo": null, "StreetId": "70298952024242660", "Name": null }, "geometry": { "type": "MultiLineString", "coordinates": [ [ [ 71.467462376145917, 51.125786884719417 ], [ 71.468383598469771, 51.125546820563194 ] ] ] } },
{ "type": "Feature", "properties": { "CityId": null, "City": null, "Okato": null, "Oktmo": null, "StreetId": "70298952024242661", "Name": null }, "geometry": { "type": "MultiLineString", "coordinates": [ [ [ 71.467462376145917, 51.125786884719417 ], [ 71.467559304365068, 51.125934147506399 ], [ 71.469175553224261, 51.125512879968852 ] ] ] } },
{ "type": "Feature", "properties": { "CityId": null, "City": null, "Okato": null, "Oktmo": null, "StreetId": "70298952024242675", "Name": null }, "geometry": { "type": "MultiLineString", "coordinates": [ [ [ 71.467359698708933, 51.136104010162462 ], [ 71.46766425859353, 51.136190117877533 ] ] ] } },
{ "type": "Feature", "properties": { "CityId": null, "City": null, "Okato": null, "Oktmo": null, "StreetId": "70298952024242685", "Name": null }, "geometry": { "type": "MultiLineString", "coordinates": [ [ [ 71.467304991308126, 51.120430755667044 ], [ 71.467203661344072, 51.120656298910937 ], [ 71.466958241608467, 51.120784406983105 ], [ 71.466914044496477, 51.120840510538422 ], [ 71.466920422534997, 51.120902703646259 ], [ 71.467280287637806, 51.121793696711535 ], [ 71.467316310080705, 51.121834688068596 ], [ 71.467357991909907, 51.121857072604499 ], [ 71.467432372415416, 51.121863951477316 ], [ 71.46761796435311, 51.121872747411601 ], [ 71.467896531922733, 51.121954955485442 ] ] ] } },
{ "type": "Feature", "properties": { "CityId": null, "City": null, "Okato": null, "Oktmo": null, "StreetId": "70298952024242686", "Name": null }, "geometry": { "type": "MultiLineString", "coordinates": [ [ [ 71.467304811645064, 51.129159547087468 ], [ 71.467711748468787, 51.129094602702807 ] ] ] } },
{ "type": "Feature", "properties": { "CityId": null, "City": null, "Okato": null, "Oktmo": null, "StreetId": "70298952024242687", "Name": null }, "geometry": { "type": "MultiLineString", "coordinates": [ [ [ 71.467304811645064, 51.129159547087468 ], [ 71.467301937036169, 51.129147877400079 ], [ 71.46727965881712, 51.129120422616673 ], [ 71.467244983847152, 51.129098605354159 ], [ 71.467201325724346, 51.129084567885251 ], [ 71.467152906530529, 51.129079775977196 ], [ 71.467104487336698, 51.129084567885251 ], [ 71.467060829213906, 51.129098605354159 ], [ 71.467026154243939, 51.129120422616673 ], [ 71.46700387602489, 51.129147877400079 ], [ 71.466996240344969, 51.129178376431902 ], [ 71.46700387602489, 51.129208819068353 ], [ 71.467026154243939, 51.129236273799201 ], [ 71.467060829213906, 51.1292580909967 ], [ 71.467104487336698, 51.129272128412865 ], [ 71.467152906530529, 51.129276920300946 ], [ 71.467201325724346, 51.129272128412865 ], [ 71.467244983847152, 51.1292580909967 ], [ 71.46727965881712, 51.129236273799201 ], [ 71.467301937036169, 51.129208819068353 ], [ 71.467309572716061, 51.129178376431902 ], [ 71.467304811645064, 51.129159547087468 ] ] ] } },
{ "type": "Feature", "properties": { "CityId": null, "City": null, "Okato": null, "Oktmo": null, "StreetId": "70298952024242691", "Name": null }, "geometry": { "type": "MultiLineString", "coordinates": [ [ [ 71.467807508878082, 51.12972752468449 ], [ 71.467234024400682, 51.129565785671183 ] ] ] } },
{ "type": "Feature", "properties": { "CityId": null, "City": null, "Okato": null, "Oktmo": null, "StreetId": "70298952024242737", "Name": null }, "geometry": { "type": "MultiLineString", "coordinates": [ [ [ 71.467556339924627, 51.13541514615428 ], [ 71.467324574581326, 51.13534812496043 ], [ 71.466713720188125, 51.135168706096415 ] ] ] } },
{ "type": "Feature", "properties": { "CityId": null, "City": null, "Okato": null, "Oktmo": null, "StreetId": "70298952024242745", "Name": null }, "geometry": { "type": "MultiLineString", "coordinates": [ [ [ 71.466651107612819, 51.127971366101775 ], [ 71.467706448408606, 51.127809000791864 ] ] ] } },
{ "type": "Feature", "properties": { "CityId": null, "City": null, "Okato": null, "Oktmo": null, "StreetId": "70298952024242748", "Name": null }, "geometry": { "type": "MultiLineString", "coordinates": [ [ [ 71.466619127588714, 51.135251679657117 ], [ 71.46724417536339, 51.135436622226933 ], [ 71.467488157794563, 51.135506912610104 ] ] ] } },
{ "type": "Feature", "properties": { "CityId": null, "City": null, "Okato": null, "Oktmo": null, "StreetId": "70298952024242749", "Name": null }, "geometry": { "type": "MultiLineString", "coordinates": [ [ [ 71.466615983485212, 51.134370923484788 ], [ 71.466694496241033, 51.134389919811177 ], [ 71.46729690647058, 51.134559871760366 ], [ 71.467403177168677, 51.134583546609136 ], [ 71.467430216458737, 51.134584561245234 ], [ 71.467454560802935, 51.134578191584879 ], [ 71.467483666218143, 51.134550965504602 ], [ 71.467508639383041, 51.134514269457966 ], [ 71.467514568263923, 51.134497076983685 ], [ 71.46750612410024, 51.134474360360315 ], [ 71.466937041367743, 51.134308692141232 ], [ 71.466915481800953, 51.1342911050072 ], [ 71.466921231018759, 51.134266020782 ], [ 71.467004055687937, 51.134151478708603 ], [ 71.467016182944292, 51.134122110345807 ], [ 71.467009535411194, 51.134104974094775 ], [ 71.466828974039061, 51.134052043331835 ], [ 71.466741478130402, 51.134029101012118 ], [ 71.466687309718779, 51.134038063737897 ], [ 71.46650037030814, 51.134297023754975 ], [ 71.466489680356247, 51.134321544273405 ], [ 71.466515462004921, 51.134344542816784 ], [ 71.466615983485212, 51.134370923484788 ] ] ] } },
{ "type": "Feature", "properties": { "CityId": null, "City": null, "Okato": null, "Oktmo": null, "StreetId": "70298952024242757", "Name": null }, "geometry": { "type": "MultiLineString", "coordinates": [ [ [ 71.467631349250837, 51.127615683850365 ], [ 71.466577086433404, 51.127780812311862 ] ] ] } },
{ "type": "Feature", "properties": { "CityId": null, "City": null, "Okato": null, "Oktmo": null, "StreetId": "70298952024242758", "Name": null }, "geometry": { "type": "MultiLineString", "coordinates": [ [ [ 71.466651107612819, 51.127971366101775 ], [ 71.466577086433404, 51.127780812311862 ] ] ] } },
{ "type": "Feature", "properties": { "CityId": null, "City": null, "Okato": null, "Oktmo": null, "StreetId": "70298952024242763", "Name": null }, "geometry": { "type": "MultiLineString", "coordinates": [ [ [ 71.466577086433404, 51.127780812311862 ], [ 71.466518067119239, 51.127628876108318 ] ] ] } },
{ "type": "Feature", "properties": { "CityId": null, "City": null, "Okato": null, "Oktmo": null, "StreetId": "70298952024242775", "Name": null }, "geometry": { "type": "MultiLineString", "coordinates": [ [ [ 71.467462376145917, 51.125786884719417 ], [ 71.466389518202078, 51.126066525751838 ] ] ] } },
{ "type": "Feature", "properties": { "CityId": null, "City": null, "Okato": null, "Oktmo": null, "StreetId": "70298952024242780", "Name": null }, "geometry": { "type": "MultiLineString", "coordinates": [ [ [ 71.466562443894276, 51.132427789124307 ], [ 71.46630849016347, 51.132777909970542 ] ] ] } },
{ "type": "Feature", "properties": { "CityId": null, "City": null, "Okato": null, "Oktmo": null, "StreetId": "70298952024242781", "Name": null }, "geometry": { "type": "MultiLineString", "coordinates": [ [ [ 71.466307951174286, 51.135161265525269 ], [ 71.466466324158873, 51.135207881811098 ], [ 71.466839663990953, 51.134697523925404 ], [ 71.46760934052638, 51.134920348202371 ], [ 71.4678639230779, 51.135001574796341 ] ] ] } },
{ "type": "Feature", "properties": { "CityId": null, "City": null, "Okato": null, "Oktmo": null, "StreetId": "70298952024242784", "Name": null }, "geometry": { "type": "MultiLineString", "coordinates": [ [ [ 71.466855294676904, 51.1192951850919 ], [ 71.466649041487671, 51.119323265975986 ], [ 71.46628998486861, 51.119376439169592 ] ] ] } },
{ "type": "Feature", "properties": { "CityId": null, "City": null, "Okato": null, "Oktmo": null, "StreetId": "70298952024242788", "Name": null }, "geometry": { "type": "MultiLineString", "coordinates": [ [ [ 71.466267796481091, 51.135259007477984 ], [ 71.46624237415854, 51.135251566921383 ], [ 71.466307951174286, 51.135161265525269 ] ] ] } },
{ "type": "Feature", "properties": { "CityId": null, "City": null, "Okato": null, "Oktmo": null, "StreetId": "70298952024242789", "Name": null }, "geometry": { "type": "MultiLineString", "coordinates": [ [ [ 71.467421951958116, 51.135595973246659 ], [ 71.467241570249072, 51.135544397012879 ], [ 71.466267796481091, 51.135259007477984 ] ] ] } },
{ "type": "Feature", "properties": { "CityId": null, "City": null, "Okato": null, "Oktmo": null, "StreetId": "70298952024242794", "Name": null }, "geometry": { "type": "MultiLineString", "coordinates": [ [ [ 71.466267796481091, 51.135259007477984 ], [ 71.466105201414663, 51.135477714212136 ], [ 71.466101608153522, 51.135496653715627 ], [ 71.466105650572302, 51.135517396972439 ], [ 71.466115262545841, 51.135535998254603 ], [ 71.466131162726384, 51.135551781154803 ], [ 71.4661495781897, 51.135564576573508 ], [ 71.466221802738545, 51.135585827106851 ] ] ] } },
{ "type": "Feature", "properties": { "CityId": null, "City": null, "Okato": null, "Oktmo": null, "StreetId": "70298952024242798", "Name": null }, "geometry": { "type": "MultiLineString", "coordinates": [ [ [ 71.466190002377488, 51.135127219260163 ], [ 71.466307951174286, 51.135161265525269 ] ] ] } },
{ "type": "Feature", "properties": { "CityId": null, "City": null, "Okato": null, "Oktmo": null, "StreetId": "70298952024242802", "Name": null }, "geometry": { "type": "MultiLineString", "coordinates": [ [ [ 71.466214706047793, 51.128321577111613 ], [ 71.466254052257227, 51.128421137580361 ], [ 71.466249111523169, 51.128469451954722 ], [ 71.466161166456857, 51.128508351472618 ] ] ] } },
{ "type": "Feature", "properties": { "CityId": null, "City": null, "Okato": null, "Oktmo": null, "StreetId": "70298952024242817", "Name": null }, "geometry": { "type": "MultiLineString", "coordinates": [ [ [ 71.466590920488784, 51.11863257277151 ], [ 71.466389608033609, 51.118660033789148 ], [ 71.466037019284613, 51.118712249149297 ] ] ] } },
{ "type": "Feature", "properties": { "CityId": null, "City": null, "Okato": null, "Oktmo": null, "StreetId": "70298952024242818", "Name": null }, "geometry": { "type": "MultiLineString", "coordinates": [ [ [ 71.466037019284613, 51.118712249149297 ], [ 71.46628998486861, 51.119376439169592 ] ] ] } },
{ "type": "Feature", "properties": { "CityId": null, "City": null, "Okato": null, "Oktmo": null, "StreetId": "70298952024242826", "Name": null }, "geometry": { "type": "MultiLineString", "coordinates": [ [ [ 71.466000278189469, 51.120210511626787 ], [ 71.466014112244864, 51.1203105406682 ], [ 71.466026149669659, 51.120380741303556 ] ] ] } },
{ "type": "Feature", "properties": { "CityId": null, "City": null, "Okato": null, "Oktmo": null, "StreetId": "70298952024242827", "Name": null }, "geometry": { "type": "MultiLineString", "coordinates": [ [ [ 71.46599578661305, 51.118603307315865 ], [ 71.466037019284613, 51.118712249149297 ] ] ] } },
{ "type": "Feature", "properties": { "CityId": null, "City": null, "Okato": null, "Oktmo": null, "StreetId": "70298952024242828", "Name": null }, "geometry": { "type": "MultiLineString", "coordinates": [ [ [ 71.466161166456857, 51.128508351472618 ], [ 71.465973688057062, 51.128538061662049 ] ] ] } },
{ "type": "Feature", "properties": { "CityId": null, "City": null, "Okato": null, "Oktmo": null, "StreetId": "70298952024242829", "Name": null }, "geometry": { "type": "MultiLineString", "coordinates": [ [ [ 71.465973688057062, 51.128538061662049 ], [ 71.466027676805652, 51.128678888827444 ] ] ] } },
{ "type": "Feature", "properties": { "CityId": null, "City": null, "Okato": null, "Oktmo": null, "StreetId": "70298952024242831", "Name": null }, "geometry": { "type": "MultiLineString", "coordinates": [ [ [ 71.466161166456857, 51.128508351472618 ], [ 71.466118855806968, 51.128781267313819 ], [ 71.465948984386756, 51.129040313186195 ] ] ] } },
{ "type": "Feature", "properties": { "CityId": null, "City": null, "Okato": null, "Oktmo": null, "StreetId": "70298952024242848", "Name": null }, "geometry": { "type": "MultiLineString", "coordinates": [ [ [ 71.466190002377488, 51.135127219260163 ], [ 71.465805164109753, 51.135644843788768 ] ] ] } },
{ "type": "Feature", "properties": { "CityId": null, "City": null, "Okato": null, "Oktmo": null, "StreetId": "70298952024242860", "Name": null }, "geometry": { "type": "MultiLineString", "coordinates": [ [ [ 71.465731412424944, 51.134693465390789 ], [ 71.465817471029169, 51.134718380278244 ], [ 71.465835527166362, 51.134737432830164 ], [ 71.465835437334846, 51.134758120059608 ], [ 71.46578486218435, 51.134827115003041 ], [ 71.465781268923209, 51.134838952360425 ], [ 71.465790252076047, 51.13484690029869 ], [ 71.465959225180981, 51.134894531531202 ], [ 71.466032258213602, 51.13491020191411 ], [ 71.466087414772034, 51.134898195470129 ], [ 71.466152093472502, 51.134853946342098 ], [ 71.466228090945521, 51.134836021205558 ], [ 71.466527319766655, 51.134422162816129 ], [ 71.466560377769127, 51.134387101365611 ], [ 71.466615983485212, 51.134370923484788 ] ] ] } },
{ "type": "Feature", "properties": { "CityId": null, "City": null, "Okato": null, "Oktmo": null, "StreetId": "70298952024242863", "Name": null }, "geometry": { "type": "MultiLineString", "coordinates": [ [ [ 71.465724315734192, 51.125657381030628 ], [ 71.4662687846279, 51.126480459027114 ] ] ] } },
{ "type": "Feature", "properties": { "CityId": null, "City": null, "Okato": null, "Oktmo": null, "StreetId": "70298952024242866", "Name": null }, "geometry": { "type": "MultiLineString", "coordinates": [ [ [ 71.465708505385209, 51.134988384644366 ], [ 71.466190002377488, 51.135127219260163 ] ] ] } },
{ "type": "Feature", "properties": { "CityId": null, "City": null, "Okato": null, "Oktmo": null, "StreetId": "70298952024242885", "Name": null }, "geometry": { "type": "MultiLineString", "coordinates": [ [ [ 71.465549323916846, 51.134942331819282 ], [ 71.465731412424944, 51.134693465390789 ] ] ] } },
{ "type": "Feature", "properties": { "CityId": null, "City": null, "Okato": null, "Oktmo": null, "StreetId": "70298952024242886", "Name": null }, "geometry": { "type": "MultiLineString", "coordinates": [ [ [ 71.465549323916846, 51.134942331819282 ], [ 71.465708505385209, 51.134988384644366 ] ] ] } },
{ "type": "Feature", "properties": { "CityId": null, "City": null, "Okato": null, "Oktmo": null, "StreetId": "70298952024242888", "Name": null }, "geometry": { "type": "MultiLineString", "coordinates": [ [ [ 71.465767704362435, 51.136570161385208 ], [ 71.465584243510378, 51.136822119032928 ] ] ] } },
{ "type": "Feature", "properties": { "CityId": null, "City": null, "Okato": null, "Oktmo": null, "StreetId": "70298952024242897", "Name": null }, "geometry": { "type": "MultiLineString", "coordinates": [ [ [ 71.465492191064783, 51.13638325052905 ], [ 71.465952847142475, 51.135755605552625 ], [ 71.465931467238704, 51.135679847916904 ], [ 71.465805164109753, 51.135644843788768 ] ] ] } },
{ "type": "Feature", "properties": { "CityId": null, "City": null, "Okato": null, "Oktmo": null, "StreetId": "70298952024242921", "Name": null }, "geometry": { "type": "MultiLineString", "coordinates": [ [ [ 71.465331302797395, 51.128174321936498 ], [ 71.466651107612819, 51.127971366101775 ] ] ] } },
{ "type": "Feature", "properties": { "CityId": null, "City": null, "Okato": null, "Oktmo": null, "StreetId": "70298952024242922", "Name": null }, "geometry": { "type": "MultiLineString", "coordinates": [ [ [ 71.465331302797395, 51.128174321936498 ], [ 71.465384123736101, 51.128307877664518 ] ] ] } },
{ "type": "Feature", "properties": { "CityId": null, "City": null, "Okato": null, "Oktmo": null, "StreetId": "70298952024242927", "Name": null }, "geometry": { "type": "MultiLineString", "coordinates": [ [ [ 71.465731412424944, 51.134693465390789 ], [ 71.46637191122251, 51.133816700813142 ], [ 71.466387721571522, 51.133663769810141 ], [ 71.46649066850307, 51.133519237427272 ], [ 71.466488153220283, 51.133477861849038 ], [ 71.466448717179304, 51.133453115402396 ], [ 71.465286297201672, 51.133125153269113 ] ] ] } },
{ "type": "Feature", "properties": { "CityId": null, "City": null, "Okato": null, "Oktmo": null, "StreetId": "70298952024242932", "Name": null }, "geometry": { "type": "MultiLineString", "coordinates": [ [ [ 71.466577086433404, 51.127780812311862 ], [ 71.465257461281041, 51.12798760260138 ] ] ] } },
{ "type": "Feature", "properties": { "CityId": null, "City": null, "Okato": null, "Oktmo": null, "StreetId": "70298952024242933", "Name": null }, "geometry": { "type": "MultiLineString", "coordinates": [ [ [ 71.465257461281041, 51.12798760260138 ], [ 71.4653015685615, 51.127783631160632 ], [ 71.465391400089914, 51.127622167225482 ] ] ] } },
{ "type": "Feature", "properties": { "CityId": null, "City": null, "Okato": null, "Oktmo": null, "StreetId": "70298952024242934", "Name": null }, "geometry": { "type": "MultiLineString", "coordinates": [ [ [ 71.465257461281041, 51.12798760260138 ], [ 71.465331302797395, 51.128174321936498 ] ] ] } },
{ "type": "Feature", "properties": { "CityId": null, "City": null, "Okato": null, "Oktmo": null, "StreetId": "70298952024242955", "Name": null }, "geometry": { "type": "MultiLineString", "coordinates": [ [ [ 71.46599578661305, 51.118603307315865 ], [ 71.465647509777398, 51.11866104877511 ], [ 71.465603582160028, 51.118666180092703 ], [ 71.465567919043238, 51.118657947429028 ], [ 71.465520667659277, 51.118633756922506 ], [ 71.4651438243976, 51.118460814167719 ] ] ] } },
{ "type": "Feature", "properties": { "CityId": null, "City": null, "Okato": null, "Oktmo": null, "StreetId": "70298952024242960", "Name": null }, "geometry": { "type": "MultiLineString", "coordinates": [ [ [ 71.465117863085879, 51.134817419641408 ], [ 71.464875677285278, 51.135148469994796 ], [ 71.465466409416123, 51.135319490139793 ], [ 71.465708505385209, 51.134988384644366 ] ] ] } },
{ "type": "Feature", "properties": { "CityId": null, "City": null, "Okato": null, "Oktmo": null, "StreetId": "70298952024242961", "Name": null }, "geometry": { "type": "MultiLineString", "coordinates": [ [ [ 71.465117863085879, 51.134817419641408 ], [ 71.465549323916846, 51.134942331819282 ] ] ] } },
{ "type": "Feature", "properties": { "CityId": null, "City": null, "Okato": null, "Oktmo": null, "StreetId": "70298952024243003", "Name": null }, "geometry": { "type": "MultiLineString", "coordinates": [ [ [ 71.464685953097273, 51.120508342667193 ], [ 71.464696104059996, 51.12048426590129 ], [ 71.46471999924654, 51.120468365079468 ], [ 71.464760333602811, 51.120455058004517 ], [ 71.466026149669659, 51.120380741303556 ] ] ] } },
{ "type": "Feature", "properties": { "CityId": null, "City": null, "Okato": null, "Oktmo": null, "StreetId": "70298952024243004", "Name": null }, "geometry": { "type": "MultiLineString", "coordinates": [ [ [ 71.466026149669659, 51.120380741303556 ], [ 71.466039175241278, 51.120467406519104 ], [ 71.466025790343565, 51.120493400413487 ], [ 71.466003601956032, 51.120507327721803 ], [ 71.465971082942744, 51.120514263181462 ], [ 71.464781803338099, 51.120585591222451 ], [ 71.464745421569091, 51.120585703993989 ], [ 71.464713711039551, 51.120575047084209 ], [ 71.464696193891513, 51.120554748201648 ], [ 71.464685953097273, 51.120508342667193 ] ] ] } },
{ "type": "Feature", "properties": { "CityId": null, "City": null, "Okato": null, "Oktmo": null, "StreetId": "70298952024243007", "Name": null }, "geometry": { "type": "MultiLineString", "coordinates": [ [ [ 71.464666459655618, 51.133397252646027 ], [ 71.464826898765352, 51.13329629364852 ], [ 71.464788630534258, 51.133212414648526 ] ] ] } },
{ "type": "Feature", "properties": { "CityId": null, "City": null, "Okato": null, "Oktmo": null, "StreetId": "70298952024243009", "Name": null }, "geometry": { "type": "MultiLineString", "coordinates": [ [ [ 71.464685953097273, 51.120508342667193 ], [ 71.464653434083999, 51.12028995973882 ] ] ] } },
{ "type": "Feature", "properties": { "CityId": null, "City": null, "Okato": null, "Oktmo": null, "StreetId": "70298952024243013", "Name": null }, "geometry": { "type": "MultiLineString", "coordinates": [ [ [ 71.464605284384774, 51.13588169890135 ], [ 71.465522733784454, 51.136144312418956 ], [ 71.465815404903992, 51.135742133779765 ], [ 71.464896428368334, 51.13548165994267 ], [ 71.464605284384774, 51.13588169890135 ] ] ] } },
{ "type": "Feature", "properties": { "CityId": null, "City": null, "Okato": null, "Oktmo": null, "StreetId": "70298952024243017", "Name": null }, "geometry": { "type": "MultiLineString", "coordinates": [ [ [ 71.466037019284613, 51.118712249149297 ], [ 71.465578968321225, 51.118781324454083 ], [ 71.465006471990662, 51.118771400171752 ], [ 71.464543749787808, 51.118841828697441 ] ] ] } },
{ "type": "Feature", "properties": { "CityId": null, "City": null, "Okato": null, "Oktmo": null, "StreetId": "70298952024243018", "Name": null }, "geometry": { "type": "MultiLineString", "coordinates": [ [ [ 71.464543749787808, 51.118841828697441 ], [ 71.464643283121291, 51.119099182301099 ] ] ] } },
{ "type": "Feature", "properties": { "CityId": null, "City": null, "Okato": null, "Oktmo": null, "StreetId": "70298952024243029", "Name": null }, "geometry": { "type": "MultiLineString", "coordinates": [ [ [ 71.464653883241638, 51.117534851745297 ], [ 71.46457889913674, 51.117342885489677 ] ] ] } },
{ "type": "Feature", "properties": { "CityId": null, "City": null, "Okato": null, "Oktmo": null, "StreetId": "70298952024243031", "Name": null }, "geometry": { "type": "MultiLineString", "coordinates": [ [ [ 71.464457152194413, 51.136086536445909 ], [ 71.464605284384774, 51.13588169890135 ] ] ] } },
{ "type": "Feature", "properties": { "CityId": null, "City": null, "Okato": null, "Oktmo": null, "StreetId": "70298952024243032", "Name": null }, "geometry": { "type": "MultiLineString", "coordinates": [ [ [ 71.464434155323133, 51.134619904388941 ], [ 71.465117863085879, 51.134817419641408 ] ] ] } },
{ "type": "Feature", "properties": { "CityId": null, "City": null, "Okato": null, "Oktmo": null, "StreetId": "70298952024243051", "Name": null }, "geometry": { "type": "MultiLineString", "coordinates": [ [ [ 71.464769586250227, 51.129654406769191 ], [ 71.46442130941459, 51.129527056168456 ], [ 71.464255929570768, 51.129115179709572 ] ] ] } },
{ "type": "Feature", "properties": { "CityId": null, "City": null, "Okato": null, "Oktmo": null, "StreetId": "70298952024243061", "Name": null }, "geometry": { "type": "MultiLineString", "coordinates": [ [ [ 71.465973688057062, 51.128538061662049 ], [ 71.464136094311868, 51.128816389396462 ] ] ] } },
{ "type": "Feature", "properties": { "CityId": null, "City": null, "Okato": null, "Oktmo": null, "StreetId": "70298952024243062", "Name": null }, "geometry": { "type": "MultiLineString", "coordinates": [ [ [ 71.464255929570768, 51.129115179709572 ], [ 71.464136094311868, 51.128816389396462 ] ] ] } },
{ "type": "Feature", "properties": { "CityId": null, "City": null, "Okato": null, "Oktmo": null, "StreetId": "70298952024243063", "Name": null }, "geometry": { "type": "MultiLineString", "coordinates": [ [ [ 71.464357708692461, 51.12961223848167 ], [ 71.464126392506813, 51.1299885947235 ] ] ] } },
{ "type": "Feature", "properties": { "CityId": null, "City": null, "Okato": null, "Oktmo": null, "StreetId": "70298952024243072", "Name": null }, "geometry": { "type": "MultiLineString", "coordinates": [ [ [ 71.464255929570768, 51.129115179709572 ], [ 71.464078781796729, 51.129142859997344 ] ] ] } },
{ "type": "Feature", "properties": { "CityId": null, "City": null, "Okato": null, "Oktmo": null, "StreetId": "70298952024243077", "Name": null }, "geometry": { "type": "MultiLineString", "coordinates": [ [ [ 71.464024972711229, 51.120498813456898 ], [ 71.4640371897991, 51.120581249518764 ], [ 71.464037459293678, 51.120604424062343 ], [ 71.464019043830334, 51.120626865580071 ], [ 71.4639894892575, 51.120638255491947 ], [ 71.463260955562077, 51.120683871496958 ], [ 71.46321936356442, 51.120684717281549 ], [ 71.463182622469319, 51.120676654134527 ], [ 71.46315926627193, 51.120658385180796 ], [ 71.463146779689467, 51.120584689050304 ], [ 71.463161242565533, 51.120562021968929 ], [ 71.463192863263544, 51.120551590596897 ], [ 71.463231311157713, 51.120545670087388 ], [ 71.464024972711229, 51.120498813456898 ] ] ] } },
{ "type": "Feature", "properties": { "CityId": null, "City": null, "Okato": null, "Oktmo": null, "StreetId": "70298952024243082", "Name": null }, "geometry": { "type": "MultiLineString", "coordinates": [ [ [ 71.463999460557162, 51.120328584215187 ], [ 71.464024972711229, 51.120498813456898 ] ] ] } },
{ "type": "Feature", "properties": { "CityId": null, "City": null, "Okato": null, "Oktmo": null, "StreetId": "70298952024243083", "Name": null }, "geometry": { "type": "MultiLineString", "coordinates": [ [ [ 71.464136094311868, 51.128816389396462 ], [ 71.463962270304407, 51.128847903409358 ] ] ] } },
{ "type": "Feature", "properties": { "CityId": null, "City": null, "Okato": null, "Oktmo": null, "StreetId": "70298952024243100", "Name": null }, "geometry": { "type": "MultiLineString", "coordinates": [ [ [ 71.463855730111689, 51.13445288384009 ], [ 71.463612466332762, 51.1347854587546 ], [ 71.464190622049628, 51.134952872678028 ], [ 71.464434155323133, 51.134619904388941 ] ] ] } },
{ "type": "Feature", "properties": { "CityId": null, "City": null, "Okato": null, "Oktmo": null, "StreetId": "70298952024243101", "Name": null }, "geometry": { "type": "MultiLineString", "coordinates": [ [ [ 71.463855730111689, 51.13445288384009 ], [ 71.464434155323133, 51.134619904388941 ] ] ] } },
{ "type": "Feature", "properties": { "CityId": null, "City": null, "Okato": null, "Oktmo": null, "StreetId": "70298952024243111", "Name": null }, "geometry": { "type": "MultiLineString", "coordinates": [ [ [ 71.463844501170641, 51.12854877311085 ], [ 71.463811353336666, 51.128463419707721 ] ] ] } },
{ "type": "Feature", "properties": { "CityId": null, "City": null, "Okato": null, "Oktmo": null, "StreetId": "70298952024243118", "Name": null }, "geometry": { "type": "MultiLineString", "coordinates": [ [ [ 71.463765090099528, 51.135646365707927 ], [ 71.463924630893985, 51.13542512322865 ] ] ] } },
{ "type": "Feature", "properties": { "CityId": null, "City": null, "Okato": null, "Oktmo": null, "StreetId": "70298952024243119", "Name": null }, "geometry": { "type": "MultiLineString", "coordinates": [ [ [ 71.463765090099528, 51.135646365707927 ], [ 71.464605284384774, 51.13588169890135 ] ] ] } },
{ "type": "Feature", "properties": { "CityId": null, "City": null, "Okato": null, "Oktmo": null, "StreetId": "70298952024243131", "Name": null }, "geometry": { "type": "MultiLineString", "coordinates": [ [ [ 71.463647320965777, 51.126201440668716 ], [ 71.464107258391252, 51.126896756471204 ] ] ] } },
{ "type": "Feature", "properties": { "CityId": null, "City": null, "Okato": null, "Oktmo": null, "StreetId": "70298952024243139", "Name": null }, "geometry": { "type": "MultiLineString", "coordinates": [ [ [ 71.463620102012669, 51.13584697676189 ], [ 71.463765090099528, 51.135646365707927 ] ] ] } },
{ "type": "Feature", "properties": { "CityId": null, "City": null, "Okato": null, "Oktmo": null, "StreetId": "70298952024243166", "Name": null }, "geometry": { "type": "MultiLineString", "coordinates": [ [ [ 71.464666459655618, 51.133397252646027 ], [ 71.463569257367581, 51.133396012503347 ], [ 71.463570694672043, 51.134170813340347 ] ] ] } },
{ "type": "Feature", "properties": { "CityId": null, "City": null, "Okato": null, "Oktmo": null, "StreetId": "70298952024243167", "Name": null }, "geometry": { "type": "MultiLineString", "coordinates": [ [ [ 71.463570694672043, 51.134170813340347 ], [ 71.464664303698939, 51.134172053462223 ], [ 71.464666459655618, 51.133397252646027 ] ] ] } },
{ "type": "Feature", "properties": { "CityId": null, "City": null, "Okato": null, "Oktmo": null, "StreetId": "70298952024243187", "Name": null }, "geometry": { "type": "MultiLineString", "coordinates": [ [ [ 71.465805164109753, 51.135644843788768 ], [ 71.465328697683077, 51.135512774834496 ], [ 71.463464513805476, 51.134987088176239 ] ] ] } },
{ "type": "Feature", "properties": { "CityId": null, "City": null, "Okato": null, "Oktmo": null, "StreetId": "70298952024243188", "Name": null }, "geometry": { "type": "MultiLineString", "coordinates": [ [ [ 71.463841716393262, 51.126043410327476 ], [ 71.463701489377414, 51.125831311673977 ], [ 71.463444930532276, 51.12589857219772 ] ] ] } },
{ "type": "Feature", "properties": { "CityId": null, "City": null, "Okato": null, "Oktmo": null, "StreetId": "70298952024243205", "Name": null }, "geometry": { "type": "MultiLineString", "coordinates": [ [ [ 71.463996046959082, 51.128933425228645 ], [ 71.463292935586196, 51.129041609821293 ] ] ] } },
{ "type": "Feature", "properties": { "CityId": null, "City": null, "Okato": null, "Oktmo": null, "StreetId": "70298952024243206", "Name": null }, "geometry": { "type": "MultiLineString", "coordinates": [ [ [ 71.464543749787808, 51.118841828697441 ], [ 71.464043298343029, 51.118918065058992 ], [ 71.463627198703421, 51.118847072770713 ], [ 71.46327622692192, 51.118900528451462 ] ] ] } },
{ "type": "Feature", "properties": { "CityId": null, "City": null, "Okato": null, "Oktmo": null, "StreetId": "70298952024243210", "Name": null }, "geometry": { "type": "MultiLineString", "coordinates": [ [ [ 71.463247121506697, 51.118082390381396 ], [ 71.465021114529776, 51.117801347673655 ], [ 71.465817650692216, 51.118138553606791 ], [ 71.46599578661305, 51.118603307315865 ] ] ] } },
{ "type": "Feature", "properties": { "CityId": null, "City": null, "Okato": null, "Oktmo": null, "StreetId": "70298952024243211", "Name": null }, "geometry": { "type": "MultiLineString", "coordinates": [ [ [ 71.463779552975595, 51.118358130862909 ], [ 71.463674360255837, 51.118374032411062 ], [ 71.463480503817522, 51.118577255969818 ], [ 71.463240833299707, 51.118614641338475 ] ] ] } },
{ "type": "Feature", "properties": { "CityId": null, "City": null, "Okato": null, "Oktmo": null, "StreetId": "70298952024243222", "Name": null }, "geometry": { "type": "MultiLineString", "coordinates": [ [ [ 71.46319753450301, 51.128796488765438 ], [ 71.463292935586196, 51.129041609821293 ] ] ] } },
{ "type": "Feature", "properties": { "CityId": null, "City": null, "Okato": null, "Oktmo": null, "StreetId": "70298952024243223", "Name": null }, "geometry": { "type": "MultiLineString", "coordinates": [ [ [ 71.463247121506697, 51.118082390381396 ], [ 71.463188461518655, 51.117935666452318 ] ] ] } },
{ "type": "Feature", "properties": { "CityId": null, "City": null, "Okato": null, "Oktmo": null, "StreetId": "70298952024243226", "Name": null }, "geometry": { "type": "MultiLineString", "coordinates": [ [ [ 71.463168339256299, 51.134254408754039 ], [ 71.463855730111689, 51.13445288384009 ] ] ] } },
{ "type": "Feature", "properties": { "CityId": null, "City": null, "Okato": null, "Oktmo": null, "StreetId": "70298952024243236", "Name": null }, "geometry": { "type": "MultiLineString", "coordinates": [ [ [ 71.463464513805476, 51.134987088176239 ], [ 71.46310240291443, 51.135456689099449 ] ] ] } },
{ "type": "Feature", "properties": { "CityId": null, "City": null, "Okato": null, "Oktmo": null, "StreetId": "70298952024243237", "Name": null }, "geometry": { "type": "MultiLineString", "coordinates": [ [ [ 71.46310240291443, 51.135456689099449 ], [ 71.463765090099528, 51.135646365707927 ] ] ] } },
{ "type": "Feature", "properties": { "CityId": null, "City": null, "Okato": null, "Oktmo": null, "StreetId": "70298952024243252", "Name": null }, "geometry": { "type": "MultiLineString", "coordinates": [ [ [ 71.463028291903498, 51.128355628394601 ], [ 71.463089467174342, 51.128513199816027 ], [ 71.463430108330087, 51.128460826405018 ], [ 71.463577521868203, 51.128443011539076 ], [ 71.463674989076537, 51.128435569884175 ], [ 71.463729606645799, 51.128440023602025 ], [ 71.463811353336666, 51.128463419707721 ] ] ] } },
{ "type": "Feature", "properties": { "CityId": null, "City": null, "Okato": null, "Oktmo": null, "StreetId": "70298952024243259", "Name": null }, "geometry": { "type": "MultiLineString", "coordinates": [ [ [ 71.46310240291443, 51.135456689099449 ], [ 71.462964870844431, 51.135647943994428 ] ] ] } },
{ "type": "Feature", "properties": { "CityId": null, "City": null, "Okato": null, "Oktmo": null, "StreetId": "70298952024243260", "Name": null }, "geometry": { "type": "MultiLineString", "coordinates": [ [ [ 71.463811353336666, 51.128463419707721 ], [ 71.463738140640999, 51.128272811571541 ], [ 71.463696009654186, 51.128158874773767 ], [ 71.462945018076653, 51.128265482641993 ] ] ] } },
{ "type": "Feature", "properties": { "CityId": null, "City": null, "Okato": null, "Oktmo": null, "StreetId": "70298952024243261", "Name": null }, "geometry": { "type": "MultiLineString", "coordinates": [ [ [ 71.46628998486861, 51.119376439169592 ], [ 71.462940436668717, 51.119573624911041 ] ] ] } },
{ "type": "Feature", "properties": { "CityId": null, "City": null, "Okato": null, "Oktmo": null, "StreetId": "70298952024243262", "Name": null }, "geometry": { "type": "MultiLineString", "coordinates": [ [ [ 71.46327622692192, 51.118900528451462 ], [ 71.463276765911075, 51.118985335649299 ], [ 71.463256553817175, 51.119056384112753 ], [ 71.463216129629402, 51.119090836939421 ], [ 71.463048773491963, 51.119173839388502 ], [ 71.463011044250024, 51.119206149404782 ], [ 71.462984184623039, 51.119244549237685 ], [ 71.462940436668717, 51.119573624911041 ] ] ] } },
{ "type": "Feature", "properties": { "CityId": null, "City": null, "Okato": null, "Oktmo": null, "StreetId": "70298952024243274", "Name": null }, "geometry": { "type": "MultiLineString", "coordinates": [ [ [ 71.46628998486861, 51.119376439169592 ], [ 71.466473870007277, 51.119859731636481 ], [ 71.466462281740107, 51.119912509506591 ], [ 71.466417365975886, 51.119940815561648 ], [ 71.466340380356058, 51.119961001940922 ], [ 71.462861654418305, 51.120165684562188 ] ] ] } },
{ "type": "Feature", "properties": { "CityId": null, "City": null, "Okato": null, "Oktmo": null, "StreetId": "70298952024243275", "Name": null }, "geometry": { "type": "MultiLineString", "coordinates": [ [ [ 71.462940436668717, 51.119573624911041 ], [ 71.462861654418305, 51.120165684562188 ] ] ] } },
{ "type": "Feature", "properties": { "CityId": null, "City": null, "Okato": null, "Oktmo": null, "StreetId": "70298952024243279", "Name": null }, "geometry": { "type": "MultiLineString", "coordinates": [ [ [ 71.462861654418305, 51.120165684562188 ], [ 71.46284323895496, 51.120304845672223 ] ] ] } },
{ "type": "Feature", "properties": { "CityId": null, "City": null, "Okato": null, "Oktmo": null, "StreetId": "70298952024243292", "Name": null }, "geometry": { "type": "MultiLineString", "coordinates": [ [ [ 71.462769127944028, 51.130429270385363 ], [ 71.463160254418725, 51.129870434076743 ], [ 71.464033327043367, 51.130115831303279 ], [ 71.464086776802773, 51.130124061925073 ], [ 71.464131962061558, 51.130116564166912 ], [ 71.464164031917207, 51.130094916497455 ], [ 71.464430292567428, 51.129660607984697 ] ] ] } },
{ "type": "Feature", "properties": { "CityId": null, "City": null, "Okato": null, "Oktmo": null, "StreetId": "70298952024243295", "Name": null }, "geometry": { "type": "MultiLineString", "coordinates": [ [ [ 71.462852581433921, 51.135722912540551 ], [ 71.462756606861419, 51.135852643610434 ] ] ] } },
{ "type": "Feature", "properties": { "CityId": null, "City": null, "Okato": null, "Oktmo": null, "StreetId": "70298952024243304", "Name": null }, "geometry": { "type": "MultiLineString", "coordinates": [ [ [ 71.462760504117298, 51.11764706668032 ], [ 71.462759518820675, 51.117637753610573 ] ] ] } },
{ "type": "Feature", "properties": { "CityId": null, "City": null, "Okato": null, "Oktmo": null, "StreetId": "70298952024243310", "Name": null }, "geometry": { "type": "MultiLineString", "coordinates": [ [ [ 71.463168339256299, 51.134254408754039 ], [ 71.462915463503805, 51.134601020894479 ], [ 71.462431810554847, 51.13446139553303 ], [ 71.462684686307313, 51.134114725975259 ] ] ] } },
{ "type": "Feature", "properties": { "CityId": null, "City": null, "Okato": null, "Oktmo": null, "StreetId": "70298952024243311", "Name": null }, "geometry": { "type": "MultiLineString", "coordinates": [ [ [ 71.462684686307313, 51.134114725975259 ], [ 71.463168339256299, 51.134254408754039 ] ] ] } },
{ "type": "Feature", "properties": { "CityId": null, "City": null, "Okato": null, "Oktmo": null, "StreetId": "70298952024243331", "Name": null }, "geometry": { "type": "MultiLineString", "coordinates": [ [ [ 71.462769127944028, 51.130429270385363 ], [ 71.462509784321497, 51.130357393805419 ] ] ] } },
{ "type": "Feature", "properties": { "CityId": null, "City": null, "Okato": null, "Oktmo": null, "StreetId": "70298952024243342", "Name": null }, "geometry": { "type": "MultiLineString", "coordinates": [ [ [ 71.462473222889429, 51.135262615020153 ], [ 71.462876027462841, 51.135381551017971 ] ] ] } },
{ "type": "Feature", "properties": { "CityId": null, "City": null, "Okato": null, "Oktmo": null, "StreetId": "70298952024243343", "Name": null }, "geometry": { "type": "MultiLineString", "coordinates": [ [ [ 71.462467294008562, 51.126510508792215 ], [ 71.462555328906404, 51.12664367468291 ] ] ] } },
{ "type": "Feature", "properties": { "CityId": null, "City": null, "Okato": null, "Oktmo": null, "StreetId": "70298952024243358", "Name": null }, "geometry": { "type": "MultiLineString", "coordinates": [ [ [ 71.462372252251512, 51.130996274024987 ], [ 71.462769127944028, 51.130429270385363 ] ] ] } },
{ "type": "Feature", "properties": { "CityId": null, "City": null, "Okato": null, "Oktmo": null, "StreetId": "70298952024243359", "Name": null }, "geometry": { "type": "MultiLineString", "coordinates": [ [ [ 71.46383345189264, 51.13140119988352 ], [ 71.462372252251512, 51.130996274024987 ] ] ] } },
{ "type": "Feature", "properties": { "CityId": null, "City": null, "Okato": null, "Oktmo": null, "StreetId": "70298952024243368", "Name": null }, "geometry": { "type": "MultiLineString", "coordinates": [ [ [ 71.462321677101002, 51.135429350801893 ], [ 71.462464599062713, 51.135288206014273 ], [ 71.462475289014591, 51.135272479391809 ], [ 71.462473222889429, 51.135262615020153 ] ] ] } },
{ "type": "Feature", "properties": { "CityId": null, "City": null, "Okato": null, "Oktmo": null, "StreetId": "70298952024243370", "Name": null }, "geometry": { "type": "MultiLineString", "coordinates": [ [ [ 71.462881776680661, 51.132781292223051 ], [ 71.462300836186415, 51.132613306715449 ] ] ] } },
{ "type": "Feature", "properties": { "CityId": null, "City": null, "Okato": null, "Oktmo": null, "StreetId": "70298952024243386", "Name": null }, "geometry": { "type": "MultiLineString", "coordinates": [ [ [ 71.463570694672043, 51.134170813340347 ], [ 71.462825901469984, 51.133958526532098 ], [ 71.462216753875822, 51.133828425690368 ] ] ] } },
{ "type": "Feature", "properties": { "CityId": null, "City": null, "Okato": null, "Oktmo": null, "StreetId": "70298952024243393", "Name": null }, "geometry": { "type": "MultiLineString", "coordinates": [ [ [ 71.463715413264325, 51.131569866268705 ], [ 71.46314489322738, 51.131411628805559 ], [ 71.462707952673171, 51.131480628749273 ], [ 71.462159531192214, 51.132271809460761 ] ] ] } },
{ "type": "Feature", "properties": { "CityId": null, "City": null, "Okato": null, "Oktmo": null, "StreetId": "70298952024243394", "Name": null }, "geometry": { "type": "MultiLineString", "coordinates": [ [ [ 71.46299182030296, 51.132611897438473 ], [ 71.462183965367942, 51.132390189448763 ], [ 71.462149020903396, 51.132371305042454 ], [ 71.46212764099964, 51.132347910916458 ], [ 71.462123418917813, 51.132323953064301 ], [ 71.462159531192214, 51.132271809460761 ] ] ] } },
{ "type": "Feature", "properties": { "CityId": null, "City": null, "Okato": null, "Oktmo": null, "StreetId": "70298952024243407", "Name": null }, "geometry": { "type": "MultiLineString", "coordinates": [ [ [ 71.462108506884078, 51.133990882577066 ], [ 71.462684686307313, 51.134114725975259 ] ] ] } },
{ "type": "Feature", "properties": { "CityId": null, "City": null, "Okato": null, "Oktmo": null, "StreetId": "70298952024243408", "Name": null }, "geometry": { "type": "MultiLineString", "coordinates": [ [ [ 71.462224479387274, 51.128797954534591 ], [ 71.462096110133174, 51.128467422413756 ] ] ] } },
{ "type": "Feature", "properties": { "CityId": null, "City": null, "Okato": null, "Oktmo": null, "StreetId": "70298952024243410", "Name": null }, "geometry": { "type": "MultiLineString", "coordinates": [ [ [ 71.462088294790192, 51.120074789802089 ], [ 71.462387703274388, 51.120051445833603 ], [ 71.462432439375519, 51.120329091689854 ] ] ] } },
{ "type": "Feature", "properties": { "CityId": null, "City": null, "Okato": null, "Oktmo": null, "StreetId": "70298952024243426", "Name": null }, "geometry": { "type": "MultiLineString", "coordinates": [ [ [ 71.462300836186415, 51.132613306715449 ], [ 71.461942677882632, 51.133175830278923 ] ] ] } },
{ "type": "Feature", "properties": { "CityId": null, "City": null, "Okato": null, "Oktmo": null, "StreetId": "70298952024243440", "Name": null }, "geometry": { "type": "MultiLineString", "coordinates": [ [ [ 71.461820327340931, 51.118713264134122 ], [ 71.462893275116301, 51.11854550939622 ], [ 71.462970709893781, 51.118544776348962 ], [ 71.463053444731443, 51.118555602891789 ], [ 71.463240833299707, 51.118614641338475 ] ] ] } },
{ "type": "Feature", "properties": { "CityId": null, "City": null, "Okato": null, "Oktmo": null, "StreetId": "70298952024243448", "Name": null }, "geometry": { "type": "MultiLineString", "coordinates": [ [ [ 71.46177738787037, 51.133437613635188 ], [ 71.461942677882632, 51.133175830278923 ] ] ] } },
{ "type": "Feature", "properties": { "CityId": null, "City": null, "Okato": null, "Oktmo": null, "StreetId": "70298952024243449", "Name": null }, "geometry": { "type": "MultiLineString", "coordinates": [ [ [ 71.462050206222159, 51.13407250539116 ], [ 71.461368205258438, 51.133862923869565 ], [ 71.461714954958111, 51.13341844780674 ], [ 71.46177738787037, 51.133437613635188 ] ] ] } },
{ "type": "Feature", "properties": { "CityId": null, "City": null, "Okato": null, "Oktmo": null, "StreetId": "70298952024243450", "Name": null }, "geometry": { "type": "MultiLineString", "coordinates": [ [ [ 71.46236901831648, 51.13358868518096 ], [ 71.46177738787037, 51.133437613635188 ] ] ] } },
{ "type": "Feature", "properties": { "CityId": null, "City": null, "Okato": null, "Oktmo": null, "StreetId": "70298952024243451", "Name": null }, "geometry": { "type": "MultiLineString", "coordinates": [ [ [ 71.463464513805476, 51.134987088176239 ], [ 71.462128629146449, 51.134610490827001 ], [ 71.461737233177161, 51.13451054911981 ] ] ] } },
{ "type": "Feature", "properties": { "CityId": null, "City": null, "Okato": null, "Oktmo": null, "StreetId": "70298952024243458", "Name": null }, "geometry": { "type": "MultiLineString", "coordinates": [ [ [ 71.461687107184289, 51.120636620306747 ], [ 71.461702917533302, 51.120742343368299 ], [ 71.461696180168673, 51.120759484577881 ], [ 71.461682346113292, 51.120772678794083 ], [ 71.46165413901339, 51.120780516382268 ], [ 71.461379883357125, 51.120789763606901 ], [ 71.461356796654343, 51.120786944331307 ], [ 71.461339998158522, 51.120777527949521 ], [ 71.461333260793893, 51.120765856144303 ], [ 71.461326343766203, 51.120688607890443 ], [ 71.461334069277655, 51.120673440152437 ], [ 71.461347005017743, 51.120661937477912 ], [ 71.461374673128475, 51.120655114811768 ], [ 71.461687107184289, 51.120636620306747 ] ] ] } },
{ "type": "Feature", "properties": { "CityId": null, "City": null, "Okato": null, "Oktmo": null, "StreetId": "70298952024243461", "Name": null }, "geometry": { "type": "MultiLineString", "coordinates": [ [ [ 71.461661774693283, 51.120466278801018 ], [ 71.461674081612699, 51.120559822923127 ], [ 71.461687107184289, 51.120636620306747 ] ] ] } },
{ "type": "Feature", "properties": { "CityId": null, "City": null, "Okato": null, "Oktmo": null, "StreetId": "70298952024243470", "Name": null }, "geometry": { "type": "MultiLineString", "coordinates": [ [ [ 71.461617218255199, 51.126733203440168 ], [ 71.461717470240913, 51.126884691565564 ] ] ] } },
{ "type": "Feature", "properties": { "CityId": null, "City": null, "Okato": null, "Oktmo": null, "StreetId": "70298952024243472", "Name": null }, "geometry": { "type": "MultiLineString", "coordinates": [ [ [ 71.461575356762964, 51.128581414826357 ], [ 71.461691329266145, 51.128879924781472 ] ] ] } },
{ "type": "Feature", "properties": { "CityId": null, "City": null, "Okato": null, "Oktmo": null, "StreetId": "70298952024243473", "Name": null }, "geometry": { "type": "MultiLineString", "coordinates": [ [ [ 71.462159531192214, 51.132271809460761 ], [ 71.461563229506623, 51.132108219092174 ] ] ] } },
{ "type": "Feature", "properties": { "CityId": null, "City": null, "Okato": null, "Oktmo": null, "StreetId": "70298952024243480", "Name": null }, "geometry": { "type": "MultiLineString", "coordinates": [ [ [ 71.462473222889429, 51.135262615020153 ], [ 71.462457322708929, 51.135253596164212 ], [ 71.462398303394735, 51.135226765057396 ], [ 71.462355363924161, 51.13520568346253 ], [ 71.461711541360032, 51.134906256134741 ], [ 71.461522625655789, 51.134809020750893 ] ] ] } },
{ "type": "Feature", "properties": { "CityId": null, "City": null, "Okato": null, "Oktmo": null, "StreetId": "70298952024243514", "Name": null }, "geometry": { "type": "MultiLineString", "coordinates": [ [ [ 71.462300836186415, 51.132613306715449 ], [ 71.460871526737847, 51.13219999212015 ], [ 71.460840804355144, 51.132208165998925 ], [ 71.460810890456173, 51.132222315261536 ], [ 71.460796247917031, 51.132243454590025 ], [ 71.460792654655904, 51.132265157623863 ], [ 71.461028192923408, 51.132874529553135 ], [ 71.461065652670754, 51.132914101809256 ], [ 71.461116497315842, 51.13293676282953 ], [ 71.461325265787849, 51.132997192162591 ] ] ] } },
{ "type": "Feature", "properties": { "CityId": null, "City": null, "Okato": null, "Oktmo": null, "StreetId": "70298952024243515", "Name": null }, "geometry": { "type": "MultiLineString", "coordinates": [ [ [ 71.461942677882632, 51.133175830278923 ], [ 71.461325265787849, 51.132997192162591 ] ] ] } },
{ "type": "Feature", "properties": { "CityId": null, "City": null, "Okato": null, "Oktmo": null, "StreetId": "70298952024243523", "Name": null }, "geometry": { "type": "MultiLineString", "coordinates": [ [ [ 71.461325265787849, 51.132997192162591 ], [ 71.461345657544825, 51.132969232331753 ], [ 71.461344579566457, 51.132944316500492 ], [ 71.46132823022829, 51.132926897958882 ], [ 71.461300831612135, 51.132912974395026 ], [ 71.461264539674644, 51.132902433070583 ] ] ] } },
{ "type": "Feature", "properties": { "CityId": null, "City": null, "Okato": null, "Oktmo": null, "StreetId": "70298952024243528", "Name": null }, "geometry": { "type": "MultiLineString", "coordinates": [ [ [ 71.463292935586196, 51.129041609821293 ], [ 71.461241452971862, 51.129357198446172 ] ] ] } },
{ "type": "Feature", "properties": { "CityId": null, "City": null, "Okato": null, "Oktmo": null, "StreetId": "70298952024243529", "Name": null }, "geometry": { "type": "MultiLineString", "coordinates": [ [ [ 71.461241452971862, 51.129357198446172 ], [ 71.461818171384266, 51.130841698857211 ], [ 71.462038528123443, 51.130903822126861 ], [ 71.462372252251512, 51.130996274024987 ] ] ] } },
{ "type": "Feature", "properties": { "CityId": null, "City": null, "Okato": null, "Oktmo": null, "StreetId": "70298952024243546", "Name": null }, "geometry": { "type": "MultiLineString", "coordinates": [ [ [ 71.461144884078792, 51.129112642818825 ], [ 71.461241452971862, 51.129357198446172 ] ] ] } },
{ "type": "Feature", "properties": { "CityId": null, "City": null, "Okato": null, "Oktmo": null, "StreetId": "70298952024243548", "Name": null }, "geometry": { "type": "MultiLineString", "coordinates": [ [ [ 71.46112530080562, 51.119029430819623 ], [ 71.461129433055916, 51.11903941143418 ], [ 71.461152250264149, 51.119063432565461 ], [ 71.461209293284682, 51.119084972630311 ], [ 71.46132077421143, 51.119089201699452 ], [ 71.462799670663685, 51.118856827873188 ], [ 71.463032783479917, 51.118864722174258 ], [ 71.46327622692192, 51.118900528451462 ] ] ] } },
{ "type": "Feature", "properties": { "CityId": null, "City": null, "Okato": null, "Oktmo": null, "StreetId": "70298952024243558", "Name": null }, "geometry": { "type": "MultiLineString", "coordinates": [ [ [ 71.462655401229057, 51.117660825678712 ], [ 71.462653080223248, 51.117655004181515 ] ] ] } },
{ "type": "Feature", "properties": { "CityId": null, "City": null, "Okato": null, "Oktmo": null, "StreetId": "70298952024243564", "Name": null }, "geometry": { "type": "MultiLineString", "coordinates": [ [ [ 71.461080564704474, 51.118916204261737 ], [ 71.461168150444678, 51.118904419210615 ], [ 71.461278014403902, 51.118900866778361 ], [ 71.461372068014171, 51.11892065889748 ], [ 71.461482740457171, 51.118962385844512 ], [ 71.463191964948265, 51.118693077209656 ], [ 71.463233467114378, 51.118677006607072 ], [ 71.463252241903831, 51.118668661169131 ], [ 71.463259608089146, 51.118662063761057 ], [ 71.463264369160171, 51.118652477781822 ], [ 71.463264369160171, 51.118642158754874 ], [ 71.463255835164958, 51.118627779779082 ], [ 71.463240833299707, 51.118614641338475 ] ] ] } },
{ "type": "Feature", "properties": { "CityId": null, "City": null, "Okato": null, "Oktmo": null, "StreetId": "70298952024243565", "Name": null }, "geometry": { "type": "MultiLineString", "coordinates": [ [ [ 71.461080564704474, 51.118916204261737 ], [ 71.46112530080562, 51.119029430819623 ] ] ] } },
{ "type": "Feature", "properties": { "CityId": null, "City": null, "Okato": null, "Oktmo": null, "StreetId": "70298952024243603", "Name": null }, "geometry": { "type": "MultiLineString", "coordinates": [ [ [ 71.460897488049554, 51.118454611448492 ], [ 71.463247121506697, 51.118082390381396 ] ] ] } },
{ "type": "Feature", "properties": { "CityId": null, "City": null, "Okato": null, "Oktmo": null, "StreetId": "70298952024243604", "Name": null }, "geometry": { "type": "MultiLineString", "coordinates": [ [ [ 71.460897488049554, 51.118454611448492 ], [ 71.461080564704474, 51.118916204261737 ] ] ] } },
{ "type": "Feature", "properties": { "CityId": null, "City": null, "Okato": null, "Oktmo": null, "StreetId": "70298952024243607", "Name": null }, "geometry": { "type": "MultiLineString", "coordinates": [ [ [ 71.461756097798116, 51.134484168531564 ], [ 71.461564397316494, 51.13442988535067 ], [ 71.461694114043524, 51.134248433631718 ], [ 71.46176247583665, 51.134127634530635 ], [ 71.461759062238556, 51.134115458775433 ], [ 71.461746126498468, 51.134108638096336 ], [ 71.461365689975636, 51.134001254544863 ], [ 71.461346376197042, 51.134006666005412 ], [ 71.461330026858874, 51.134016023321081 ], [ 71.461052986425244, 51.134404575725306 ], [ 71.461029450564808, 51.134413763853722 ], [ 71.461006992682698, 51.134417653306301 ], [ 71.460876557303436, 51.134432929269039 ] ] ] } },
{ "type": "Feature", "properties": { "CityId": null, "City": null, "Okato": null, "Oktmo": null, "StreetId": "70298952024243608", "Name": null }, "geometry": { "type": "MultiLineString", "coordinates": [ [ [ 71.460876557303436, 51.134432929269039 ], [ 71.461032684499827, 51.134278421973697 ], [ 71.461315294488202, 51.133950747549257 ], [ 71.461279272045303, 51.133883160534566 ], [ 71.461178211575842, 51.133742969305452 ] ] ] } },
{ "type": "Feature", "properties": { "CityId": null, "City": null, "Okato": null, "Oktmo": null, "StreetId": "70298952024243615", "Name": null }, "geometry": { "type": "MultiLineString", "coordinates": [ [ [ 71.460838109409295, 51.118304956497312 ], [ 71.460897488049554, 51.118454611448492 ] ] ] } },
{ "type": "Feature", "properties": { "CityId": null, "City": null, "Okato": null, "Oktmo": null, "StreetId": "70298952024243622", "Name": null }, "geometry": { "type": "MultiLineString", "coordinates": [ [ [ 71.460760764463316, 51.134547583381718 ], [ 71.460876557303436, 51.134432929269039 ] ] ] } },
{ "type": "Feature", "properties": { "CityId": null, "City": null, "Okato": null, "Oktmo": null, "StreetId": "70298952024243641", "Name": null }, "geometry": { "type": "MultiLineString", "coordinates": [ [ [ 71.460702284138321, 51.126865635773598 ], [ 71.460586131972079, 51.126687988056759 ], [ 71.460579125112872, 51.126670116128658 ], [ 71.460582179384843, 51.126651905923509 ], [ 71.460596821923971, 51.126637360305565 ], [ 71.460622244246508, 51.126628170629857 ], [ 71.461982293586672, 51.126271970625098 ], [ 71.462008165066848, 51.126267065667577 ], [ 71.462037899302743, 51.126269377199336 ], [ 71.462057931733582, 51.126280822098821 ], [ 71.462070328484515, 51.126296890056345 ], [ 71.462189085765075, 51.126476343391722 ] ] ] } },
{ "type": "Feature", "properties": { "CityId": null, "City": null, "Okato": null, "Oktmo": null, "StreetId": "70298952024243691", "Name": null }, "geometry": { "type": "MultiLineString", "coordinates": [ [ [ 71.460420213139116, 51.127046665479732 ], [ 71.460776934138437, 51.127585578427087 ] ] ] } },
{ "type": "Feature", "properties": { "CityId": null, "City": null, "Okato": null, "Oktmo": null, "StreetId": "70298952024243730", "Name": null }, "geometry": { "type": "MultiLineString", "coordinates": [ [ [ 71.460168505196506, 51.119262762363135 ], [ 71.460576160672446, 51.120308567154829 ], [ 71.460624939192371, 51.120437127278805 ] ] ] } },
{ "type": "Feature", "properties": { "CityId": null, "City": null, "Okato": null, "Oktmo": null, "StreetId": "70298952024243751", "Name": null }, "geometry": { "type": "MultiLineString", "coordinates": [ [ [ 71.46050725989015, 51.12906201772541 ], [ 71.46032256626772, 51.128600018902603 ], [ 71.460204527639391, 51.128382688998954 ], [ 71.460168415364961, 51.128373161412988 ], [ 71.460117121562249, 51.128370737233979 ], [ 71.460056844606683, 51.128385507810997 ] ] ] } },
{ "type": "Feature", "properties": { "CityId": null, "City": null, "Okato": null, "Oktmo": null, "StreetId": "70298952024243754", "Name": null }, "geometry": { "type": "MultiLineString", "coordinates": [ [ [ 71.460027110370788, 51.129842134105971 ], [ 71.460246389131626, 51.130407961105092 ], [ 71.460252497675569, 51.130417206402505 ], [ 71.460267499540805, 51.130424140374352 ], [ 71.460291125232771, 51.130423858505601 ], [ 71.460447342260693, 51.130400237897916 ], [ 71.46063221554617, 51.130866446703315 ] ] ] } },
{ "type": "Feature", "properties": { "CityId": null, "City": null, "Okato": null, "Oktmo": null, "StreetId": "70298952024243756", "Name": null }, "geometry": { "type": "MultiLineString", "coordinates": [ [ [ 71.46174118576441, 51.135301114241599 ], [ 71.46155586332128, 51.135424446816884 ], [ 71.461539825869323, 51.135435461556 ] ] ] } },
{ "type": "Feature", "properties": { "CityId": null, "City": null, "Okato": null, "Oktmo": null, "StreetId": "70298952024243759", "Name": null }, "geometry": { "type": "MultiLineString", "coordinates": [ [ [ 71.459995848998901, 51.129402411216539 ], [ 71.460012916989285, 51.129510989334655 ], [ 71.460006898276887, 51.129657112754245 ], [ 71.460006898276887, 51.129702550729512 ], [ 71.460012557663177, 51.129765972146316 ], [ 71.460023966267286, 51.129809042285494 ], [ 71.460027110370788, 51.129842134105971 ] ] ] } },
{ "type": "Feature", "properties": { "CityId": null, "City": null, "Okato": null, "Oktmo": null, "StreetId": "70298952024243760", "Name": null }, "geometry": { "type": "MultiLineString", "coordinates": [ [ [ 71.459995759167356, 51.12034561280619 ], [ 71.460033039251655, 51.120247613742954 ], [ 71.460025044245626, 51.120197091705101 ] ] ] } },
{ "type": "Feature", "properties": { "CityId": null, "City": null, "Okato": null, "Oktmo": null, "StreetId": "70298952024243761", "Name": null }, "geometry": { "type": "MultiLineString", "coordinates": [ [ [ 71.46001471361987, 51.120473101495058 ], [ 71.459995759167356, 51.12034561280619 ] ] ] } },
{ "type": "Feature", "properties": { "CityId": null, "City": null, "Okato": null, "Oktmo": null, "StreetId": "70298952024243779", "Name": null }, "geometry": { "type": "MultiLineString", "coordinates": [ [ [ 71.459995759167356, 51.12034561280619 ], [ 71.459945094185343, 51.120255113103248 ], [ 71.459936919516267, 51.120203406962844 ] ] ] } },
{ "type": "Feature", "properties": { "CityId": null, "City": null, "Okato": null, "Oktmo": null, "StreetId": "70298952024243793", "Name": null }, "geometry": { "type": "MultiLineString", "coordinates": [ [ [ 71.459882751104615, 51.129980758697613 ], [ 71.460013545809986, 51.129888304766482 ], [ 71.460027110370788, 51.129842134105971 ] ] ] } },
{ "type": "Feature", "properties": { "CityId": null, "City": null, "Okato": null, "Oktmo": null, "StreetId": "70298952024243826", "Name": null }, "geometry": { "type": "MultiLineString", "coordinates": [ [ [ 71.459668143583244, 51.120755650360501 ], [ 71.459680719997237, 51.120842484029076 ], [ 71.459669760550753, 51.120870845899752 ], [ 71.459642272103068, 51.120888268988608 ], [ 71.459600410610832, 51.12089650125484 ], [ 71.458140109284955, 51.120982488879541 ], [ 71.458103188526792, 51.120978992992363 ], [ 71.458080281487042, 51.120969294723274 ], [ 71.4580656389479, 51.120948544931416 ], [ 71.458059171077863, 51.12089142657036 ], [ 71.45806554911637, 51.12087265023289 ], [ 71.458089444302928, 51.120854155814946 ], [ 71.458128880343907, 51.120846374624698 ], [ 71.459668143583244, 51.120755650360501 ] ] ] } },
{ "type": "Feature", "properties": { "CityId": null, "City": null, "Okato": null, "Oktmo": null, "StreetId": "70298952024243829", "Name": null }, "geometry": { "type": "MultiLineString", "coordinates": [ [ [ 71.459643350081407, 51.120585252907915 ], [ 71.459668143583244, 51.120755650360501 ] ] ] } },
{ "type": "Feature", "properties": { "CityId": null, "City": null, "Okato": null, "Oktmo": null, "StreetId": "70298952024243835", "Name": null }, "geometry": { "type": "MultiLineString", "coordinates": [ [ [ 71.46112530080562, 51.119029430819623 ], [ 71.460328674811663, 51.119155626228007 ], [ 71.459616849780531, 51.119267047803355 ] ] ] } },
{ "type": "Feature", "properties": { "CityId": null, "City": null, "Okato": null, "Oktmo": null, "StreetId": "70298952024243836", "Name": null }, "geometry": { "type": "MultiLineString", "coordinates": [ [ [ 71.459616849780531, 51.119267047803355 ], [ 71.459729498517163, 51.119545544179125 ], [ 71.459628438047687, 51.119561783640627 ] ] ] } },
{ "type": "Feature", "properties": { "CityId": null, "City": null, "Okato": null, "Oktmo": null, "StreetId": "70298952024243841", "Name": null }, "geometry": { "type": "MultiLineString", "coordinates": [ [ [ 71.459590978300341, 51.132314313548513 ], [ 71.460069780346785, 51.132236971863634 ] ] ] } },
{ "type": "Feature", "properties": { "CityId": null, "City": null, "Okato": null, "Oktmo": null, "StreetId": "70298952024243842", "Name": null }, "geometry": { "type": "MultiLineString", "coordinates": [ [ [ 71.459882751104615, 51.129980758697613 ], [ 71.460647576737529, 51.131848795823956 ], [ 71.460652876797695, 51.131961652453086 ], [ 71.460632934198387, 51.132028058472592 ], [ 71.460562236785535, 51.132077271021345 ], [ 71.460482107062177, 51.132101059886395 ], [ 71.459560884738309, 51.132237422835942 ], [ 71.459590978300341, 51.132314313548513 ] ] ] } },
{ "type": "Feature", "properties": { "CityId": null, "City": null, "Okato": null, "Oktmo": null, "StreetId": "70298952024243843", "Name": null }, "geometry": { "type": "MultiLineString", "coordinates": [ [ [ 71.460876557303436, 51.134432929269039 ], [ 71.460537712778276, 51.134066079290861 ], [ 71.460255282452948, 51.133739079796044 ], [ 71.460069241357616, 51.133464502151696 ], [ 71.459890476616067, 51.13308022599589 ], [ 71.459590978300341, 51.132314313548513 ] ] ] } },
{ "type": "Feature", "properties": { "CityId": null, "City": null, "Okato": null, "Oktmo": null, "StreetId": "70298952024243934", "Name": null }, "geometry": { "type": "MultiLineString", "coordinates": [ [ [ 71.459006893702607, 51.130515409386362 ], [ 71.458857234376268, 51.13014119965343 ], [ 71.459882751104615, 51.129980758697613 ] ] ] } },
{ "type": "Feature", "properties": { "CityId": null, "City": null, "Okato": null, "Oktmo": null, "StreetId": "70298952024243981", "Name": null }, "geometry": { "type": "MultiLineString", "coordinates": [ [ [ 71.458635260669567, 51.12935003881389 ], [ 71.458666701704502, 51.129290506710333 ], [ 71.458700927516844, 51.129255779614482 ], [ 71.458773152065675, 51.129225900761128 ], [ 71.459644068733638, 51.129081128986577 ], [ 71.459706771140446, 51.129083496752891 ], [ 71.459788517831328, 51.129099056357106 ], [ 71.459897124149165, 51.129155882693198 ] ] ] } },
{ "type": "Feature", "properties": { "CityId": null, "City": null, "Okato": null, "Oktmo": null, "StreetId": "70298952024244007", "Name": null }, "geometry": { "type": "MultiLineString", "coordinates": [ [ [ 71.458410771680064, 51.127716711644268 ], [ 71.458208830404189, 51.127611906579247 ], [ 71.458125915903466, 51.127561279840805 ], [ 71.458110644543652, 51.12754825669532 ], [ 71.458103907179009, 51.127530666986523 ], [ 71.458111093701291, 51.127513866553265 ], [ 71.458180174146619, 51.127459744310606 ], [ 71.458332618250353, 51.127361760339099 ], [ 71.458494135338427, 51.127274206016111 ], [ 71.458655293100392, 51.127197757933189 ], [ 71.45882022378656, 51.127129089857036 ], [ 71.458971679743456, 51.127071810004402 ], [ 71.459168320959165, 51.12700748284113 ], [ 71.459189880525969, 51.127001450403171 ], [ 71.459215752006159, 51.127001450403171 ], [ 71.459236862415352, 51.127008779533305 ], [ 71.459250786302235, 51.12702073165071 ], [ 71.459375741958269, 51.127197701555502 ] ] ] } },
{ "type": "Feature", "properties": { "CityId": null, "City": null, "Okato": null, "Oktmo": null, "StreetId": "70298952024244065", "Name": null }, "geometry": { "type": "MultiLineString", "coordinates": [ [ [ 71.45801012306336, 51.128168346027437 ], [ 71.457736496227795, 51.128135196631092 ], [ 71.457650617286646, 51.128112420501445 ], [ 71.457614684675278, 51.128108530517771 ], [ 71.457577494422509, 51.128113040643711 ], [ 71.457553329741359, 51.128130855636932 ], [ 71.457538866865292, 51.128152391474003 ], [ 71.457477511931387, 51.128293839955255 ], [ 71.457429272400631, 51.128436020893602 ], [ 71.457399358501675, 51.128583951746293 ], [ 71.457392261810938, 51.128732615010769 ], [ 71.457407173844643, 51.128948477503457 ], [ 71.457414001040803, 51.128972606233368 ], [ 71.457437536901253, 51.128992732290492 ], [ 71.457471852545083, 51.129001414116352 ], [ 71.457512636058993, 51.129001470491843 ], [ 71.457598604831688, 51.128994479930896 ], [ 71.457888131847767, 51.128967645187132 ] ] ] } },
{ "type": "Feature", "properties": { "CityId": null, "City": null, "Okato": null, "Oktmo": null, "StreetId": "70298952024244090", "Name": null }, "geometry": { "type": "MultiLineString", "coordinates": [ [ [ 71.457686010908844, 51.120609104078248 ], [ 71.457603276071154, 51.120019925818774 ] ] ] } },
{ "type": "Feature", "properties": { "CityId": null, "City": null, "Okato": null, "Oktmo": null, "StreetId": "70298952024244092", "Name": null }, "geometry": { "type": "MultiLineString", "coordinates": [ [ [ 71.457603276071154, 51.120019925818774 ], [ 71.457555485698052, 51.120022575981864 ] ] ] } },
{ "type": "Feature", "properties": { "CityId": null, "City": null, "Okato": null, "Oktmo": null, "StreetId": "70298952024244093", "Name": null }, "geometry": { "type": "MultiLineString", "coordinates": [ [ [ 71.459616849780531, 51.119267047803355 ], [ 71.457543178778664, 51.119591725132814 ] ] ] } },
{ "type": "Feature", "properties": { "CityId": null, "City": null, "Okato": null, "Oktmo": null, "StreetId": "70298952024244094", "Name": null }, "geometry": { "type": "MultiLineString", "coordinates": [ [ [ 71.457603276071154, 51.120019925818774 ], [ 71.457543178778664, 51.119591725132814 ] ] ] } },
{ "type": "Feature", "properties": { "CityId": null, "City": null, "Okato": null, "Oktmo": null, "StreetId": "70298952024244133", "Name": null }, "geometry": { "type": "MultiLineString", "coordinates": [ [ [ 71.457543178778664, 51.119591725132814 ], [ 71.457142170835837, 51.119654540177656 ] ] ] } },
{ "type": "Feature", "properties": { "CityId": null, "City": null, "Okato": null, "Oktmo": null, "StreetId": "70298952024244136", "Name": null }, "geometry": { "type": "MultiLineString", "coordinates": [ [ [ 71.457064197069158, 51.119457354781545 ], [ 71.457177384794974, 51.119439649217249 ] ] ] } },
{ "type": "Feature", "properties": { "CityId": null, "City": null, "Okato": null, "Oktmo": null, "StreetId": "70298952024244137", "Name": null }, "geometry": { "type": "MultiLineString", "coordinates": [ [ [ 71.457064197069158, 51.119457354781545 ], [ 71.457142170835837, 51.119654540177656 ] ] ] } },
{ "type": "Feature", "properties": { "CityId": null, "City": null, "Okato": null, "Oktmo": null, "StreetId": "70298952024244141", "Name": null }, "geometry": { "type": "MultiLineString", "coordinates": [ [ [ 71.457047218910304, 51.119414387763435 ], [ 71.457156274385781, 51.119397302441975 ] ] ] } },
{ "type": "Feature", "properties": { "CityId": null, "City": null, "Okato": null, "Oktmo": null, "StreetId": "70298952024244142", "Name": null }, "geometry": { "type": "MultiLineString", "coordinates": [ [ [ 71.457047218910304, 51.119414387763435 ], [ 71.457064197069158, 51.119457354781545 ] ] ] } },
{ "type": "Feature", "properties": { "CityId": null, "City": null, "Okato": null, "Oktmo": null, "StreetId": "70298952024244153", "Name": null }, "geometry": { "type": "MultiLineString", "coordinates": [ [ [ 71.456927203988343, 51.119110798139836 ], [ 71.457047218910304, 51.119414387763435 ] ] ] } },
{ "type": "Feature", "properties": { "CityId": null, "City": null, "Okato": null, "Oktmo": null, "StreetId": "70298952024244157", "Name": null }, "geometry": { "type": "MultiLineString", "coordinates": [ [ [ 71.457064197069158, 51.119457354781545 ], [ 71.456907980041265, 51.119481826792381 ] ] ] } },
{ "type": "Feature", "properties": { "CityId": null, "City": null, "Okato": null, "Oktmo": null, "StreetId": "70298952024244158", "Name": null }, "geometry": { "type": "MultiLineString", "coordinates": [ [ [ 71.457142170835837, 51.119654540177656 ], [ 71.45698595380793, 51.119679068470901 ], [ 71.456907980041265, 51.119481826792381 ] ] ] } },
{ "type": "Feature", "properties": { "CityId": null, "City": null, "Okato": null, "Oktmo": null, "StreetId": "70298952024244159", "Name": null }, "geometry": { "type": "MultiLineString", "coordinates": [ [ [ 71.457047218910304, 51.119414387763435 ], [ 71.456891001882383, 51.119438859797022 ] ] ] } },
{ "type": "Feature", "properties": { "CityId": null, "City": null, "Okato": null, "Oktmo": null, "StreetId": "70298952024244160", "Name": null }, "geometry": { "type": "MultiLineString", "coordinates": [ [ [ 71.456907980041265, 51.119481826792381 ], [ 71.456891001882383, 51.119438859797022 ] ] ] } },
{ "type": "Feature", "properties": { "CityId": null, "City": null, "Okato": null, "Oktmo": null, "StreetId": "70298952024244166", "Name": null }, "geometry": { "type": "MultiLineString", "coordinates": [ [ [ 71.456854350618798, 51.120917532996849 ], [ 71.456868993157926, 51.121021733014416 ], [ 71.45685983034204, 51.121041636995386 ], [ 71.456841145384118, 51.121054154508741 ], [ 71.456801619511623, 51.121063401678612 ], [ 71.456618632688247, 51.121069998743778 ], [ 71.456409415058573, 51.121067461411137 ], [ 71.456203521195448, 51.121058157856908 ], [ 71.455977415238451, 51.121035434622627 ], [ 71.455947321676419, 51.121026638528946 ], [ 71.455936362229963, 51.121012880532888 ], [ 71.455939775828043, 51.120991510522707 ], [ 71.455961784552514, 51.120919280942822 ], [ 71.455975528776349, 51.120902196177887 ], [ 71.456002118908756, 51.120892046809587 ], [ 71.456036883710254, 51.120890975487264 ], [ 71.456127793217007, 51.120902139792513 ], [ 71.456350216081347, 51.120918040465043 ], [ 71.456581981424648, 51.12092350984404 ], [ 71.456854350618798, 51.120917532996849 ] ] ] } },
{ "type": "Feature", "properties": { "CityId": null, "City": null, "Okato": null, "Oktmo": null, "StreetId": "70298952024244171", "Name": null }, "geometry": { "type": "MultiLineString", "coordinates": [ [ [ 71.456833330041164, 51.120739467704219 ], [ 71.456854350618798, 51.120917532996849 ] ] ] } },
{ "type": "Feature", "properties": { "CityId": null, "City": null, "Okato": null, "Oktmo": null, "StreetId": "70298952024244181", "Name": null }, "geometry": { "type": "MultiLineString", "coordinates": [ [ [ 71.456891001882383, 51.119438859797022 ], [ 71.45669921156923, 51.118953984070366 ] ] ] } },
{ "type": "Feature", "properties": { "CityId": null, "City": null, "Okato": null, "Oktmo": null, "StreetId": "70298952024244193", "Name": null }, "geometry": { "type": "MultiLineString", "coordinates": [ [ [ 71.45668600633455, 51.119582082959482 ], [ 71.456544431845785, 51.119183538034498 ] ] ] } },
{ "type": "Feature", "properties": { "CityId": null, "City": null, "Okato": null, "Oktmo": null, "StreetId": "70298952024244198", "Name": null }, "geometry": { "type": "MultiLineString", "coordinates": [ [ [ 71.456544431845785, 51.119183538034498 ], [ 71.456475351400428, 51.118989057238196 ] ] ] } },
{ "type": "Feature", "properties": { "CityId": null, "City": null, "Okato": null, "Oktmo": null, "StreetId": "70298952024244246", "Name": null }, "geometry": { "type": "MultiLineString", "coordinates": [ [ [ 71.45668600633455, 51.119582082959482 ], [ 71.455937979197472, 51.119687357339473 ] ] ] } },
{ "type": "Feature", "properties": { "CityId": null, "City": null, "Okato": null, "Oktmo": null, "StreetId": "70298952024244259", "Name": null }, "geometry": { "type": "MultiLineString", "coordinates": [ [ [ 71.455813113372983, 51.120056858928791 ], [ 71.45598828485339, 51.119960889167864 ], [ 71.456333417585554, 51.119827083757187 ], [ 71.456545869150233, 51.119815298938441 ] ] ] } },
{ "type": "Feature", "properties": { "CityId": null, "City": null, "Okato": null, "Oktmo": null, "StreetId": "70298952024244260", "Name": null }, "geometry": { "type": "MultiLineString", "coordinates": [ [ [ 71.455813113372983, 51.120056858928791 ], [ 71.455895938042175, 51.120076932484587 ] ] ] } },
{ "type": "Feature", "properties": { "CityId": null, "City": null, "Okato": null, "Oktmo": null, "StreetId": "70298952024244269", "Name": null }, "geometry": { "type": "MultiLineString", "coordinates": [ [ [ 71.455733881964917, 51.120114373026048 ], [ 71.455769634913224, 51.120050092559708 ], [ 71.455955316682449, 51.119948314971744 ], [ 71.456201814396408, 51.119842477319736 ], [ 71.456409325227057, 51.119770640650614 ], [ 71.456572549114156, 51.119728068631524 ], [ 71.456728496647486, 51.119701679598649 ], [ 71.45668600633455, 51.119582082959482 ] ] ] } },
{ "type": "Feature", "properties": { "CityId": null, "City": null, "Okato": null, "Oktmo": null, "StreetId": "70298952024244275", "Name": null }, "geometry": { "type": "MultiLineString", "coordinates": [ [ [ 71.455673784672399, 51.120220943075836 ], [ 71.455733881964917, 51.120114373026048 ] ] ] } },
{ "type": "Feature", "properties": { "CityId": null, "City": null, "Okato": null, "Oktmo": null, "StreetId": "70298952024244279", "Name": null }, "geometry": { "type": "MultiLineString", "coordinates": [ [ [ 71.455642972458165, 51.120011975328644 ], [ 71.455733881964917, 51.120114373026048 ] ] ] } },
{ "type": "Feature", "properties": { "CityId": null, "City": null, "Okato": null, "Oktmo": null, "StreetId": "70298952024244286", "Name": null }, "geometry": { "type": "MultiLineString", "coordinates": [ [ [ 71.45558619893221, 51.120364389357867 ], [ 71.455673784672399, 51.120220943075836 ] ] ] } },
{ "type": "Feature", "properties": { "CityId": null, "City": null, "Okato": null, "Oktmo": null, "StreetId": "70298952024244287", "Name": null }, "geometry": { "type": "MultiLineString", "coordinates": [ [ [ 71.456544431845785, 51.119183538034498 ], [ 71.454557178774238, 51.119494513889677 ], [ 71.454684919207637, 51.119817836339855 ], [ 71.454955132445107, 51.120067064866973 ], [ 71.455205942072425, 51.120213725641072 ], [ 71.45558619893221, 51.120364389357867 ] ] ] } },
{ "type": "Feature", "properties": { "CityId": null, "City": null, "Okato": null, "Oktmo": null, "StreetId": "70298952024244291", "Name": null }, "geometry": { "type": "MultiLineString", "coordinates": [ [ [ 71.455558979979102, 51.120014963810917 ], [ 71.455673784672399, 51.120220943075836 ] ] ] } },
{ "type": "Feature", "properties": { "CityId": null, "City": null, "Okato": null, "Oktmo": null, "StreetId": "70298952024244299", "Name": null }, "geometry": { "type": "MultiLineString", "coordinates": [ [ [ 71.455533647488096, 51.120489566174008 ], [ 71.455558440989932, 51.120473665354034 ], [ 71.455813113372983, 51.120056858928791 ] ] ] } },
{ "type": "Feature", "properties": { "CityId": null, "City": null, "Okato": null, "Oktmo": null, "StreetId": "70298952024244300", "Name": null }, "geometry": { "type": "MultiLineString", "coordinates": [ [ [ 71.455533647488096, 51.120489566174008 ], [ 71.455579461567567, 51.120375328246325 ], [ 71.45558619893221, 51.120364389357867 ] ] ] } },
{ "type": "Feature", "properties": { "CityId": null, "City": null, "Okato": null, "Oktmo": null, "StreetId": "70298952024244301", "Name": null }, "geometry": { "type": "MultiLineString", "coordinates": [ [ [ 71.4555172981499, 51.120512120519244 ], [ 71.455533647488096, 51.120489566174008 ] ] ] } },
{ "type": "Feature", "properties": { "CityId": null, "City": null, "Okato": null, "Oktmo": null, "StreetId": "70298952024244375", "Name": null }, "geometry": { "type": "MultiLineString", "coordinates": [ [ [ 71.45505412678942, 51.120426301176899 ], [ 71.454957018907209, 51.120508004352068 ], [ 71.454872487438976, 51.120573017196349 ] ] ] } },
{ "type": "Feature", "properties": { "CityId": null, "City": null, "Okato": null, "Oktmo": null, "StreetId": "70298952024244376", "Name": null }, "geometry": { "type": "MultiLineString", "coordinates": [ [ [ 71.454872487438976, 51.120573017196349 ], [ 71.454761725164445, 51.120655847825532 ], [ 71.454742231722776, 51.120664192904528 ], [ 71.45471061102478, 51.120664869532476 ], [ 71.45468015813664, 51.120659851208217 ], [ 71.454503190025676, 51.120567660547415 ], [ 71.454297296162565, 51.120438085839794 ], [ 71.454126436595502, 51.120319167739979 ], [ 71.454106943153846, 51.120293906767095 ], [ 71.454110626246518, 51.120276821770901 ], [ 71.454128323057589, 51.120262499690007 ], [ 71.454209800253878, 51.120220040896555 ], [ 71.454242948087867, 51.120212428758144 ], [ 71.454277982383942, 51.1202173343586 ], [ 71.454305111505519, 51.120233855514904 ], [ 71.454326042251651, 51.120251278844002 ], [ 71.454471210001557, 51.12035429625746 ], [ 71.454607843756278, 51.120436845349104 ], [ 71.45483224291425, 51.120555481217004 ], [ 71.454872487438976, 51.120573017196349 ] ] ] } },
{ "type": "Feature", "properties": { "CityId": null, "City": null, "Okato": null, "Oktmo": null, "StreetId": "70298952024245263", "Name": null }, "geometry": { "type": "MultiLineString", "coordinates": [ [ [ 71.447636198499282, 51.126740758125862 ], [ 71.447603679485994, 51.126652244193636 ], [ 71.447576909690525, 51.12657353994328 ] ] ] } },
{ "type": "Feature", "properties": { "CityId": null, "City": null, "Okato": null, "Oktmo": null, "StreetId": "70298952024245276", "Name": null }, "geometry": { "type": "MultiLineString", "coordinates": [ [ [ 71.447576909690525, 51.12657353994328 ], [ 71.447575562217608, 51.126451649571663 ], [ 71.447556877259686, 51.1263749182338 ], [ 71.44748564085765, 51.126186556635382 ] ] ] } },
{ "type": "Feature", "properties": { "CityId": null, "City": null, "Okato": null, "Oktmo": null, "StreetId": "70298952024245321", "Name": null }, "geometry": { "type": "MultiLineString", "coordinates": [ [ [ 71.447576909690525, 51.12657353994328 ], [ 71.447520764985271, 51.126522461038554 ], [ 71.44743416739189, 51.126495230208647 ], [ 71.447348198619181, 51.126486209640333 ], [ 71.447260523047461, 51.126470874670154 ], [ 71.447158474431191, 51.126444207595924 ], [ 71.447051664743896, 51.126411959020466 ], [ 71.446968750243158, 51.126366912458664 ], [ 71.446922487006034, 51.126328123894659 ] ] ] } },
{ "type": "Feature", "properties": { "CityId": null, "City": null, "Okato": null, "Oktmo": null, "StreetId": "70298952024245322", "Name": null }, "geometry": { "type": "MultiLineString", "coordinates": [ [ [ 71.447636198499282, 51.126740758125862 ], [ 71.447456715105503, 51.126727396479446 ], [ 71.447308043925986, 51.126706311004249 ], [ 71.44715595914839, 51.126677276176387 ], [ 71.447041334118126, 51.126637585819068 ], [ 71.446958778943511, 51.12659738802185 ], [ 71.446907035983159, 51.126564068362569 ] ] ] } },
{ "type": "Feature", "properties": { "CityId": null, "City": null, "Okato": null, "Oktmo": null, "StreetId": "70298952024245327", "Name": null }, "geometry": { "type": "MultiLineString", "coordinates": [ [ [ 71.446922487006034, 51.126328123894659 ], [ 71.446967492601772, 51.126306248934306 ], [ 71.446992106440575, 51.12626954633582 ], [ 71.447003335381623, 51.126228953566191 ], [ 71.446999292962843, 51.126189093686854 ], [ 71.446863377860353, 51.12583993771478 ] ] ] } },
{ "type": "Feature", "properties": { "CityId": null, "City": null, "Okato": null, "Oktmo": null, "StreetId": "70298952024245337", "Name": null }, "geometry": { "type": "MultiLineString", "coordinates": [ [ [ 71.446806963660507, 51.125694760669845 ], [ 71.446851789593168, 51.125693463940785 ], [ 71.446895447715988, 51.125703048459066 ], [ 71.446929943022894, 51.125722499387081 ], [ 71.446950065285279, 51.125748715842334 ], [ 71.446952670399597, 51.125777807633334 ], [ 71.446937399039768, 51.125805264403759 ], [ 71.446906586825506, 51.125826914083937 ], [ 71.446863377860353, 51.12583993771478 ] ] ] } },
{ "type": "Feature", "properties": { "CityId": null, "City": null, "Okato": null, "Oktmo": null, "StreetId": "70298952024245338", "Name": null }, "geometry": { "type": "MultiLineString", "coordinates": [ [ [ 71.446863377860353, 51.12583993771478 ], [ 71.446818731590724, 51.125841290819068 ], [ 71.446775073467919, 51.125831649950115 ], [ 71.446740578160998, 51.12581231182682 ], [ 71.446720455898642, 51.125786039028249 ], [ 71.446717760952779, 51.125757003621878 ], [ 71.446733032312608, 51.125729490443291 ], [ 71.446763934358387, 51.125707840717439 ], [ 71.446806963660507, 51.125694760669845 ] ] ] } },
{ "type": "Feature", "properties": { "CityId": null, "City": null, "Okato": null, "Oktmo": null, "StreetId": "70298952024245372", "Name": null }, "geometry": { "type": "MultiLineString", "coordinates": [ [ [ 71.446806065345228, 51.124661650727298 ], [ 71.44686804909982, 51.124812187176737 ], [ 71.446876223768911, 51.12486326797282 ], [ 71.446841279304365, 51.124910853122756 ], [ 71.446675450302919, 51.125010308183064 ], [ 71.446593344285944, 51.125073905184202 ], [ 71.446533426656487, 51.125134964988554 ], [ 71.44648500746267, 51.125222241466247 ] ] ] } },
{ "type": "Feature", "properties": { "CityId": null, "City": null, "Okato": null, "Oktmo": null, "StreetId": "70298952024245373", "Name": null }, "geometry": { "type": "MultiLineString", "coordinates": [ [ [ 71.446806963660507, 51.125694760669845 ], [ 71.446667006139222, 51.125335114289115 ], [ 71.446623527679492, 51.125292885677887 ], [ 71.446524892661301, 51.125232840923893 ], [ 71.44648500746267, 51.125222241466247 ] ] ] } },
{ "type": "Feature", "properties": { "CityId": null, "City": null, "Okato": null, "Oktmo": null, "StreetId": "70298952024245394", "Name": null }, "geometry": { "type": "MultiLineString", "coordinates": [ [ [ 71.446806065345228, 51.124661650727298 ], [ 71.446658831470145, 51.124727559817416 ], [ 71.446544386102957, 51.124790931685332 ], [ 71.446433084839242, 51.124862253123119 ], [ 71.446362746752513, 51.124931657515333 ], [ 71.446320885260263, 51.124991871802003 ], [ 71.446300942660955, 51.125036750563858 ] ] ] } },
{ "type": "Feature", "properties": { "CityId": null, "City": null, "Okato": null, "Oktmo": null, "StreetId": "70298952024245396", "Name": null }, "geometry": { "type": "MultiLineString", "coordinates": [ [ [ 71.446271477919638, 51.128321069724763 ], [ 71.446951322926679, 51.12822579364947 ], [ 71.447242916067893, 51.128176351490332 ], [ 71.447470638992414, 51.128128375068677 ], [ 71.447643564684597, 51.128079891207669 ], [ 71.447825204035055, 51.12801370501758 ], [ 71.447929678102597, 51.127967363352731 ], [ 71.44799884837947, 51.12790337569772 ], [ 71.448022563902981, 51.127832171709549 ], [ 71.448010706141218, 51.127761644135617 ], [ 71.447636198499282, 51.126740758125862 ] ] ] } },
{ "type": "Feature", "properties": { "CityId": null, "City": null, "Okato": null, "Oktmo": null, "StreetId": "70298952024245468", "Name": null }, "geometry": { "type": "MultiLineString", "coordinates": [ [ [ 71.445715869916398, 51.126901830495989 ], [ 71.445858342720484, 51.12684607257075 ], [ 71.445964074429412, 51.126783380060736 ], [ 71.446028124309166, 51.126675021043383 ], [ 71.446030998918076, 51.126565252310257 ], [ 71.446066392540288, 51.12649038165339 ], [ 71.446138617089119, 51.126455990723642 ], [ 71.446220543443033, 51.126437780434074 ], [ 71.446869486404296, 51.126339230507163 ], [ 71.446922487006034, 51.126328123894659 ] ] ] } },
{ "type": "Feature", "properties": { "CityId": null, "City": null, "Okato": null, "Oktmo": null, "StreetId": "70298952024245524", "Name": null }, "geometry": { "type": "MultiLineString", "coordinates": [ [ [ 71.445128641215192, 51.128481347318022 ], [ 71.446271477919638, 51.128321069724763 ] ] ] } },
{ "type": "Feature", "properties": { "CityId": null, "City": null, "Okato": null, "Oktmo": null, "StreetId": "70298952024245525", "Name": null }, "geometry": { "type": "MultiLineString", "coordinates": [ [ [ 71.445715869916398, 51.126901830495989 ], [ 71.445998749399379, 51.1276294962571 ], [ 71.446017883514926, 51.127722856742906 ], [ 71.44600746305764, 51.127842263176149 ], [ 71.445984286523299, 51.127945545545529 ], [ 71.445919338328267, 51.12804972971032 ], [ 71.445829776294445, 51.128153180745322 ], [ 71.445733207401418, 51.128229288988244 ], [ 71.445628104513162, 51.128288878836081 ], [ 71.445530098315658, 51.128338659132538 ], [ 71.445394273044698, 51.128391596444409 ], [ 71.445243266245427, 51.128440756492274 ], [ 71.445128641215192, 51.128481347318022 ] ] ] } },
{ "type": "Feature", "properties": { "CityId": null, "City": null, "Okato": null, "Oktmo": null, "StreetId": "70298952024245539", "Name": null }, "geometry": { "type": "MultiLineString", "coordinates": [ [ [ 71.445005392358212, 51.125073115860253 ], [ 71.445715869916398, 51.126901830495989 ] ] ] } },
{ "type": "Feature", "properties": { "CityId": null, "City": null, "Okato": null, "Oktmo": null, "StreetId": "70298952024245540", "Name": null }, "geometry": { "type": "MultiLineString", "coordinates": [ [ [ 71.44648500746267, 51.125222241466247 ], [ 71.446435330627452, 51.125223256308033 ], [ 71.445676793201557, 51.125328912492826 ], [ 71.445607263598561, 51.125322372415823 ], [ 71.445555700301256, 51.125301229919216 ], [ 71.44550278953102, 51.125257648155667 ], [ 71.445443321059216, 51.125194220547904 ], [ 71.445280097172088, 51.125123745326029 ], [ 71.44512217334514, 51.125085575900982 ], [ 71.445005392358212, 51.125073115860253 ] ] ] } },
{ "type": "Feature", "properties": { "CityId": null, "City": null, "Okato": null, "Oktmo": null, "StreetId": "70298952024245546", "Name": null }, "geometry": { "type": "MultiLineString", "coordinates": [ [ [ 71.444990120998369, 51.130898748541732 ], [ 71.445233923766494, 51.130862218712323 ] ] ] } },
{ "type": "Feature", "properties": { "CityId": null, "City": null, "Okato": null, "Oktmo": null, "StreetId": "70298952024245555", "Name": null }, "geometry": { "type": "MultiLineString", "coordinates": [ [ [ 71.444939366184826, 51.128507900463902 ], [ 71.445128641215192, 51.128481347318022 ] ] ] } },
{ "type": "Feature", "properties": { "CityId": null, "City": null, "Okato": null, "Oktmo": null, "StreetId": "70298952024245558", "Name": null }, "geometry": { "type": "MultiLineString", "coordinates": [ [ [ 71.444897145366468, 51.129998347473311 ], [ 71.445551837545537, 51.12989709917278 ], [ 71.44561696540363, 51.129882498202441 ], [ 71.44566062352645, 51.129863500021756 ], [ 71.44569098658306, 51.129832494072126 ], [ 71.446479797234034, 51.128854612114154 ], [ 71.446271477919638, 51.128321069724763 ] ] ] } },
{ "type": "Feature", "properties": { "CityId": null, "City": null, "Okato": null, "Oktmo": null, "StreetId": "70298952024245567", "Name": null }, "geometry": { "type": "MultiLineString", "coordinates": [ [ [ 71.444866782309873, 51.131229488752979 ], [ 71.444959308784135, 51.131215339186184 ], [ 71.44500745848336, 51.131201640597439 ], [ 71.445045996209046, 51.131176723812466 ], [ 71.445063603188629, 51.131146902574748 ], [ 71.445069801564088, 51.1311052993792 ], [ 71.444990120998369, 51.130898748541732 ] ] ] } },
{ "type": "Feature", "properties": { "CityId": null, "City": null, "Okato": null, "Oktmo": null, "StreetId": "70298952024245583", "Name": null }, "geometry": { "type": "MultiLineString", "coordinates": [ [ [ 71.44465082731557, 51.131262523182919 ], [ 71.444866782309873, 51.131229488752979 ] ] ] } },
{ "type": "Feature", "properties": { "CityId": null, "City": null, "Okato": null, "Oktmo": null, "StreetId": "70298952024245590", "Name": null }, "geometry": { "type": "MultiLineString", "coordinates": [ [ [ 71.444990120998369, 51.130898748541732 ], [ 71.444880257039131, 51.130614175896575 ], [ 71.444855643200341, 51.130582606715365 ], [ 71.444825190312201, 51.130563608822705 ], [ 71.444774435498658, 51.130554814543338 ], [ 71.444720536581599, 51.130556618498204 ], [ 71.444611840432245, 51.13057336145107 ] ] ] } },
{ "type": "Feature", "properties": { "CityId": null, "City": null, "Okato": null, "Oktmo": null, "StreetId": "70298952024245591", "Name": null }, "geometry": { "type": "MultiLineString", "coordinates": [ [ [ 71.444866782309873, 51.131229488752979 ], [ 71.444611840432245, 51.13057336145107 ] ] ] } },
{ "type": "Feature", "properties": { "CityId": null, "City": null, "Okato": null, "Oktmo": null, "StreetId": "70298952024245610", "Name": null }, "geometry": { "type": "MultiLineString", "coordinates": [ [ [ 71.444500179842407, 51.123633817589713 ], [ 71.445277671720817, 51.123503969571132 ], [ 71.445494165704304, 51.123481078393255 ], [ 71.445716229242535, 51.123462415872829 ], [ 71.445927962154997, 51.123458018057256 ], [ 71.446133137365891, 51.12347008385796 ], [ 71.44626950162602, 51.123516317270777 ], [ 71.446364992540722, 51.123590459781276 ], [ 71.446806065345228, 51.124661650727298 ] ] ] } },
{ "type": "Feature", "properties": { "CityId": null, "City": null, "Okato": null, "Oktmo": null, "StreetId": "70298952024245611", "Name": null }, "geometry": { "type": "MultiLineString", "coordinates": [ [ [ 71.444500179842407, 51.123633817589713 ], [ 71.443170313895791, 51.123856018671397 ], [ 71.443792487061586, 51.123844855080009 ], [ 71.443918880022053, 51.123856638870848 ], [ 71.444039254270123, 51.123884153165015 ], [ 71.444211371478588, 51.123940478482496 ], [ 71.444329859264542, 51.12399105280813 ], [ 71.444440621539087, 51.124053128911399 ], [ 71.444567822983302, 51.124147511491685 ], [ 71.444643191635635, 51.124225599681438 ], [ 71.444708499156803, 51.124322237157322 ], [ 71.444763925209841, 51.124451631827426 ], [ 71.445005392358212, 51.125073115860253 ] ] ] } },
{ "type": "Feature", "properties": { "CityId": null, "City": null, "Okato": null, "Oktmo": null, "StreetId": "70298952024245614", "Name": null }, "geometry": { "type": "MultiLineString", "coordinates": [ [ [ 71.444462720095061, 51.131291386010211 ], [ 71.44465082731557, 51.131262523182919 ] ] ] } },
{ "type": "Feature", "properties": { "CityId": null, "City": null, "Okato": null, "Oktmo": null, "StreetId": "70298952024245616", "Name": null }, "geometry": { "type": "MultiLineString", "coordinates": [ [ [ 71.444611840432245, 51.13057336145107 ], [ 71.444395885437942, 51.130606621844464 ] ] ] } },
{ "type": "Feature", "properties": { "CityId": null, "City": null, "Okato": null, "Oktmo": null, "StreetId": "70298952024245617", "Name": null }, "geometry": { "type": "MultiLineString", "coordinates": [ [ [ 71.444395885437942, 51.130606621844464 ], [ 71.44465082731557, 51.131262523182919 ] ] ] } },
{ "type": "Feature", "properties": { "CityId": null, "City": null, "Okato": null, "Oktmo": null, "StreetId": "70298952024245647", "Name": null }, "geometry": { "type": "MultiLineString", "coordinates": [ [ [ 71.444228619132033, 51.131327239028359 ], [ 71.444462720095061, 51.131291386010211 ] ] ] } },
{ "type": "Feature", "properties": { "CityId": null, "City": null, "Okato": null, "Oktmo": null, "StreetId": "70298952024245649", "Name": null }, "geometry": { "type": "MultiLineString", "coordinates": [ [ [ 71.444395885437942, 51.130606621844464 ], [ 71.444207778217432, 51.130635541455185 ] ] ] } },
{ "type": "Feature", "properties": { "CityId": null, "City": null, "Okato": null, "Oktmo": null, "StreetId": "70298952024245650", "Name": null }, "geometry": { "type": "MultiLineString", "coordinates": [ [ [ 71.444462720095061, 51.131291386010211 ], [ 71.444207778217432, 51.130635541455185 ] ] ] } },
{ "type": "Feature", "properties": { "CityId": null, "City": null, "Okato": null, "Oktmo": null, "StreetId": "70298952024245658", "Name": null }, "geometry": { "type": "MultiLineString", "coordinates": [ [ [ 71.444500179842407, 51.123633817589713 ], [ 71.444440531707556, 51.123490212312888 ], [ 71.444159269192085, 51.122797551615989 ] ] ] } },
{ "type": "Feature", "properties": { "CityId": null, "City": null, "Okato": null, "Oktmo": null, "StreetId": "70298952024245672", "Name": null }, "geometry": { "type": "MultiLineString", "coordinates": [ [ [ 71.444207778217432, 51.130635541455185 ], [ 71.443973767085922, 51.130671564102876 ] ] ] } },
{ "type": "Feature", "properties": { "CityId": null, "City": null, "Okato": null, "Oktmo": null, "StreetId": "70298952024245673", "Name": null }, "geometry": { "type": "MultiLineString", "coordinates": [ [ [ 71.443973767085922, 51.130671564102876 ], [ 71.444228619132033, 51.131327239028359 ] ] ] } },
{ "type": "Feature", "properties": { "CityId": null, "City": null, "Okato": null, "Oktmo": null, "StreetId": "70298952024245689", "Name": null }, "geometry": { "type": "MultiLineString", "coordinates": [ [ [ 71.443973767085922, 51.130671564102876 ], [ 71.443820155172332, 51.130695184571763 ] ] ] } },
{ "type": "Feature", "properties": { "CityId": null, "City": null, "Okato": null, "Oktmo": null, "StreetId": "70298952024245690", "Name": null }, "geometry": { "type": "MultiLineString", "coordinates": [ [ [ 71.443820155172332, 51.130695184571763 ], [ 71.443756015461048, 51.13072021436335 ], [ 71.443729425328627, 51.130741467126171 ], [ 71.443706787783469, 51.130773656305351 ], [ 71.443705619973599, 51.130813117615247 ], [ 71.443891481405899, 51.131294035526651 ], [ 71.443916544402327, 51.131323800296698 ], [ 71.443955710948714, 51.131343756211315 ], [ 71.444008352224358, 51.131352493967832 ], [ 71.444070335978964, 51.131351422888088 ], [ 71.444228619132033, 51.131327239028359 ] ] ] } },
{ "type": "Feature", "properties": { "CityId": null, "City": null, "Okato": null, "Oktmo": null, "StreetId": "70298952024245695", "Name": null }, "geometry": { "type": "MultiLineString", "coordinates": [ [ [ 71.44372475408916, 51.130573023209656 ], [ 71.444099531225717, 51.130514676529053 ], [ 71.44412549253741, 51.130504754767323 ], [ 71.44414453682144, 51.130485587721616 ], [ 71.444159718349738, 51.130458077359741 ], [ 71.444111927976607, 51.130336422735127 ] ] ] } },
{ "type": "Feature", "properties": { "CityId": null, "City": null, "Okato": null, "Oktmo": null, "StreetId": "70298952024245696", "Name": null }, "geometry": { "type": "MultiLineString", "coordinates": [ [ [ 71.44372475408916, 51.130573023209656 ], [ 71.443759968048298, 51.130583283198057 ], [ 71.443783234414155, 51.130600138888305 ], [ 71.443820155172332, 51.130695184571763 ] ] ] } },
{ "type": "Feature", "properties": { "CityId": null, "City": null, "Okato": null, "Oktmo": null, "StreetId": "70298952024245725", "Name": null }, "geometry": { "type": "MultiLineString", "coordinates": [ [ [ 71.444259792086896, 51.120636016046866 ], [ 71.44427003146663, 51.120639608748611 ], [ 71.444303358963651, 51.120664700375492 ], [ 71.444412863596796, 51.120961739093616 ] ] ] } },
{ "type": "Feature", "properties": { "CityId": null, "City": null, "Okato": null, "Oktmo": null, "StreetId": "70298952024245727", "Name": null }, "geometry": { "type": "MultiLineString", "coordinates": [ [ [ 71.444159269192085, 51.122797551615989 ], [ 71.443567638745975, 51.121346116088233 ], [ 71.443346853153997, 51.120783976638315 ] ] ] } },
{ "type": "Feature", "properties": { "CityId": null, "City": null, "Okato": null, "Oktmo": null, "StreetId": "70298952024245756", "Name": null }, "geometry": { "type": "MultiLineString", "coordinates": [ [ [ 71.444676069975046, 51.129430936956616 ], [ 71.443066109322857, 51.129677125763742 ] ] ] } },
{ "type": "Feature", "properties": { "CityId": null, "City": null, "Okato": null, "Oktmo": null, "StreetId": "70298952024245757", "Name": null }, "geometry": { "type": "MultiLineString", "coordinates": [ [ [ 71.443066109322857, 51.129677125763742 ], [ 71.44337441112836, 51.130474876722005 ], [ 71.443395162211417, 51.130491732451844 ], [ 71.443428669371528, 51.13050306355774 ], [ 71.44372475408916, 51.130573023209656 ] ] ] } },
{ "type": "Feature", "properties": { "CityId": null, "City": null, "Okato": null, "Oktmo": null, "StreetId": "70298952024245761", "Name": null }, "geometry": { "type": "MultiLineString", "coordinates": [ [ [ 71.442997747529731, 51.129500390858773 ], [ 71.443066109322857, 51.129677125763742 ] ] ] } },
{ "type": "Feature", "properties": { "CityId": null, "City": null, "Okato": null, "Oktmo": null, "StreetId": "70298952024245785", "Name": null }, "geometry": { "type": "MultiLineString", "coordinates": [ [ [ 71.442997747529731, 51.129500390858773 ], [ 71.442754843076912, 51.128871186557134 ] ] ] } },
{ "type": "Feature", "properties": { "CityId": null, "City": null, "Okato": null, "Oktmo": null, "StreetId": "70298952024245801", "Name": null }, "geometry": { "type": "MultiLineString", "coordinates": [ [ [ 71.442655130080368, 51.121551581956879 ], [ 71.442809011488521, 51.121530043042071 ], [ 71.442848447529499, 51.121533426118361 ], [ 71.44288420047782, 51.121546394575184 ], [ 71.442894081945937, 51.121569568634591 ], [ 71.443039429358905, 51.121971363252193 ], [ 71.443039788685027, 51.121997469068425 ], [ 71.4430166121507, 51.122015906644641 ], [ 71.442984632126581, 51.122028874966013 ], [ 71.442855903546373, 51.122047594449562 ] ] ] } },
{ "type": "Feature", "properties": { "CityId": null, "City": null, "Okato": null, "Oktmo": null, "StreetId": "70298952024245802", "Name": null }, "geometry": { "type": "MultiLineString", "coordinates": [ [ [ 71.442655130080368, 51.121551581956879 ], [ 71.442855903546373, 51.122047594449562 ] ] ] } },
{ "type": "Feature", "properties": { "CityId": null, "City": null, "Okato": null, "Oktmo": null, "StreetId": "70298952024245805", "Name": null }, "geometry": { "type": "MultiLineString", "coordinates": [ [ [ 71.442855903546373, 51.122047594449562 ], [ 71.442627012811982, 51.12208091736688 ] ] ] } },
{ "type": "Feature", "properties": { "CityId": null, "City": null, "Okato": null, "Oktmo": null, "StreetId": "70298952024245806", "Name": null }, "geometry": { "type": "MultiLineString", "coordinates": [ [ [ 71.444159269192085, 51.122797551615989 ], [ 71.44398095360819, 51.122982431299228 ], [ 71.443896871297596, 51.123065877818412 ], [ 71.443798326110937, 51.123148083768996 ], [ 71.443692145244341, 51.123226342795896 ], [ 71.443569704871123, 51.123299978329818 ], [ 71.443438461008114, 51.123373388216926 ], [ 71.443309732427906, 51.123435070474301 ], [ 71.442961814918363, 51.123604668066292 ], [ 71.442875127493437, 51.12365524275959 ], [ 71.442799040188859, 51.123708298203326 ], [ 71.442747387060038, 51.123747145349284 ], [ 71.442698069550957, 51.123788642409636 ], [ 71.442615334713281, 51.123862840864817 ] ] ] } },
{ "type": "Feature", "properties": { "CityId": null, "City": null, "Okato": null, "Oktmo": null, "StreetId": "70298952024245807", "Name": null }, "geometry": { "type": "MultiLineString", "coordinates": [ [ [ 71.442615334713281, 51.123862840864817 ], [ 71.442554159442423, 51.123917756665989 ], [ 71.442567454508648, 51.123982708330118 ] ] ] } },
{ "type": "Feature", "properties": { "CityId": null, "City": null, "Okato": null, "Oktmo": null, "StreetId": "70298952024245815", "Name": null }, "geometry": { "type": "MultiLineString", "coordinates": [ [ [ 71.442997747529731, 51.129500390858773 ], [ 71.442472322920054, 51.129768509001174 ] ] ] } },
{ "type": "Feature", "properties": { "CityId": null, "City": null, "Okato": null, "Oktmo": null, "StreetId": "70298952024245816", "Name": null }, "geometry": { "type": "MultiLineString", "coordinates": [ [ [ 71.44300457472589, 51.130092999776217 ], [ 71.442472322920054, 51.129768509001174 ] ] ] } },
{ "type": "Feature", "properties": { "CityId": null, "City": null, "Okato": null, "Oktmo": null, "StreetId": "70298952024245825", "Name": null }, "geometry": { "type": "MultiLineString", "coordinates": [ [ [ 71.442730768227278, 51.128810075316167 ], [ 71.442611292294501, 51.128655041823627 ], [ 71.442387432125699, 51.128091222905333 ] ] ] } },
{ "type": "Feature", "properties": { "CityId": null, "City": null, "Okato": null, "Oktmo": null, "StreetId": "70298952024245826", "Name": null }, "geometry": { "type": "MultiLineString", "coordinates": [ [ [ 71.442387342294154, 51.121490912108314 ], [ 71.442518406494131, 51.121468358240932 ], [ 71.442572934231862, 51.121467174162603 ], [ 71.44260428543528, 51.121478845790641 ], [ 71.442627102643499, 51.121497734651022 ], [ 71.442655130080368, 51.121551581956879 ] ] ] } },
{ "type": "Feature", "properties": { "CityId": null, "City": null, "Okato": null, "Oktmo": null, "StreetId": "70298952024245827", "Name": null }, "geometry": { "type": "MultiLineString", "coordinates": [ [ [ 71.442627012811982, 51.12208091736688 ], [ 71.442387342294154, 51.121490912108314 ] ] ] } },
{ "type": "Feature", "properties": { "CityId": null, "City": null, "Okato": null, "Oktmo": null, "StreetId": "70298952024245846", "Name": null }, "geometry": { "type": "MultiLineString", "coordinates": [ [ [ 71.442142910705343, 51.12152756211929 ], [ 71.442387342294154, 51.121490912108314 ] ] ] } },
{ "type": "Feature", "properties": { "CityId": null, "City": null, "Okato": null, "Oktmo": null, "StreetId": "70298952024245847", "Name": null }, "geometry": { "type": "MultiLineString", "coordinates": [ [ [ 71.442142910705343, 51.12152756211929 ], [ 71.442219357336029, 51.121720679004625 ] ] ] } },
{ "type": "Feature", "properties": { "CityId": null, "City": null, "Okato": null, "Oktmo": null, "StreetId": "70298952024245856", "Name": null }, "geometry": { "type": "MultiLineString", "coordinates": [ [ [ 71.442003132847162, 51.121907818363582 ], [ 71.442047958779824, 51.12193020286405 ], [ 71.44221836918922, 51.122026450454037 ], [ 71.442364525085964, 51.122158388827955 ], [ 71.442476545001867, 51.122318969725079 ], [ 71.44252927610907, 51.122493138472969 ], [ 71.442542122017628, 51.12267615872868 ], [ 71.442503584291927, 51.122842206977793 ], [ 71.442442678515661, 51.123007803567624 ], [ 71.442402793317058, 51.123077774573417 ], [ 71.442359943677999, 51.123169340016361 ], [ 71.442362009803148, 51.123220253481556 ], [ 71.442615334713281, 51.123862840864817 ] ] ] } },
{ "type": "Feature", "properties": { "CityId": null, "City": null, "Okato": null, "Oktmo": null, "StreetId": "70298952024245864", "Name": null }, "geometry": { "type": "MultiLineString", "coordinates": [ [ [ 71.441923003123804, 51.121562520564225 ], [ 71.442142910705343, 51.12152756211929 ] ] ] } },
{ "type": "Feature", "properties": { "CityId": null, "City": null, "Okato": null, "Oktmo": null, "StreetId": "70298952024245865", "Name": null }, "geometry": { "type": "MultiLineString", "coordinates": [ [ [ 71.441923003123804, 51.121562520564225 ], [ 71.44198786148732, 51.121726655747914 ] ] ] } },
{ "type": "Feature", "properties": { "CityId": null, "City": null, "Okato": null, "Oktmo": null, "StreetId": "70298952024245867", "Name": null }, "geometry": { "type": "MultiLineString", "coordinates": [ [ [ 71.442627012811982, 51.12208091736688 ], [ 71.44258308519457, 51.122084638706411 ], [ 71.44256350192137, 51.122078662009443 ], [ 71.442299037901748, 51.121853351246635 ], [ 71.442226633689842, 51.121808074701988 ], [ 71.442181178936465, 51.12179335840581 ], [ 71.442136891992959, 51.121793189252962 ], [ 71.442098174604197, 51.121799447908245 ], [ 71.442054875807514, 51.121811852447749 ], [ 71.441888956974523, 51.1218514905676 ] ] ] } },
{ "type": "Feature", "properties": { "CityId": null, "City": null, "Okato": null, "Oktmo": null, "StreetId": "70298952024245868", "Name": null }, "geometry": { "type": "MultiLineString", "coordinates": [ [ [ 71.441888956974523, 51.1218514905676 ], [ 71.442003132847162, 51.121907818363582 ] ] ] } },
{ "type": "Feature", "properties": { "CityId": null, "City": null, "Okato": null, "Oktmo": null, "StreetId": "70298952024245891", "Name": null }, "geometry": { "type": "MultiLineString", "coordinates": [ [ [ 71.441588111185879, 51.128562190606374 ], [ 71.442387432125699, 51.128091222905333 ] ] ] } },
{ "type": "Feature", "properties": { "CityId": null, "City": null, "Okato": null, "Oktmo": null, "StreetId": "70298952024245892", "Name": null }, "geometry": { "type": "MultiLineString", "coordinates": [ [ [ 71.4420108583586, 51.128923615878378 ], [ 71.441588111185879, 51.128562190606374 ] ] ] } },
{ "type": "Feature", "properties": { "CityId": null, "City": null, "Okato": null, "Oktmo": null, "StreetId": "70298952024245904", "Name": null }, "geometry": { "type": "MultiLineString", "coordinates": [ [ [ 71.442472322920054, 51.129768509001174 ], [ 71.441643088081264, 51.129184126709212 ], [ 71.441629613352006, 51.129168285257251 ], [ 71.441492260945068, 51.129067655266411 ] ] ] } },
{ "type": "Feature", "properties": { "CityId": null, "City": null, "Okato": null, "Oktmo": null, "StreetId": "70298952024245911", "Name": null }, "geometry": { "type": "MultiLineString", "coordinates": [ [ [ 71.443132315159275, 51.131165336499016 ], [ 71.442944657096433, 51.131079311456183 ], [ 71.442536732125916, 51.130874395325336 ], [ 71.442143629357588, 51.130658316340551 ], [ 71.441766336938244, 51.130431356213862 ], [ 71.441405483688627, 51.130194078525179 ], [ 71.441373952822147, 51.130171416158987 ] ] ] } },
{ "type": "Feature", "properties": { "CityId": null, "City": null, "Okato": null, "Oktmo": null, "StreetId": "70298952024245927", "Name": null }, "geometry": { "type": "MultiLineString", "coordinates": [ [ [ 71.441205698369444, 51.121534610194999 ], [ 71.441781967624195, 51.121581183852214 ], [ 71.441818978213902, 51.121579097624021 ], [ 71.441923003123804, 51.121562520564225 ] ] ] } },
{ "type": "Feature", "properties": { "CityId": null, "City": null, "Okato": null, "Oktmo": null, "StreetId": "70298952024245928", "Name": null }, "geometry": { "type": "MultiLineString", "coordinates": [ [ [ 71.441373952822147, 51.130171416158987 ], [ 71.441205428874852, 51.130271310883643 ] ] ] } },
{ "type": "Feature", "properties": { "CityId": null, "City": null, "Okato": null, "Oktmo": null, "StreetId": "70298952024245929", "Name": null }, "geometry": { "type": "MultiLineString", "coordinates": [ [ [ 71.441205428874852, 51.130271310883643 ], [ 71.441930728635256, 51.130707586722444 ] ] ] } },
{ "type": "Feature", "properties": { "CityId": null, "City": null, "Okato": null, "Oktmo": null, "StreetId": "70298952024245937", "Name": null }, "geometry": { "type": "MultiLineString", "coordinates": [ [ [ 71.441101493796481, 51.122197462812537 ], [ 71.441127095782065, 51.122175416744511 ], [ 71.441224922316522, 51.122106290130461 ], [ 71.441248368345441, 51.122095971874955 ], [ 71.441359579777611, 51.122036261269159 ], [ 71.441489116841581, 51.121979933629781 ], [ 71.44168279361682, 51.121910693954938 ], [ 71.441888956974523, 51.1218514905676 ] ] ] } },
{ "type": "Feature", "properties": { "CityId": null, "City": null, "Okato": null, "Oktmo": null, "StreetId": "70298952024245957", "Name": null }, "geometry": { "type": "MultiLineString", "coordinates": [ [ [ 71.440938269909353, 51.122349360499179 ], [ 71.440985341630252, 51.122294442833443 ], [ 71.441101493796481, 51.122197462812537 ] ] ] } },
{ "type": "Feature", "properties": { "CityId": null, "City": null, "Okato": null, "Oktmo": null, "StreetId": "70298952024245976", "Name": null }, "geometry": { "type": "MultiLineString", "coordinates": [ [ [ 71.441205428874852, 51.130271310883643 ], [ 71.440797773398927, 51.129978165480125 ] ] ] } },
{ "type": "Feature", "properties": { "CityId": null, "City": null, "Okato": null, "Oktmo": null, "StreetId": "70298952024245983", "Name": null }, "geometry": { "type": "MultiLineString", "coordinates": [ [ [ 71.440693209499841, 51.121733421871433 ], [ 71.440865057213699, 51.121706526524527 ], [ 71.440883293013954, 51.121708443593796 ], [ 71.440897576226973, 51.121713630957309 ], [ 71.440907817021213, 51.121724118451333 ], [ 71.441101493796481, 51.122197462812537 ] ] ] } },
{ "type": "Feature", "properties": { "CityId": null, "City": null, "Okato": null, "Oktmo": null, "StreetId": "70298952024245984", "Name": null }, "geometry": { "type": "MultiLineString", "coordinates": [ [ [ 71.440693209499841, 51.121733421871433 ], [ 71.440938269909353, 51.122349360499179 ] ] ] } },
{ "type": "Feature", "properties": { "CityId": null, "City": null, "Okato": null, "Oktmo": null, "StreetId": "70298952024245987", "Name": null }, "geometry": { "type": "MultiLineString", "coordinates": [ [ [ 71.44067587201485, 51.123330368458539 ], [ 71.44086110462645, 51.123280413616719 ], [ 71.44083936539657, 51.123214784374476 ], [ 71.440814841389312, 51.123082172425185 ], [ 71.440806487057174, 51.12290642717624 ], [ 71.440809720992192, 51.122822754836875 ], [ 71.440818344818936, 51.122759831333575 ], [ 71.440831819548194, 51.122695780080896 ], [ 71.440871165757628, 51.122596996636823 ], [ 71.440945546263151, 51.122464439297481 ], [ 71.441065112027474, 51.122324157020039 ], [ 71.441198152521039, 51.122214096028252 ], [ 71.441312238562119, 51.12213865447977 ], [ 71.44141680246122, 51.12208362379566 ], [ 71.441541219128055, 51.122028311126009 ], [ 71.441618833568597, 51.122001134030626 ], [ 71.441723936456853, 51.121969220657569 ], [ 71.442003132847162, 51.121907818363582 ] ] ] } },
{ "type": "Feature", "properties": { "CityId": null, "City": null, "Okato": null, "Oktmo": null, "StreetId": "70298952024245988", "Name": null }, "geometry": { "type": "MultiLineString", "coordinates": [ [ [ 71.441017950475057, 51.124160310070465 ], [ 71.44067587201485, 51.123330368458539 ] ] ] } },
{ "type": "Feature", "properties": { "CityId": null, "City": null, "Okato": null, "Oktmo": null, "StreetId": "70298952024246016", "Name": null }, "geometry": { "type": "MultiLineString", "coordinates": [ [ [ 71.440444915155325, 51.121772270678228 ], [ 71.440693209499841, 51.121733421871433 ] ] ] } },
{ "type": "Feature", "properties": { "CityId": null, "City": null, "Okato": null, "Oktmo": null, "StreetId": "70298952024246017", "Name": null }, "geometry": { "type": "MultiLineString", "coordinates": [ [ [ 71.440444915155325, 51.121772270678228 ], [ 71.440725728513129, 51.122473798951951 ], [ 71.440735699812777, 51.122493138472969 ], [ 71.440749174542049, 51.122505655593045 ], [ 71.440765613711747, 51.122511519467942 ], [ 71.440788430919966, 51.122512985436551 ], [ 71.440801276828537, 51.122510560949976 ], [ 71.440813404084864, 51.122504753458358 ], [ 71.440828316118584, 51.122493138472969 ], [ 71.440863709740782, 51.122436811390671 ], [ 71.440938269909353, 51.122349360499179 ] ] ] } },
{ "type": "Feature", "properties": { "CityId": null, "City": null, "Okato": null, "Oktmo": null, "StreetId": "70298952024246034", "Name": null }, "geometry": { "type": "MultiLineString", "coordinates": [ [ [ 71.441373952822147, 51.130171416158987 ], [ 71.44106178826091, 51.129946934110137 ], [ 71.440735969307383, 51.129690317432875 ], [ 71.440428475985627, 51.129424792085231 ], [ 71.440255011304245, 51.129259951377392 ] ] ] } },
{ "type": "Feature", "properties": { "CityId": null, "City": null, "Okato": null, "Oktmo": null, "StreetId": "70298952024246040", "Name": null }, "geometry": { "type": "MultiLineString", "coordinates": [ [ [ 71.440155837296885, 51.12169440387877 ], [ 71.440210544697692, 51.121716337407612 ], [ 71.440317803542612, 51.121755129844423 ], [ 71.440371073638957, 51.12176595563492 ], [ 71.440444915155325, 51.121772270678228 ] ] ] } },
{ "type": "Feature", "properties": { "CityId": null, "City": null, "Okato": null, "Oktmo": null, "StreetId": "70298952024246042", "Name": null }, "geometry": { "type": "MultiLineString", "coordinates": [ [ [ 71.440131672615735, 51.127317165723987 ], [ 71.440294806671332, 51.127629101616975 ], [ 71.440479769788325, 51.127936243376517 ], [ 71.440686382303682, 51.128237858204777 ], [ 71.440914015396672, 51.128533326073367 ], [ 71.441115597346439, 51.128767849881953 ], [ 71.441277653423697, 51.128894751571245 ], [ 71.441439709500941, 51.129011110699146 ] ] ] } },
{ "type": "Feature", "properties": { "CityId": null, "City": null, "Okato": null, "Oktmo": null, "StreetId": "70298952024246043", "Name": null }, "geometry": { "type": "MultiLineString", "coordinates": [ [ [ 71.440131672615735, 51.127317165723987 ], [ 71.441588111185879, 51.128562190606374 ] ] ] } },
{ "type": "Feature", "properties": { "CityId": null, "City": null, "Okato": null, "Oktmo": null, "StreetId": "70298952024246046", "Name": null }, "geometry": { "type": "MultiLineString", "coordinates": [ [ [ 71.440307562748373, 51.124270140900222 ], [ 71.440333793554672, 51.124332385772007 ], [ 71.440123677609719, 51.124761219085492 ] ] ] } },
{ "type": "Feature", "properties": { "CityId": null, "City": null, "Okato": null, "Oktmo": null, "StreetId": "70298952024246047", "Name": null }, "geometry": { "type": "MultiLineString", "coordinates": [ [ [ 71.442387432125699, 51.128091222905333 ], [ 71.441138863712297, 51.124945639866048 ], [ 71.441114788862691, 51.124933799972574 ], [ 71.441038611726597, 51.124918182584629 ], [ 71.440123677609719, 51.124761219085492 ] ] ] } },
{ "type": "Feature", "properties": { "CityId": null, "City": null, "Okato": null, "Oktmo": null, "StreetId": "70298952024246048", "Name": null }, "geometry": { "type": "MultiLineString", "coordinates": [ [ [ 71.440109035070577, 51.127266256774462 ], [ 71.440131672615735, 51.127317165723987 ] ] ] } },
{ "type": "Feature", "properties": { "CityId": null, "City": null, "Okato": null, "Oktmo": null, "StreetId": "70298952024246063", "Name": null }, "geometry": { "type": "MultiLineString", "coordinates": [ [ [ 71.44067587201485, 51.123330368458539 ], [ 71.440026210401371, 51.121754791538429 ], [ 71.440011478030726, 51.12169558795128 ] ] ] } },
{ "type": "Feature", "properties": { "CityId": null, "City": null, "Okato": null, "Oktmo": null, "StreetId": "70298952024246103", "Name": null }, "geometry": { "type": "MultiLineString", "coordinates": [ [ [ 71.439786180557476, 51.126388674632935 ], [ 71.439872598487796, 51.126680884388996 ], [ 71.439990906610717, 51.127000886623897 ], [ 71.440109035070577, 51.127266256774462 ] ] ] } },
{ "type": "Feature", "properties": { "CityId": null, "City": null, "Okato": null, "Oktmo": null, "StreetId": "70298952024246115", "Name": null }, "geometry": { "type": "MultiLineString", "coordinates": [ [ [ 71.440123677609719, 51.124761219085492 ], [ 71.43970623049718, 51.125602805575447 ], [ 71.439655835009745, 51.125710546933739 ] ] ] } },
{ "type": "Feature", "properties": { "CityId": null, "City": null, "Okato": null, "Oktmo": null, "StreetId": "70298952024246116", "Name": null }, "geometry": { "type": "MultiLineString", "coordinates": [ [ [ 71.439655835009745, 51.125710546933739 ], [ 71.43970452369814, 51.12603281105585 ], [ 71.439777107573107, 51.12635806100144 ], [ 71.439786180557476, 51.126388674632935 ] ] ] } },
{ "type": "Feature", "properties": { "CityId": null, "City": null, "Okato": null, "Oktmo": null, "StreetId": "70298952024246118", "Name": null }, "geometry": { "type": "MultiLineString", "coordinates": [ [ [ 71.44023381106355, 51.122951533495758 ], [ 71.440001866057187, 51.123404849561425 ], [ 71.439848703301237, 51.123738462535762 ], [ 71.439706769486364, 51.124113175198957 ], [ 71.439650175623456, 51.124372360015897 ] ] ] } },
{ "type": "Feature", "properties": { "CityId": null, "City": null, "Okato": null, "Oktmo": null, "StreetId": "70298952024246122", "Name": null }, "geometry": { "type": "MultiLineString", "coordinates": [ [ [ 71.439639934829216, 51.124441314095776 ], [ 71.439617207452542, 51.125049548896243 ], [ 71.439628795719699, 51.125377850280934 ], [ 71.439655835009745, 51.125710546933739 ] ] ] } },
{ "type": "Feature", "properties": { "CityId": null, "City": null, "Okato": null, "Oktmo": null, "StreetId": "70298952024246209", "Name": null }, "geometry": { "type": "MultiLineString", "coordinates": [ [ [ 71.440180630798736, 51.129190609864153 ], [ 71.440136164192168, 51.129142859997344 ], [ 71.439898559799502, 51.128905857566558 ], [ 71.439629694034977, 51.128613154503427 ], [ 71.43935714517778, 51.128290908384898 ], [ 71.439148376705759, 51.127995100705164 ], [ 71.439068965634632, 51.127863517263386 ] ] ] } },
{ "type": "Feature", "properties": { "CityId": null, "City": null, "Okato": null, "Oktmo": null, "StreetId": "70298952024246218", "Name": null }, "geometry": { "type": "MultiLineString", "coordinates": [ [ [ 71.439601576766577, 51.130245378865276 ], [ 71.439540318626527, 51.130255029276775 ] ] ] } },
{ "type": "Feature", "properties": { "CityId": null, "City": null, "Okato": null, "Oktmo": null, "StreetId": "70298952024246249", "Name": null }, "geometry": { "type": "MultiLineString", "coordinates": [ [ [ 71.438885080495965, 51.12746307057526 ], [ 71.440109035070577, 51.127266256774462 ] ] ] } },
{ "type": "Feature", "properties": { "CityId": null, "City": null, "Okato": null, "Oktmo": null, "StreetId": "70298952024246250", "Name": null }, "geometry": { "type": "MultiLineString", "coordinates": [ [ [ 71.439045609437244, 51.127820332555984 ], [ 71.438993686813831, 51.127732102577845 ], [ 71.438947243913631, 51.127614443552424 ], [ 71.438885080495965, 51.12746307057526 ] ] ] } },
{ "type": "Feature", "properties": { "CityId": null, "City": null, "Okato": null, "Oktmo": null, "StreetId": "70298952024246300", "Name": null }, "geometry": { "type": "MultiLineString", "coordinates": [ [ [ 71.438537791807121, 51.126576809893322 ], [ 71.439786180557476, 51.126388674632935 ] ] ] } },
{ "type": "Feature", "properties": { "CityId": null, "City": null, "Okato": null, "Oktmo": null, "StreetId": "70298952024246301", "Name": null }, "geometry": { "type": "MultiLineString", "coordinates": [ [ [ 71.438885080495965, 51.12746307057526 ], [ 71.438537791807121, 51.126576809893322 ] ] ] } },
{ "type": "Feature", "properties": { "CityId": null, "City": null, "Okato": null, "Oktmo": null, "StreetId": "70298952024246322", "Name": null }, "geometry": { "type": "MultiLineString", "coordinates": [ [ [ 71.438363069484382, 51.126603984296729 ], [ 71.438537791807121, 51.126576809893322 ] ] ] } },
{ "type": "Feature", "properties": { "CityId": null, "City": null, "Okato": null, "Oktmo": null, "StreetId": "70298952024246325", "Name": null }, "geometry": { "type": "MultiLineString", "coordinates": [ [ [ 71.438537791807121, 51.126576809893322 ], [ 71.438445534827451, 51.126342725988714 ], [ 71.438348247282164, 51.126072671070055 ] ] ] } },
{ "type": "Feature", "properties": { "CityId": null, "City": null, "Okato": null, "Oktmo": null, "StreetId": "70298952024246347", "Name": null }, "geometry": { "type": "MultiLineString", "coordinates": [ [ [ 71.438262548004076, 51.12457758690104 ], [ 71.43833701834113, 51.12418635826829 ], [ 71.438445085669798, 51.123880037298278 ], [ 71.438518747523105, 51.123680332748556 ], [ 71.438676312023944, 51.12328813801453 ], [ 71.43873676864257, 51.123146392290003 ], [ 71.438900711181915, 51.122821627176279 ], [ 71.43907327754799, 51.122524825950542 ], [ 71.439162031098064, 51.12239097158232 ] ] ] } },
{ "type": "Feature", "properties": { "CityId": null, "City": null, "Okato": null, "Oktmo": null, "StreetId": "70298952024246365", "Name": null }, "geometry": { "type": "MultiLineString", "coordinates": [ [ [ 71.438179723334869, 51.126142017264556 ], [ 71.438243144393951, 51.12612363771418 ], [ 71.438290665272476, 51.126100522318396 ], [ 71.438318513046283, 51.126062353700505 ], [ 71.438339982781571, 51.126023057468622 ], [ 71.438335581036682, 51.126009075444053 ], [ 71.438281861782684, 51.125738454779913 ], [ 71.438252666535945, 51.125424983861947 ], [ 71.438240988437258, 51.125090199082635 ], [ 71.438251408894558, 51.124712562547678 ], [ 71.438256439460133, 51.12466976955956 ] ] ] } },
{ "type": "Feature", "properties": { "CityId": null, "City": null, "Okato": null, "Oktmo": null, "StreetId": "70298952024246518", "Name": null }, "geometry": { "type": "MultiLineString", "coordinates": [ [ [ 71.437586655584298, 51.125166707034083 ], [ 71.437584965449048, 51.125166979987462 ] ] ] } },
{ "type": "Feature", "properties": { "CityId": "9570771978420226", "City": "Астана", "Okato": null, "Oktmo": null, "StreetId": "9570887942540595", "Name": "Ахмет Байтурсынулы" }, "geometry": { "type": "MultiLineString", "coordinates": [ [ [ 71.464504673072952, 51.125869762379345 ], [ 71.460620537447468, 51.126887003066415 ], [ 71.459375741958269, 51.127197701555502 ], [ 71.459138586723242, 51.127297208069379 ], [ 71.458776835158346, 51.127468933820857 ], [ 71.45844751277518, 51.127682208873445 ], [ 71.458199487925242, 51.12791498932274 ], [ 71.45801012306336, 51.128168346027437 ], [ 71.457902774386895, 51.128414485188799 ], [ 71.457857678959627, 51.128682271380178 ], [ 71.457888131847767, 51.128967645187132 ], [ 71.458111992016555, 51.129583712853588 ] ], [ [ 71.464565039860034, 51.125961040391914 ], [ 71.459546601525304, 51.12727550270079 ], [ 71.459222669033849, 51.127381154191163 ], [ 71.458880949899779, 51.127543351873349 ], [ 71.458561778479321, 51.12774225044334 ], [ 71.458336570837602, 51.127963867994133 ], [ 71.458158165422148, 51.128202792058644 ], [ 71.458057733773416, 51.128432920203743 ], [ 71.458015243460466, 51.128685315677423 ], [ 71.458030784314886, 51.128913186394485 ], [ 71.458137144844528, 51.129241178441397 ], [ 71.458262729321248, 51.129555525456738 ] ], [ [ 71.464504673072952, 51.125869762379345 ], [ 71.464565039860034, 51.125961040391914 ] ], [ [ 71.46566385911558, 51.12556610241797 ], [ 71.464504673072952, 51.125869762379345 ] ], [ [ 71.465724315734192, 51.125657381030628 ], [ 71.464565039860034, 51.125961040391914 ] ], [ [ 71.465724315734192, 51.125657381030628 ], [ 71.46566385911558, 51.12556610241797 ] ], [ [ 71.46566385911558, 51.12556610241797 ], [ 71.467909467662807, 51.124977889465278 ], [ 71.469291076569789, 51.124626187200214 ], [ 71.469364718568755, 51.124614553451501 ] ], [ [ 71.465724315734192, 51.125657381030628 ], [ 71.469327907496435, 51.124718313381003 ], [ 71.469403776755698, 51.124706355174752 ] ] ] } },
{ "type": "Feature", "properties": { "CityId": "9570771978420226", "City": "Астана", "Okato": null, "Oktmo": null, "StreetId": "9570887942538806", "Name": "проспект Ракымжан Кошкарбаев" }, "geometry": { "type": "MultiLineString", "coordinates": [ [ [ 71.458207033773618, 51.12941594121402 ], [ 71.463844501170641, 51.12854877311085 ] ], [ [ 71.458262729321248, 51.129555525456738 ], [ 71.463899208571448, 51.128688416350343 ] ], [ [ 71.463899208571448, 51.128688416350343 ], [ 71.463844501170641, 51.12854877311085 ] ], [ [ 71.463844501170641, 51.12854877311085 ], [ 71.470588293561121, 51.127490424085735 ] ], [ [ 71.463899208571448, 51.128688416350343 ], [ 71.470647624588779, 51.127629874762 ] ] ] } },
{ "type": "Feature", "properties": { "CityId": "9570771978420226", "City": "Астана", "Okato": null, "Oktmo": null, "StreetId": "9570887942537405", "Name": "Аскар Токпанов" }, "geometry": { "type": "MultiLineString", "coordinates": [ [ [ 71.460617340660889, 51.134739374424882 ], [ 71.460689348398233, 51.134649385172331 ] ] ] } },
{ "type": "Feature", "properties": { "CityId": "9570771978420226", "City": "Астана", "Okato": null, "Oktmo": null, "StreetId": "9570887942538294", "Name": "Шамши Калдаяков" }, "geometry": { "type": "MultiLineString", "coordinates": [ [ [ 71.439767944757193, 51.121602948281257 ], [ 71.446960306079518, 51.120503831798658 ], [ 71.451752638457222, 51.119728294178742 ], [ 71.466138798406277, 51.117476714151692 ] ], [ [ 71.439784563589967, 51.121433061416425 ], [ 71.446893561253887, 51.120337775144236 ], [ 71.451678168120168, 51.119548307143461 ], [ 71.466076814651686, 51.117318992299914 ] ] ] } },
{ "type": "Feature", "properties": { "CityId": "9570771978420226", "City": "Астана", "Okato": null, "Oktmo": null, "StreetId": "9570887942537473", "Name": "проспект Тауелсиздик" }, "geometry": { "type": "MultiLineString", "coordinates": [ [ [ 71.466380745716037, 51.137095205503442 ], [ 71.466482044676354, 51.136963483387333 ], [ 71.466736717059405, 51.136517628012342 ], [ 71.470452688063688, 51.131519807593008 ], [ 71.470641244441822, 51.1312506849087 ], [ 71.470825938064237, 51.130920452207548 ], [ 71.470929334153439, 51.130674382775211 ], [ 71.471002816343685, 51.130403394829472 ], [ 71.471045755814259, 51.130132236171292 ], [ 71.471056805092246, 51.129830802837915 ], [ 71.471039377775739, 51.129578582748643 ], [ 71.470982963575906, 51.129342089929509 ], [ 71.470914332288189, 51.129132092311004 ], [ 71.470272486017691, 51.127543013609746 ], [ 71.46899984275467, 51.124700327929311 ], [ 71.468187316580185, 51.122703730109166 ], [ 71.467154613329569, 51.120043608121726 ], [ 71.465998669871396, 51.117112782346908 ] ], [ [ 71.466566613214738, 51.137158931502995 ], [ 71.466874518623982, 51.136755493236137 ], [ 71.470908133912744, 51.131318839503002 ], [ 71.471099924225896, 51.130971808113856 ], [ 71.47120880003834, 51.130712603955175 ], [ 71.47128605515276, 51.130427522799266 ], [ 71.471331240411558, 51.130143229120826 ], [ 71.471342738847198, 51.129828942480202 ], [ 71.471324143720807, 51.129561388436706 ], [ 71.471264495585942, 51.129310689004036 ], [ 71.471193079520859, 51.129092122186307 ], [ 71.470549706114369, 51.127499546716059 ], [ 71.469394382827474, 51.124889033871703 ], [ 71.467894337761919, 51.121158594470721 ] ] ] } },
{ "type": "Feature", "properties": { "CityId": "9570771978420226", "City": "Астана", "Okato": null, "Oktmo": null, "StreetId": "9570887942537700", "Name": "Мукагали Макатаев" }, "geometry": { "type": "MultiLineString", "coordinates": [ [ [ 71.445233923766494, 51.130862218712323 ], [ 71.445281175150427, 51.131032916494377 ], [ 71.445300488929036, 51.131459207209168 ], [ 71.445331480806345, 51.131776357732377 ], [ 71.445322406370693, 51.131860564387978 ] ] ] } },
{ "type": "Feature", "properties": { "CityId": "9570771978420226", "City": "Астана", "Okato": null, "Oktmo": null, "StreetId": "9570887942537752", "Name": "Карасаз" }, "geometry": { "type": "MultiLineString", "coordinates": [ [ [ 71.471432471661757, 51.129474566475707 ], [ 71.471310579160019, 51.129504167975455 ] ] ] } },
{ "type": "Feature", "properties": { "CityId": "9570771978420226", "City": "Астана", "Okato": null, "Oktmo": null, "StreetId": "9570887942537761", "Name": "Акыртас" }, "geometry": { "type": "MultiLineString", "coordinates": [ [ [ 71.463899208571448, 51.128688416350343 ], [ 71.464198527224113, 51.129445819944429 ], [ 71.464273626381868, 51.129543799494577 ], [ 71.464390048042688, 51.12963856547853 ], [ 71.464560817778207, 51.129732147401533 ], [ 71.464828964890515, 51.129833114191321 ], [ 71.470512426030083, 51.131435530758523 ], [ 71.47071275033845, 51.131594444607629 ], [ 71.470883415930558, 51.131645425166425 ] ] ] } },
{ "type": "Feature", "properties": { "CityId": "9570771978420226", "City": "Астана", "Okato": null, "Oktmo": null, "StreetId": "9570887942537765", "Name": "Калба" }, "geometry": { "type": "MultiLineString", "coordinates": [ [ [ 71.468857729276735, 51.134089190700024 ], [ 71.469101616723179, 51.134160906400389 ] ] ] } },
{ "type": "Feature", "properties": { "CityId": "9570771978420226", "City": "Астана", "Okato": null, "Oktmo": null, "StreetId": "9570887942538277", "Name": "Динмухамед Конаев" }, "geometry": { "type": "MultiLineString", "coordinates": [ [ [ 71.444358785016689, 51.128621554520898 ], [ 71.440255011304245, 51.129259951377392 ], [ 71.43922193150911, 51.129426550122645 ] ], [ [ 71.439193923029848, 51.129353668903697 ], [ 71.439438712205572, 51.129315255387709 ] ], [ [ 71.440457850895413, 51.129151147167846 ], [ 71.441290050174615, 51.129036197778916 ], [ 71.444334620335553, 51.128560161069487 ] ], [ [ 71.444939366184826, 51.128507900463902 ], [ 71.444346837423424, 51.128591055121348 ] ] ] } },
{ "type": "Feature", "properties": { "CityId": "9570771978420226", "City": "Астана", "Okato": null, "Oktmo": null, "StreetId": "9570887942538282", "Name": "Достык" }, "geometry": { "type": "MultiLineString", "coordinates": [ [ [ 71.437411845236298, 51.124716501687402 ], [ 71.437844561902395, 51.124640733451493 ], [ 71.439650175623456, 51.124372360015897 ], [ 71.442820420092644, 51.123878345846094 ], [ 71.443110755592471, 51.12386532166218 ], [ 71.443012120574267, 51.123902364461358 ], [ 71.442838835555975, 51.123940309337499 ], [ 71.439639934829216, 51.124441314095776 ], [ 71.438642625200785, 51.124613332369655 ], [ 71.437444092686277, 51.124800413185746 ] ] ] } },
{ "type": "Feature", "properties": { "CityId": "9570771978420226", "City": "Астана", "Okato": null, "Oktmo": null, "StreetId": "9570887942538389", "Name": "Сарайшык" }, "geometry": { "type": "MultiLineString", "coordinates": [ [ [ 71.440306362728947, 51.132248362346083 ], [ 71.442718191813299, 51.131873374014432 ], [ 71.443938642958301, 51.131666432006703 ], [ 71.448377218777139, 51.130990974957768 ], [ 71.452707367941187, 51.130290027026973 ], [ 71.458207033773618, 51.12941594121402 ] ], [ [ 71.44035173823589, 51.132366434527881 ], [ 71.44275053116354, 51.13199045847157 ], [ 71.443868933692258, 51.131840001789335 ], [ 71.448398329186332, 51.13114047606733 ], [ 71.458262729321248, 51.129555525456738 ] ] ] } },
{ "type": "Feature", "properties": { "CityId": "9570771978420226", "City": "Астана", "Okato": null, "Oktmo": null, "StreetId": "9570887942538475", "Name": "Жумекен Нажимеденов" }, "geometry": { "type": "MultiLineString", "coordinates": [ [ [ 71.45760929478358, 51.120703662852257 ], [ 71.456833330041164, 51.120739467704219 ], [ 71.45646591908995, 51.120744204092013 ], [ 71.456073175647731, 51.12072035299142 ], [ 71.455674054166991, 51.120647164430942 ], [ 71.455352636958324, 51.120555593988598 ], [ 71.45505412678942, 51.120426301176899 ], [ 71.454610179376019, 51.120118827546285 ], [ 71.454421443334823, 51.119960945554396 ], [ 71.454265046643854, 51.119763535919034 ], [ 71.454114578833767, 51.119544078116348 ], [ 71.45404486956771, 51.119369447151861 ] ], [ [ 71.454172340506517, 51.1193494860632 ], [ 71.454235132744884, 51.119509963950108 ], [ 71.45438766668012, 51.119733707311802 ], [ 71.454538942973983, 51.119923899594575 ], [ 71.454961600315158, 51.120255564192554 ], [ 71.45514521595922, 51.120366701185027 ], [ 71.455407344359131, 51.120480431661072 ], [ 71.455710974925168, 51.120567773318982 ], [ 71.456098058981098, 51.120639270434438 ], [ 71.456496192315015, 51.120663685433534 ], [ 71.456821831605524, 51.120657088310345 ], [ 71.45759599971737, 51.120614066022291 ] ], [ [ 71.45759599971737, 51.120614066022291 ], [ 71.457651605433469, 51.120631489208009 ], [ 71.457667864940092, 51.120659682051198 ], [ 71.457651605433469, 51.120687818491568 ], [ 71.45760929478358, 51.120703662852257 ] ], [ [ 71.45759599971737, 51.120614066022291 ], [ 71.467154613329569, 51.120043608121726 ], [ 71.467408412360669, 51.120016483361397 ] ], [ [ 71.467444920553149, 51.120102291619425 ], [ 71.467189827288706, 51.120134559329486 ], [ 71.45760929478358, 51.120703662852257 ] ] ] } },
{ "type": "Feature", "properties": { "CityId": "9570771978420226", "City": "Астана", "Okato": null, "Oktmo": null, "StreetId": "9570887942538656", "Name": "проспект Мангилик Ел" }, "geometry": { "type": "MultiLineString", "coordinates": [ [ [ 71.439851331675442, 51.131064320273751 ], [ 71.439892451255588, 51.130978347390915 ], [ 71.437659047153687, 51.125359748930187 ] ], [ [ 71.43651662289416, 51.121890956385315 ], [ 71.436632734584094, 51.122191486130163 ] ], [ [ 71.437212434747323, 51.121778185717289 ], [ 71.43707946677489, 51.12185284378873 ] ], [ [ 71.436632734584094, 51.122191486130163 ], [ 71.436873572911779, 51.122693468370301 ], [ 71.436998977725437, 51.12276975475914 ], [ 71.437145582779806, 51.12281486121212 ], [ 71.437267214669262, 51.122828167607338 ], [ 71.437450381155699, 51.122797495232938 ], [ 71.437612616896018, 51.122727185503742 ], [ 71.437676217618133, 51.122674016166727 ], [ 71.437826415933628, 51.122469457425716 ], [ 71.437859384104556, 51.122398245060488 ], [ 71.437866929952961, 51.122297036482372 ], [ 71.437818241264551, 51.122200507537229 ], [ 71.4377194265833, 51.122120555255847 ], [ 71.437582702997048, 51.122067103300864 ], [ 71.437422802876483, 51.122027352598032 ], [ 71.437249428026647, 51.122000908494506 ] ], [ [ 71.436632734584094, 51.122191486130163 ], [ 71.437479576402424, 51.124377321555727 ], [ 71.439961891027039, 51.130633850250376 ], [ 71.440050105587943, 51.130809791591851 ], [ 71.440147123638624, 51.13094976623352 ], [ 71.440244051857775, 51.131052703415733 ], [ 71.44043611166552, 51.131175878219977 ], [ 71.440630057935365, 51.131263256028369 ], [ 71.441449590969071, 51.131583902982214 ], [ 71.441666354447136, 51.131698733285553 ], [ 71.441827961366741, 51.131806404051858 ], [ 71.441917343737515, 51.131922417612302 ], [ 71.441974386758062, 51.132039671060426 ], [ 71.442018134712399, 51.132174850387386 ], [ 71.442018134712399, 51.132296894769269 ], [ 71.441995464863894, 51.132352349764183 ] ] ] } },
{ "type": "Feature", "properties": { "CityId": "9570771978420226", "City": "Астана", "Okato": null, "Oktmo": null, "StreetId": "9570887942539100", "Name": "бульвар Нуржол" }, "geometry": { "type": "MultiLineString", "coordinates": [ [ [ 71.438096449508052, 51.12645181870748 ], [ 71.438079792384045, 51.126454575427466 ] ], [ [ 71.43855225895895, 51.127683986691054 ], [ 71.43858351605509, 51.127679559149776 ] ] ] } },
{ "type": "Feature", "properties": { "CityId": "9570771978420226", "City": "Астана", "Okato": null, "Oktmo": null, "StreetId": "9570887942540534", "Name": "проспект Бауыржан Момышулы" }, "geometry": { "type": "MultiLineString", "coordinates": [ [ [ 71.460689348398233, 51.134649385172331 ], [ 71.460503641421056, 51.134504223724306 ] ], [ [ 71.458257853105849, 51.129948458772041 ], [ 71.458111992016555, 51.129583712853588 ] ], [ [ 71.458262729321248, 51.129555525456738 ], [ 71.458988864403906, 51.131371389438826 ] ], [ [ 71.460341788023641, 51.134169481470565 ], [ 71.460618291659259, 51.134436029556085 ], [ 71.460760764463316, 51.134547583381718 ] ], [ [ 71.467135997018715, 51.136935898924342 ], [ 71.467054990164556, 51.136910950461953 ], [ 71.466193326144023, 51.136691968686115 ], [ 71.463553536850128, 51.135936431311663 ], [ 71.462832189676973, 51.13571654303724 ], [ 71.462196002792751, 51.135498908417908 ], [ 71.46174118576441, 51.135301114241599 ], [ 71.461400275114087, 51.135122766187209 ], [ 71.461060711936696, 51.134924744926593 ], [ 71.460689348398233, 51.134649385172331 ] ], [ [ 71.460689348398233, 51.134649385172331 ], [ 71.460760764463316, 51.134547583381718 ] ], [ [ 71.460760764463316, 51.134547583381718 ], [ 71.461173809830967, 51.13485586286572 ], [ 71.461504030529412, 51.135048303979616 ], [ 71.461836317353004, 51.135222199258259 ], [ 71.462278288472774, 51.135414526110033 ], [ 71.462941065489417, 51.135640728970039 ], [ 71.463620102012669, 51.13584697676189 ], [ 71.46625495057252, 51.136601050078696 ], [ 71.46712200448475, 51.136820934140822 ], [ 71.467200466727917, 51.136844882864288 ] ] ] } },
{ "type": "Feature", "properties": { "CityId": "9570771978420226", "City": "Астана", "Okato": null, "Oktmo": null, "StreetId": "9570887942540612", "Name": "Шертер" }, "geometry": { "type": "MultiLineString", "coordinates": [ [ [ 71.469237896304961, 51.133153676709718 ], [ 71.467758910021203, 51.132788338581662 ], [ 71.463715413264325, 51.131569866268705 ] ] ] } },
{ "type": "Feature", "properties": { "CityId": "9570771978420226", "City": "Астана", "Okato": null, "Oktmo": null, "StreetId": "9570887942540610", "Name": "Балталы" }, "geometry": { "type": "MultiLineString", "coordinates": [ [ [ 71.468973252622263, 51.131001122107214 ], [ 71.467039089984027, 51.133847647718234 ] ] ] } },
{ "type": "Feature", "properties": { "CityId": "9570771978420226", "City": "Астана", "Okato": null, "Oktmo": null, "StreetId": "9570887942540614", "Name": "переулок Тарлан" }, "geometry": { "type": "MultiLineString", "coordinates": [ [ [ 71.464254222771743, 51.13080116647923 ], [ 71.468302929757257, 51.131985666865049 ] ] ] } },
{ "type": "Feature", "properties": { "CityId": "9570771978420226", "City": "Астана", "Okato": null, "Oktmo": null, "StreetId": "9570887942540611", "Name": "Майкайын" }, "geometry": { "type": "MultiLineString", "coordinates": [ [ [ 71.462939448521894, 51.132690478657075 ], [ 71.467191534087746, 51.133890657681199 ], [ 71.468456272176255, 51.134206325908146 ] ] ] } },
{ "type": "Feature", "properties": { "CityId": "9570771978420226", "City": "Астана", "Okato": null, "Oktmo": null, "StreetId": "9570887942541699", "Name": "Дауылпаз" }, "geometry": { "type": "MultiLineString", "coordinates": [ [ [ 71.46299182030296, 51.132611897438473 ], [ 71.464227363144744, 51.130838654702096 ], [ 71.464927420245644, 51.129860906797674 ] ] ] } },
{ "type": "Feature", "properties": { "CityId": null, "City": null, "Okato": null, "Oktmo": null, "StreetId": "9570887942540613", "Name": "переулок Аркат" }, "geometry": { "type": "MultiLineString", "coordinates": [ [ [ 71.466356280536573, 51.132485005963147 ], [ 71.466427247444003, 51.132387032653028 ] ] ] } },
{ "type": "Feature", "properties": { "CityId": "9570771978420226", "City": "Астана", "Okato": null, "Oktmo": null, "StreetId": "9570887942543728", "Name": "Ивана Панфилова" }, "geometry": { "type": "MultiLineString", "coordinates": [ [ [ 71.454064598920127, 51.119046944789424 ], [ 71.454108919447464, 51.119169497552136 ] ] ] } },
{ "type": "Feature", "properties": { "CityId": "9570771978420226", "City": "Астана", "Okato": null, "Oktmo": null, "StreetId": "9570887976579251", "Name": "Сыганак" }, "geometry": { "type": "MultiLineString", "coordinates": [ [ [ 71.439767944757193, 51.121602948281257 ], [ 71.436418763499674, 51.122132391112181 ] ], [ [ 71.436354077084474, 51.121964069771188 ], [ 71.439784563589967, 51.121433061416425 ] ] ] } },
{ "type": "Feature", "properties": { "CityId": "9570771978420226", "City": "Астана", "Okato": null, "Oktmo": null, "StreetId": "70030076321254445", "Name": "А351" }, "geometry": { "type": "MultiLineString", "coordinates": [ [ [ 71.461379793525609, 51.134975983643358 ], [ 71.461522625655789, 51.134809020750893 ], [ 71.462153871805924, 51.133927466962383 ], [ 71.462939448521894, 51.132690478657075 ] ] ] } },
{ "type": "Feature", "properties": { "CityId": null, "City": null, "Okato": null, "Oktmo": null, "StreetId": "70298952024263185", "Name": null }, "geometry": { "type": "MultiLineString", "coordinates": [ [ [ 71.40800028237571, 51.195126435619891 ], [ 71.408622814867599, 51.19493435759108 ], [ 71.409671647393068, 51.194604478819194 ] ] ] } },
{ "type": "Feature", "properties": { "CityId": null, "City": null, "Okato": null, "Oktmo": null, "StreetId": "70298952024263186", "Name": null }, "geometry": { "type": "MultiLineString", "coordinates": [ [ [ 71.407990850065232, 51.195471521039899 ], [ 71.407892035383981, 51.195325380776232 ], [ 71.407872272447747, 51.195289070816031 ], [ 71.407853677321327, 51.195244823290949 ], [ 71.40785466546815, 51.195191681169057 ], [ 71.407891765889389, 51.195159987268454 ], [ 71.40800028237571, 51.195126435619891 ] ] ] } },
{ "type": "Feature", "properties": { "CityId": null, "City": null, "Okato": null, "Oktmo": null, "StreetId": "70298952024263188", "Name": null }, "geometry": { "type": "MultiLineString", "coordinates": [ [ [ 71.409556466742828, 51.194438570939582 ], [ 71.407939107104866, 51.194947643201495 ], [ 71.407873260594542, 51.194958395535949 ] ] ] } },
{ "type": "Feature", "properties": { "CityId": null, "City": null, "Okato": null, "Oktmo": null, "StreetId": "70298952024263193", "Name": null }, "geometry": { "type": "MultiLineString", "coordinates": [ [ [ 71.40800028237571, 51.195126435619891 ], [ 71.407913864445376, 51.195128968882791 ], [ 71.407822595612515, 51.195108646480875 ], [ 71.407763666129881, 51.195069296430631 ], [ 71.407728092844621, 51.194987612599576 ] ] ] } },
{ "type": "Feature", "properties": { "CityId": null, "City": null, "Okato": null, "Oktmo": null, "StreetId": "70298952024263194", "Name": null }, "geometry": { "type": "MultiLineString", "coordinates": [ [ [ 71.407728092844621, 51.194987612599576 ], [ 71.407808492062557, 51.195019869567389 ], [ 71.407907216912278, 51.195026568655621 ], [ 71.407994263663298, 51.195016322990895 ], [ 71.408074123892064, 51.194999096758238 ], [ 71.409610009271475, 51.194515694374644 ] ] ] } },
{ "type": "Feature", "properties": { "CityId": null, "City": null, "Okato": null, "Oktmo": null, "StreetId": "70298952024263199", "Name": null }, "geometry": { "type": "MultiLineString", "coordinates": [ [ [ 71.407873260594542, 51.194958395535949 ], [ 71.407824661737664, 51.194943083310221 ], [ 71.407790435925335, 51.194921578631693 ], [ 71.407756210113021, 51.194894669621888 ], [ 71.407733392904802, 51.194855206798756 ], [ 71.407733392904802, 51.194814055088429 ], [ 71.407749023590739, 51.194773128522009 ], [ 71.407788998620887, 51.194724714655116 ], [ 71.407833105901346, 51.194678383662733 ], [ 71.407738423470391, 51.19473788773557 ], [ 71.407689105961296, 51.194787821557604 ], [ 71.407668804035865, 51.194841133030565 ], [ 71.407680482134566, 51.194919495717258 ] ] ] } },
{ "type": "Feature", "properties": { "CityId": null, "City": null, "Okato": null, "Oktmo": null, "StreetId": "70298952024263200", "Name": null }, "geometry": { "type": "MultiLineString", "coordinates": [ [ [ 71.407680482134566, 51.194919495717258 ], [ 71.407728092844621, 51.194987612599576 ] ] ] } },
{ "type": "Feature", "properties": { "CityId": null, "City": null, "Okato": null, "Oktmo": null, "StreetId": "70298952024263201", "Name": null }, "geometry": { "type": "MultiLineString", "coordinates": [ [ [ 71.407873260594542, 51.194958395535949 ], [ 71.407781722267089, 51.194951865322658 ], [ 71.407680482134566, 51.194919495717258 ] ] ] } },
{ "type": "Feature", "properties": { "CityId": null, "City": null, "Okato": null, "Oktmo": null, "StreetId": "70298952024263208", "Name": null }, "geometry": { "type": "MultiLineString", "coordinates": [ [ [ 71.407680482134566, 51.194919495717258 ], [ 71.407565677441269, 51.194891291920804 ], [ 71.407483481592763, 51.194875247837267 ], [ 71.407392122928371, 51.194865733974567 ], [ 71.407273096153219, 51.194869787218096 ], [ 71.407265999462481, 51.194871025709098 ] ] ] } },
{ "type": "Feature", "properties": { "CityId": null, "City": null, "Okato": null, "Oktmo": null, "StreetId": "70298952024263282", "Name": null }, "geometry": { "type": "MultiLineString", "coordinates": [ [ [ 71.404581833393522, 51.195029158218858 ], [ 71.404702746630775, 51.195007090631712 ], [ 71.404970354753914, 51.194922873416274 ], [ 71.405004580566228, 51.194924111905863 ], [ 71.405035033454368, 51.194937228634338 ], [ 71.405154778881723, 51.195055560496733 ], [ 71.405206162515981, 51.195077065112734 ], [ 71.405280273526927, 51.195115289261437 ], [ 71.405508445609087, 51.195372161473479 ] ] ] } },
{ "type": "Feature", "properties": { "CityId": null, "City": null, "Okato": null, "Oktmo": null, "StreetId": "70298952024263292", "Name": null }, "geometry": { "type": "MultiLineString", "coordinates": [ [ [ 71.405499013298609, 51.194298220066763 ], [ 71.405445688464766, 51.194229391465228 ] ] ] } },
{ "type": "Feature", "properties": { "CityId": null, "City": null, "Okato": null, "Oktmo": null, "StreetId": "70298952024263301", "Name": null }, "geometry": { "type": "MultiLineString", "coordinates": [ [ [ 71.404095844824809, 51.196593115244603 ], [ 71.403903605354031, 51.196403970575197 ], [ 71.403801646569264, 51.196359161188553 ] ] ] } },
{ "type": "Feature", "properties": { "CityId": null, "City": null, "Okato": null, "Oktmo": null, "StreetId": "70298952024252047", "Name": null }, "geometry": { "type": "MultiLineString", "coordinates": [ [ [ 71.409115810295532, 51.193840758574012 ], [ 71.408955640680389, 51.193639667738502 ], [ 71.408951238935487, 51.193626832123456 ], [ 71.408958874615408, 51.193609098702062 ], [ 71.408972157941164, 51.19359692406465 ] ], [ [ 71.409136844120212, 51.193834140426176 ], [ 71.409115810295532, 51.193840758574012 ] ] ] } },
{ "type": "Feature", "properties": { "CityId": null, "City": null, "Okato": null, "Oktmo": null, "StreetId": "70298952024252048", "Name": null }, "geometry": { "type": "MultiLineString", "coordinates": [ [ [ 71.409314034967764, 51.194089368693639 ], [ 71.409115810295532, 51.193840758574012 ] ] ] } },
{ "type": "Feature", "properties": { "CityId": null, "City": null, "Okato": null, "Oktmo": null, "StreetId": "70298952024252233", "Name": null }, "geometry": { "type": "MultiLineString", "coordinates": [ [ [ 71.408736002593386, 51.193259101493233 ], [ 71.408650145820687, 51.193154983362 ] ] ] } },
{ "type": "Feature", "properties": { "CityId": null, "City": null, "Okato": null, "Oktmo": null, "StreetId": "70298952024252299", "Name": null }, "geometry": { "type": "MultiLineString", "coordinates": [ [ [ 71.407990850065232, 51.195471521039899 ], [ 71.408005672267421, 51.195446076004217 ], [ 71.408031184421475, 51.19542277014061 ], [ 71.408070350967861, 51.195401547157921 ], [ 71.408742470463466, 51.195195227732071 ], [ 71.408771396215599, 51.195185826524764 ], [ 71.40878711673308, 51.195174680180685 ], [ 71.408795291402157, 51.195155877755759 ], [ 71.408789452352806, 51.1951371879126 ], [ 71.408622814867599, 51.19493435759108 ] ] ] } },
{ "type": "Feature", "properties": { "CityId": null, "City": null, "Okato": null, "Oktmo": null, "StreetId": "70298952024252382", "Name": null }, "geometry": { "type": "MultiLineString", "coordinates": [ [ [ 71.408443600968425, 51.19398031689947 ], [ 71.408278041461557, 51.194035374484798 ], [ 71.407646256322238, 51.19423815246796 ] ] ] } },
{ "type": "Feature", "properties": { "CityId": null, "City": null, "Okato": null, "Oktmo": null, "StreetId": "70298952024252427", "Name": null }, "geometry": { "type": "MultiLineString", "coordinates": [ [ [ 71.408268339656502, 51.193764420723006 ], [ 71.407956444589857, 51.193833045979773 ], [ 71.407832207586054, 51.193849765981732 ], [ 71.407744172688211, 51.193846219315155 ], [ 71.407655059812029, 51.193831188201408 ], [ 71.407589572627799, 51.193796791139874 ], [ 71.407541872086242, 51.193766278504064 ], [ 71.407466772928473, 51.193673501952247 ] ] ] } },
{ "type": "Feature", "properties": { "CityId": null, "City": null, "Okato": null, "Oktmo": null, "StreetId": "70298952024252537", "Name": null }, "geometry": { "type": "MultiLineString", "coordinates": [ [ [ 71.406951678944566, 51.194426405299239 ], [ 71.407272826658627, 51.194331997501223 ], [ 71.407350890256822, 51.194319950219111 ], [ 71.407425899583046, 51.194330758995733 ], [ 71.407473330630054, 51.194378554024475 ], [ 71.407723601268202, 51.194712892656625 ] ] ] } },
{ "type": "Feature", "properties": { "CityId": null, "City": null, "Okato": null, "Oktmo": null, "StreetId": "70298952024252564", "Name": null }, "geometry": { "type": "MultiLineString", "coordinates": [ [ [ 71.406997092693047, 51.193709228114898 ], [ 71.407071065045812, 51.193800337810259 ] ] ] } },
{ "type": "Feature", "properties": { "CityId": null, "City": null, "Okato": null, "Oktmo": null, "StreetId": "70298952024252576", "Name": null }, "geometry": { "type": "MultiLineString", "coordinates": [ [ [ 71.406722518715583, 51.194138452466163 ], [ 71.406951678944566, 51.194426405299239 ] ] ] } },
{ "type": "Feature", "properties": { "CityId": null, "City": null, "Okato": null, "Oktmo": null, "StreetId": "70298952024252607", "Name": null }, "geometry": { "type": "MultiLineString", "coordinates": [ [ [ 71.406579057764702, 51.193958136217667 ], [ 71.406722518715583, 51.194138452466163 ] ] ] } },
{ "type": "Feature", "properties": { "CityId": null, "City": null, "Okato": null, "Oktmo": null, "StreetId": "70298952024252608", "Name": null }, "geometry": { "type": "MultiLineString", "coordinates": [ [ [ 71.407011776237056, 51.195850323902853 ], [ 71.406575374672045, 51.195986667401883 ] ] ] } },
{ "type": "Feature", "properties": { "CityId": null, "City": null, "Okato": null, "Oktmo": null, "StreetId": "70298952024252685", "Name": null }, "geometry": { "type": "MultiLineString", "coordinates": [ [ [ 71.406575374672045, 51.195986667401883 ], [ 71.406517343504689, 51.195997588374858 ], [ 71.40645203598352, 51.195991621245618 ], [ 71.406388704755997, 51.195959646426694 ], [ 71.406237787788271, 51.195763237237095 ] ] ] } },
{ "type": "Feature", "properties": { "CityId": null, "City": null, "Okato": null, "Oktmo": null, "StreetId": "70298952024252709", "Name": null }, "geometry": { "type": "MultiLineString", "coordinates": [ [ [ 71.40615568177131, 51.196651997623071 ], [ 71.406207334900145, 51.196630268570573 ], [ 71.406293124009778, 51.196603191679912 ] ] ] } },
{ "type": "Feature", "properties": { "CityId": null, "City": null, "Okato": null, "Oktmo": null, "StreetId": "70298952024252741", "Name": null }, "geometry": { "type": "MultiLineString", "coordinates": [ [ [ 71.406575374672045, 51.195986667401883 ], [ 71.406449161374624, 51.196061369057063 ], [ 71.406230421602942, 51.19615183276823 ], [ 71.406041326235624, 51.196237905418741 ], [ 71.405997129123662, 51.196278042577511 ], [ 71.405958142240337, 51.196319530739935 ], [ 71.405951854033347, 51.196362989127813 ], [ 71.405962454153681, 51.196406391181526 ], [ 71.40600826823318, 51.196471916383615 ] ] ] } },
{ "type": "Feature", "properties": { "CityId": null, "City": null, "Okato": null, "Oktmo": null, "StreetId": "70298952024252742", "Name": null }, "geometry": { "type": "MultiLineString", "coordinates": [ [ [ 71.40600826823318, 51.196471916383615 ], [ 71.406045817812057, 51.196526802112608 ], [ 71.40615568177131, 51.196651997623071 ] ] ] } },
{ "type": "Feature", "properties": { "CityId": null, "City": null, "Okato": null, "Oktmo": null, "StreetId": "70298952024252754", "Name": null }, "geometry": { "type": "MultiLineString", "coordinates": [ [ [ 71.406237787788271, 51.195763237237095 ], [ 71.405953291337781, 51.195392708936801 ] ] ] } },
{ "type": "Feature", "properties": { "CityId": null, "City": null, "Okato": null, "Oktmo": null, "StreetId": "70298952024252779", "Name": null }, "geometry": { "type": "MultiLineString", "coordinates": [ [ [ 71.40600826823318, 51.196471916383615 ], [ 71.405858878401432, 51.196518583330686 ] ] ] } },
{ "type": "Feature", "properties": { "CityId": null, "City": null, "Okato": null, "Oktmo": null, "StreetId": "70298952024252821", "Name": null }, "geometry": { "type": "MultiLineString", "coordinates": [ [ [ 71.406722518715583, 51.194138452466163 ], [ 71.406726111976738, 51.194177465536029 ], [ 71.406710391459256, 51.194208822337366 ], [ 71.406682633516965, 51.19422503554047 ], [ 71.405652445549137, 51.194549692472329 ] ] ] } },
{ "type": "Feature", "properties": { "CityId": null, "City": null, "Okato": null, "Oktmo": null, "StreetId": "70298952024252822", "Name": null }, "geometry": { "type": "MultiLineString", "coordinates": [ [ [ 71.405652445549137, 51.194549692472329 ], [ 71.405752158545681, 51.194713174132822 ], [ 71.40580650662038, 51.194740083248597 ], [ 71.40589193640389, 51.194738000325962 ], [ 71.406951678944566, 51.194426405299239 ] ] ] } },
{ "type": "Feature", "properties": { "CityId": null, "City": null, "Okato": null, "Oktmo": null, "StreetId": "70298952024252825", "Name": null }, "geometry": { "type": "MultiLineString", "coordinates": [ [ [ 71.405637713178479, 51.194525485427825 ], [ 71.405652445549137, 51.194549692472329 ] ] ] } },
{ "type": "Feature", "properties": { "CityId": null, "City": null, "Okato": null, "Oktmo": null, "StreetId": "70298952024252840", "Name": null }, "geometry": { "type": "MultiLineString", "coordinates": [ [ [ 71.406237787788271, 51.195763237237095 ], [ 71.405710027558854, 51.195924969485333 ], [ 71.405577166728335, 51.195951314956154 ] ] ] } },
{ "type": "Feature", "properties": { "CityId": null, "City": null, "Okato": null, "Oktmo": null, "StreetId": "70298952024252855", "Name": null }, "geometry": { "type": "MultiLineString", "coordinates": [ [ [ 71.405499013298609, 51.194298220066763 ], [ 71.405637713178479, 51.194525485427825 ] ] ] } },
{ "type": "Feature", "properties": { "CityId": null, "City": null, "Okato": null, "Oktmo": null, "StreetId": "70298952024252894", "Name": null }, "geometry": { "type": "MultiLineString", "coordinates": [ [ [ 71.405637713178479, 51.194525485427825 ], [ 71.405242544284988, 51.194648209382635 ] ] ] } },
{ "type": "Feature", "properties": { "CityId": null, "City": null, "Okato": null, "Oktmo": null, "StreetId": "70298952024253010", "Name": null }, "geometry": { "type": "MultiLineString", "coordinates": [ [ [ 71.405577166728335, 51.195951314956154 ], [ 71.405682449279638, 51.196083886487763 ], [ 71.404570334957882, 51.196408924374062 ], [ 71.404634654332227, 51.196495728354073 ] ] ] } },
{ "type": "Feature", "properties": { "CityId": null, "City": null, "Okato": null, "Oktmo": null, "StreetId": "70298952024253051", "Name": null }, "geometry": { "type": "MultiLineString", "coordinates": [ [ [ 71.404452206498036, 51.195069746789045 ], [ 71.404581833393522, 51.195029158218858 ] ] ] } },
{ "type": "Feature", "properties": { "CityId": null, "City": null, "Okato": null, "Oktmo": null, "StreetId": "70298952024253052", "Name": null }, "geometry": { "type": "MultiLineString", "coordinates": [ [ [ 71.404452206498036, 51.195069746789045 ], [ 71.404487061131064, 51.195111798987028 ], [ 71.404530809085387, 51.195170401785262 ] ] ] } },
{ "type": "Feature", "properties": { "CityId": null, "City": null, "Okato": null, "Oktmo": null, "StreetId": "70298952024253101", "Name": null }, "geometry": { "type": "MultiLineString", "coordinates": [ [ [ 71.404294821660244, 51.195253042300095 ], [ 71.404502871480048, 51.1951879657218 ], [ 71.404658369855724, 51.195384827719074 ] ] ] } },
{ "type": "Feature", "properties": { "CityId": null, "City": null, "Okato": null, "Oktmo": null, "StreetId": "70298952024253102", "Name": null }, "geometry": { "type": "MultiLineString", "coordinates": [ [ [ 71.404294821660244, 51.195253042300095 ], [ 71.404614172743749, 51.195656053422496 ], [ 71.404640493381564, 51.195647834485243 ] ] ] } },
{ "type": "Feature", "properties": { "CityId": null, "City": null, "Okato": null, "Oktmo": null, "StreetId": "70298952024253125", "Name": null }, "geometry": { "type": "MultiLineString", "coordinates": [ [ [ 71.404240743080138, 51.194801613866453 ], [ 71.404419777316264, 51.195030621884982 ], [ 71.404452206498036, 51.195069746789045 ] ] ] } },
{ "type": "Feature", "properties": { "CityId": null, "City": null, "Okato": null, "Oktmo": null, "StreetId": "70298952024253142", "Name": null }, "geometry": { "type": "MultiLineString", "coordinates": [ [ [ 71.404141569072763, 51.195301005255715 ], [ 71.404294821660244, 51.195253042300095 ] ] ] } },
{ "type": "Feature", "properties": { "CityId": null, "City": null, "Okato": null, "Oktmo": null, "StreetId": "70298952024253143", "Name": null }, "geometry": { "type": "MultiLineString", "coordinates": [ [ [ 71.404141569072763, 51.195301005255715 ], [ 71.404245953308788, 51.19543279053751 ], [ 71.404302996329335, 51.195501019249519 ] ] ] } },
{ "type": "Feature", "properties": { "CityId": null, "City": null, "Okato": null, "Oktmo": null, "StreetId": "70298952024253204", "Name": null }, "geometry": { "type": "MultiLineString", "coordinates": [ [ [ 71.403895520516457, 51.194996563488196 ], [ 71.404141569072763, 51.195301005255715 ] ] ] } },
{ "type": "Feature", "properties": { "CityId": null, "City": null, "Okato": null, "Oktmo": null, "StreetId": "70298952024253230", "Name": null }, "geometry": { "type": "MultiLineString", "coordinates": [ [ [ 71.405577166728335, 51.195951314956154 ], [ 71.405448617811174, 51.195959533839279 ], [ 71.405247215524469, 51.195967133490157 ], [ 71.405096029062165, 51.19597963069112 ], [ 71.405010419615579, 51.195990382784736 ], [ 71.404950591817652, 51.196001134875836 ], [ 71.40488214019301, 51.196020837654068 ], [ 71.403920942839008, 51.196318911513906 ], [ 71.403801646569264, 51.196359161188553 ] ] ] } },
{ "type": "Feature", "properties": { "CityId": null, "City": null, "Okato": null, "Oktmo": null, "StreetId": "70298952024253287", "Name": null }, "geometry": { "type": "MultiLineString", "coordinates": [ [ [ 71.403563503187442, 51.19512350829369 ], [ 71.40364992111779, 51.195228779330527 ] ] ] } },
{ "type": "Feature", "properties": { "CityId": null, "City": null, "Okato": null, "Oktmo": null, "StreetId": "70298952024253335", "Name": null }, "geometry": { "type": "MultiLineString", "coordinates": [ [ [ 71.40615568177131, 51.196651997623071 ], [ 71.40620428062816, 51.196707333479957 ], [ 71.406204639954282, 51.19673491694433 ], [ 71.406196375453675, 51.196757602924066 ], [ 71.406168887005975, 51.196777643135093 ], [ 71.403430557229314, 51.197664853356414 ] ] ] } },
{ "type": "Feature", "properties": { "CityId": null, "City": null, "Okato": null, "Oktmo": null, "StreetId": "70298952024253478", "Name": null }, "geometry": { "type": "MultiLineString", "coordinates": [ [ [ 71.402969087963953, 51.195575383927007 ], [ 71.402908631345312, 51.195593848415761 ], [ 71.402817362512465, 51.195614733545028 ] ] ] } },
{ "type": "Feature", "properties": { "CityId": null, "City": null, "Okato": null, "Oktmo": null, "StreetId": "70298952024253479", "Name": null }, "geometry": { "type": "MultiLineString", "coordinates": [ [ [ 71.402814308240494, 51.195369965990565 ], [ 71.402948247049352, 51.195536766100389 ], [ 71.402969087963953, 51.195575383927007 ] ] ] } },
{ "type": "Feature", "properties": { "CityId": null, "City": null, "Okato": null, "Oktmo": null, "StreetId": "70298952024253580", "Name": null }, "geometry": { "type": "MultiLineString", "coordinates": [ [ [ 71.402969087963953, 51.195575383927007 ], [ 71.402981664377933, 51.195598633419266 ], [ 71.403004930743791, 51.195670464706197 ], [ 71.403002954450145, 51.195721804867745 ], [ 71.402864524064881, 51.195828538178361 ], [ 71.402694472981594, 51.195898567705648 ], [ 71.40250142502704, 51.195966345378274 ], [ 71.402459474285777, 51.195987528272127 ] ] ] } },
{ "type": "Feature", "properties": { "CityId": null, "City": null, "Okato": null, "Oktmo": null, "StreetId": "70298952024253631", "Name": null }, "geometry": { "type": "MultiLineString", "coordinates": [ [ [ 71.402230493137353, 51.195554723956739 ], [ 71.402152278247371, 51.195456916933082 ] ] ] } },
{ "type": "Feature", "properties": { "CityId": "9570771978420226", "City": "Астана", "Okato": null, "Oktmo": null, "StreetId": "9570887942537681", "Name": "Биржан сал" }, "geometry": { "type": "MultiLineString", "coordinates": [ [ [ 71.407961190932852, 51.193385979949575 ], [ 71.408044299824624, 51.193488342365342 ] ], [ [ 71.408087360623753, 51.193343677081032 ], [ 71.408171680931929, 51.193447527214929 ] ], [ [ 71.408044299824624, 51.193488342365342 ], [ 71.408770857226429, 51.194383226562913 ] ], [ [ 71.408171680931929, 51.193447527214929 ], [ 71.408044299824624, 51.193488342365342 ] ], [ [ 71.408171680931929, 51.193447527214929 ], [ 71.408898867154406, 51.194342918866404 ] ] ] } },
{ "type": "Feature", "properties": { "CityId": "9570771978420226", "City": "Астана", "Okato": null, "Oktmo": null, "StreetId": "9570887942537724", "Name": "Карасай батыра" }, "geometry": { "type": "MultiLineString", "coordinates": [ [ [ 71.40320309909545, 51.195243753693759 ], [ 71.402211041001536, 51.195558416235727 ] ] ] } },
{ "type": "Feature", "properties": { "CityId": "9570771978420226", "City": "Астана", "Okato": null, "Oktmo": null, "StreetId": "9570887942537512", "Name": "Гете" }, "geometry": { "type": "MultiLineString", "coordinates": [ [ [ 71.407153889715005, 51.194892192641113 ], [ 71.406636909268997, 51.195055673086379 ], [ 71.406507102710435, 51.195105606564042 ], [ 71.406432093384225, 51.195154695567112 ], [ 71.406414486404657, 51.19521723893449 ], [ 71.406432722204926, 51.195282146587807 ], [ 71.406777046453328, 51.195730305261769 ], [ 71.406839479365573, 51.19579470554708 ], [ 71.406887898559376, 51.19582780635799 ], [ 71.406941438150326, 51.195847058859528 ], [ 71.407011776237056, 51.195850323902853 ], [ 71.407162423710218, 51.195809116787395 ], [ 71.407767618717131, 51.195618617840267 ], [ 71.407925362881016, 51.195552247011449 ], [ 71.407957432736666, 51.195526295372154 ], [ 71.407990850065232, 51.195471521039899 ] ], [ [ 71.409383966587583, 51.19419009921338 ], [ 71.407153889715005, 51.194892192641113 ] ], [ [ 71.407265999462481, 51.194871025709098 ], [ 71.407153889715005, 51.194892192641113 ] ] ] } },
{ "type": "Feature", "properties": { "CityId": "9570771978420226", "City": "Астана", "Okato": null, "Oktmo": null, "StreetId": "9570887942538148", "Name": "Иманжусип Кутпанулы" }, "geometry": { "type": "MultiLineString", "coordinates": [ [ [ 71.408044299824624, 51.193488342365342 ], [ 71.404550841516226, 51.194603004220809 ], [ 71.404421394283787, 51.194669995665215 ], [ 71.404240743080138, 51.194801613866453 ], [ 71.404043562875287, 51.194919383127299 ], [ 71.40385976756815, 51.195015197093518 ], [ 71.40320309909545, 51.195243753693759 ] ], [ [ 71.408736809701594, 51.193257925045991 ], [ 71.408171680931929, 51.193447527214929 ] ] ] } },
{ "type": "Feature", "properties": { "CityId": "9570771978420226", "City": "Астана", "Okato": null, "Oktmo": null, "StreetId": "9570887942537723", "Name": "Уланбел" }, "geometry": { "type": "MultiLineString", "coordinates": [ [ [ 71.403801646569264, 51.196359161188553 ], [ 71.403607700299418, 51.196338332689976 ], [ 71.403528738385944, 51.196311818560595 ], [ 71.403471156376241, 51.196266164684232 ], [ 71.403435133933343, 51.196204016794638 ], [ 71.403402884414632, 51.196112539902437 ], [ 71.403417257459182, 51.196038964202586 ], [ 71.403457771478514, 51.195967471252395 ], [ 71.40348481076856, 51.195692363093507 ], [ 71.403420581225745, 51.195522411069128 ], [ 71.40336255005839, 51.195432058710836 ], [ 71.40320309909545, 51.195243753693759 ] ] ] } }
]
}
